globalid,plot_no,slope_and_,_count,sph,plot_conta,fault_coun,fault_not_,fault_co_1,fault_co_2,fault_co_3,fault_co_4,fault_co_5,fault_co_6,stand_id_r,droppedtre,notstraigh,rootsupper,brokentops,rootsexpos,incorrectd,notfirmedp,spacingper,notes,parentglob,CreationDa,Creator,EditDate,Editor,rework,plotfailsc,Fault_Rate,client_ref,contractor
{5622C949-501E-46AE-A963-7699DB972878},1000.000000000000000,10/11.37,42.000000000000000,1050.000000000000000,Yes,0.000000000000000,0.000000000000000,0.000000000000000,0.000000000000000,0.000000000000000,0.000000000000000,0.000000000000000,2.000000000000000,25/1001,0.000000000000000,0.000000000000000,0.000000000000000,0.000000000000000,0.000000000000000,0.000000000000000,0.000000000000000,0.047619047619000, ,{E573FC6E-F9B1-45A4-ABC1-7B3534CFA615},26/05/2025 0:00:00, ,4/06/2025 0:00:00,ScarlettMichelle,No, ,6.000000000000000,Roy Trustee 2022 Ltd,Proforest
{22F81591-257E-431B-9277-BA1DB283A7EE},1.000000000000000,10/11.37,42.000000000000000,1050.000000000000000,Yes,0.000000000000000,1.000000000000000,0.000000000000000,0.000000000000000,0.000000000000000,0.000000000000000,1.000000000000000,0.000000000000000,24/25,0.000000000000000,0.023809523809500,0.000000000000000,0.000000000000000,0.000000000000000,0.000000000000000,0.023809523809500,0.000000000000000, ,{0080093D-5546-47CC-ABDE-75BF15823173},26/05/2025 0:00:00, ,4/06/2025 0:00:00,ScarlettMichelle,No, ,4.000000000000000,Roy Trustee 2022 Ltd,Proforest
{E31990F7-39F6-49BA-82C0-F66033C8132F},101.000000000000000,10/11.37,42.000000000000000,1050.000000000000000,Yes,0.000000000000000,1.000000000000000,0.000000000000000,0.000000000000000,0.000000000000000,0.000000000000000,1.000000000000000,0.000000000000000,25/10000,0.000000000000000,0.023809523809500,0.000000000000000,0.000000000000000,0.000000000000000,0.000000000000000,0.023809523809500,0.000000000000000, ,{ECBDBBB5-F180-427D-87A1-1F5661DE0290},27/05/2025 0:00:00,VentureF,4/06/2025 0:00:00,ScarlettMichelle,No, ,4.000000000000000,Roy Trustee 2022 Ltd,Johnson Forestry Services
{62C562CF-A5B2-46FB-A86B-A555FA4B7373},513.000000000000000,5/11.31,36.000000000000000,900.000000000000000,No,0.000000000000000,0.000000000000000,0.000000000000000,0.000000000000000,0.000000000000000,0.000000000000000,0.000000000000000,0.000000000000000,25/67,0.000000000000000,0.000000000000000,0.000000000000000,0.000000000000000,0.000000000000000,0.000000000000000,0.000000000000000,0.000000000000000,"1st plot for day and season 
row 4.6m 


",{50584985-E48B-4030-BC14-54DC2AEA56DE},27/05/2025 0:00:00, ,4/06/2025 0:00:00,ScarlettMichelle,No, ,0.000000000000000,Roy Trustee 2022 Ltd,Forest View Contracting
{B502C582-AEC5-4AD6-83E6-5D702D33FBFB},518.000000000000000,0/11.31,37.000000000000000,925.000000000000000,No,0.000000000000000,0.000000000000000,0.000000000000000,0.000000000000000,0.000000000000000,0.000000000000000,0.000000000000000,0.000000000000000,25/67,0.000000000000000,0.000000000000000,0.000000000000000,0.000000000000000,0.000000000000000,0.000000000000000,0.000000000000000,0.000000000000000,"
",{50584985-E48B-4030-BC14-54DC2AEA56DE},27/05/2025 0:00:00, ,4/06/2025 0:00:00,ScarlettMichelle,No, ,0.000000000000000,Roy Trustee 2022 Ltd,Forest View Contracting
{03984995-73BD-4806-BF2A-B5496EFD2890},522.000000000000000,20/11.64,47.000000000000000,1175.000000000000000,Yes,1.000000000000000,0.000000000000000,0.000000000000000,0.000000000000000,0.000000000000000,0.000000000000000,0.000000000000000,0.000000000000000,25/66,0.021276595744700,0.000000000000000,0.000000000000000,0.000000000000000,0.000000000000000,0.000000000000000,0.000000000000000,0.000000000000000,High stocking at start. Feedback passed on to QC. Moved plot to where crew started planting,{097048B5-BC1F-4BEB-94FE-2F7D4FBD5922},27/05/2025 0:00:00, ,4/06/2025 0:00:00,ScarlettMichelle,No,No,1.000000000000000,Roy Trustee 2022 Ltd,GD Rural Skills Limited
{CF005AB7-CCC3-4870-A404-C052C31C9BE8},528.000000000000000,20/11.64,40.000000000000000,1000.000000000000000,Yes,0.000000000000000,1.000000000000000,0.000000000000000,0.000000000000000,0.000000000000000,0.000000000000000,0.000000000000000,0.000000000000000,25/66,0.000000000000000,0.000000000000000,0.000000000000000,0.000000000000000,0.000000000000000,0.000000000000000,0.000000000000000,0.000000000000000,Very good,{097048B5-BC1F-4BEB-94FE-2F7D4FBD5922},27/05/2025 0:00:00, ,4/06/2025 0:00:00,ScarlettMichelle,No, ,1.000000000000000,Roy Trustee 2022 Ltd,GD Rural Skills Limited
{0A06032E-7299-4D7D-AE51-562459A7F058},526.000000000000000,15/11.48,45.000000000000000,1125.000000000000000,No,0.000000000000000,0.000000000000000,0.000000000000000,0.000000000000000,0.000000000000000,0.000000000000000,0.000000000000000,0.000000000000000,25/66,0.000000000000000,0.000000000000000,0.000000000000000,0.000000000000000,0.000000000000000,0.000000000000000,0.000000000000000,0.000000000000000,Still a bit high stocking,{097048B5-BC1F-4BEB-94FE-2F7D4FBD5922},27/05/2025 0:00:00, ,4/06/2025 0:00:00,ScarlettMichelle,No,No,0.000000000000000,Roy Trustee 2022 Ltd,GD Rural Skills Limited
{7229EB07-AF10-4E4E-BA08-28CC3287030A},1332.099999999999909,5/11.31,46.000000000000000,1150.000000000000000,Yes,1.000000000000000,1.000000000000000,2.000000000000000,0.000000000000000,0.000000000000000,0.000000000000000,0.000000000000000,0.000000000000000,25/53,0.021739130434800,0.021739130434800,0.043478260869600,0.000000000000000,0.000000000000000,0.000000000000000,0.000000000000000,0.000000000000000,High stocking and some poor planting. Will getting his crew to rework this whole area straight away. First day hiccups.,{A3FBE142-1314-4306-A6D1-0F1D7FA146D4},27/05/2025 0:00:00, ,4/06/2025 0:00:00,ScarlettMichelle,No,Yes,8.000000000000000,Roy Trustee 2022 Ltd,Proforest
{21CF54FF-CE84-4879-A970-9BC675019177},524.000000000000000,20/11.64,50.000000000000000,1250.000000000000000,No,0.000000000000000,0.000000000000000,0.000000000000000,0.000000000000000,0.000000000000000,0.000000000000000,0.000000000000000,0.000000000000000,25/66,0.000000000000000,0.000000000000000,0.000000000000000,0.000000000000000,0.000000000000000,0.000000000000000,0.000000000000000,0.000000000000000,Reworked area. Will do anther plot below,{0D9FFC64-B811-4268-8DFB-B4E707F0CC3A},28/05/2025 0:00:00, ,4/06/2025 0:00:00,ScarlettMichelle,No,Yes,0.000000000000000,Roy Trustee 2022 Ltd,GD Rural Skills Limited
{05D28404-3EEC-410E-91CF-C9F8885D3688},524.000000000000000,20/11.64,39.000000000000000,975.000000000000000,Yes,0.000000000000000,1.000000000000000,1.000000000000000,0.000000000000000,0.000000000000000,0.000000000000000,0.000000000000000,0.000000000000000,25/66,0.000000000000000,0.025641025641000,0.025641025641000,0.000000000000000,0.000000000000000,0.000000000000000,0.000000000000000,0.000000000000000,Stocking corrected,{0D9FFC64-B811-4268-8DFB-B4E707F0CC3A},28/05/2025 0:00:00, ,4/06/2025 0:00:00,ScarlettMichelle,Yes, ,4.000000000000000,Roy Trustee 2022 Ltd,GD Rural Skills Limited
{7AF9921D-26F8-4E89-A364-208934D579AE},504.000000000000000,5/11.31,38.000000000000000,950.000000000000000,Yes,0.000000000000000,2.000000000000000,0.000000000000000,0.000000000000000,0.000000000000000,0.000000000000000,1.000000000000000,0.000000000000000,25/67,0.000000000000000,0.052631578947400,0.000000000000000,0.000000000000000,0.000000000000000,0.000000000000000,0.026315789473700,0.000000000000000,"Moved plot due to water way and what is planted
",{4155BAAB-C61F-4852-9DC7-2BAC019C51D0},28/05/2025 0:00:00, ,4/06/2025 0:00:00,ScarlettMichelle,No, ,5.000000000000000,Roy Trustee 2022 Ltd,Forest View Contracting
{2631559D-7A5D-42A4-ABEB-5C371C9FBB3C},502.000000000000000,10/11.37,40.000000000000000,1000.000000000000000,Yes,1.000000000000000,0.000000000000000,1.000000000000000,0.000000000000000,0.000000000000000,0.000000000000000,0.000000000000000,0.000000000000000,25/67,0.025000000000000,0.000000000000000,0.025000000000000,0.000000000000000,0.000000000000000,0.000000000000000,0.000000000000000,0.000000000000000,"Scott
",{4155BAAB-C61F-4852-9DC7-2BAC019C51D0},28/05/2025 0:00:00, ,4/06/2025 0:00:00,ScarlettMichelle,No, ,4.000000000000000,Roy Trustee 2022 Ltd,Forest View Contracting
{789D9FE2-EB3B-44BF-B4EE-310B3746A4FA},514.000000000000000,5/11.31,39.000000000000000,975.000000000000000,Yes,0.000000000000000,2.000000000000000,0.000000000000000,0.000000000000000,0.000000000000000,0.000000000000000,1.000000000000000,0.000000000000000,25/67,0.000000000000000,0.051282051282100,0.000000000000000,0.000000000000000,0.000000000000000,0.000000000000000,0.025641025641000,0.000000000000000,"
",{4155BAAB-C61F-4852-9DC7-2BAC019C51D0},28/05/2025 0:00:00, ,4/06/2025 0:00:00,ScarlettMichelle,No, ,5.000000000000000,Roy Trustee 2022 Ltd,Forest View Contracting
{CC20AEFF-0075-4E6D-BA4F-20EBBB3CB90E},518.100000000000023,20/11.64,40.000000000000000,1000.000000000000000,Yes,0.000000000000000,0.000000000000000,0.000000000000000,0.000000000000000,0.000000000000000,0.000000000000000,1.000000000000000,0.000000000000000,25/67,0.000000000000000,0.000000000000000,0.000000000000000,0.000000000000000,0.000000000000000,0.000000000000000,0.025000000000000,0.000000000000000, ,{4155BAAB-C61F-4852-9DC7-2BAC019C51D0},28/05/2025 0:00:00, ,4/06/2025 0:00:00,ScarlettMichelle,No, ,3.000000000000000,Roy Trustee 2022 Ltd,Forest View Contracting
{E0116A9F-B8B9-4467-B904-E0455240E9F8},516.000000000000000,25/11.85,47.000000000000000,1175.000000000000000,Yes,0.000000000000000,0.000000000000000,2.000000000000000,0.000000000000000,0.000000000000000,0.000000000000000,0.000000000000000,0.000000000000000,25/67,0.000000000000000,0.000000000000000,0.042553191489400,0.000000000000000,0.000000000000000,0.000000000000000,0.000000000000000,0.000000000000000,"Change of angle in slope rows spacing too tight small area

",{4155BAAB-C61F-4852-9DC7-2BAC019C51D0},28/05/2025 0:00:00, ,4/06/2025 0:00:00,ScarlettMichelle,No,No,6.000000000000000,Roy Trustee 2022 Ltd,Forest View Contracting
{B1767BC8-2AD0-49F2-B3CC-9EB86C7AD3FE},1332.099999999999909,15/11.48,38.000000000000000,900.000000000000000,No,1.000000000000000,1.000000000000000,0.000000000000000,0.000000000000000,0.000000000000000,0.000000000000000,2.000000000000000,0.000000000000000,25/53,0.027777777777800,0.027777777777800,0.000000000000000,0.000000000000000,0.000000000000000,0.000000000000000,0.055555555555600,0.000000000000000,Some marginally firmed trees also,{F7A96736-466E-4741-BE6B-DAC91DACBC57},28/05/2025 0:00:00, ,4/06/2025 0:00:00,ScarlettMichelle,No,Yes,8.000000000000000,Roy Trustee 2022 Ltd,Proforest
{926995BB-3C68-451A-89B8-FC163A6ABF55},1316.099999999999909,20/11.64,47.000000000000000,1175.000000000000000,No,0.000000000000000,0.000000000000000,0.000000000000000,0.000000000000000,0.000000000000000,0.000000000000000,0.000000000000000,0.000000000000000,25/53,0.000000000000000,0.000000000000000,0.000000000000000,0.000000000000000,0.000000000000000,0.000000000000000,0.000000000000000,0.000000000000000, ,{F7A96736-466E-4741-BE6B-DAC91DACBC57},28/05/2025 0:00:00, ,4/06/2025 0:00:00,ScarlettMichelle,No,Yes,0.000000000000000,Roy Trustee 2022 Ltd,Proforest
{BF96DCE3-1227-41B2-9866-56FC23CC966F},1314.000000000000000,10/11.37,39.000000000000000,0.000000000000000,Yes,0.000000000000000,0.000000000000000,2.000000000000000,0.000000000000000,0.000000000000000,0.000000000000000,0.000000000000000,0.000000000000000,25/53,0.000000000000000,0.000000000000000,0.051282051282100,0.000000000000000,0.000000000000000,0.000000000000000,0.000000000000000,0.000000000000000,"Couple roots up, have told contractor.",{DCCD6AC0-1317-4EF9-B5FC-9D6C6D47F341},28/05/2025 0:00:00, ,4/06/2025 0:00:00,ScarlettMichelle,No, ,6.000000000000000,Roy Trustee 2022 Ltd,Proforest
{2465AD76-716C-4549-B0ED-EACA8AB0AA93},1332.000000000000000,15/11.48,40.000000000000000,1000.000000000000000,No,0.000000000000000,0.000000000000000,0.000000000000000,0.000000000000000,0.000000000000000,0.000000000000000,0.000000000000000,0.000000000000000,25/53,0.000000000000000,0.000000000000000,0.000000000000000,0.000000000000000,0.000000000000000,0.000000000000000,0.000000000000000,0.000000000000000,Much better,{DCCD6AC0-1317-4EF9-B5FC-9D6C6D47F341},28/05/2025 0:00:00, ,4/06/2025 0:00:00,ScarlettMichelle,No, ,0.000000000000000,Roy Trustee 2022 Ltd,Proforest
{C69DAECD-51CA-4BB4-93FC-2F84D527C805},1306.000000000000000,5/11.31,39.000000000000000,975.000000000000000,Yes,0.000000000000000,0.000000000000000,2.000000000000000,0.000000000000000,0.000000000000000,0.000000000000000,0.000000000000000,0.000000000000000,25/53,0.000000000000000,0.000000000000000,0.051282051282100,0.000000000000000,0.000000000000000,0.000000000000000,0.000000000000000,0.000000000000000, ,{DCCD6AC0-1317-4EF9-B5FC-9D6C6D47F341},28/05/2025 0:00:00, ,4/06/2025 0:00:00,ScarlettMichelle,No, ,6.000000000000000,Roy Trustee 2022 Ltd,Proforest
{34E23B6E-7072-4E54-AE88-FE43198A1426},1316.000000000000000,5/11.31,44.000000000000000,1100.000000000000000,Yes,0.000000000000000,0.000000000000000,0.000000000000000,1.000000000000000,0.000000000000000,0.000000000000000,1.000000000000000,0.000000000000000,25/53,0.000000000000000,0.000000000000000,0.000000000000000,0.022727272727300,0.000000000000000,0.000000000000000,0.022727272727300,0.000000000000000, ,{DCCD6AC0-1317-4EF9-B5FC-9D6C6D47F341},28/05/2025 0:00:00, ,4/06/2025 0:00:00,ScarlettMichelle,No, ,4.000000000000000,Roy Trustee 2022 Ltd,Proforest
{437412AD-61B8-44B1-98B1-17FF59C614A8},1368.000000000000000,15/11.48,37.000000000000000,925.000000000000000,Yes,0.000000000000000,0.000000000000000,0.000000000000000,0.000000000000000,0.000000000000000,0.000000000000000,1.000000000000000,0.000000000000000,25/53,0.000000000000000,0.000000000000000,0.000000000000000,0.000000000000000,0.000000000000000,0.000000000000000,0.027027027027000,0.000000000000000, ,{DCCD6AC0-1317-4EF9-B5FC-9D6C6D47F341},28/05/2025 0:00:00, ,4/06/2025 0:00:00,ScarlettMichelle,No, ,3.000000000000000,Roy Trustee 2022 Ltd,Proforest
{0906A5E7-D382-46C9-9A8E-889540CCF275},1354.000000000000000,25/11.85,38.000000000000000,950.000000000000000,No,0.000000000000000,0.000000000000000,0.000000000000000,0.000000000000000,0.000000000000000,0.000000000000000,0.000000000000000,0.000000000000000,25/53,0.000000000000000,0.000000000000000,0.000000000000000,0.000000000000000,0.000000000000000,0.000000000000000,0.000000000000000,0.000000000000000, ,{DCCD6AC0-1317-4EF9-B5FC-9D6C6D47F341},28/05/2025 0:00:00, ,4/06/2025 0:00:00,ScarlettMichelle,No, ,0.000000000000000,Roy Trustee 2022 Ltd,Proforest
{80D15219-E52F-4D54-B57C-D562C9363CB6},492.000000000000000,5/11.31,39.000000000000000,975.000000000000000,Yes,0.000000000000000,2.000000000000000,0.000000000000000,0.000000000000000,0.000000000000000,0.000000000000000,1.000000000000000,0.000000000000000,25/67,0.000000000000000,0.051282051282100,0.000000000000000,0.000000000000000,0.000000000000000,0.000000000000000,0.025641025641000,0.000000000000000,"Spoke to Leo knows the 2 offenders!
",{58322436-5CE8-48B3-91B6-5EB133265191},28/05/2025 0:00:00, ,4/06/2025 0:00:00,ScarlettMichelle,No, ,5.000000000000000,Roy Trustee 2022 Ltd,Forest View Contracting
{A6AF6F1B-4FB7-48C5-A0D5-2BDCAB249205},490.000000000000000,5/11.31,44.000000000000000,1100.000000000000000,Yes,0.000000000000000,1.000000000000000,0.000000000000000,0.000000000000000,0.000000000000000,0.000000000000000,1.000000000000000,0.000000000000000,25/67,0.000000000000000,0.022727272727300,0.000000000000000,0.000000000000000,0.000000000000000,0.000000000000000,0.022727272727300,0.000000000000000,dont need jacket now,{58322436-5CE8-48B3-91B6-5EB133265191},28/05/2025 0:00:00, ,4/06/2025 0:00:00,ScarlettMichelle,No, ,4.000000000000000,Roy Trustee 2022 Ltd,Forest View Contracting
{DF19E546-1453-47F1-8757-26F0361F2970},510.000000000000000,0/11.31,42.000000000000000,1050.000000000000000,Yes,0.000000000000000,1.000000000000000,0.000000000000000,0.000000000000000,0.000000000000000,0.000000000000000,0.000000000000000,0.000000000000000,25/67,0.000000000000000,0.023809523809500,0.000000000000000,0.000000000000000,0.000000000000000,0.000000000000000,0.000000000000000,0.000000000000000,"cream
",{58322436-5CE8-48B3-91B6-5EB133265191},28/05/2025 0:00:00, ,4/06/2025 0:00:00,ScarlettMichelle,No, ,1.000000000000000,Roy Trustee 2022 Ltd,Forest View Contracting
{C8FF988E-3D5D-43D9-AB6B-CD96DB8F9428},498.000000000000000,0/11.31,43.000000000000000,1075.000000000000000,Yes,0.000000000000000,2.000000000000000,0.000000000000000,0.000000000000000,0.000000000000000,0.000000000000000,1.000000000000000,0.000000000000000,25/67,0.000000000000000,0.046511627907000,0.000000000000000,0.000000000000000,0.000000000000000,0.000000000000000,0.023255813953500,0.000000000000000, ,{58322436-5CE8-48B3-91B6-5EB133265191},28/05/2025 0:00:00, ,4/06/2025 0:00:00,ScarlettMichelle,No, ,5.000000000000000,Roy Trustee 2022 Ltd,Forest View Contracting
{B37EAC69-2D56-450F-9507-7DF39B068D81},506.000000000000000,15/11.48,46.000000000000000,1150.000000000000000,No,0.000000000000000,0.000000000000000,0.000000000000000,0.000000000000000,0.000000000000000,0.000000000000000,0.000000000000000,0.000000000000000,25/67,0.000000000000000,0.000000000000000,0.000000000000000,0.000000000000000,0.000000000000000,0.000000000000000,0.000000000000000,0.000000000000000,1st plot over stocked also on headland,{58322436-5CE8-48B3-91B6-5EB133265191},28/05/2025 0:00:00, ,4/06/2025 0:00:00,ScarlettMichelle,No,No,0.000000000000000,Roy Trustee 2022 Ltd,Forest View Contracting
{1770C055-3BB6-41FC-B344-2A61FD0AB023},520.000000000000000,5/11.31,39.000000000000000,975.000000000000000,Yes,0.000000000000000,0.000000000000000,0.000000000000000,0.000000000000000,0.000000000000000,0.000000000000000,1.000000000000000,0.000000000000000,25/67,0.000000000000000,0.000000000000000,0.000000000000000,0.000000000000000,0.000000000000000,0.000000000000000,0.025641025641000,0.000000000000000, ,{58322436-5CE8-48B3-91B6-5EB133265191},28/05/2025 0:00:00, ,4/06/2025 0:00:00,ScarlettMichelle,No, ,3.000000000000000,Roy Trustee 2022 Ltd,Forest View Contracting
{B1DB1734-50FC-47CF-9520-E37625F32A2E},520.100000000000023,15/11.48,39.000000000000000,975.000000000000000,No,0.000000000000000,0.000000000000000,0.000000000000000,0.000000000000000,0.000000000000000,0.000000000000000,0.000000000000000,0.000000000000000,25/67,0.000000000000000,0.000000000000000,0.000000000000000,0.000000000000000,0.000000000000000,0.000000000000000,0.000000000000000,0.000000000000000, ,{58322436-5CE8-48B3-91B6-5EB133265191},28/05/2025 0:00:00, ,4/06/2025 0:00:00,ScarlettMichelle,No, ,0.000000000000000,Roy Trustee 2022 Ltd,Forest View Contracting
{E10F47F9-4FBE-4871-94D5-7D9DE15A2072},556.000000000000000,10/11.37,48.000000000000000,1200.000000000000000,Yes,1.000000000000000,1.000000000000000,0.000000000000000,0.000000000000000,0.000000000000000,0.000000000000000,0.000000000000000,0.000000000000000,25/66,0.020833333333300,0.020833333333300,0.000000000000000,0.000000000000000,0.000000000000000,0.000000000000000,0.000000000000000,0.000000000000000, ,{B2300237-273B-4D1E-A7CD-A4DDFCD939CB},28/05/2025 0:00:00, ,4/06/2025 0:00:00,ScarlettMichelle,No,Yes,2.000000000000000,Roy Trustee 2022 Ltd,GD Rural Skills Limited
{DB1188A4-E149-4B43-96FF-7CECD97E096F},538.000000000000000,10/11.37,42.000000000000000,1050.000000000000000,Yes,0.000000000000000,0.000000000000000,1.000000000000000,0.000000000000000,0.000000000000000,0.000000000000000,0.000000000000000,0.000000000000000,25/66,0.000000000000000,0.000000000000000,0.023809523809500,0.000000000000000,0.000000000000000,0.000000000000000,0.000000000000000,0.000000000000000,Some root bunching due to long roots,{B2300237-273B-4D1E-A7CD-A4DDFCD939CB},28/05/2025 0:00:00, ,4/06/2025 0:00:00,ScarlettMichelle,No, ,3.000000000000000,Roy Trustee 2022 Ltd,GD Rural Skills Limited
{DC530C79-0905-4B59-996C-14542D687C65},548.000000000000000,10/11.37,41.000000000000000,1025.000000000000000,No,0.000000000000000,0.000000000000000,0.000000000000000,0.000000000000000,0.000000000000000,0.000000000000000,0.000000000000000,0.000000000000000,25/66,0.000000000000000,0.000000000000000,0.000000000000000,0.000000000000000,0.000000000000000,0.000000000000000,0.000000000000000,0.000000000000000, ,{B2300237-273B-4D1E-A7CD-A4DDFCD939CB},28/05/2025 0:00:00, ,4/06/2025 0:00:00,ScarlettMichelle,No, ,0.000000000000000,Roy Trustee 2022 Ltd,GD Rural Skills Limited
{C48E2EC5-342C-4696-8B47-D1543725E13D},546.000000000000000,15/11.48,36.000000000000000,900.000000000000000,Yes,0.000000000000000,0.000000000000000,0.000000000000000,0.000000000000000,0.000000000000000,0.000000000000000,1.000000000000000,0.000000000000000,25/66,0.000000000000000,0.000000000000000,0.000000000000000,0.000000000000000,0.000000000000000,0.000000000000000,0.027777777777800,0.000000000000000,A little light,{B2300237-273B-4D1E-A7CD-A4DDFCD939CB},28/05/2025 0:00:00, ,4/06/2025 0:00:00,ScarlettMichelle,No, ,3.000000000000000,Roy Trustee 2022 Ltd,GD Rural Skills Limited
{B037A2C4-AA38-44A0-9B8E-68A97E8DF05F},530.000000000000000,10/11.37,40.000000000000000,1000.000000000000000,Yes,1.000000000000000,0.000000000000000,0.000000000000000,0.000000000000000,0.000000000000000,0.000000000000000,0.000000000000000,0.000000000000000,25/66,0.025000000000000,0.000000000000000,0.000000000000000,0.000000000000000,0.000000000000000,0.000000000000000,0.000000000000000,0.000000000000000,Some trees starting to slightly lean but otherwise ok,{B2300237-273B-4D1E-A7CD-A4DDFCD939CB},28/05/2025 0:00:00, ,4/06/2025 0:00:00,ScarlettMichelle,No, ,1.000000000000000,Roy Trustee 2022 Ltd,GD Rural Skills Limited
{A17F5589-CAB7-4BCA-8019-9931B9D56B65},532.000000000000000,15/11.48,38.000000000000000,950.000000000000000,Yes,1.000000000000000,2.000000000000000,0.000000000000000,1.000000000000000,0.000000000000000,0.000000000000000,0.000000000000000,0.000000000000000,25/66,0.026315789473700,0.052631578947400,0.000000000000000,0.026315789473700,0.000000000000000,0.000000000000000,0.000000000000000,0.000000000000000,Stocking has come right. Some leaning trees and 1 run over by the bike,{B2300237-273B-4D1E-A7CD-A4DDFCD939CB},28/05/2025 0:00:00, ,4/06/2025 0:00:00,ScarlettMichelle,No, ,4.000000000000000,Roy Trustee 2022 Ltd,GD Rural Skills Limited
{14E976ED-E8F7-4609-9F6E-496580BC657C},1369.099999999999909,20/11.64,44.000000000000000,1100.000000000000000,Yes,0.000000000000000,1.000000000000000,0.000000000000000,0.000000000000000,0.000000000000000,0.000000000000000,2.000000000000000,0.000000000000000,25/53,0.000000000000000,0.022727272727300,0.000000000000000,0.000000000000000,0.000000000000000,0.000000000000000,0.045454545454500,0.000000000000000, ,{F8162FDC-6C31-4B84-B681-574E09238F53},29/05/2025 0:00:00, ,4/06/2025 0:00:00,ScarlettMichelle,No,Yes,7.000000000000000,Roy Trustee 2022 Ltd,Proforest
{F636672D-FA29-44BA-8480-BD1D8E7A6A38},1356.000000000000000,20/11.64,36.000000000000000,900.000000000000000,Yes,0.000000000000000,1.000000000000000,1.000000000000000,0.000000000000000,0.000000000000000,0.000000000000000,2.000000000000000,0.000000000000000,25/53,0.000000000000000,0.027777777777800,0.027777777777800,0.000000000000000,0.000000000000000,0.000000000000000,0.055555555555600,0.000000000000000,"Too many faults, getting reworked",{F8162FDC-6C31-4B84-B681-574E09238F53},29/05/2025 0:00:00, ,4/06/2025 0:00:00,ScarlettMichelle,No,Yes,10.000000000000000,Roy Trustee 2022 Ltd,Proforest
{1E68A720-B845-4C18-9315-A16106E19A4A},1334.000000000000000,15/11.48,34.000000000000000,850.000000000000000,No,0.000000000000000,0.000000000000000,0.000000000000000,0.000000000000000,0.000000000000000,0.000000000000000,0.000000000000000,0.000000000000000,25/53,0.000000000000000,0.000000000000000,0.000000000000000,0.000000000000000,0.000000000000000,0.000000000000000,0.000000000000000,0.000000000000000,"Plot near waterway which wouldve thrown out stocking, moved to other side of creek due to lack of room for plot",{F8162FDC-6C31-4B84-B681-574E09238F53},29/05/2025 0:00:00, ,4/06/2025 0:00:00,ScarlettMichelle,No,No,0.000000000000000,Roy Trustee 2022 Ltd,Proforest
{F25FF101-5139-4805-83F7-0C645B8CD11D},558.000000000000000,15/11.48,47.000000000000000,1175.000000000000000,Yes,0.000000000000000,1.000000000000000,1.000000000000000,0.000000000000000,0.000000000000000,0.000000000000000,1.000000000000000,0.000000000000000,25/66,0.000000000000000,0.021276595744700,0.021276595744700,0.000000000000000,0.000000000000000,0.000000000000000,0.021276595744700,0.000000000000000, ,{6A01EC3A-69A1-42AD-A03A-A4FB2584C6C0},29/05/2025 0:00:00, ,4/06/2025 0:00:00,ScarlettMichelle,No,Yes,7.000000000000000,Roy Trustee 2022 Ltd,GD Rural Skills Limited
{1383DA2F-2670-4A83-9487-3AF323F067C7},556.000000000000000,15/11.48,44.000000000000000,1100.000000000000000,No,0.000000000000000,0.000000000000000,0.000000000000000,0.000000000000000,0.000000000000000,0.000000000000000,0.000000000000000,0.000000000000000,25/66,0.000000000000000,0.000000000000000,0.000000000000000,0.000000000000000,0.000000000000000,0.000000000000000,0.000000000000000,0.000000000000000,"Reworked area
",{FA64F450-3954-4EA3-9706-19CB000923E4},29/05/2025 0:00:00, ,4/06/2025 0:00:00,ScarlettMichelle,Yes, ,0.000000000000000,Roy Trustee 2022 Ltd,GD Rural Skills Limited
{266D751E-F1FB-409A-9AF3-0BD5D465983F},1308.000000000000000,5/11.31,40.000000000000000,1000.000000000000000,Yes,0.000000000000000,1.000000000000000,0.000000000000000,0.000000000000000,0.000000000000000,0.000000000000000,2.000000000000000,0.000000000000000,25/53,0.000000000000000,0.025000000000000,0.000000000000000,0.000000000000000,0.000000000000000,0.000000000000000,0.050000000000000,0.000000000000000,"Rest of planting good, one line with couple loose trees",{B5B1BC84-531F-4101-B76A-DAC527E37AA6},29/05/2025 0:00:00, ,4/06/2025 0:00:00,ScarlettMichelle,No,Yes,7.000000000000000,Roy Trustee 2022 Ltd,Proforest
{A24AFA2B-9DC1-465C-9461-A7EDC8C85692},1318.000000000000000,10/11.37,36.000000000000000,900.000000000000000,Yes,0.000000000000000,0.000000000000000,1.000000000000000,0.000000000000000,0.000000000000000,0.000000000000000,1.000000000000000,0.000000000000000,25/53,0.000000000000000,0.000000000000000,0.027777777777800,0.000000000000000,0.000000000000000,0.000000000000000,0.027777777777800,0.000000000000000,"Plot moved due to gully, light sotcking due to rocky terrain included in portion of plot.",{B5B1BC84-531F-4101-B76A-DAC527E37AA6},29/05/2025 0:00:00, ,4/06/2025 0:00:00,ScarlettMichelle,No, ,6.000000000000000,Roy Trustee 2022 Ltd,Proforest
{8C2CB964-2B73-49BC-A812-A3DAD3C1F84D},1336.000000000000000,20/11.64,42.000000000000000,1050.000000000000000,Yes,0.000000000000000,0.000000000000000,1.000000000000000,0.000000000000000,0.000000000000000,0.000000000000000,0.000000000000000,0.000000000000000,25/53,0.000000000000000,0.000000000000000,0.023809523809500,0.000000000000000,0.000000000000000,0.000000000000000,0.000000000000000,0.000000000000000,Better planting after rework down lower.,{B5B1BC84-531F-4101-B76A-DAC527E37AA6},29/05/2025 0:00:00, ,4/06/2025 0:00:00,ScarlettMichelle,No, ,3.000000000000000,Roy Trustee 2022 Ltd,Proforest
{22A3CFC2-C911-44BA-B741-DF89531A8CEE},1320.000000000000000,10/11.37,36.000000000000000,900.000000000000000,No,0.000000000000000,0.000000000000000,0.000000000000000,0.000000000000000,0.000000000000000,0.000000000000000,0.000000000000000,0.000000000000000,25/53,0.000000000000000,0.000000000000000,0.000000000000000,0.000000000000000,0.000000000000000,0.000000000000000,0.000000000000000,0.000000000000000,Low stocking due to rocky knob uphill,{B5B1BC84-531F-4101-B76A-DAC527E37AA6},29/05/2025 0:00:00, ,4/06/2025 0:00:00,ScarlettMichelle,No, ,0.000000000000000,Roy Trustee 2022 Ltd,Proforest
{F12A7C97-C850-476E-9580-D89BA4B4EF55},534.000000000000000,20/11.64,40.000000000000000,1000.000000000000000,Yes,0.000000000000000,2.000000000000000,0.000000000000000,0.000000000000000,0.000000000000000,0.000000000000000,0.000000000000000,0.000000000000000,25/66,0.000000000000000,0.050000000000000,0.000000000000000,0.000000000000000,0.000000000000000,0.000000000000000,0.000000000000000,0.000000000000000, ,{F9FFC90B-D444-4E0F-A964-72705CEF2C4E},29/05/2025 0:00:00, ,4/06/2025 0:00:00,ScarlettMichelle,No, ,2.000000000000000,Roy Trustee 2022 Ltd,GD Rural Skills Limited
{9FD56E31-9AA2-44A6-AB1B-F58821E5F42B},536.000000000000000,5/11.31,43.000000000000000,1075.000000000000000,Yes,0.000000000000000,2.000000000000000,1.000000000000000,0.000000000000000,0.000000000000000,0.000000000000000,0.000000000000000,0.000000000000000,25/66,0.000000000000000,0.046511627907000,0.023255813953500,0.000000000000000,0.000000000000000,0.000000000000000,0.000000000000000,0.000000000000000, ,{F9FFC90B-D444-4E0F-A964-72705CEF2C4E},29/05/2025 0:00:00, ,4/06/2025 0:00:00,ScarlettMichelle,No, ,5.000000000000000,Roy Trustee 2022 Ltd,GD Rural Skills Limited
{55129EF5-1F08-4030-A8A7-E4522406599F},544.000000000000000,10/11.37,41.000000000000000,1025.000000000000000,Yes,0.000000000000000,0.000000000000000,1.000000000000000,0.000000000000000,0.000000000000000,0.000000000000000,0.000000000000000,0.000000000000000,25/66,0.000000000000000,0.000000000000000,0.024390243902400,0.000000000000000,0.000000000000000,0.000000000000000,0.000000000000000,0.000000000000000, ,{F9FFC90B-D444-4E0F-A964-72705CEF2C4E},29/05/2025 0:00:00, ,4/06/2025 0:00:00,ScarlettMichelle,No, ,3.000000000000000,Roy Trustee 2022 Ltd,GD Rural Skills Limited
{4A53F577-0366-4AEC-955E-98E7FE9F4AF6},550.000000000000000,5/11.31,40.000000000000000,1000.000000000000000,Yes,0.000000000000000,1.000000000000000,0.000000000000000,0.000000000000000,0.000000000000000,0.000000000000000,1.000000000000000,0.000000000000000,25/66,0.000000000000000,0.025000000000000,0.000000000000000,0.000000000000000,0.000000000000000,0.000000000000000,0.025000000000000,0.000000000000000, ,{F9FFC90B-D444-4E0F-A964-72705CEF2C4E},29/05/2025 0:00:00, ,4/06/2025 0:00:00,ScarlettMichelle,No, ,4.000000000000000,Roy Trustee 2022 Ltd,GD Rural Skills Limited
{D2FA31AF-B449-4923-9A52-6C8EE13A7AF2},560.000000000000000,15/11.48,41.000000000000000,1025.000000000000000,Yes,0.000000000000000,1.000000000000000,0.000000000000000,1.000000000000000,0.000000000000000,0.000000000000000,0.000000000000000,0.000000000000000,25/66,0.000000000000000,0.024390243902400,0.000000000000000,0.024390243902400,0.000000000000000,0.000000000000000,0.000000000000000,0.000000000000000,Tree run over is tree lying down. Will relay to machine operators to watch where they drive,{F9FFC90B-D444-4E0F-A964-72705CEF2C4E},29/05/2025 0:00:00, ,4/06/2025 0:00:00,ScarlettMichelle,No, ,2.000000000000000,Roy Trustee 2022 Ltd,GD Rural Skills Limited
{2715B284-1C59-4552-AD95-EF03FA65E3D1},900.000000000000000,10/11.37,44.000000000000000,1100.000000000000000,Yes,0.000000000000000,1.000000000000000,0.000000000000000,0.000000000000000,0.000000000000000,0.000000000000000,2.000000000000000,0.000000000000000,25/69,0.000000000000000,0.022727272727300,0.000000000000000,0.000000000000000,0.000000000000000,0.000000000000000,0.045454545454500,0.000000000000000,Some rough planting where theyve started the day. Informed QC staff,{FAC4DBDD-7760-4C65-8BB0-D0F67FEB7360},30/05/2025 0:00:00, ,4/06/2025 0:00:00,ScarlettMichelle,No,No,7.000000000000000,Roy Trustee 2022 Ltd,GD Rural Skills Limited
{40E45F2A-6134-4A4E-A722-536D1B83AED6},904.000000000000000,15/11.48,44.000000000000000,1100.000000000000000,Yes,0.000000000000000,3.000000000000000,0.000000000000000,0.000000000000000,0.000000000000000,0.000000000000000,1.000000000000000,0.000000000000000,25/69,0.000000000000000,0.068181818181800,0.000000000000000,0.000000000000000,0.000000000000000,0.000000000000000,0.022727272727300,0.000000000000000, ,{FAC4DBDD-7760-4C65-8BB0-D0F67FEB7360},30/05/2025 0:00:00, ,4/06/2025 0:00:00,ScarlettMichelle,No, ,6.000000000000000,Roy Trustee 2022 Ltd,GD Rural Skills Limited
{797CD41D-787A-4238-AAE0-E39B4E10B678},890.000000000000000,5/11.31,39.000000000000000,975.000000000000000,Yes,0.000000000000000,0.000000000000000,1.000000000000000,0.000000000000000,1.000000000000000,0.000000000000000,0.000000000000000,0.000000000000000,25/69,0.000000000000000,0.000000000000000,0.025641025641000,0.000000000000000,0.025641025641000,0.000000000000000,0.000000000000000,0.000000000000000,Looks better overall,{FAC4DBDD-7760-4C65-8BB0-D0F67FEB7360},30/05/2025 0:00:00, ,4/06/2025 0:00:00,ScarlettMichelle,No, ,6.000000000000000,Roy Trustee 2022 Ltd,GD Rural Skills Limited
{A8A88975-1111-4F5D-87CA-ECA26EB619A3},908.000000000000000,25/11.85,40.000000000000000,1000.000000000000000,Yes,0.000000000000000,0.000000000000000,0.000000000000000,0.000000000000000,1.000000000000000,0.000000000000000,0.000000000000000,0.000000000000000,25/69,0.000000000000000,0.000000000000000,0.000000000000000,0.000000000000000,0.025000000000000,0.000000000000000,0.000000000000000,0.000000000000000,Long roots with roots exposed tree,{FAC4DBDD-7760-4C65-8BB0-D0F67FEB7360},30/05/2025 0:00:00, ,4/06/2025 0:00:00,ScarlettMichelle,No, ,3.000000000000000,Roy Trustee 2022 Ltd,GD Rural Skills Limited
{63469175-74F4-4BBB-8DA9-D16273F9D808},928.000000000000000,30/12.13,39.000000000000000,975.000000000000000,Yes,1.000000000000000,0.000000000000000,0.000000000000000,0.000000000000000,0.000000000000000,0.000000000000000,1.000000000000000,0.000000000000000,25/69,0.025641025641000,0.000000000000000,0.000000000000000,0.000000000000000,0.000000000000000,0.000000000000000,0.025641025641000,0.000000000000000,Quite good considering the conditions (rocky and rain/high wind),{FAC4DBDD-7760-4C65-8BB0-D0F67FEB7360},30/05/2025 0:00:00, ,4/06/2025 0:00:00,ScarlettMichelle,No, ,4.000000000000000,Roy Trustee 2022 Ltd,GD Rural Skills Limited
{7517101B-802E-4D4D-BA28-D4420D6B32D1},902.000000000000000,10/11.37,38.000000000000000,950.000000000000000,Yes,0.000000000000000,1.000000000000000,0.000000000000000,0.000000000000000,1.000000000000000,0.000000000000000,0.000000000000000,0.000000000000000,25/69,0.000000000000000,0.026315789473700,0.000000000000000,0.000000000000000,0.026315789473700,0.000000000000000,0.000000000000000,0.000000000000000, ,{FAC4DBDD-7760-4C65-8BB0-D0F67FEB7360},30/05/2025 0:00:00, ,4/06/2025 0:00:00,ScarlettMichelle,No, ,4.000000000000000,Roy Trustee 2022 Ltd,GD Rural Skills Limited
{C40F30AE-BD0E-4A0F-BDEA-256FAF26EDAF},922.000000000000000,20/11.64,38.000000000000000,950.000000000000000,Yes,0.000000000000000,1.000000000000000,0.000000000000000,0.000000000000000,0.000000000000000,0.000000000000000,0.000000000000000,0.000000000000000,25/69,0.000000000000000,0.026315789473700,0.000000000000000,0.000000000000000,0.000000000000000,0.000000000000000,0.000000000000000,0.000000000000000,Good,{FAC4DBDD-7760-4C65-8BB0-D0F67FEB7360},30/05/2025 0:00:00, ,4/06/2025 0:00:00,ScarlettMichelle,No, ,1.000000000000000,Roy Trustee 2022 Ltd,GD Rural Skills Limited
{BC70976B-E0E9-401C-9716-38B08DF9F7E8},906.000000000000000,20/11.64,39.000000000000000,975.000000000000000,Yes,0.000000000000000,1.000000000000000,0.000000000000000,0.000000000000000,1.000000000000000,0.000000000000000,0.000000000000000,0.000000000000000,25/69,0.000000000000000,0.025641025641000,0.000000000000000,0.000000000000000,0.025641025641000,0.000000000000000,0.000000000000000,0.000000000000000,Asked QC to keep an eye on the long roots becoming exposed,{FAC4DBDD-7760-4C65-8BB0-D0F67FEB7360},30/05/2025 0:00:00, ,4/06/2025 0:00:00,ScarlettMichelle,No, ,4.000000000000000,Roy Trustee 2022 Ltd,GD Rural Skills Limited
{A8D0E74E-E743-440D-987F-E9F89B096CBD},1396.099999999999909,15/11.48,40.000000000000000,1000.000000000000000,Yes,0.000000000000000,0.000000000000000,1.000000000000000,0.000000000000000,0.000000000000000,0.000000000000000,0.000000000000000,0.000000000000000,25/53,0.000000000000000,0.000000000000000,0.025000000000000,0.000000000000000,0.000000000000000,0.000000000000000,0.000000000000000,0.000000000000000,Good planting,{561DF9CF-5356-4EA8-BAFC-2EE8102D227D},30/05/2025 0:00:00, ,4/06/2025 0:00:00,ScarlettMichelle,No, ,3.000000000000000,Roy Trustee 2022 Ltd,Proforest
{2B327075-1FFC-4CFB-8F68-9B7DC314C0E1},1396.000000000000000,5/11.31,39.000000000000000,975.000000000000000,No,0.000000000000000,0.000000000000000,0.000000000000000,0.000000000000000,0.000000000000000,0.000000000000000,0.000000000000000,0.000000000000000,25/53,0.000000000000000,0.000000000000000,0.000000000000000,0.000000000000000,0.000000000000000,0.000000000000000,0.000000000000000,0.000000000000000,Good planting,{561DF9CF-5356-4EA8-BAFC-2EE8102D227D},30/05/2025 0:00:00, ,4/06/2025 0:00:00,ScarlettMichelle,No, ,0.000000000000000,Roy Trustee 2022 Ltd,Proforest
{F451CD3D-ACEA-4A53-9C7D-940E08F31DDA},1398.000000000000000,10/11.37,38.000000000000000,950.000000000000000,Yes,1.000000000000000,0.000000000000000,0.000000000000000,0.000000000000000,0.000000000000000,0.000000000000000,0.000000000000000,0.000000000000000,25/53,0.026315789473700,0.000000000000000,0.000000000000000,0.000000000000000,0.000000000000000,0.000000000000000,0.000000000000000,0.000000000000000, ,{561DF9CF-5356-4EA8-BAFC-2EE8102D227D},30/05/2025 0:00:00, ,4/06/2025 0:00:00,ScarlettMichelle,No, ,1.000000000000000,Roy Trustee 2022 Ltd,Proforest
{E16671D4-5ACC-4248-8F38-29E70DAE99C4},1388.000000000000000,25/11.85,37.000000000000000,925.000000000000000,No,0.000000000000000,0.000000000000000,0.000000000000000,0.000000000000000,0.000000000000000,0.000000000000000,0.000000000000000,0.000000000000000,25/53,0.000000000000000,0.000000000000000,0.000000000000000,0.000000000000000,0.000000000000000,0.000000000000000,0.000000000000000,0.000000000000000, ,{561DF9CF-5356-4EA8-BAFC-2EE8102D227D},30/05/2025 0:00:00, ,4/06/2025 0:00:00,ScarlettMichelle,No, ,0.000000000000000,Roy Trustee 2022 Ltd,Proforest
{0112FB77-CE3F-40D4-B078-ECE89C045A92},1378.000000000000000,25/11.85,41.000000000000000,1025.000000000000000,Yes,0.000000000000000,0.000000000000000,2.000000000000000,0.000000000000000,0.000000000000000,0.000000000000000,0.000000000000000,0.000000000000000,25/53,0.000000000000000,0.000000000000000,0.048780487804900,0.000000000000000,0.000000000000000,0.000000000000000,0.000000000000000,0.000000000000000,"Moved plot to be closer behind planters, roots up partialky due to long roots from nurseries",{C2EE0535-2CBB-4C27-BE77-8569F5056DCC},30/05/2025 0:00:00, ,4/06/2025 0:00:00,ScarlettMichelle,No, ,6.000000000000000,Roy Trustee 2022 Ltd,Proforest
{A2DB667B-5F90-47E4-ADC7-0C5C124F2B01},1380.000000000000000,20/11.64,43.000000000000000,1075.000000000000000,Yes,0.000000000000000,0.000000000000000,0.000000000000000,0.000000000000000,0.000000000000000,1.000000000000000,0.000000000000000,0.000000000000000,25/53,0.000000000000000,0.000000000000000,0.000000000000000,0.000000000000000,0.000000000000000,0.023255813953500,0.000000000000000,0.000000000000000,"Some shallow planting due to rocky ground, other than that all good.",{C2EE0535-2CBB-4C27-BE77-8569F5056DCC},30/05/2025 0:00:00, ,4/06/2025 0:00:00,ScarlettMichelle,No, ,3.000000000000000,Roy Trustee 2022 Ltd,Proforest
{EE4A0CCE-085C-40AE-963B-C99D6315CADD},1390.000000000000000,15/11.48,40.000000000000000,1000.000000000000000,Yes,1.000000000000000,0.000000000000000,0.000000000000000,0.000000000000000,0.000000000000000,0.000000000000000,0.000000000000000,0.000000000000000,25/53,0.025000000000000,0.000000000000000,0.000000000000000,0.000000000000000,0.000000000000000,0.000000000000000,0.000000000000000,0.000000000000000,"Moved due to proximity to creek. One dropped tree, other wise good planting.",{C2EE0535-2CBB-4C27-BE77-8569F5056DCC},30/05/2025 0:00:00, ,4/06/2025 0:00:00,ScarlettMichelle,No, ,1.000000000000000,Roy Trustee 2022 Ltd,Proforest
{FBBE4384-0696-4D5F-B15C-FE1FB3560FE8},1450.000000000000000,15/11.48,29.000000000000000,725.000000000000000,Yes,0.000000000000000,0.000000000000000,0.000000000000000,0.000000000000000,0.000000000000000,0.000000000000000,1.000000000000000,0.000000000000000,25/13,0.000000000000000,0.000000000000000,0.000000000000000,0.000000000000000,0.000000000000000,0.000000000000000,0.034482758620700,0.000000000000000,1st plot,{6985246D-C0AA-49A6-833E-245702AB1209},3/06/2025 0:00:00, ,3/06/2025 0:00:00, ,No,Yes,3.000000000000000,Roy Trustee 2022 Ltd,Johnson Forestry Services
{691B1372-314A-4F4F-A632-3DF3888B9340},1442.000000000000000,15/11.48,34.000000000000000,850.000000000000000,No,0.000000000000000,0.000000000000000,0.000000000000000,0.000000000000000,0.000000000000000,0.000000000000000,0.000000000000000,0.000000000000000,25/13,0.000000000000000,0.000000000000000,0.000000000000000,0.000000000000000,0.000000000000000,0.000000000000000,0.000000000000000,0.000000000000000,understocked,{6985246D-C0AA-49A6-833E-245702AB1209},3/06/2025 0:00:00, ,3/06/2025 0:00:00, ,No,Yes,0.000000000000000,Roy Trustee 2022 Ltd,Johnson Forestry Services
{D61BB05F-E7A1-4D82-A7DB-3CB1C6691D2B},1442.000000000000000,15/11.48,39.000000000000000,975.000000000000000,No,0.000000000000000,0.000000000000000,0.000000000000000,0.000000000000000,0.000000000000000,0.000000000000000,0.000000000000000,0.000000000000000,25/13,0.000000000000000,0.000000000000000,0.000000000000000,0.000000000000000,0.000000000000000,0.000000000000000,0.000000000000000,0.000000000000000, ,{6985246D-C0AA-49A6-833E-245702AB1209},3/06/2025 0:00:00, ,3/06/2025 0:00:00, ,Yes, ,0.000000000000000,Roy Trustee 2022 Ltd,Johnson Forestry Services
{0903AA3F-5B72-45D4-85B7-80F919EA7EB2},1449.000000000000000,15/11.48,39.000000000000000,975.000000000000000,No,0.000000000000000,0.000000000000000,0.000000000000000,0.000000000000000,0.000000000000000,0.000000000000000,0.000000000000000,0.000000000000000,25/13,0.000000000000000,0.000000000000000,0.000000000000000,0.000000000000000,0.000000000000000,0.000000000000000,0.000000000000000,0.000000000000000,"
stocki
ng plot only
",{6985246D-C0AA-49A6-833E-245702AB1209},3/06/2025 0:00:00, ,3/06/2025 0:00:00, ,No, ,0.000000000000000,Roy Trustee 2022 Ltd,Johnson Forestry Services
{44809EFD-523E-474B-AAE9-FAE28B10E4E0},1450.099999999999909,15/11.48,43.000000000000000,1075.000000000000000,No,0.000000000000000,0.000000000000000,0.000000000000000,0.000000000000000,0.000000000000000,0.000000000000000,0.000000000000000,0.000000000000000,25/13,0.000000000000000,0.000000000000000,0.000000000000000,0.000000000000000,0.000000000000000,0.000000000000000,0.000000000000000,0.000000000000000,things starting to settle!,{6985246D-C0AA-49A6-833E-245702AB1209},3/06/2025 0:00:00, ,3/06/2025 0:00:00, ,Yes, ,0.000000000000000,Roy Trustee 2022 Ltd,Johnson Forestry Services
{7E7FF4BA-9253-45CA-8F49-97E325340441},1458.000000000000000,10/11.37,36.000000000000000,900.000000000000000,Yes,0.000000000000000,2.000000000000000,0.000000000000000,0.000000000000000,0.000000000000000,0.000000000000000,1.000000000000000,0.000000000000000,25/13,0.000000000000000,0.055555555555600,0.000000000000000,0.000000000000000,0.000000000000000,0.000000000000000,0.027777777777800,0.000000000000000, ,{6985246D-C0AA-49A6-833E-245702AB1209},3/06/2025 0:00:00, ,3/06/2025 0:00:00, ,No, ,5.000000000000000,Roy Trustee 2022 Ltd,Johnson Forestry Services
{77F37967-79FB-4CB0-87AA-FE004719E366},1442.500000000000000,10/11.37,35.000000000000000,875.000000000000000,No,0.000000000000000,0.000000000000000,0.000000000000000,0.000000000000000,0.000000000000000,0.000000000000000,0.000000000000000,0.000000000000000,25/13,0.000000000000000,0.000000000000000,0.000000000000000,0.000000000000000,0.000000000000000,0.000000000000000,0.000000000000000,0.000000000000000,Low tree count,{BF400AAC-0C22-4A66-8E83-55593025AB3C},3/06/2025 0:00:00, ,3/06/2025 0:00:00, ,No,Yes,0.000000000000000,Roy Trustee 2022 Ltd,Johnson Forestry Services
{13CBE265-AC93-433D-BB7D-DA276D889899},1448.200000000000045,10/11.37,30.000000000000000,750.000000000000000,No,0.000000000000000,0.000000000000000,0.000000000000000,0.000000000000000,0.000000000000000,0.000000000000000,0.000000000000000,0.000000000000000,25/13,0.000000000000000,0.000000000000000,0.000000000000000,0.000000000000000,0.000000000000000,0.000000000000000,0.000000000000000,0.000000000000000,"Low stocking, rows and spacing",{BF400AAC-0C22-4A66-8E83-55593025AB3C},3/06/2025 0:00:00, ,3/06/2025 0:00:00, ,No,Yes,0.000000000000000,Roy Trustee 2022 Ltd,Johnson Forestry Services
{37CCF147-9DCC-4F81-8E69-713FD0AC972D},1448.299999999999955,15/11.48,41.000000000000000,1025.000000000000000,No,0.000000000000000,0.000000000000000,0.000000000000000,0.000000000000000,0.000000000000000,0.000000000000000,0.000000000000000,0.000000000000000,25/13,0.000000000000000,0.000000000000000,0.000000000000000,0.000000000000000,0.000000000000000,0.000000000000000,0.000000000000000,0.000000000000000, ,{BF400AAC-0C22-4A66-8E83-55593025AB3C},3/06/2025 0:00:00, ,3/06/2025 0:00:00, ,No, ,0.000000000000000,Roy Trustee 2022 Ltd,Johnson Forestry Services
{8BFC7002-BC52-4B19-9088-47A60E07FDC4},1448.000000000000000,10/11.37,36.000000000000000,900.000000000000000,Yes,0.000000000000000,1.000000000000000,0.000000000000000,0.000000000000000,0.000000000000000,0.000000000000000,0.000000000000000,0.000000000000000,25/13,0.000000000000000,0.000000000000000,0.000000000000000,0.000000000000000,0.000000000000000,0.000000000000000,0.000000000000000,0.000000000000000, ,{BF400AAC-0C22-4A66-8E83-55593025AB3C},3/06/2025 0:00:00, ,3/06/2025 0:00:00, ,No, ,0.000000000000000,Roy Trustee 2022 Ltd,Johnson Forestry Services
{7EBCE020-D97D-4BBE-A3E5-2BC89775F9D6},1438.000000000000000,15/11.48,39.000000000000000,975.000000000000000,Yes,0.000000000000000,0.000000000000000,0.000000000000000,0.000000000000000,1.000000000000000,0.000000000000000,0.000000000000000,0.000000000000000,25/13,0.000000000000000,0.000000000000000,0.000000000000000,0.000000000000000,0.025641025641000,0.000000000000000,0.000000000000000,0.000000000000000,Couple of borderline sky rockets,{BF400AAC-0C22-4A66-8E83-55593025AB3C},3/06/2025 0:00:00, ,3/06/2025 0:00:00, ,No, ,3.000000000000000,Roy Trustee 2022 Ltd,Johnson Forestry Services
{26249DFC-F9FC-4643-8D2C-C42A80EFC218},1446.000000000000000,15/11.48,37.000000000000000,925.000000000000000,Yes,0.000000000000000,2.000000000000000,0.000000000000000,0.000000000000000,1.000000000000000,0.000000000000000,0.000000000000000,0.000000000000000,25/13,0.000000000000000,0.054054054054100,0.000000000000000,0.000000000000000,0.027027027027000,0.000000000000000,0.000000000000000,0.000000000000000,New planters area,{BF400AAC-0C22-4A66-8E83-55593025AB3C},3/06/2025 0:00:00, ,3/06/2025 0:00:00, ,No, ,5.000000000000000,Roy Trustee 2022 Ltd,Johnson Forestry Services
{9B014517-AD29-4104-B22F-EC0F9B09B567},1456.000000000000000,15/11.48,38.000000000000000,950.000000000000000,Yes,0.000000000000000,0.000000000000000,1.000000000000000,0.000000000000000,0.000000000000000,0.000000000000000,1.000000000000000,0.000000000000000,25/13,0.000000000000000,0.000000000000000,0.026315789473700,0.000000000000000,0.000000000000000,0.000000000000000,0.026315789473700,0.000000000000000,Overall good plot,{BF400AAC-0C22-4A66-8E83-55593025AB3C},3/06/2025 0:00:00, ,3/06/2025 0:00:00, ,No, ,6.000000000000000,Roy Trustee 2022 Ltd,Johnson Forestry Services
{65A6B2D8-515B-4362-A4BE-45B1BF5E89DE},1400.000000000000000,20/11.64,42.000000000000000,1050.000000000000000,Yes,1.000000000000000,1.000000000000000,1.000000000000000,0.000000000000000,0.000000000000000,0.000000000000000,0.000000000000000,0.000000000000000,25/53,0.023809523809500,0.023809523809500,0.023809523809500,0.000000000000000,0.000000000000000,0.000000000000000,0.000000000000000,0.000000000000000, ,{2442DA12-644E-45B1-AD44-A04E1E392575},3/06/2025 0:00:00, ,3/06/2025 0:00:00, ,No, ,5.000000000000000,Roy Trustee 2022 Ltd,Proforest
{14424988-AE98-4BCC-A39A-4B31E7E2A508},1384.000000000000000,25/11.85,49.000000000000000,1225.000000000000000,Yes,0.000000000000000,2.000000000000000,1.000000000000000,0.000000000000000,0.000000000000000,0.000000000000000,1.000000000000000,0.000000000000000,25/53,0.000000000000000,0.061224489795900,0.020408163265300,0.000000000000000,0.000000000000000,0.000000000000000,0.020408163265300,0.000000000000000,"Moved plot location due to proximity to track. Few rows with shorter spacing, not consistently high in this area so not a rework.",{2442DA12-644E-45B1-AD44-A04E1E392575},3/06/2025 0:00:00, ,3/06/2025 0:00:00, ,No,No,8.000000000000000,Roy Trustee 2022 Ltd,Proforest
{B052B17B-90E2-4239-AACE-45DFDCB241CD},1382.000000000000000,30/12.13,40.000000000000000,1000.000000000000000,Yes,0.000000000000000,0.000000000000000,0.000000000000000,0.000000000000000,0.000000000000000,1.000000000000000,0.000000000000000,0.000000000000000,25/53,0.000000000000000,0.000000000000000,0.000000000000000,0.000000000000000,0.000000000000000,0.025000000000000,0.000000000000000,0.000000000000000, ,{2442DA12-644E-45B1-AD44-A04E1E392575},3/06/2025 0:00:00, ,3/06/2025 0:00:00, ,No, ,3.000000000000000,Roy Trustee 2022 Ltd,Proforest
{963CE019-A061-4B7E-BC68-4079F5C8668E},1384.099999999999909,25/11.85,43.000000000000000,1075.000000000000000,Yes,0.000000000000000,0.000000000000000,1.000000000000000,0.000000000000000,0.000000000000000,1.000000000000000,0.000000000000000,0.000000000000000,25/53,0.000000000000000,0.000000000000000,0.023255813953500,0.000000000000000,0.000000000000000,0.023255813953500,0.000000000000000,0.000000000000000,Much better after speaking to will about previous plot,{2442DA12-644E-45B1-AD44-A04E1E392575},3/06/2025 0:00:00, ,3/06/2025 0:00:00, ,No, ,6.000000000000000,Roy Trustee 2022 Ltd,Proforest
{ABF8E285-27BC-4C75-81EE-06116C8DAF89},1372.000000000000000,10/11.37,40.000000000000000,1000.000000000000000,Yes,1.000000000000000,0.000000000000000,1.000000000000000,0.000000000000000,0.000000000000000,0.000000000000000,1.000000000000000,0.000000000000000,25/53,0.025000000000000,0.000000000000000,0.025000000000000,0.000000000000000,0.000000000000000,0.000000000000000,0.025000000000000,0.000000000000000,"Good stocking and planting, one rogue line with few faults.",{2442DA12-644E-45B1-AD44-A04E1E392575},3/06/2025 0:00:00, ,3/06/2025 0:00:00, ,No,No,7.000000000000000,Roy Trustee 2022 Ltd,Proforest
{B6FAB07B-EFEA-4C29-8021-968C59BB51E4},1394.000000000000000,15/11.48,42.000000000000000,1050.000000000000000,Yes,0.000000000000000,1.000000000000000,0.000000000000000,0.000000000000000,0.000000000000000,0.000000000000000,0.000000000000000,0.000000000000000,25/53,0.000000000000000,0.023809523809500,0.000000000000000,0.000000000000000,0.000000000000000,0.000000000000000,0.000000000000000,0.000000000000000, ,{2442DA12-644E-45B1-AD44-A04E1E392575},3/06/2025 0:00:00, ,3/06/2025 0:00:00, ,No, ,1.000000000000000,Roy Trustee 2022 Ltd,Proforest
{B547FD3C-959D-49E4-8D58-08CE11444383},1386.000000000000000,20/11.64,25.000000000000000,625.000000000000000,No,0.000000000000000,0.000000000000000,0.000000000000000,0.000000000000000,0.000000000000000,0.000000000000000,0.000000000000000,0.000000000000000,25/53,0.000000000000000,0.000000000000000,0.000000000000000,0.000000000000000,0.000000000000000,0.000000000000000,0.000000000000000,0.000000000000000,Over correction from having too high stocking below.,{2442DA12-644E-45B1-AD44-A04E1E392575},3/06/2025 0:00:00, ,3/06/2025 0:00:00, ,No,No,0.000000000000000,Roy Trustee 2022 Ltd,Proforest
{DE56D05D-9C25-4037-BEA1-3CA88226C758},1392.000000000000000,25/11.85,46.000000000000000,1150.000000000000000,Yes,0.000000000000000,1.000000000000000,1.000000000000000,0.000000000000000,0.000000000000000,0.000000000000000,0.000000000000000,0.000000000000000,25/53,0.000000000000000,0.021739130434800,0.021739130434800,0.000000000000000,0.000000000000000,0.000000000000000,0.000000000000000,0.000000000000000, ,{2442DA12-644E-45B1-AD44-A04E1E392575},3/06/2025 0:00:00, ,3/06/2025 0:00:00, ,No,No,4.000000000000000,Roy Trustee 2022 Ltd,Proforest
{429AED90-D480-44BA-811D-0127E8238D0E},107.000000000000000,10/11.37,37.000000000000000,925.000000000000000,No,0.000000000000000,0.000000000000000,0.000000000000000,0.000000000000000,0.000000000000000,0.000000000000000,0.000000000000000,0.000000000000000,25/62,0.000000000000000,0.000000000000000,0.000000000000000,0.000000000000000,0.000000000000000,0.000000000000000,0.000000000000000,0.000000000000000,Completed this odd plot  as first area planted after weekend so ensuring all good,{C85E194A-3452-4C51-B3EF-C8E958CDE0AA},3/06/2025 0:00:00, ,3/06/2025 0:00:00, ,No, ,0.000000000000000,Roy Trustee 2022 Ltd,Forest View Contracting
{AC0ED15D-450E-4056-B561-1C23FA56B7B2},120.000000000000000,0/11.31,38.000000000000000,950.000000000000000,No,0.000000000000000,0.000000000000000,0.000000000000000,0.000000000000000,0.000000000000000,0.000000000000000,0.000000000000000,0.000000000000000,25/62,0.000000000000000,0.000000000000000,0.000000000000000,0.000000000000000,0.000000000000000,0.000000000000000,0.000000000000000,0.000000000000000, ,{0C8B3E6F-223A-45D3-9909-0A8FFC46AEDB},3/06/2025 0:00:00, ,3/06/2025 0:00:00, ,No, ,0.000000000000000,Roy Trustee 2022 Ltd,Forest View Contracting
{98E3E27D-55B8-4E9F-8239-E6EFAFB4D746},492.000000000000000,5/11.31,42.000000000000000,1050.000000000000000,No,0.000000000000000,0.000000000000000,0.000000000000000,0.000000000000000,0.000000000000000,0.000000000000000,0.000000000000000,0.000000000000000,25/67,0.000000000000000,0.000000000000000,0.000000000000000,0.000000000000000,0.000000000000000,0.000000000000000,0.000000000000000,0.000000000000000, ,{6111A936-F40B-4309-93FF-872EFF75031F},3/06/2025 0:00:00, ,15/06/2025 0:00:00,ScarlettMichelle,No, ,0.000000000000000,Roy Trustee 2022 Ltd,Forest View Contracting
{568C6164-B10F-4C0D-B567-166F2F1DBB1E},488.000000000000000,10/11.37,40.000000000000000,1000.000000000000000,Yes,0.000000000000000,-1.000000000000000,0.000000000000000,0.000000000000000,0.000000000000000,0.000000000000000,0.000000000000000,0.000000000000000,25/67,0.000000000000000,-0.025000000000000,0.000000000000000,0.000000000000000,0.000000000000000,0.000000000000000,0.000000000000000,0.000000000000000, ,{856347E2-8711-4CDE-B80C-B2741AF4F5C4},3/06/2025 0:00:00, ,15/06/2025 0:00:00,ScarlettMichelle,No, ,-1.000000000000000,Roy Trustee 2022 Ltd,Forest View Contracting
{D966846A-1665-4555-A914-92C6000FFE40},486.000000000000000,10/11.37,46.000000000000000,1150.000000000000000,Yes,0.000000000000000,-2.000000000000000,0.000000000000000,0.000000000000000,0.000000000000000,0.000000000000000,0.000000000000000,0.000000000000000,25/67,0.000000000000000,-0.043478260869600,0.000000000000000,0.000000000000000,0.000000000000000,0.000000000000000,0.000000000000000,0.000000000000000, ,{025310D5-34FC-4E0B-BAC9-3DDC53D5D4AF},3/06/2025 0:00:00, ,3/06/2025 0:00:00, ,No,Yes,-2.000000000000000,Roy Trustee 2022 Ltd,Forest View Contracting
{AF4BFCBB-100B-4D29-AB86-BEEB80349737},114.000000000000000,0/11.31,38.000000000000000,950.000000000000000,No,0.000000000000000,0.000000000000000,0.000000000000000,0.000000000000000,0.000000000000000,0.000000000000000,0.000000000000000,0.000000000000000,25/62,0.000000000000000,0.000000000000000,0.000000000000000,0.000000000000000,0.000000000000000,0.000000000000000,0.000000000000000,0.000000000000000, ,{ED3DB090-2B0D-43B8-AACF-AD443CA7DF53},3/06/2025 0:00:00, ,3/06/2025 0:00:00, ,No, ,0.000000000000000,Roy Trustee 2022 Ltd,Forest View Contracting
{00B9EEC7-AE0A-4E24-91D7-FA2BB83D6642},938.000000000000000,20/11.64,36.000000000000000,900.000000000000000,Yes,0.000000000000000,1.000000000000000,0.000000000000000,0.000000000000000,0.000000000000000,0.000000000000000,0.000000000000000,0.000000000000000,25/69,0.000000000000000,0.027777777777800,0.000000000000000,0.000000000000000,0.000000000000000,0.000000000000000,0.000000000000000,0.000000000000000, ,{B5A8C7B2-B690-44D2-BC27-9B9C190E43C4},3/06/2025 0:00:00, ,3/06/2025 0:00:00, ,No, ,1.000000000000000,Roy Trustee 2022 Ltd,GD Rural Skills Limited
{D4CD50CD-C5C1-4268-93CF-EC76CD49B208},920.000000000000000,15/11.48,40.000000000000000,1000.000000000000000,Yes,0.000000000000000,1.000000000000000,0.000000000000000,0.000000000000000,0.000000000000000,1.000000000000000,1.000000000000000,0.000000000000000,25/69,0.000000000000000,0.025000000000000,0.000000000000000,0.000000000000000,0.000000000000000,0.025000000000000,0.025000000000000,0.000000000000000,Rough planting from 1 planter. All faults on the same line. QC infromed,{B5A8C7B2-B690-44D2-BC27-9B9C190E43C4},3/06/2025 0:00:00, ,3/06/2025 0:00:00, ,No,No,7.000000000000000,Roy Trustee 2022 Ltd,GD Rural Skills Limited
{C7073EF2-C0A8-47D1-BD95-105013E773A2},940.000000000000000,25/11.85,38.000000000000000,950.000000000000000,Yes,0.000000000000000,1.000000000000000,0.000000000000000,2.000000000000000,0.000000000000000,0.000000000000000,0.000000000000000,0.000000000000000,25/69,0.000000000000000,0.026315789473700,0.000000000000000,0.052631578947400,0.000000000000000,0.000000000000000,0.000000000000000,0.000000000000000,Broken trees were run over. Asked drivers to be aware of trees and stick to tracks where possible,{B5A8C7B2-B690-44D2-BC27-9B9C190E43C4},3/06/2025 0:00:00, ,3/06/2025 0:00:00, ,No, ,3.000000000000000,Roy Trustee 2022 Ltd,GD Rural Skills Limited
{31B2924D-BA3B-4966-89C9-7EC7EA175A1B},956.000000000000000,25/11.85,43.000000000000000,1075.000000000000000,Yes,0.000000000000000,0.000000000000000,1.000000000000000,0.000000000000000,1.000000000000000,0.000000000000000,0.000000000000000,0.000000000000000,25/69,0.000000000000000,0.000000000000000,0.023255813953500,0.000000000000000,0.023255813953500,0.000000000000000,0.000000000000000,0.000000000000000,One planters line with the root issues. Seems to be with longer root systems,{B5A8C7B2-B690-44D2-BC27-9B9C190E43C4},3/06/2025 0:00:00, ,3/06/2025 0:00:00, ,No, ,6.000000000000000,Roy Trustee 2022 Ltd,GD Rural Skills Limited
{8E4E2133-39F6-449B-8002-9489939236E7},958.000000000000000,10/11.37,39.000000000000000,975.000000000000000,Yes,0.000000000000000,2.000000000000000,0.000000000000000,0.000000000000000,0.000000000000000,0.000000000000000,0.000000000000000,0.000000000000000,25/69,0.000000000000000,0.051282051282100,0.000000000000000,0.000000000000000,0.000000000000000,0.000000000000000,0.000000000000000,0.000000000000000, ,{B5A8C7B2-B690-44D2-BC27-9B9C190E43C4},3/06/2025 0:00:00, ,3/06/2025 0:00:00, ,No, ,2.000000000000000,Roy Trustee 2022 Ltd,GD Rural Skills Limited
{00412A50-0374-433D-A1C0-A87802BAB6B6},960.000000000000000,10/11.37,38.000000000000000,950.000000000000000,Yes,1.000000000000000,0.000000000000000,0.000000000000000,1.000000000000000,1.000000000000000,0.000000000000000,0.000000000000000,0.000000000000000,25/69,0.026315789473700,0.000000000000000,0.000000000000000,0.026315789473700,0.026315789473700,0.000000000000000,0.000000000000000,0.000000000000000, ,{B5A8C7B2-B690-44D2-BC27-9B9C190E43C4},3/06/2025 0:00:00, ,3/06/2025 0:00:00, ,No, ,5.000000000000000,Roy Trustee 2022 Ltd,GD Rural Skills Limited
{AAF18B26-2003-4E71-8A9C-4624827E82E3},926.000000000000000,35/12.50,44.000000000000000,1100.000000000000000,Yes,1.000000000000000,1.000000000000000,0.000000000000000,0.000000000000000,0.000000000000000,0.000000000000000,0.000000000000000,0.000000000000000,25/69,0.022727272727300,0.022727272727300,0.000000000000000,0.000000000000000,0.000000000000000,0.000000000000000,0.000000000000000,0.000000000000000,Steep and rocky area.,{B5A8C7B2-B690-44D2-BC27-9B9C190E43C4},3/06/2025 0:00:00, ,3/06/2025 0:00:00, ,No, ,2.000000000000000,Roy Trustee 2022 Ltd,GD Rural Skills Limited
{B755F7A2-DFBD-498B-A3F5-AFCE93F1F6BB},944.000000000000000,35/12.50,46.000000000000000,1150.000000000000000,Yes,0.000000000000000,0.000000000000000,0.000000000000000,0.000000000000000,0.000000000000000,0.000000000000000,1.000000000000000,0.000000000000000,25/69,0.000000000000000,0.000000000000000,0.000000000000000,0.000000000000000,0.000000000000000,0.000000000000000,0.021739130434800,0.000000000000000,Steep hill with a close line going through,{B5A8C7B2-B690-44D2-BC27-9B9C190E43C4},3/06/2025 0:00:00, ,3/06/2025 0:00:00, ,No,No,3.000000000000000,Roy Trustee 2022 Ltd,GD Rural Skills Limited
{729A4D5B-4DFB-42A6-A7BF-0B52C5428A27},946.000000000000000,25/11.85,39.000000000000000,975.000000000000000,Yes,1.000000000000000,0.000000000000000,0.000000000000000,0.000000000000000,1.000000000000000,0.000000000000000,0.000000000000000,0.000000000000000,25/69,0.025641025641000,0.000000000000000,0.000000000000000,0.000000000000000,0.025641025641000,0.000000000000000,0.000000000000000,0.000000000000000, ,{B5A8C7B2-B690-44D2-BC27-9B9C190E43C4},3/06/2025 0:00:00, ,3/06/2025 0:00:00, ,No, ,4.000000000000000,Roy Trustee 2022 Ltd,GD Rural Skills Limited
{5FF4CBAF-9F32-4CBC-89C9-2D406CB697FD},962.000000000000000,40/12.92,44.000000000000000,1100.000000000000000,Yes,1.000000000000000,0.000000000000000,0.000000000000000,0.000000000000000,0.000000000000000,0.000000000000000,2.000000000000000,0.000000000000000,25/69,0.022727272727300,0.000000000000000,0.000000000000000,0.000000000000000,0.000000000000000,0.000000000000000,0.045454545454500,0.000000000000000,Rough plot. Loose trees coming in. Passed on to QC,{B5A8C7B2-B690-44D2-BC27-9B9C190E43C4},3/06/2025 0:00:00, ,3/06/2025 0:00:00, ,No,No,7.000000000000000,Roy Trustee 2022 Ltd,GD Rural Skills Limited
{E27ED2D4-A748-4561-9C9C-CD92917FD07D},970.000000000000000,25/11.85,40.000000000000000,1000.000000000000000,Yes,0.000000000000000,0.000000000000000,2.000000000000000,0.000000000000000,0.000000000000000,0.000000000000000,0.000000000000000,0.000000000000000,25/69,0.000000000000000,0.000000000000000,0.050000000000000,0.000000000000000,0.000000000000000,0.000000000000000,0.000000000000000,0.000000000000000, ,{B5A8C7B2-B690-44D2-BC27-9B9C190E43C4},3/06/2025 0:00:00, ,3/06/2025 0:00:00, ,No, ,6.000000000000000,Roy Trustee 2022 Ltd,GD Rural Skills Limited
{220A04E6-CEF4-4433-9841-70316A05C488},968.000000000000000,30/12.13,43.000000000000000,1075.000000000000000,Yes,0.000000000000000,1.000000000000000,0.000000000000000,0.000000000000000,1.000000000000000,0.000000000000000,0.000000000000000,0.000000000000000,25/69,0.000000000000000,0.023255813953500,0.000000000000000,0.000000000000000,0.023255813953500,0.000000000000000,0.000000000000000,0.000000000000000,Exposed roots coming through again. Passed on as item to be brought up in toolbox meeting,{B5A8C7B2-B690-44D2-BC27-9B9C190E43C4},3/06/2025 0:00:00, ,3/06/2025 0:00:00, ,No, ,4.000000000000000,Roy Trustee 2022 Ltd,GD Rural Skills Limited
{3E9AA6DA-3A22-405B-807E-1CB6749DEC91},1.000000000000000,15/11.48,42.000000000000000,1050.000000000000000,Yes,1.000000000000000,1.000000000000000,1.000000000000000,0.000000000000000,0.000000000000000,0.000000000000000,0.000000000000000,0.000000000000000,25/53,0.023809523809500,0.023809523809500,0.023809523809500,0.000000000000000,0.000000000000000,0.000000000000000,0.000000000000000,0.000000000000000, ,{172F010E-09E6-4799-B8CD-A4F24E1C79FD},4/06/2025 0:00:00, ,4/06/2025 0:00:00, ,No, ,5.000000000000000,Roy Trustee 2022 Ltd,Proforest
{1F2A25F7-194C-4CCE-81C7-1D0064816DDC},958.000000000000000,10/11.37,45.000000000000000,1125.000000000000000,Yes,0.000000000000000,2.000000000000000,0.000000000000000,0.000000000000000,0.000000000000000,0.000000000000000,0.000000000000000,0.000000000000000,25/69,0.000000000000000,0.044444444444400,0.000000000000000,0.000000000000000,0.000000000000000,0.000000000000000,0.000000000000000,0.000000000000000,Plot deleted itself with wet screen. This is the data,{1C7BA7DC-198A-4A92-B8FE-01BA6F773103},4/06/2025 0:00:00, ,4/06/2025 0:00:00, ,No,Yes,2.000000000000000,Roy Trustee 2022 Ltd,GD Rural Skills Limited
{448E5D6D-E55A-4EF3-8269-0D59AB24751A},936.000000000000000,20/11.64,43.000000000000000,1075.000000000000000,Yes,0.000000000000000,1.000000000000000,0.000000000000000,0.000000000000000,0.000000000000000,1.000000000000000,0.000000000000000,0.000000000000000,25/69,0.000000000000000,0.023255813953500,0.000000000000000,0.000000000000000,0.000000000000000,0.023255813953500,0.000000000000000,0.000000000000000,Area was earlier corrected,{1C7BA7DC-198A-4A92-B8FE-01BA6F773103},4/06/2025 0:00:00, ,4/06/2025 0:00:00, ,No, ,4.000000000000000,Roy Trustee 2022 Ltd,GD Rural Skills Limited
{2891D4E6-4714-405B-AEF1-AFFE1D52AF52},918.000000000000000,10/11.37,35.000000000000000,875.000000000000000,No,0.000000000000000,0.000000000000000,0.000000000000000,0.000000000000000,0.000000000000000,0.000000000000000,0.000000000000000,0.000000000000000,25/69,0.000000000000000,0.000000000000000,0.000000000000000,0.000000000000000,0.000000000000000,0.000000000000000,0.000000000000000,0.000000000000000,Wide between trees but good quality,{1C7BA7DC-198A-4A92-B8FE-01BA6F773103},4/06/2025 0:00:00, ,4/06/2025 0:00:00, ,No,No,0.000000000000000,Roy Trustee 2022 Ltd,GD Rural Skills Limited
{D885D1D9-808B-44C5-80E1-9E4717B564E3},898.000000000000000,25/11.85,42.000000000000000,1050.000000000000000,Yes,0.000000000000000,3.000000000000000,0.000000000000000,0.000000000000000,0.000000000000000,0.000000000000000,0.000000000000000,0.000000000000000,25/69,0.000000000000000,0.071428571428600,0.000000000000000,0.000000000000000,0.000000000000000,0.000000000000000,0.000000000000000,0.000000000000000,All one line with non vertical,{1C7BA7DC-198A-4A92-B8FE-01BA6F773103},4/06/2025 0:00:00, ,4/06/2025 0:00:00, ,No, ,3.000000000000000,Roy Trustee 2022 Ltd,GD Rural Skills Limited
{27EB6AF9-4D6F-43E6-8535-3DFF1CFD82E6},896.000000000000000,10/11.37,38.000000000000000,950.000000000000000,No,0.000000000000000,0.000000000000000,0.000000000000000,0.000000000000000,0.000000000000000,0.000000000000000,0.000000000000000,0.000000000000000,25/69,0.000000000000000,0.000000000000000,0.000000000000000,0.000000000000000,0.000000000000000,0.000000000000000,0.000000000000000,0.000000000000000,Rocky on the tops here. Very good planting,{1C7BA7DC-198A-4A92-B8FE-01BA6F773103},4/06/2025 0:00:00, ,4/06/2025 0:00:00, ,No, ,0.000000000000000,Roy Trustee 2022 Ltd,GD Rural Skills Limited
{CBB3111B-6562-4313-828C-5DB8125310AE},916.000000000000000,30/12.13,44.000000000000000,1100.000000000000000,Yes,0.000000000000000,0.000000000000000,0.000000000000000,0.000000000000000,0.000000000000000,2.000000000000000,0.000000000000000,0.000000000000000,25/69,0.000000000000000,0.000000000000000,0.000000000000000,0.000000000000000,0.000000000000000,0.045454545454500,0.000000000000000,0.000000000000000,One line with the shallow planting. QC sorting it,{1C7BA7DC-198A-4A92-B8FE-01BA6F773103},4/06/2025 0:00:00, ,4/06/2025 0:00:00, ,No, ,6.000000000000000,Roy Trustee 2022 Ltd,GD Rural Skills Limited
{D55FE18F-5494-4C54-8C51-899C0CBAF51D},966.000000000000000,20/11.64,41.000000000000000,1025.000000000000000,Yes,0.000000000000000,2.000000000000000,0.000000000000000,0.000000000000000,0.000000000000000,0.000000000000000,0.000000000000000,0.000000000000000,25/69,0.000000000000000,0.048780487804900,0.000000000000000,0.000000000000000,0.000000000000000,0.000000000000000,0.000000000000000,0.000000000000000,Good overall,{1C7BA7DC-198A-4A92-B8FE-01BA6F773103},4/06/2025 0:00:00, ,4/06/2025 0:00:00, ,No, ,2.000000000000000,Roy Trustee 2022 Ltd,GD Rural Skills Limited
{A579CA8C-1905-436D-9FDA-1B2F6BDDA159},950.000000000000000,10/11.37,40.000000000000000,1000.000000000000000,Yes,0.000000000000000,2.000000000000000,0.000000000000000,0.000000000000000,0.000000000000000,0.000000000000000,0.000000000000000,0.000000000000000,25/69,0.000000000000000,0.050000000000000,0.000000000000000,0.000000000000000,0.000000000000000,0.000000000000000,0.000000000000000,0.000000000000000,Good,{1C7BA7DC-198A-4A92-B8FE-01BA6F773103},4/06/2025 0:00:00, ,4/06/2025 0:00:00, ,No, ,2.000000000000000,Roy Trustee 2022 Ltd,GD Rural Skills Limited
{1AE742E4-2935-4DD0-9853-06D7320422B4},952.000000000000000,20/11.64,49.000000000000000,1125.000000000000000,Yes,0.000000000000000,3.000000000000000,0.000000000000000,0.000000000000000,0.000000000000000,0.000000000000000,0.000000000000000,0.000000000000000,25/69,0.000000000000000,0.000000000000000,0.000000000000000,0.000000000000000,0.000000000000000,0.000000000000000,0.000000000000000,0.000000000000000,High stocking,{1C7BA7DC-198A-4A92-B8FE-01BA6F773103},4/06/2025 0:00:00, ,4/06/2025 0:00:00, ,No,No,3.000000000000000,Roy Trustee 2022 Ltd,GD Rural Skills Limited
{B1ABE9BD-83F6-48AB-A55E-4795EE5F98F6},924.000000000000000,30/12.13,42.000000000000000,1050.000000000000000,No,0.000000000000000,0.000000000000000,0.000000000000000,0.000000000000000,0.000000000000000,0.000000000000000,0.000000000000000,0.000000000000000,25/69,0.000000000000000,0.000000000000000,0.000000000000000,0.000000000000000,0.000000000000000,0.000000000000000,0.000000000000000,0.000000000000000,Stocking plot. No loose trees in area,{1C7BA7DC-198A-4A92-B8FE-01BA6F773103},4/06/2025 0:00:00, ,4/06/2025 0:00:00, ,No, ,0.000000000000000,Roy Trustee 2022 Ltd,GD Rural Skills Limited
{4126FD53-4391-479B-8A5F-8D68A07C8F10},1440.000000000000000,15/11.48,44.000000000000000,1100.000000000000000,Yes,0.000000000000000,4.000000000000000,0.000000000000000,0.000000000000000,0.000000000000000,0.000000000000000,0.000000000000000,0.000000000000000,25/13,0.000000000000000,0.090909090909100,0.000000000000000,0.000000000000000,0.000000000000000,0.000000000000000,0.000000000000000,0.000000000000000,2 trees with long roots. 1 year experience planters in this area,{56E92BF4-8B85-4E3D-861D-8DA3954D522B},4/06/2025 0:00:00, ,4/06/2025 0:00:00, ,No, ,4.000000000000000,Roy Trustee 2022 Ltd,Johnson Forestry Services
{2BEE7C10-F587-4D9C-AC2E-7605B72E645A},1434.099999999999909,25/11.85,42.000000000000000,1050.000000000000000,Yes,0.000000000000000,0.000000000000000,2.000000000000000,0.000000000000000,0.000000000000000,0.000000000000000,0.000000000000000,0.000000000000000,25/13,0.000000000000000,0.000000000000000,0.047619047619000,0.000000000000000,0.000000000000000,0.000000000000000,0.000000000000000,0.000000000000000,Young planter culprit. Rectified straight away,{56E92BF4-8B85-4E3D-861D-8DA3954D522B},4/06/2025 0:00:00, ,4/06/2025 0:00:00, ,No, ,6.000000000000000,Roy Trustee 2022 Ltd,Johnson Forestry Services
{DF625031-4203-4997-9349-9E4C79892017},1436.000000000000000,15/11.48,42.000000000000000,1050.000000000000000,Yes,0.000000000000000,3.000000000000000,1.000000000000000,0.000000000000000,0.000000000000000,0.000000000000000,0.000000000000000,0.000000000000000,25/13,0.000000000000000,0.071428571428600,0.023809523809500,0.000000000000000,0.000000000000000,0.000000000000000,0.000000000000000,0.000000000000000,"Not a lot of top soil in places, planter sent back to fix sky rockets",{56E92BF4-8B85-4E3D-861D-8DA3954D522B},4/06/2025 0:00:00, ,4/06/2025 0:00:00, ,No, ,6.000000000000000,Roy Trustee 2022 Ltd,Johnson Forestry Services
{32E1897F-670B-4BD7-8D65-732C96A142B6},1440.500000000000000,15/11.48,42.000000000000000,1050.000000000000000,No,0.000000000000000,0.000000000000000,0.000000000000000,0.000000000000000,0.000000000000000,0.000000000000000,0.000000000000000,0.000000000000000,25/13,0.000000000000000,0.000000000000000,0.000000000000000,0.000000000000000,0.000000000000000,0.000000000000000,0.000000000000000,0.000000000000000,Good planting,{56E92BF4-8B85-4E3D-861D-8DA3954D522B},4/06/2025 0:00:00, ,4/06/2025 0:00:00, ,No, ,0.000000000000000,Roy Trustee 2022 Ltd,Johnson Forestry Services
{0618F430-EC49-4C34-9199-156B6961D164},1426.000000000000000,25/11.85,44.000000000000000,1100.000000000000000,Yes,0.000000000000000,0.000000000000000,0.000000000000000,0.000000000000000,1.000000000000000,0.000000000000000,0.000000000000000,0.000000000000000,25/13,0.000000000000000,0.000000000000000,0.000000000000000,0.000000000000000,0.022727272727300,0.000000000000000,0.000000000000000,0.000000000000000,Rocky underneath in places. 2 trees dug up with long roots,{56E92BF4-8B85-4E3D-861D-8DA3954D522B},4/06/2025 0:00:00, ,4/06/2025 0:00:00, ,No, ,3.000000000000000,Roy Trustee 2022 Ltd,Johnson Forestry Services
{7DD8E712-27A9-4B52-B434-AF07590892FE},1436.500000000000000,15/11.48,45.000000000000000,1125.000000000000000,Yes,0.000000000000000,0.000000000000000,0.000000000000000,0.000000000000000,0.000000000000000,0.000000000000000,1.000000000000000,0.000000000000000,25/13,0.000000000000000,0.000000000000000,0.000000000000000,0.000000000000000,0.000000000000000,0.000000000000000,0.022222222222200,0.000000000000000,"Beginner planters, good plot for them.",{56E92BF4-8B85-4E3D-861D-8DA3954D522B},4/06/2025 0:00:00, ,4/06/2025 0:00:00, ,No,Yes,3.000000000000000,Roy Trustee 2022 Ltd,Johnson Forestry Services
{27940018-5E49-4B8C-8ABB-2ECB38A7D2D7},1402.000000000000000,15/11.48,32.000000000000000,800.000000000000000,Yes,0.000000000000000,1.000000000000000,1.000000000000000,0.000000000000000,0.000000000000000,0.000000000000000,0.000000000000000,0.000000000000000,25/53,0.000000000000000,0.031250000000000,0.031250000000000,0.000000000000000,0.000000000000000,0.000000000000000,0.000000000000000,0.000000000000000,Close to river and steep bank uphill skewing the spacing.,{4547F6CF-4ED8-47C0-A268-B2159F968E5D},4/06/2025 0:00:00, ,4/06/2025 0:00:00, ,No,No,4.000000000000000,Roy Trustee 2022 Ltd,Proforest
{A60FA4EE-9E15-477E-BBF7-1FF2F50B10BB},1376.000000000000000,15/11.48,37.000000000000000,925.000000000000000,Yes,0.000000000000000,0.000000000000000,2.000000000000000,0.000000000000000,0.000000000000000,1.000000000000000,0.000000000000000,0.000000000000000,25/53,0.000000000000000,0.000000000000000,0.054054054054100,0.000000000000000,0.000000000000000,0.027027027027000,0.000000000000000,0.000000000000000, ,{4547F6CF-4ED8-47C0-A268-B2159F968E5D},4/06/2025 0:00:00, ,4/06/2025 0:00:00, ,No,No,9.000000000000000,Roy Trustee 2022 Ltd,Proforest
{378085F1-C439-4F64-A4B1-48FC2EF7F036},1364.000000000000000,20/11.64,40.000000000000000,0.000000000000000,Yes,0.000000000000000,1.000000000000000,1.000000000000000,0.000000000000000,0.000000000000000,0.000000000000000,0.000000000000000,0.000000000000000,25/53,0.000000000000000,0.000000000000000,0.000000000000000,0.000000000000000,0.000000000000000,0.000000000000000,0.000000000000000,0.000000000000000, ,{4547F6CF-4ED8-47C0-A268-B2159F968E5D},4/06/2025 0:00:00, ,4/06/2025 0:00:00, ,No, ,4.000000000000000,Roy Trustee 2022 Ltd,Proforest
{57D0522B-8F3B-40C1-BEF6-B2178AAE604F},1344.000000000000000,15/11.48,40.000000000000000,0.000000000000000,Yes,0.000000000000000,0.000000000000000,2.000000000000000,0.000000000000000,0.000000000000000,0.000000000000000,0.000000000000000,0.000000000000000,25/53,0.000000000000000,0.000000000000000,0.000000000000000,0.000000000000000,0.000000000000000,0.000000000000000,0.000000000000000,0.000000000000000,Good spacing,{4547F6CF-4ED8-47C0-A268-B2159F968E5D},4/06/2025 0:00:00, ,4/06/2025 0:00:00, ,No, ,6.000000000000000,Roy Trustee 2022 Ltd,Proforest
{5437578B-C535-4447-B577-3EE9DC4E465C},1342.000000000000000,20/11.64,32.000000000000000,800.000000000000000,Yes,0.000000000000000,1.000000000000000,0.000000000000000,0.000000000000000,0.000000000000000,1.000000000000000,0.000000000000000,1.000000000000000,25/53,0.000000000000000,0.031250000000000,0.000000000000000,0.000000000000000,0.000000000000000,0.031250000000000,0.000000000000000,0.031250000000000,"Native vegetation and rocky, lots of spot planting",{4547F6CF-4ED8-47C0-A268-B2159F968E5D},4/06/2025 0:00:00, ,4/06/2025 0:00:00, ,No,No,7.000000000000000,Roy Trustee 2022 Ltd,Proforest
{DADD3430-A833-467B-8118-67ABE76F36FC},1322.000000000000000,10/11.37,40.000000000000000,1000.000000000000000,Yes,0.000000000000000,2.000000000000000,1.000000000000000,0.000000000000000,0.000000000000000,0.000000000000000,0.000000000000000,0.000000000000000,25/53,0.000000000000000,0.050000000000000,0.025000000000000,0.000000000000000,0.000000000000000,0.000000000000000,0.000000000000000,0.000000000000000, ,{4547F6CF-4ED8-47C0-A268-B2159F968E5D},4/06/2025 0:00:00, ,4/06/2025 0:00:00, ,No, ,5.000000000000000,Roy Trustee 2022 Ltd,Proforest
{33F9DC0D-7ACB-40D0-874D-911C84BBB4B3},1340.000000000000000,5/11.31,38.000000000000000,950.000000000000000,Yes,0.000000000000000,1.000000000000000,0.000000000000000,0.000000000000000,0.000000000000000,1.000000000000000,0.000000000000000,0.000000000000000,25/53,0.000000000000000,0.026315789473700,0.000000000000000,0.000000000000000,0.000000000000000,0.026315789473700,0.000000000000000,0.000000000000000, ,{4547F6CF-4ED8-47C0-A268-B2159F968E5D},4/06/2025 0:00:00, ,4/06/2025 0:00:00, ,No, ,4.000000000000000,Roy Trustee 2022 Ltd,Proforest
{7575DF29-E47C-456A-9633-179A0C9133B4},1362.000000000000000,20/11.64,38.000000000000000,950.000000000000000,Yes,0.000000000000000,1.000000000000000,0.000000000000000,0.000000000000000,0.000000000000000,0.000000000000000,0.000000000000000,0.000000000000000,25/53,0.000000000000000,0.026315789473700,0.000000000000000,0.000000000000000,0.000000000000000,0.000000000000000,0.000000000000000,0.000000000000000, ,{4547F6CF-4ED8-47C0-A268-B2159F968E5D},4/06/2025 0:00:00, ,4/06/2025 0:00:00, ,No, ,1.000000000000000,Roy Trustee 2022 Ltd,Proforest
{ADF41F49-E621-495A-B5A5-14CEB2310988},1360.000000000000000,15/11.48,38.000000000000000,950.000000000000000,Yes,0.000000000000000,1.000000000000000,2.000000000000000,0.000000000000000,0.000000000000000,0.000000000000000,0.000000000000000,0.000000000000000,25/53,0.000000000000000,0.000000000000000,0.052631578947400,0.000000000000000,0.000000000000000,0.000000000000000,0.000000000000000,0.000000000000000,Getting reworked today,{4547F6CF-4ED8-47C0-A268-B2159F968E5D},4/06/2025 0:00:00, ,4/06/2025 0:00:00, ,No,Yes,7.000000000000000,Roy Trustee 2022 Ltd,Proforest
{3BBC62A3-5C15-47F9-B56E-01C07E189AF0},1338.000000000000000,15/11.48,36.000000000000000,900.000000000000000,Yes,0.000000000000000,1.000000000000000,2.000000000000000,1.000000000000000,0.000000000000000,1.000000000000000,0.000000000000000,0.000000000000000,25/53,0.000000000000000,0.027777777777800,0.055555555555600,0.027777777777800,0.000000000000000,0.027777777777800,0.000000000000000,0.000000000000000,"Some poor planting in this area, getting reworked today",{4547F6CF-4ED8-47C0-A268-B2159F968E5D},4/06/2025 0:00:00, ,4/06/2025 0:00:00, ,No,Yes,11.000000000000000,Roy Trustee 2022 Ltd,Proforest
{AD5C54D0-6369-4376-8CB1-D2D201EF25A6},1358.000000000000000,10/11.37,36.000000000000000,900.000000000000000,No,0.000000000000000,0.000000000000000,0.000000000000000,0.000000000000000,0.000000000000000,0.000000000000000,0.000000000000000,0.000000000000000,25/53,0.000000000000000,0.000000000000000,0.000000000000000,0.000000000000000,0.000000000000000,0.000000000000000,0.000000000000000,0.000000000000000, ,{4547F6CF-4ED8-47C0-A268-B2159F968E5D},4/06/2025 0:00:00, ,4/06/2025 0:00:00, ,No, ,0.000000000000000,Roy Trustee 2022 Ltd,Proforest
{4E6EAE6F-CD9E-4290-A42C-FC9599CA2A69},1370.000000000000000,20/11.64,39.000000000000000,975.000000000000000,Yes,2.000000000000000,1.000000000000000,1.000000000000000,0.000000000000000,0.000000000000000,0.000000000000000,1.000000000000000,0.000000000000000,25/53,0.051282051282100,0.025641025641000,0.025641025641000,0.000000000000000,0.000000000000000,0.000000000000000,0.025641025641000,0.000000000000000, ,{4547F6CF-4ED8-47C0-A268-B2159F968E5D},4/06/2025 0:00:00, ,4/06/2025 0:00:00, ,No,No,9.000000000000000,Roy Trustee 2022 Ltd,Proforest
{C9FA0888-8D93-4FB3-8C06-BEDDE4CB7CF8},116.000000000000000,5/11.31,38.000000000000000,950.000000000000000,No,0.000000000000000,0.000000000000000,0.000000000000000,0.000000000000000,0.000000000000000,0.000000000000000,0.000000000000000,0.000000000000000,25/62,0.000000000000000,0.000000000000000,0.000000000000000,0.000000000000000,0.000000000000000,0.000000000000000,0.000000000000000,0.000000000000000, ,{3E1303D8-295B-4F0A-B51F-4EED07EB52A1},4/06/2025 0:00:00, ,4/06/2025 0:00:00, ,No, ,0.000000000000000,Roy Trustee 2022 Ltd,Forest View Contracting
{1266E5E9-E99D-4F71-A148-1B655C724977},102.000000000000000,15/11.48,38.000000000000000,950.000000000000000,Yes,0.000000000000000,-1.000000000000000,0.000000000000000,0.000000000000000,0.000000000000000,0.000000000000000,0.000000000000000,0.000000000000000,25/62,0.000000000000000,0.000000000000000,0.000000000000000,0.000000000000000,0.000000000000000,0.000000000000000,0.000000000000000,0.000000000000000, ,{6913BF24-B1D8-44DF-B7D3-BDB4E3F16CD7},4/06/2025 0:00:00, ,4/06/2025 0:00:00, ,No, ,0.000000000000000,Roy Trustee 2022 Ltd,Forest View Contracting
{6E952A67-14CA-4B2A-B297-D5C55B78E506},90.000000000000000,5/11.31,39.000000000000000,975.000000000000000,Yes,0.000000000000000,-2.000000000000000,0.000000000000000,0.000000000000000,0.000000000000000,0.000000000000000,0.000000000000000,0.000000000000000,25/62,0.000000000000000,-0.051282051282100,0.000000000000000,0.000000000000000,0.000000000000000,0.000000000000000,0.000000000000000,0.000000000000000, ,{C136FDF2-E383-4E06-A8DD-790A3E839E31},4/06/2025 0:00:00, ,4/06/2025 0:00:00, ,No, ,-2.000000000000000,Roy Trustee 2022 Ltd,Forest View Contracting
{1277F487-FB59-4AA9-9E12-15DDAE1396FE},92.000000000000000,20/11.64,46.000000000000000,1150.000000000000000,No,0.000000000000000,0.000000000000000,0.000000000000000,0.000000000000000,0.000000000000000,0.000000000000000,0.000000000000000,0.000000000000000,25/62,0.000000000000000,0.000000000000000,0.000000000000000,0.000000000000000,0.000000000000000,0.000000000000000,0.000000000000000,0.000000000000000, ,{0F0B8DE8-A91B-4E2F-94BE-6C9F3B0E8971},4/06/2025 0:00:00, ,4/06/2025 0:00:00, ,No,Yes,0.000000000000000,Roy Trustee 2022 Ltd,Forest View Contracting
{9BC9B29C-0371-419D-8C43-7DE2F097A478},96.000000000000000,10/11.37,38.000000000000000,950.000000000000000,No,0.000000000000000,0.000000000000000,0.000000000000000,0.000000000000000,0.000000000000000,0.000000000000000,0.000000000000000,0.000000000000000,25/62,0.000000000000000,0.000000000000000,0.000000000000000,0.000000000000000,0.000000000000000,0.000000000000000,0.000000000000000,0.000000000000000, ,{81D3537D-D7FD-4E56-8E94-684052F40D8A},4/06/2025 0:00:00, ,4/06/2025 0:00:00, ,No, ,0.000000000000000,Roy Trustee 2022 Ltd,Forest View Contracting
{C77F40F3-1B33-4E20-B280-330C1A637AF8},122.000000000000000,5/11.31,41.000000000000000,1025.000000000000000,No,0.000000000000000,0.000000000000000,0.000000000000000,0.000000000000000,0.000000000000000,0.000000000000000,0.000000000000000,0.000000000000000,25/62,0.000000000000000,0.000000000000000,0.000000000000000,0.000000000000000,0.000000000000000,0.000000000000000,0.000000000000000,0.000000000000000, ,{B50339AA-7ED7-443F-BB65-692BE5579404},4/06/2025 0:00:00, ,4/06/2025 0:00:00, ,No, ,0.000000000000000,Roy Trustee 2022 Ltd,Forest View Contracting
{F4EA4670-50B3-433F-8A63-39BEA2ECA31F},118.000000000000000,5/11.31,42.000000000000000,1050.000000000000000,No,0.000000000000000,0.000000000000000,0.000000000000000,0.000000000000000,0.000000000000000,0.000000000000000,0.000000000000000,0.000000000000000,25/62,0.000000000000000,0.000000000000000,0.000000000000000,0.000000000000000,0.000000000000000,0.000000000000000,0.000000000000000,0.000000000000000, ,{0FDD06A3-5738-4CD8-9BE2-C3374D86909E},4/06/2025 0:00:00, ,4/06/2025 0:00:00, ,No, ,0.000000000000000,Roy Trustee 2022 Ltd,Forest View Contracting
{5D9E45A0-9AA8-4443-89D0-D425986A1591},496.000000000000000,5/11.31,43.000000000000000,1075.000000000000000,No,0.000000000000000,0.000000000000000,0.000000000000000,0.000000000000000,0.000000000000000,0.000000000000000,0.000000000000000,0.000000000000000,25/67,0.000000000000000,0.000000000000000,0.000000000000000,0.000000000000000,0.000000000000000,0.000000000000000,0.000000000000000,0.000000000000000, ,{79678DD3-CDAF-48EE-98DB-12F778DB68C4},4/06/2025 0:00:00, ,4/06/2025 0:00:00, ,No, ,0.000000000000000,Roy Trustee 2022 Ltd,Forest View Contracting
{12774CB1-0FAB-4965-AABE-AC20B7E2474B},480.000000000000000,10/11.37,46.000000000000000,1150.000000000000000,No,0.000000000000000,0.000000000000000,0.000000000000000,0.000000000000000,0.000000000000000,0.000000000000000,0.000000000000000,0.000000000000000,25/67,0.000000000000000,0.000000000000000,0.000000000000000,0.000000000000000,0.000000000000000,0.000000000000000,0.000000000000000,0.000000000000000, ,{22157E01-B0F9-4FD7-8A86-B4EDFB25B76A},4/06/2025 0:00:00, ,4/06/2025 0:00:00, ,No,Yes,0.000000000000000,Roy Trustee 2022 Ltd,Forest View Contracting
{7A304A36-2B2D-4C9D-A39D-EA2CC5710461},1304.000000000000000,15/11.48,39.000000000000000,975.000000000000000,Yes,2.000000000000000,1.000000000000000,2.000000000000000,0.000000000000000,0.000000000000000,0.000000000000000,0.000000000000000,0.000000000000000,25/53,0.051282051282100,0.025641025641000,0.051282051282100,0.000000000000000,0.000000000000000,0.000000000000000,0.000000000000000,0.000000000000000,Been reworked,{90AFA714-DBF1-4800-9102-8DB846F65AB0},4/06/2025 0:00:00, ,4/06/2025 0:00:00, ,No,Yes,9.000000000000000,Roy Trustee 2022 Ltd,Proforest
{A7B986B1-F20B-41EA-896A-CAD54E23CB7C},1302.000000000000000,10/11.37,36.000000000000000,900.000000000000000,Yes,0.000000000000000,3.000000000000000,1.000000000000000,0.000000000000000,0.000000000000000,0.000000000000000,0.000000000000000,0.000000000000000,25/53,0.000000000000000,0.083333333333300,0.027777777777800,0.000000000000000,0.000000000000000,0.000000000000000,0.000000000000000,0.000000000000000,Some good planting in certain rows.,{90AFA714-DBF1-4800-9102-8DB846F65AB0},4/06/2025 0:00:00, ,4/06/2025 0:00:00, ,No, ,6.000000000000000,Roy Trustee 2022 Ltd,Proforest
{E27777E4-8C1D-4788-9713-DBD763EBAB48},1298.000000000000000,15/11.48,36.000000000000000,900.000000000000000,Yes,0.000000000000000,1.000000000000000,1.000000000000000,0.000000000000000,0.000000000000000,2.000000000000000,0.000000000000000,0.000000000000000,25/53,0.000000000000000,0.027777777777800,0.027777777777800,0.000000000000000,0.000000000000000,0.055555555555600,0.000000000000000,0.000000000000000,Hare spotted. Been reworked,{90AFA714-DBF1-4800-9102-8DB846F65AB0},4/06/2025 0:00:00, ,4/06/2025 0:00:00, ,No,Yes,10.000000000000000,Roy Trustee 2022 Ltd,Proforest
{AB31C825-ECBE-418B-A5A3-4ADF3AE91FC0},1312.000000000000000,15/11.48,38.000000000000000,950.000000000000000,Yes,1.000000000000000,1.000000000000000,0.000000000000000,0.000000000000000,0.000000000000000,2.000000000000000,0.000000000000000,0.000000000000000,25/53,0.026315789473700,0.026315789473700,0.000000000000000,0.000000000000000,0.000000000000000,0.052631578947400,0.000000000000000,0.000000000000000, ,{90AFA714-DBF1-4800-9102-8DB846F65AB0},4/06/2025 0:00:00, ,4/06/2025 0:00:00, ,No,Yes,8.000000000000000,Roy Trustee 2022 Ltd,Proforest
{B0C13071-2E1A-4D3A-86FE-0A8B7A69FCE2},1300.000000000000000,15/11.48,36.000000000000000,850.000000000000000,Yes,0.000000000000000,1.000000000000000,1.000000000000000,0.000000000000000,0.000000000000000,0.000000000000000,0.000000000000000,0.000000000000000,25/53,0.000000000000000,0.029411764705900,0.029411764705900,0.000000000000000,0.000000000000000,0.000000000000000,0.000000000000000,0.000000000000000, ,{90AFA714-DBF1-4800-9102-8DB846F65AB0},4/06/2025 0:00:00, ,4/06/2025 0:00:00, ,No,No,4.000000000000000,Roy Trustee 2022 Ltd,Proforest
{BC24681F-7FD5-4BDA-BB7F-BDEF68EAAA14},1300.000000000000000,15/11.48,44.000000000000000,1100.000000000000000,Yes,0.000000000000000,0.000000000000000,1.000000000000000,0.000000000000000,0.000000000000000,0.000000000000000,0.000000000000000,0.000000000000000,25/53,0.000000000000000,0.000000000000000,0.022727272727300,0.000000000000000,0.000000000000000,0.000000000000000,0.000000000000000,0.000000000000000,Better planting,{90AFA714-DBF1-4800-9102-8DB846F65AB0},4/06/2025 0:00:00, ,4/06/2025 0:00:00, ,No, ,3.000000000000000,Roy Trustee 2022 Ltd,Proforest
{C862EA61-251C-4395-8528-6C7D5A154DF1},1310.000000000000000,20/11.64,39.000000000000000,975.000000000000000,Yes,0.000000000000000,0.000000000000000,1.000000000000000,0.000000000000000,0.000000000000000,1.000000000000000,0.000000000000000,0.000000000000000,25/53,0.000000000000000,0.000000000000000,0.025641025641000,0.000000000000000,0.000000000000000,0.025641025641000,0.000000000000000,0.000000000000000, ,{90AFA714-DBF1-4800-9102-8DB846F65AB0},4/06/2025 0:00:00, ,4/06/2025 0:00:00, ,No, ,6.000000000000000,Roy Trustee 2022 Ltd,Proforest
{A78EF36D-D754-45DD-A0F9-240CD4B11A6F},1298.099999999999909,10/11.37,39.000000000000000,975.000000000000000,Yes,0.000000000000000,0.000000000000000,1.000000000000000,0.000000000000000,0.000000000000000,0.000000000000000,0.000000000000000,0.000000000000000,25/53,0.000000000000000,0.000000000000000,0.025641025641000,0.000000000000000,0.000000000000000,0.000000000000000,0.000000000000000,0.000000000000000,"Rework, better depth very obvious compared to previous planting.",{90AFA714-DBF1-4800-9102-8DB846F65AB0},4/06/2025 0:00:00, ,4/06/2025 0:00:00, ,Yes, ,3.000000000000000,Roy Trustee 2022 Ltd,Proforest
{C3A87F3F-1D24-4DDE-91F7-236803E55E61},942.000000000000000,30/12.13,51.000000000000000,1275.000000000000000,Yes,0.000000000000000,1.000000000000000,0.000000000000000,0.000000000000000,0.000000000000000,0.000000000000000,2.000000000000000,0.000000000000000,25/69,0.000000000000000,0.019607843137300,0.000000000000000,0.000000000000000,0.000000000000000,0.000000000000000,0.039215686274500,0.000000000000000,High stocking in long grass area. Loose trees in long grass. Issues have been relayed to QC,{58C8D3AD-9919-4315-88B5-945E290A2CB4},5/06/2025 0:00:00, ,5/06/2025 0:00:00, ,No,No,7.000000000000000,Roy Trustee 2022 Ltd,GD Rural Skills Limited
{B4961CBC-5689-4CE9-BBE4-501EA9282B58},948.000000000000000,25/11.85,39.000000000000000,975.000000000000000,Yes,0.000000000000000,1.000000000000000,0.000000000000000,0.000000000000000,1.000000000000000,0.000000000000000,0.000000000000000,0.000000000000000,25/69,0.000000000000000,0.025641025641000,0.000000000000000,0.000000000000000,0.025641025641000,0.000000000000000,0.000000000000000,0.000000000000000,Long root exposed,{58C8D3AD-9919-4315-88B5-945E290A2CB4},5/06/2025 0:00:00, ,5/06/2025 0:00:00, ,No, ,4.000000000000000,Roy Trustee 2022 Ltd,GD Rural Skills Limited
{1F551D56-F27E-4A08-9A8C-2870A1D99D3D},932.000000000000000,20/11.64,43.000000000000000,1075.000000000000000,Yes,0.000000000000000,2.000000000000000,0.000000000000000,0.000000000000000,0.000000000000000,0.000000000000000,0.000000000000000,0.000000000000000,25/69,0.000000000000000,0.046511627907000,0.000000000000000,0.000000000000000,0.000000000000000,0.000000000000000,0.000000000000000,0.000000000000000, ,{58C8D3AD-9919-4315-88B5-945E290A2CB4},5/06/2025 0:00:00, ,5/06/2025 0:00:00, ,No, ,2.000000000000000,Roy Trustee 2022 Ltd,GD Rural Skills Limited
{E1411C7F-87B3-4A30-A24E-77E5D9DDD4D4},912.000000000000000,20/11.64,40.000000000000000,1000.000000000000000,Yes,0.000000000000000,0.000000000000000,1.000000000000000,0.000000000000000,0.000000000000000,0.000000000000000,0.000000000000000,0.000000000000000,25/69,0.000000000000000,0.000000000000000,0.025000000000000,0.000000000000000,0.000000000000000,0.000000000000000,0.000000000000000,0.000000000000000, ,{58C8D3AD-9919-4315-88B5-945E290A2CB4},5/06/2025 0:00:00, ,5/06/2025 0:00:00, ,No, ,3.000000000000000,Roy Trustee 2022 Ltd,GD Rural Skills Limited
{AF532F46-2898-4C63-A214-1032AA97E538},894.000000000000000,30/12.13,40.000000000000000,1000.000000000000000,Yes,0.000000000000000,2.000000000000000,0.000000000000000,0.000000000000000,0.000000000000000,0.000000000000000,1.000000000000000,0.000000000000000,25/69,0.000000000000000,0.050000000000000,0.000000000000000,0.000000000000000,0.000000000000000,0.000000000000000,0.025000000000000,0.000000000000000, ,{58C8D3AD-9919-4315-88B5-945E290A2CB4},5/06/2025 0:00:00, ,5/06/2025 0:00:00, ,No, ,5.000000000000000,Roy Trustee 2022 Ltd,GD Rural Skills Limited
{78ACC74F-67FD-4EFA-A0FA-86B604EA186F},914.000000000000000,30/12.13,41.000000000000000,1025.000000000000000,Yes,0.000000000000000,1.000000000000000,0.000000000000000,0.000000000000000,0.000000000000000,0.000000000000000,0.000000000000000,0.000000000000000,25/69,0.000000000000000,0.024390243902400,0.000000000000000,0.000000000000000,0.000000000000000,0.000000000000000,0.000000000000000,0.000000000000000, ,{58C8D3AD-9919-4315-88B5-945E290A2CB4},5/06/2025 0:00:00, ,5/06/2025 0:00:00, ,No, ,1.000000000000000,Roy Trustee 2022 Ltd,GD Rural Skills Limited
{2A507D18-DF73-4E4E-A798-5A358B3B08A4},934.000000000000000,25/11.85,39.000000000000000,975.000000000000000,Yes,0.000000000000000,2.000000000000000,0.000000000000000,0.000000000000000,0.000000000000000,0.000000000000000,1.000000000000000,0.000000000000000,25/69,0.000000000000000,0.051282051282100,0.000000000000000,0.000000000000000,0.000000000000000,0.000000000000000,0.025641025641000,0.000000000000000, ,{58C8D3AD-9919-4315-88B5-945E290A2CB4},5/06/2025 0:00:00, ,5/06/2025 0:00:00, ,No, ,5.000000000000000,Roy Trustee 2022 Ltd,GD Rural Skills Limited
{DA35BFB6-9689-4064-A704-EA450109D4A7},888.000000000000000,25/11.85,42.000000000000000,1050.000000000000000,Yes,1.000000000000000,1.000000000000000,0.000000000000000,0.000000000000000,0.000000000000000,0.000000000000000,0.000000000000000,0.000000000000000,25/69,0.023809523809500,0.023809523809500,0.000000000000000,0.000000000000000,0.000000000000000,0.000000000000000,0.000000000000000,0.000000000000000, ,{58C8D3AD-9919-4315-88B5-945E290A2CB4},5/06/2025 0:00:00, ,5/06/2025 0:00:00, ,No, ,2.000000000000000,Roy Trustee 2022 Ltd,GD Rural Skills Limited
{BDCD00F6-3ED3-4C63-88FE-C45BF35E6422},892.000000000000000,35/12.50,37.000000000000000,925.000000000000000,Yes,0.000000000000000,1.000000000000000,0.000000000000000,0.000000000000000,0.000000000000000,1.000000000000000,0.000000000000000,0.000000000000000,25/69,0.000000000000000,0.027027027027000,0.000000000000000,0.000000000000000,0.000000000000000,0.027027027027000,0.000000000000000,0.000000000000000, ,{58C8D3AD-9919-4315-88B5-945E290A2CB4},5/06/2025 0:00:00, ,5/06/2025 0:00:00, ,No, ,4.000000000000000,Roy Trustee 2022 Ltd,GD Rural Skills Limited
{974802D8-8F86-4864-A6A0-3647502B122E},930.000000000000000,30/12.13,40.000000000000000,1000.000000000000000,Yes,0.000000000000000,1.000000000000000,1.000000000000000,0.000000000000000,0.000000000000000,0.000000000000000,0.000000000000000,0.000000000000000,25/69,0.000000000000000,0.025000000000000,0.025000000000000,0.000000000000000,0.000000000000000,0.000000000000000,0.000000000000000,0.000000000000000, ,{58C8D3AD-9919-4315-88B5-945E290A2CB4},5/06/2025 0:00:00, ,5/06/2025 0:00:00, ,No, ,4.000000000000000,Roy Trustee 2022 Ltd,GD Rural Skills Limited
{0369A7FE-A35C-474C-8693-5E1AE6242569},910.000000000000000,25/11.85,45.000000000000000,1125.000000000000000,Yes,0.000000000000000,1.000000000000000,0.000000000000000,0.000000000000000,1.000000000000000,0.000000000000000,0.000000000000000,0.000000000000000,25/69,0.000000000000000,0.022222222222200,0.000000000000000,0.000000000000000,0.022222222222200,0.000000000000000,0.000000000000000,0.000000000000000, ,{58C8D3AD-9919-4315-88B5-945E290A2CB4},5/06/2025 0:00:00, ,5/06/2025 0:00:00, ,No,No,4.000000000000000,Roy Trustee 2022 Ltd,GD Rural Skills Limited
{B7F3FE9F-4C69-43CA-B33B-38D57DF262D4},554.000000000000000,0/11.31,37.000000000000000,925.000000000000000,Yes,0.000000000000000,1.000000000000000,0.000000000000000,0.000000000000000,0.000000000000000,1.000000000000000,0.000000000000000,0.000000000000000,25/66,0.000000000000000,0.027027027027000,0.000000000000000,0.000000000000000,0.000000000000000,0.027027027027000,0.000000000000000,0.000000000000000, ,{0B09014B-ACDA-427A-AFE8-8C5B457B9350},5/06/2025 0:00:00, ,5/06/2025 0:00:00, ,No, ,4.000000000000000,Roy Trustee 2022 Ltd,GD Rural Skills Limited
{8397A32F-6E5D-4D39-AD9E-6A848FB2433D},542.000000000000000,10/11.37,46.000000000000000,1150.000000000000000,Yes,3.000000000000000,2.000000000000000,0.000000000000000,0.000000000000000,0.000000000000000,0.000000000000000,0.000000000000000,0.000000000000000,25/66,0.065217391304300,0.043478260869600,0.000000000000000,0.000000000000000,0.000000000000000,0.000000000000000,0.000000000000000,0.000000000000000,Trees left behind from someone,{0B09014B-ACDA-427A-AFE8-8C5B457B9350},5/06/2025 0:00:00, ,5/06/2025 0:00:00, ,No,Yes,5.000000000000000,Roy Trustee 2022 Ltd,GD Rural Skills Limited
{7BA18052-6027-43C2-B165-C640C38C18BA},1304.099999999999909,15/11.48,46.000000000000000,1150.000000000000000,Yes,2.000000000000000,1.000000000000000,0.000000000000000,0.000000000000000,0.000000000000000,0.000000000000000,0.000000000000000,0.000000000000000,25/53,0.043478260869600,0.021739130434800,0.000000000000000,0.000000000000000,0.000000000000000,0.000000000000000,0.000000000000000,0.000000000000000,"High stocking, but surrounding plots were low so not a bad thing",{62D7A1E3-48F8-410A-B414-5CD8E1D8C5FE},5/06/2025 0:00:00, ,5/06/2025 0:00:00, ,Yes,No,3.000000000000000,Roy Trustee 2022 Ltd,Proforest
{1B0CD683-3BD2-428A-BB12-6B59F2371E7D},1328.000000000000000,15/11.48,36.000000000000000,900.000000000000000,No,0.000000000000000,0.000000000000000,0.000000000000000,0.000000000000000,0.000000000000000,0.000000000000000,0.000000000000000,0.000000000000000,25/53,0.000000000000000,0.000000000000000,0.000000000000000,0.000000000000000,0.000000000000000,0.000000000000000,0.000000000000000,0.000000000000000,"Much better planting, depth and roots down improved",{62D7A1E3-48F8-410A-B414-5CD8E1D8C5FE},5/06/2025 0:00:00, ,5/06/2025 0:00:00, ,No, ,0.000000000000000,Roy Trustee 2022 Ltd,Proforest
{BF57968B-71AD-44A9-A0F6-722CA6743AAD},1326.000000000000000,25/11.85,47.000000000000000,1175.000000000000000,Yes,3.000000000000000,1.000000000000000,0.000000000000000,0.000000000000000,0.000000000000000,0.000000000000000,0.000000000000000,0.000000000000000,25/53,0.063829787234000,0.021276595744700,0.000000000000000,0.000000000000000,0.000000000000000,0.000000000000000,0.000000000000000,0.000000000000000, ,{62D7A1E3-48F8-410A-B414-5CD8E1D8C5FE},5/06/2025 0:00:00, ,5/06/2025 0:00:00, ,No,No,4.000000000000000,Roy Trustee 2022 Ltd,Proforest
{ABAA5DB5-FC65-407C-98C6-1CA790C0964D},1324.000000000000000,15/11.48,39.000000000000000,975.000000000000000,Yes,0.000000000000000,0.000000000000000,1.000000000000000,0.000000000000000,0.000000000000000,1.000000000000000,0.000000000000000,0.000000000000000,25/53,0.000000000000000,0.000000000000000,0.025641025641000,0.000000000000000,0.000000000000000,0.025641025641000,0.000000000000000,0.000000000000000, ,{62D7A1E3-48F8-410A-B414-5CD8E1D8C5FE},5/06/2025 0:00:00, ,5/06/2025 0:00:00, ,No, ,6.000000000000000,Roy Trustee 2022 Ltd,Proforest
{554EFA7A-EB25-4154-85FB-1EB8D1636220},1346.000000000000000,15/11.48,36.000000000000000,900.000000000000000,Yes,0.000000000000000,2.000000000000000,0.000000000000000,0.000000000000000,0.000000000000000,0.000000000000000,0.000000000000000,0.000000000000000,25/53,0.000000000000000,0.055555555555600,0.000000000000000,0.000000000000000,0.000000000000000,0.000000000000000,0.000000000000000,0.000000000000000,Driver ran over trees.,{62D7A1E3-48F8-410A-B414-5CD8E1D8C5FE},5/06/2025 0:00:00, ,5/06/2025 0:00:00, ,No, ,2.000000000000000,Roy Trustee 2022 Ltd,Proforest
{4ADFDA88-6FC6-4FF8-8785-49E85DD66F73},1348.000000000000000,10/11.37,41.000000000000000,1025.000000000000000,Yes,0.000000000000000,0.000000000000000,1.000000000000000,0.000000000000000,0.000000000000000,0.000000000000000,0.000000000000000,0.000000000000000,25/53,0.000000000000000,0.000000000000000,0.024390243902400,0.000000000000000,0.000000000000000,0.000000000000000,0.000000000000000,0.000000000000000, ,{62D7A1E3-48F8-410A-B414-5CD8E1D8C5FE},5/06/2025 0:00:00, ,5/06/2025 0:00:00, ,No, ,3.000000000000000,Roy Trustee 2022 Ltd,Proforest
{A694455C-DD92-4A46-8153-72EA6312374F},1350.000000000000000,15/11.48,38.000000000000000,950.000000000000000,Yes,0.000000000000000,1.000000000000000,1.000000000000000,0.000000000000000,0.000000000000000,0.000000000000000,0.000000000000000,0.000000000000000,25/53,0.000000000000000,0.026315789473700,0.026315789473700,0.000000000000000,0.000000000000000,0.000000000000000,0.000000000000000,0.000000000000000, ,{62D7A1E3-48F8-410A-B414-5CD8E1D8C5FE},5/06/2025 0:00:00, ,5/06/2025 0:00:00, ,No, ,4.000000000000000,Roy Trustee 2022 Ltd,Proforest
{C0423AFB-4842-4DB6-8D41-FB8124AF9941},1330.000000000000000,15/11.48,41.000000000000000,1025.000000000000000,Yes,0.000000000000000,1.000000000000000,0.000000000000000,0.000000000000000,0.000000000000000,0.000000000000000,0.000000000000000,0.000000000000000,25/53,0.000000000000000,0.024390243902400,0.000000000000000,0.000000000000000,0.000000000000000,0.000000000000000,0.000000000000000,0.000000000000000, ,{62D7A1E3-48F8-410A-B414-5CD8E1D8C5FE},5/06/2025 0:00:00, ,5/06/2025 0:00:00, ,No, ,1.000000000000000,Roy Trustee 2022 Ltd,Proforest
{2AC392CB-B6DF-4FC4-9999-2081D29A6DB6},112.000000000000000,5/11.31,39.000000000000000,975.000000000000000,No,0.000000000000000,0.000000000000000,0.000000000000000,0.000000000000000,0.000000000000000,0.000000000000000,0.000000000000000,0.000000000000000,25/62,0.000000000000000,0.000000000000000,0.000000000000000,0.000000000000000,0.000000000000000,0.000000000000000,0.000000000000000,0.000000000000000, ,{AA0531DE-B909-4CFC-A0AA-975B1A1F86A5},5/06/2025 0:00:00, ,5/06/2025 0:00:00, ,No, ,0.000000000000000,Roy Trustee 2022 Ltd,Forest View Contracting
{4B38130F-5D5A-4BA1-BA18-5B7AE274A14C},110.000000000000000,5/11.31,39.000000000000000,975.000000000000000,No,0.000000000000000,0.000000000000000,0.000000000000000,0.000000000000000,0.000000000000000,0.000000000000000,0.000000000000000,0.000000000000000,25/62,0.000000000000000,0.000000000000000,0.000000000000000,0.000000000000000,0.000000000000000,0.000000000000000,0.000000000000000,0.000000000000000, ,{AA0531DE-B909-4CFC-A0AA-975B1A1F86A5},5/06/2025 0:00:00, ,5/06/2025 0:00:00, ,No, ,0.000000000000000,Roy Trustee 2022 Ltd,Forest View Contracting
{136C41FA-815B-4EEF-8F62-4688807B4F7B},106.000000000000000,10/11.37,41.000000000000000,1025.000000000000000,No,0.000000000000000,0.000000000000000,0.000000000000000,0.000000000000000,0.000000000000000,0.000000000000000,0.000000000000000,0.000000000000000,25/62,0.000000000000000,0.000000000000000,0.000000000000000,0.000000000000000,0.000000000000000,0.000000000000000,0.000000000000000,0.000000000000000, ,{AA0531DE-B909-4CFC-A0AA-975B1A1F86A5},5/06/2025 0:00:00, ,5/06/2025 0:00:00, ,No, ,0.000000000000000,Roy Trustee 2022 Ltd,Forest View Contracting
{6B976B44-8A00-4A3A-AB96-7E1B5A6A94A2},56.000000000000000,5/11.31,41.000000000000000,1025.000000000000000,No,0.000000000000000,0.000000000000000,0.000000000000000,0.000000000000000,0.000000000000000,0.000000000000000,0.000000000000000,0.000000000000000,25/61,0.000000000000000,0.000000000000000,0.000000000000000,0.000000000000000,0.000000000000000,0.000000000000000,0.000000000000000,0.000000000000000, ,{1388933E-6E3C-4F47-8D9A-5B2B13BC6246},5/06/2025 0:00:00, ,5/06/2025 0:00:00, ,No, ,0.000000000000000,Roy Trustee 2022 Ltd,Forest View Contracting
{55156C47-C985-4FE1-9A21-BA849360BBCE},44.000000000000000,5/11.31,41.000000000000000,1025.000000000000000,No,0.000000000000000,0.000000000000000,0.000000000000000,0.000000000000000,0.000000000000000,0.000000000000000,0.000000000000000,0.000000000000000,25/61,0.000000000000000,0.000000000000000,0.000000000000000,0.000000000000000,0.000000000000000,0.000000000000000,0.000000000000000,0.000000000000000, ,{1388933E-6E3C-4F47-8D9A-5B2B13BC6246},5/06/2025 0:00:00, ,5/06/2025 0:00:00, ,No, ,0.000000000000000,Roy Trustee 2022 Ltd,Forest View Contracting
{3FA1EC10-C276-461B-8B60-5DC4B530DB37},482.000000000000000,10/11.37,38.000000000000000,950.000000000000000,No,0.000000000000000,0.000000000000000,0.000000000000000,0.000000000000000,0.000000000000000,0.000000000000000,0.000000000000000,0.000000000000000,25/67,0.000000000000000,0.000000000000000,0.000000000000000,0.000000000000000,0.000000000000000,0.000000000000000,0.000000000000000,0.000000000000000, ,{CD1B9488-963E-4061-B572-380748D1B159},5/06/2025 0:00:00, ,5/06/2025 0:00:00, ,No, ,0.000000000000000,Roy Trustee 2022 Ltd,Forest View Contracting
{D881A0EA-5FD7-47B0-BDDF-51F13E4EC2C0},484.000000000000000,5/11.31,42.000000000000000,1050.000000000000000,Yes,0.000000000000000,1.000000000000000,0.000000000000000,0.000000000000000,0.000000000000000,0.000000000000000,0.000000000000000,0.000000000000000,25/67,0.000000000000000,0.023809523809500,0.000000000000000,0.000000000000000,0.000000000000000,0.000000000000000,0.000000000000000,0.000000000000000, ,{CD1B9488-963E-4061-B572-380748D1B159},5/06/2025 0:00:00, ,5/06/2025 0:00:00, ,No, ,1.000000000000000,Roy Trustee 2022 Ltd,Forest View Contracting
{7A77E7A4-216D-48EB-867D-1BD227A09C96},1442.000000000000000,15/11.48,40.000000000000000,1000.000000000000000,Yes,0.000000000000000,2.000000000000000,0.000000000000000,0.000000000000000,0.000000000000000,0.000000000000000,3.000000000000000,0.000000000000000,25/13,0.000000000000000,0.050000000000000,0.000000000000000,0.000000000000000,0.000000000000000,0.000000000000000,0.075000000000000,0.000000000000000,Rewor required,{30246D84-4BD0-4034-A4E3-DBE64C88C9B0},5/06/2025 0:00:00, ,5/06/2025 0:00:00, ,No,Yes,11.000000000000000,Roy Trustee 2022 Ltd,Johnson Forestry Services
{1C0E0D02-A8A5-4CF5-835F-EF3AD8EFF5FF},1428.000000000000000,25/11.85,40.000000000000000,1000.000000000000000,Yes,0.000000000000000,0.000000000000000,3.000000000000000,0.000000000000000,0.000000000000000,0.000000000000000,1.000000000000000,0.000000000000000,25/13,0.000000000000000,0.000000000000000,0.075000000000000,0.000000000000000,0.000000000000000,0.000000000000000,0.025000000000000,0.000000000000000, ,{30246D84-4BD0-4034-A4E3-DBE64C88C9B0},5/06/2025 0:00:00, ,5/06/2025 0:00:00, ,No,Yes,12.000000000000000,Roy Trustee 2022 Ltd,Johnson Forestry Services
{206F5495-9613-4D8F-8CEA-C56D07596004},1420.000000000000000,20/11.64,42.000000000000000,25.000000000000000,Yes,0.000000000000000,0.000000000000000,2.000000000000000,0.000000000000000,0.000000000000000,0.000000000000000,0.000000000000000,0.000000000000000,25/13,0.000000000000000,0.000000000000000,0.000000000000000,0.000000000000000,0.000000000000000,0.000000000000000,0.000000000000000,0.000000000000000,1 planter roots up culpret found,{30246D84-4BD0-4034-A4E3-DBE64C88C9B0},5/06/2025 0:00:00, ,5/06/2025 0:00:00, ,No,Yes,6.000000000000000,Roy Trustee 2022 Ltd,Johnson Forestry Services
{2652A078-F13D-4B93-86E6-661585AFD087},1414.000000000000000,25/11.85,36.000000000000000,900.000000000000000,Yes,0.000000000000000,0.000000000000000,0.000000000000000,0.000000000000000,0.000000000000000,0.000000000000000,2.000000000000000,0.000000000000000,25/13,0.000000000000000,0.000000000000000,0.000000000000000,0.000000000000000,0.000000000000000,0.000000000000000,0.055555555555600,0.000000000000000,Spot planted in places. Long dead grass laying down,{30246D84-4BD0-4034-A4E3-DBE64C88C9B0},5/06/2025 0:00:00, ,5/06/2025 0:00:00, ,No, ,6.000000000000000,Roy Trustee 2022 Ltd,Johnson Forestry Services
{1373B549-ED27-4014-9330-C548A2F18299},1422.000000000000000,15/11.48,44.000000000000000,1100.000000000000000,Yes,0.000000000000000,1.000000000000000,0.000000000000000,0.000000000000000,0.000000000000000,0.000000000000000,0.000000000000000,0.000000000000000,25/13,0.000000000000000,0.022727272727300,0.000000000000000,0.000000000000000,0.000000000000000,0.000000000000000,0.000000000000000,0.000000000000000, ,{30246D84-4BD0-4034-A4E3-DBE64C88C9B0},5/06/2025 0:00:00, ,5/06/2025 0:00:00, ,No, ,1.000000000000000,Roy Trustee 2022 Ltd,Johnson Forestry Services
{700DC71E-3007-4B11-9675-6146E44A9E65},2070.000000000000000,20/11.64,44.000000000000000,1100.000000000000000,Yes,1.000000000000000,0.000000000000000,0.000000000000000,0.000000000000000,0.000000000000000,0.000000000000000,0.000000000000000,0.000000000000000,25/7,0.022727272727300,0.000000000000000,0.000000000000000,0.000000000000000,0.000000000000000,0.000000000000000,0.000000000000000,0.000000000000000,Rocky in places,{D076BD61-3230-4677-8756-A8042BF73C2A},5/06/2025 0:00:00, ,5/06/2025 0:00:00, ,No, ,1.000000000000000,Roy Trustee 2022 Ltd,Johnson Forestry Services
{2800AA59-0C6F-4886-983B-D3D701720311},2066.000000000000000,30/12.13,42.000000000000000,1050.000000000000000,No,0.000000000000000,0.000000000000000,0.000000000000000,0.000000000000000,0.000000000000000,0.000000000000000,0.000000000000000,0.000000000000000,25/7,0.000000000000000,0.000000000000000,0.000000000000000,0.000000000000000,0.000000000000000,0.000000000000000,0.000000000000000,0.000000000000000,Good planting. Rock close to surface in areas,{D076BD61-3230-4677-8756-A8042BF73C2A},5/06/2025 0:00:00, ,5/06/2025 0:00:00, ,No, ,0.000000000000000,Roy Trustee 2022 Ltd,Johnson Forestry Services
{398DFC92-85DC-4A04-B6C7-16A952A7356F},1352.000000000000000,15/11.48,36.000000000000000,900.000000000000000,Yes,1.000000000000000,1.000000000000000,0.000000000000000,0.000000000000000,0.000000000000000,0.000000000000000,0.000000000000000,0.000000000000000,25/53,0.027777777777800,0.027777777777800,0.000000000000000,0.000000000000000,0.000000000000000,0.000000000000000,0.000000000000000,0.000000000000000,Track near plot,{EA336AFA-DFC3-4410-AA43-A5D3B16DEA30},5/06/2025 0:00:00, ,5/06/2025 0:00:00, ,No, ,2.000000000000000,Roy Trustee 2022 Ltd,Proforest
{F3B54C0A-65D4-4729-A62A-717949046117},1366.000000000000000,20/11.64,39.000000000000000,975.000000000000000,Yes,0.000000000000000,1.000000000000000,0.000000000000000,0.000000000000000,0.000000000000000,1.000000000000000,0.000000000000000,0.000000000000000,25/53,0.000000000000000,0.025641025641000,0.000000000000000,0.000000000000000,0.000000000000000,0.025641025641000,0.000000000000000,0.000000000000000, ,{EA336AFA-DFC3-4410-AA43-A5D3B16DEA30},5/06/2025 0:00:00, ,5/06/2025 0:00:00, ,No, ,4.000000000000000,Roy Trustee 2022 Ltd,Proforest
{5F64336E-7D84-4D26-B385-DCA13A9F3813},30.000000000000000,5/11.31,38.000000000000000,950.000000000000000,No,0.000000000000000,0.000000000000000,0.000000000000000,0.000000000000000,0.000000000000000,0.000000000000000,0.000000000000000,0.000000000000000,25/61,0.000000000000000,0.000000000000000,0.000000000000000,0.000000000000000,0.000000000000000,0.000000000000000,0.000000000000000,0.000000000000000, ,{67AEE28D-4363-492D-8CA2-D5477FFCFC4D},6/06/2025 0:00:00, ,6/06/2025 0:00:00, ,No, ,0.000000000000000,Roy Trustee 2022 Ltd,Forest View Contracting
{88F8035F-C6F5-43FE-9540-909386389894},2.000000000000000,15/11.48,40.000000000000000,1000.000000000000000,No,0.000000000000000,0.000000000000000,0.000000000000000,0.000000000000000,0.000000000000000,0.000000000000000,0.000000000000000,0.000000000000000,25/61,0.000000000000000,0.000000000000000,0.000000000000000,0.000000000000000,0.000000000000000,0.000000000000000,0.000000000000000,0.000000000000000, ,{67AEE28D-4363-492D-8CA2-D5477FFCFC4D},6/06/2025 0:00:00, ,6/06/2025 0:00:00, ,No, ,0.000000000000000,Roy Trustee 2022 Ltd,Forest View Contracting
{CD230371-C97F-426C-845C-3289057A4616},12.000000000000000,15/11.48,39.000000000000000,975.000000000000000,No,0.000000000000000,0.000000000000000,0.000000000000000,0.000000000000000,0.000000000000000,0.000000000000000,0.000000000000000,0.000000000000000,25/61,0.000000000000000,0.000000000000000,0.000000000000000,0.000000000000000,0.000000000000000,0.000000000000000,0.000000000000000,0.000000000000000, ,{67AEE28D-4363-492D-8CA2-D5477FFCFC4D},6/06/2025 0:00:00, ,6/06/2025 0:00:00, ,No, ,0.000000000000000,Roy Trustee 2022 Ltd,Forest View Contracting
{901D1FC2-E235-47CA-9356-AB497386C415},76.000000000000000,5/11.31,36.000000000000000,900.000000000000000,No,0.000000000000000,0.000000000000000,0.000000000000000,0.000000000000000,0.000000000000000,0.000000000000000,0.000000000000000,0.000000000000000,25/61,0.000000000000000,0.000000000000000,0.000000000000000,0.000000000000000,0.000000000000000,0.000000000000000,0.000000000000000,0.000000000000000,Odd piece were lines converged.all around was ok,{67AEE28D-4363-492D-8CA2-D5477FFCFC4D},6/06/2025 0:00:00, ,6/06/2025 0:00:00, ,No, ,0.000000000000000,Roy Trustee 2022 Ltd,Forest View Contracting
{61159D2D-F67B-4E94-8BAF-017A29CA5C11},70.000000000000000,30/12.13,41.000000000000000,1025.000000000000000,No,0.000000000000000,0.000000000000000,0.000000000000000,0.000000000000000,0.000000000000000,0.000000000000000,0.000000000000000,0.000000000000000,25/61,0.000000000000000,0.000000000000000,0.000000000000000,0.000000000000000,0.000000000000000,0.000000000000000,0.000000000000000,0.000000000000000, ,{67AEE28D-4363-492D-8CA2-D5477FFCFC4D},6/06/2025 0:00:00, ,6/06/2025 0:00:00, ,No, ,0.000000000000000,Roy Trustee 2022 Ltd,Forest View Contracting
{7C9EE4FB-C014-43F8-A08B-A5F393774C47},32.000000000000000,10/11.37,38.000000000000000,950.000000000000000,No,0.000000000000000,0.000000000000000,0.000000000000000,0.000000000000000,0.000000000000000,0.000000000000000,0.000000000000000,0.000000000000000,25/61,0.000000000000000,0.000000000000000,0.000000000000000,0.000000000000000,0.000000000000000,0.000000000000000,0.000000000000000,0.000000000000000, ,{67AEE28D-4363-492D-8CA2-D5477FFCFC4D},6/06/2025 0:00:00, ,6/06/2025 0:00:00, ,No, ,0.000000000000000,Roy Trustee 2022 Ltd,Forest View Contracting
{9D5914A7-3917-48EB-8BC4-F9BA03E66852},78.000000000000000,10/11.37,38.000000000000000,950.000000000000000,No,0.000000000000000,0.000000000000000,0.000000000000000,0.000000000000000,0.000000000000000,0.000000000000000,0.000000000000000,0.000000000000000,25/61,0.000000000000000,0.000000000000000,0.000000000000000,0.000000000000000,0.000000000000000,0.000000000000000,0.000000000000000,0.000000000000000, ,{67AEE28D-4363-492D-8CA2-D5477FFCFC4D},6/06/2025 0:00:00, ,6/06/2025 0:00:00, ,No, ,0.000000000000000,Roy Trustee 2022 Ltd,Forest View Contracting
{FC7EACE7-EB46-4AC8-8541-90F879147159},2150.000000000000000,15/11.48,39.000000000000000,975.000000000000000,Yes,0.000000000000000,3.000000000000000,1.000000000000000,0.000000000000000,0.000000000000000,0.000000000000000,2.000000000000000,0.000000000000000,25/7,0.000000000000000,0.076923076923100,0.025641025641000,0.000000000000000,0.000000000000000,0.000000000000000,0.051282051282100,0.000000000000000,Reworked straight away,{FB2188E2-7726-4A3D-A056-C814EE4B7F89},6/06/2025 0:00:00, ,6/06/2025 0:00:00, ,No,Yes,12.000000000000000,Roy Trustee 2022 Ltd,Johnson Forestry Services
{57F89E45-734B-487B-8225-FD12A51DB004},2144.000000000000000,25/11.85,43.000000000000000,1075.000000000000000,No,0.000000000000000,0.000000000000000,0.000000000000000,0.000000000000000,0.000000000000000,0.000000000000000,0.000000000000000,0.000000000000000,25/7,0.000000000000000,0.000000000000000,0.000000000000000,0.000000000000000,0.000000000000000,0.000000000000000,0.000000000000000,0.000000000000000, Ice planting,{FB2188E2-7726-4A3D-A056-C814EE4B7F89},6/06/2025 0:00:00, ,6/06/2025 0:00:00, ,No, ,0.000000000000000,Roy Trustee 2022 Ltd,Johnson Forestry Services
{4F71ACA0-C24D-448C-89DE-5C99B908D1C4},2118.000000000000000,30/12.13,39.000000000000000,975.000000000000000,Yes,0.000000000000000,0.000000000000000,0.000000000000000,0.000000000000000,0.000000000000000,0.000000000000000,1.000000000000000,0.000000000000000,25/7,0.000000000000000,0.000000000000000,0.000000000000000,0.000000000000000,0.000000000000000,0.000000000000000,0.025641025641000,0.000000000000000,"Edge of native, long dead grass folded over. So scattered gorse",{FB2188E2-7726-4A3D-A056-C814EE4B7F89},6/06/2025 0:00:00, ,6/06/2025 0:00:00, ,No, ,3.000000000000000,Roy Trustee 2022 Ltd,Johnson Forestry Services
{5F2F780B-5FB7-4007-8A39-76D245103E76},2152.000000000000000,15/11.48,45.000000000000000,1125.000000000000000,Yes,0.000000000000000,0.000000000000000,0.000000000000000,0.000000000000000,0.000000000000000,0.000000000000000,1.000000000000000,0.000000000000000,25/7,0.000000000000000,0.000000000000000,0.000000000000000,0.000000000000000,0.000000000000000,0.000000000000000,0.022222222222200,0.000000000000000,"High count due to change in contour and lines merging 
",{FB2188E2-7726-4A3D-A056-C814EE4B7F89},6/06/2025 0:00:00, ,6/06/2025 0:00:00, ,No,Yes,3.000000000000000,Roy Trustee 2022 Ltd,Johnson Forestry Services
{15BFA005-0EEE-4517-A6D9-DAF196D9B591},2134.000000000000000,25/11.85,38.000000000000000,950.000000000000000,No,0.000000000000000,0.000000000000000,0.000000000000000,0.000000000000000,0.000000000000000,0.000000000000000,0.000000000000000,0.000000000000000,25/7,0.000000000000000,0.000000000000000,0.000000000000000,0.000000000000000,0.000000000000000,0.000000000000000,0.000000000000000,0.000000000000000,Root raked area against native,{FB2188E2-7726-4A3D-A056-C814EE4B7F89},6/06/2025 0:00:00, ,6/06/2025 0:00:00, ,No, ,0.000000000000000,Roy Trustee 2022 Ltd,Johnson Forestry Services
{B3395F50-4576-4C7D-9766-1044D0F5684A},2134.099999999999909,30/12.13,39.000000000000000,975.000000000000000,Yes,0.000000000000000,0.000000000000000,0.000000000000000,0.000000000000000,0.000000000000000,0.000000000000000,2.000000000000000,0.000000000000000,25/7,0.000000000000000,0.000000000000000,0.000000000000000,0.000000000000000,0.000000000000000,0.000000000000000,0.051282051282100,0.000000000000000,Root raked area on edge of days planting,{FB2188E2-7726-4A3D-A056-C814EE4B7F89},6/06/2025 0:00:00, ,6/06/2025 0:00:00, ,No, ,6.000000000000000,Roy Trustee 2022 Ltd,Johnson Forestry Services
{C0B6D0B0-4094-46B2-976B-831EB41A18C8},244.000000000000000,15/11.48,37.000000000000000,925.000000000000000,Yes,0.000000000000000,3.000000000000000,0.000000000000000,0.000000000000000,0.000000000000000,0.000000000000000,0.000000000000000,1.000000000000000,25/55,0.000000000000000,0.081081081081100,0.000000000000000,0.000000000000000,0.000000000000000,0.000000000000000,0.000000000000000,0.027027027027000, ,{AC397348-4261-40A3-9980-4E68A0C74880},6/06/2025 0:00:00, ,6/06/2025 0:00:00, ,No, ,6.000000000000000,Roy Trustee 2022 Ltd,Proforest
{F3F512CF-9DE5-4877-891A-415DDD2EF6A0},262.000000000000000,15/11.48,45.000000000000000,1125.000000000000000,Yes,1.000000000000000,0.000000000000000,0.000000000000000,0.000000000000000,0.000000000000000,0.000000000000000,0.000000000000000,0.000000000000000,25/55,0.022222222222200,0.000000000000000,0.000000000000000,0.000000000000000,0.000000000000000,0.000000000000000,0.000000000000000,0.000000000000000,"High stocking, but was lower in areas and brassicas skewing plantera. Have advised crew.",{AC397348-4261-40A3-9980-4E68A0C74880},6/06/2025 0:00:00, ,6/06/2025 0:00:00, ,No,No,1.000000000000000,Roy Trustee 2022 Ltd,Proforest
{FB29BC6B-F3B2-42E9-978A-A9443FC164BD},254.000000000000000,15/11.48,37.000000000000000,925.000000000000000,Yes,0.000000000000000,1.000000000000000,0.000000000000000,0.000000000000000,0.000000000000000,0.000000000000000,0.000000000000000,0.000000000000000,25/55,0.000000000000000,0.027027027027000,0.000000000000000,0.000000000000000,0.000000000000000,0.000000000000000,0.000000000000000,0.000000000000000, ,{AC397348-4261-40A3-9980-4E68A0C74880},6/06/2025 0:00:00, ,6/06/2025 0:00:00, ,No, ,1.000000000000000,Roy Trustee 2022 Ltd,Proforest
{C247F434-3E72-4469-8365-57CC74DEAF69},264.000000000000000,20/11.64,48.000000000000000,1200.000000000000000,Yes,1.000000000000000,2.000000000000000,0.000000000000000,0.000000000000000,0.000000000000000,0.000000000000000,0.000000000000000,0.000000000000000,25/55,0.020833333333300,0.041666666666700,0.000000000000000,0.000000000000000,0.000000000000000,0.000000000000000,0.000000000000000,0.000000000000000,"Stocking high, have advised crew",{AC397348-4261-40A3-9980-4E68A0C74880},6/06/2025 0:00:00, ,6/06/2025 0:00:00, ,No,No,3.000000000000000,Roy Trustee 2022 Ltd,Proforest
{5D6CE800-DB05-4117-9563-1032D5D242D5},274.000000000000000,25/11.85,45.000000000000000,1125.000000000000000,Yes,0.000000000000000,0.000000000000000,0.000000000000000,0.000000000000000,0.000000000000000,0.000000000000000,1.000000000000000,0.000000000000000,25/55,0.000000000000000,0.000000000000000,0.000000000000000,0.000000000000000,0.000000000000000,0.000000000000000,0.022222222222200,0.000000000000000, ,{AC397348-4261-40A3-9980-4E68A0C74880},6/06/2025 0:00:00, ,6/06/2025 0:00:00, ,No,No,3.000000000000000,Roy Trustee 2022 Ltd,Proforest
{D3E547B0-95B5-409A-9835-D92646843F8C},256.000000000000000,15/11.48,36.000000000000000,900.000000000000000,Yes,1.000000000000000,0.000000000000000,0.000000000000000,0.000000000000000,0.000000000000000,0.000000000000000,0.000000000000000,0.000000000000000,25/55,0.027777777777800,0.000000000000000,0.000000000000000,0.000000000000000,0.000000000000000,0.000000000000000,0.000000000000000,0.000000000000000, ,{AC397348-4261-40A3-9980-4E68A0C74880},6/06/2025 0:00:00, ,6/06/2025 0:00:00, ,No, ,1.000000000000000,Roy Trustee 2022 Ltd,Proforest
{CE4AE910-A65F-429F-A1CC-5B39665F5D4A},1038.000000000000000,20/11.64,38.000000000000000,950.000000000000000,Yes,0.000000000000000,1.000000000000000,0.000000000000000,0.000000000000000,0.000000000000000,1.000000000000000,0.000000000000000,0.000000000000000,25/70,0.000000000000000,0.026315789473700,0.000000000000000,0.000000000000000,0.000000000000000,0.026315789473700,0.000000000000000,0.000000000000000, ,{385CA49D-6FB4-413C-B483-E03D877471F7},8/06/2025 0:00:00, ,8/06/2025 0:00:00, ,No, ,4.000000000000000,Roy Trustee 2022 Ltd,GD Rural Skills Limited
{DE1A7E11-AD68-4B41-A4B2-56F45CEE591F},1022.000000000000000,5/11.31,35.000000000000000,875.000000000000000,Yes,0.000000000000000,3.000000000000000,0.000000000000000,0.000000000000000,0.000000000000000,0.000000000000000,0.000000000000000,0.000000000000000,25/70,0.000000000000000,0.085714285714300,0.000000000000000,0.000000000000000,0.000000000000000,0.000000000000000,0.000000000000000,0.000000000000000,Boggy nearby,{385CA49D-6FB4-413C-B483-E03D877471F7},8/06/2025 0:00:00, ,8/06/2025 0:00:00, ,No,No,3.000000000000000,Roy Trustee 2022 Ltd,GD Rural Skills Limited
{1F5AEDFA-36DF-40A9-885D-337F91CD4761},1040.000000000000000,20/11.64,44.000000000000000,1100.000000000000000,Yes,0.000000000000000,2.000000000000000,0.000000000000000,0.000000000000000,0.000000000000000,0.000000000000000,1.000000000000000,0.000000000000000,25/70,0.000000000000000,0.045454545454500,0.000000000000000,0.000000000000000,0.000000000000000,0.000000000000000,0.022727272727300,0.000000000000000, ,{385CA49D-6FB4-413C-B483-E03D877471F7},8/06/2025 0:00:00, ,8/06/2025 0:00:00, ,No, ,5.000000000000000,Roy Trustee 2022 Ltd,GD Rural Skills Limited
{0A8DA4F6-1DFE-4963-964E-013A7AD670B9},1024.000000000000000,15/11.48,48.000000000000000,1200.000000000000000,Yes,0.000000000000000,2.000000000000000,0.000000000000000,0.000000000000000,0.000000000000000,0.000000000000000,0.000000000000000,0.000000000000000,25/70,0.000000000000000,0.041666666666700,0.000000000000000,0.000000000000000,0.000000000000000,0.000000000000000,0.000000000000000,0.000000000000000,Very close line in the plot,{385CA49D-6FB4-413C-B483-E03D877471F7},8/06/2025 0:00:00, ,8/06/2025 0:00:00, ,No,No,2.000000000000000,Roy Trustee 2022 Ltd,GD Rural Skills Limited
{0CCA549B-5AB9-4959-AAFF-23B602F837BB},1042.000000000000000,20/11.64,39.000000000000000,975.000000000000000,Yes,0.000000000000000,3.000000000000000,0.000000000000000,0.000000000000000,0.000000000000000,0.000000000000000,1.000000000000000,0.000000000000000,25/70,0.000000000000000,0.076923076923100,0.000000000000000,0.000000000000000,0.000000000000000,0.000000000000000,0.025641025641000,0.000000000000000, ,{385CA49D-6FB4-413C-B483-E03D877471F7},8/06/2025 0:00:00, ,8/06/2025 0:00:00, ,No, ,6.000000000000000,Roy Trustee 2022 Ltd,GD Rural Skills Limited
{3D3B5C50-1CC4-47B6-BF79-EDAD23745D1E},552.000000000000000,5/11.31,39.000000000000000,975.000000000000000,Yes,0.000000000000000,2.000000000000000,0.000000000000000,0.000000000000000,0.000000000000000,1.000000000000000,0.000000000000000,0.000000000000000,25/66,0.000000000000000,0.051282051282100,0.000000000000000,0.000000000000000,0.000000000000000,0.025641025641000,0.000000000000000,0.000000000000000, ,{0BD962C9-4501-470F-9A05-11F6470F3A40},8/06/2025 0:00:00, ,15/06/2025 0:00:00,ScarlettMichelle,No, ,5.000000000000000,Roy Trustee 2022 Ltd,GD Rural Skills Limited
{0F3AA497-6DF9-4072-9A60-1D72EF69B663},540.000000000000000,10/11.37,41.000000000000000,1025.000000000000000,Yes,1.000000000000000,2.000000000000000,0.000000000000000,0.000000000000000,0.000000000000000,0.000000000000000,0.000000000000000,0.000000000000000,25/66,0.024390243902400,0.048780487804900,0.000000000000000,0.000000000000000,0.000000000000000,0.000000000000000,0.000000000000000,0.000000000000000,One double planted,{0BD962C9-4501-470F-9A05-11F6470F3A40},8/06/2025 0:00:00, ,15/06/2025 0:00:00,ScarlettMichelle,No, ,3.000000000000000,Roy Trustee 2022 Ltd,GD Rural Skills Limited
{2E606D61-333C-4A47-A47A-FD1DBA407829},2180.000000000000000,10/11.37,38.000000000000000,950.000000000000000,Yes,1.000000000000000,0.000000000000000,0.000000000000000,0.000000000000000,0.000000000000000,0.000000000000000,0.000000000000000,0.000000000000000,25/31,0.026315789473700,0.000000000000000,0.000000000000000,0.000000000000000,0.000000000000000,0.000000000000000,0.000000000000000,0.000000000000000, ,{0CE78B38-2115-43F3-8DF9-A2FB4781BC49},9/06/2025 0:00:00, ,9/06/2025 0:00:00, ,No, ,1.000000000000000,Roy Trustee 2022 Ltd,Johnson Forestry Services
{EB74AFF9-7D5C-4571-BE72-3A1224354964},2192.000000000000000,10/11.37,39.000000000000000,975.000000000000000,No,0.000000000000000,0.000000000000000,0.000000000000000,0.000000000000000,0.000000000000000,0.000000000000000,0.000000000000000,0.000000000000000,25/31,0.000000000000000,0.000000000000000,0.000000000000000,0.000000000000000,0.000000000000000,0.000000000000000,0.000000000000000,0.000000000000000,Nice planting,{0CE78B38-2115-43F3-8DF9-A2FB4781BC49},9/06/2025 0:00:00, ,9/06/2025 0:00:00, ,No, ,0.000000000000000,Roy Trustee 2022 Ltd,Johnson Forestry Services
{F1755DF0-5031-4819-8F2A-CC49EAF036C4},2200.000000000000000,10/11.37,36.000000000000000,900.000000000000000,Yes,0.000000000000000,0.000000000000000,1.000000000000000,0.000000000000000,0.000000000000000,0.000000000000000,0.000000000000000,0.000000000000000,25/31,0.000000000000000,0.000000000000000,0.027777777777800,0.000000000000000,0.000000000000000,0.000000000000000,0.000000000000000,0.000000000000000, ,{0CE78B38-2115-43F3-8DF9-A2FB4781BC49},9/06/2025 0:00:00, ,9/06/2025 0:00:00, ,No, ,3.000000000000000,Roy Trustee 2022 Ltd,Johnson Forestry Services
{1DCFF216-E9CF-4D3F-82B6-63B90386AEA5},2188.000000000000000,15/11.48,38.000000000000000,950.000000000000000,Yes,0.000000000000000,0.000000000000000,0.000000000000000,0.000000000000000,1.000000000000000,0.000000000000000,0.000000000000000,0.000000000000000,25/31,0.000000000000000,0.000000000000000,0.000000000000000,0.000000000000000,0.026315789473700,0.000000000000000,0.000000000000000,0.000000000000000, ,{0CE78B38-2115-43F3-8DF9-A2FB4781BC49},9/06/2025 0:00:00, ,9/06/2025 0:00:00, ,No, ,3.000000000000000,Roy Trustee 2022 Ltd,Johnson Forestry Services
{A9F8F042-A2A4-48D1-B595-89757FB92C37},2182.000000000000000,10/11.37,44.000000000000000,1100.000000000000000,Yes,0.000000000000000,0.000000000000000,1.000000000000000,0.000000000000000,0.000000000000000,0.000000000000000,0.000000000000000,0.000000000000000,25/31,0.000000000000000,0.000000000000000,0.022727272727300,0.000000000000000,0.000000000000000,0.000000000000000,0.000000000000000,0.000000000000000, ,{0CE78B38-2115-43F3-8DF9-A2FB4781BC49},9/06/2025 0:00:00, ,9/06/2025 0:00:00, ,No, ,3.000000000000000,Roy Trustee 2022 Ltd,Johnson Forestry Services
{6C38ACA3-F7F1-43C3-8F90-DA5550CE3E3C},2172.000000000000000,10/11.37,40.000000000000000,1000.000000000000000,Yes,0.000000000000000,1.000000000000000,1.000000000000000,0.000000000000000,0.000000000000000,0.000000000000000,0.000000000000000,0.000000000000000,25/31,0.000000000000000,0.025000000000000,0.025000000000000,0.000000000000000,0.000000000000000,0.000000000000000,0.000000000000000,0.000000000000000, ,{0CE78B38-2115-43F3-8DF9-A2FB4781BC49},9/06/2025 0:00:00, ,9/06/2025 0:00:00, ,No, ,4.000000000000000,Roy Trustee 2022 Ltd,Johnson Forestry Services
{757F6D55-C170-40B2-8223-AB05592AC758},72.000000000000000,5/11.31,35.000000000000000,875.000000000000000,Yes,0.000000000000000,0.000000000000000,0.000000000000000,0.000000000000000,0.000000000000000,1.000000000000000,0.000000000000000,0.000000000000000,25/61,0.000000000000000,0.000000000000000,0.000000000000000,0.000000000000000,0.000000000000000,0.028571428571400,0.000000000000000,0.000000000000000,"Some trees not dug deep eniugh, spoke to planter responsible",{D5658B0E-089E-4746-B014-489DC37958AD},9/06/2025 0:00:00, ,9/06/2025 0:00:00, ,No,No,3.000000000000000,Roy Trustee 2022 Ltd,Forest View Contracting
{674440A2-7320-4CB3-B4D5-AB535457D6CF},64.000000000000000,5/11.31,42.000000000000000,1050.000000000000000,Yes,0.000000000000000,1.000000000000000,0.000000000000000,0.000000000000000,0.000000000000000,0.000000000000000,0.000000000000000,0.000000000000000,25/61,0.000000000000000,0.023809523809500,0.000000000000000,0.000000000000000,0.000000000000000,0.000000000000000,0.000000000000000,0.000000000000000,"Sudden change in gradient due to bank, great planting.",{D5658B0E-089E-4746-B014-489DC37958AD},9/06/2025 0:00:00, ,9/06/2025 0:00:00, ,No, ,1.000000000000000,Roy Trustee 2022 Ltd,Forest View Contracting
{34EEEF80-568A-4AF1-9FC4-278875BCDDA4},58.000000000000000,5/11.31,42.000000000000000,1050.000000000000000,Yes,0.000000000000000,0.000000000000000,1.000000000000000,0.000000000000000,0.000000000000000,1.000000000000000,0.000000000000000,0.000000000000000,25/61,0.000000000000000,0.000000000000000,0.023809523809500,0.000000000000000,0.000000000000000,0.023809523809500,0.000000000000000,0.000000000000000, ,{D5658B0E-089E-4746-B014-489DC37958AD},9/06/2025 0:00:00, ,9/06/2025 0:00:00, ,No, ,6.000000000000000,Roy Trustee 2022 Ltd,Forest View Contracting
{5955DA8B-8644-4626-B269-04561A27BF20},46.000000000000000,5/11.31,40.000000000000000,1000.000000000000000,No,0.000000000000000,0.000000000000000,0.000000000000000,0.000000000000000,0.000000000000000,0.000000000000000,0.000000000000000,0.000000000000000,25/61,0.000000000000000,0.000000000000000,0.000000000000000,0.000000000000000,0.000000000000000,0.000000000000000,0.000000000000000,0.000000000000000,Perfect.,{D5658B0E-089E-4746-B014-489DC37958AD},9/06/2025 0:00:00, ,9/06/2025 0:00:00, ,No, ,0.000000000000000,Roy Trustee 2022 Ltd,Forest View Contracting
{B90970EE-56CB-44D9-AF6D-32EE34538E6B},14.000000000000000,20/11.64,43.000000000000000,1075.000000000000000,No,0.000000000000000,0.000000000000000,0.000000000000000,0.000000000000000,0.000000000000000,0.000000000000000,0.000000000000000,0.000000000000000,25/61,0.000000000000000,0.000000000000000,0.000000000000000,0.000000000000000,0.000000000000000,0.000000000000000,0.000000000000000,0.000000000000000, ,{D5658B0E-089E-4746-B014-489DC37958AD},9/06/2025 0:00:00, ,9/06/2025 0:00:00, ,No, ,0.000000000000000,Roy Trustee 2022 Ltd,Forest View Contracting
{9B79F127-2B5D-4913-AB5C-338649126429},16.000000000000000,10/11.37,39.000000000000000,975.000000000000000,No,0.000000000000000,0.000000000000000,0.000000000000000,0.000000000000000,0.000000000000000,0.000000000000000,0.000000000000000,0.000000000000000,25/61,0.000000000000000,0.000000000000000,0.000000000000000,0.000000000000000,0.000000000000000,0.000000000000000,0.000000000000000,0.000000000000000,Excellent planting,{D5658B0E-089E-4746-B014-489DC37958AD},9/06/2025 0:00:00, ,9/06/2025 0:00:00, ,No, ,0.000000000000000,Roy Trustee 2022 Ltd,Forest View Contracting
{5E45B828-7554-4198-83EF-EA54AB4889B1},68.000000000000000,5/11.31,39.000000000000000,0.000000000000000,Yes,1.000000000000000,0.000000000000000,0.000000000000000,0.000000000000000,0.000000000000000,0.000000000000000,0.000000000000000,0.000000000000000,25/61,0.000000000000000,0.000000000000000,0.000000000000000,0.000000000000000,0.000000000000000,0.000000000000000,0.000000000000000,0.000000000000000, ,{D5658B0E-089E-4746-B014-489DC37958AD},9/06/2025 0:00:00, ,9/06/2025 0:00:00, ,No, ,1.000000000000000,Roy Trustee 2022 Ltd,Forest View Contracting
{8DA52117-51C0-415A-8941-E41B37BA7EF6},62.000000000000000,15/11.48,39.000000000000000,975.000000000000000,No,0.000000000000000,0.000000000000000,0.000000000000000,0.000000000000000,0.000000000000000,0.000000000000000,0.000000000000000,0.000000000000000,25/61,0.000000000000000,0.000000000000000,0.000000000000000,0.000000000000000,0.000000000000000,0.000000000000000,0.000000000000000,0.000000000000000, ,{D5658B0E-089E-4746-B014-489DC37958AD},9/06/2025 0:00:00, ,9/06/2025 0:00:00, ,No, ,0.000000000000000,Roy Trustee 2022 Ltd,Forest View Contracting
{7671E620-1BF4-4A3E-A997-0C5628E2FCC6},20.000000000000000,10/11.37,41.000000000000000,0.000000000000000,No,0.000000000000000,0.000000000000000,0.000000000000000,0.000000000000000,0.000000000000000,0.000000000000000,0.000000000000000,0.000000000000000,25/61,0.000000000000000,0.000000000000000,0.000000000000000,0.000000000000000,0.000000000000000,0.000000000000000,0.000000000000000,0.000000000000000, ,{D5658B0E-089E-4746-B014-489DC37958AD},9/06/2025 0:00:00, ,9/06/2025 0:00:00, ,No, ,0.000000000000000,Roy Trustee 2022 Ltd,Forest View Contracting
{DD7F6312-DD7B-4075-A728-11FB27077C7F},6.000000000000000,10/11.37,39.000000000000000,975.000000000000000,Yes,0.000000000000000,1.000000000000000,0.000000000000000,0.000000000000000,0.000000000000000,0.000000000000000,0.000000000000000,0.000000000000000,25/61,0.000000000000000,0.025641025641000,0.000000000000000,0.000000000000000,0.000000000000000,0.000000000000000,0.000000000000000,0.000000000000000, ,{D5658B0E-089E-4746-B014-489DC37958AD},9/06/2025 0:00:00, ,9/06/2025 0:00:00, ,No, ,1.000000000000000,Roy Trustee 2022 Ltd,Forest View Contracting
{42DA40C1-00B4-4DB4-85D8-2FF4D738CA22},8.000000000000000,15/11.48,44.000000000000000,1100.000000000000000,No,0.000000000000000,0.000000000000000,0.000000000000000,0.000000000000000,0.000000000000000,0.000000000000000,0.000000000000000,0.000000000000000,25/61,0.000000000000000,0.000000000000000,0.000000000000000,0.000000000000000,0.000000000000000,0.000000000000000,0.000000000000000,0.000000000000000,Moved due to proximity to watwrway.,{D5658B0E-089E-4746-B014-489DC37958AD},9/06/2025 0:00:00, ,9/06/2025 0:00:00, ,No, ,0.000000000000000,Roy Trustee 2022 Ltd,Forest View Contracting
{44D9C3CE-8F02-49BA-9A4C-5BB6D5ED2530},22.000000000000000,10/11.37,40.000000000000000,1000.000000000000000,Yes,0.000000000000000,0.000000000000000,0.000000000000000,0.000000000000000,0.000000000000000,1.000000000000000,0.000000000000000,0.000000000000000,25/61,0.000000000000000,0.000000000000000,0.000000000000000,0.000000000000000,0.000000000000000,0.025000000000000,0.000000000000000,0.000000000000000, ,{D5658B0E-089E-4746-B014-489DC37958AD},9/06/2025 0:00:00, ,9/06/2025 0:00:00, ,No, ,3.000000000000000,Roy Trustee 2022 Ltd,Forest View Contracting
{2B3DB239-A097-475C-BE47-CE59060B2570},38.000000000000000,15/11.48,36.000000000000000,900.000000000000000,No,0.000000000000000,0.000000000000000,0.000000000000000,0.000000000000000,0.000000000000000,0.000000000000000,0.000000000000000,0.000000000000000,25/61,0.000000000000000,0.000000000000000,0.000000000000000,0.000000000000000,0.000000000000000,0.000000000000000,0.000000000000000,0.000000000000000,Moved duw to proximity to waterway,{D5658B0E-089E-4746-B014-489DC37958AD},9/06/2025 0:00:00, ,9/06/2025 0:00:00, ,No, ,0.000000000000000,Roy Trustee 2022 Ltd,Forest View Contracting
{41757BC7-0B18-420D-AFF9-28AF465AA040},50.000000000000000,10/11.37,42.000000000000000,1050.000000000000000,Yes,0.000000000000000,1.000000000000000,0.000000000000000,0.000000000000000,0.000000000000000,0.000000000000000,0.000000000000000,0.000000000000000,25/61,0.000000000000000,0.023809523809500,0.000000000000000,0.000000000000000,0.000000000000000,0.000000000000000,0.000000000000000,0.000000000000000,Sky rocket due to being run over,{D5658B0E-089E-4746-B014-489DC37958AD},9/06/2025 0:00:00, ,9/06/2025 0:00:00, ,No, ,1.000000000000000,Roy Trustee 2022 Ltd,Forest View Contracting
{3213EA46-35FB-43CD-8587-98E48C659270},60.000000000000000,10/11.37,43.000000000000000,1075.000000000000000,Yes,0.000000000000000,1.000000000000000,0.000000000000000,0.000000000000000,0.000000000000000,0.000000000000000,0.000000000000000,0.000000000000000,25/61,0.000000000000000,0.023255813953500,0.000000000000000,0.000000000000000,0.000000000000000,0.000000000000000,0.000000000000000,0.000000000000000, ,{D5658B0E-089E-4746-B014-489DC37958AD},9/06/2025 0:00:00, ,9/06/2025 0:00:00, ,No, ,1.000000000000000,Roy Trustee 2022 Ltd,Forest View Contracting
{2E3A392C-4362-49E6-BCE0-EB516EBE1185},66.000000000000000,10/11.37,39.000000000000000,975.000000000000000,Yes,0.000000000000000,1.000000000000000,0.000000000000000,2.000000000000000,0.000000000000000,0.000000000000000,0.000000000000000,0.000000000000000,25/61,0.000000000000000,0.025641025641000,0.000000000000000,0.051282051282100,0.000000000000000,0.000000000000000,0.000000000000000,0.000000000000000,Some trees run over by can am,{D5658B0E-089E-4746-B014-489DC37958AD},9/06/2025 0:00:00, ,9/06/2025 0:00:00, ,No, ,3.000000000000000,Roy Trustee 2022 Ltd,Forest View Contracting
{315FAB8C-3D5D-4C72-B4D4-1479260B356F},2184.000000000000000,0/11.31,39.000000000000000,975.000000000000000,No,0.000000000000000,0.000000000000000,0.000000000000000,0.000000000000000,0.000000000000000,0.000000000000000,0.000000000000000,0.000000000000000,25/31,0.000000000000000,0.000000000000000,0.000000000000000,0.000000000000000,0.000000000000000,0.000000000000000,0.000000000000000,0.000000000000000, ,{06347886-B06B-4046-9061-9EF0474F66BC},9/06/2025 0:00:00, ,9/06/2025 0:00:00, ,No, ,0.000000000000000,Roy Trustee 2022 Ltd,Johnson Forestry Services
{4828519C-31D2-4170-AC7B-33A980FE5EBA},2174.000000000000000,15/11.48,36.000000000000000,900.000000000000000,No,0.000000000000000,0.000000000000000,0.000000000000000,0.000000000000000,0.000000000000000,0.000000000000000,0.000000000000000,0.000000000000000,25/31,0.000000000000000,0.000000000000000,0.000000000000000,0.000000000000000,0.000000000000000,0.000000000000000,0.000000000000000,0.000000000000000, ,{06347886-B06B-4046-9061-9EF0474F66BC},9/06/2025 0:00:00, ,9/06/2025 0:00:00, ,No, ,0.000000000000000,Roy Trustee 2022 Ltd,Johnson Forestry Services
{D8354C60-5198-46BD-A3E4-254D75561A96},2166.000000000000000,5/11.31,36.000000000000000,900.000000000000000,No,0.000000000000000,0.000000000000000,0.000000000000000,0.000000000000000,0.000000000000000,0.000000000000000,0.000000000000000,0.000000000000000,25/31,0.000000000000000,0.000000000000000,0.000000000000000,0.000000000000000,0.000000000000000,0.000000000000000,0.000000000000000,0.000000000000000, ,{06347886-B06B-4046-9061-9EF0474F66BC},9/06/2025 0:00:00, ,9/06/2025 0:00:00, ,No, ,0.000000000000000,Roy Trustee 2022 Ltd,Johnson Forestry Services
{F8C49BCC-D9EB-4642-85FF-610FAA428122},2160.000000000000000,5/11.31,40.000000000000000,1000.000000000000000,No,0.000000000000000,0.000000000000000,0.000000000000000,0.000000000000000,0.000000000000000,0.000000000000000,0.000000000000000,0.000000000000000,25/31,0.000000000000000,0.000000000000000,0.000000000000000,0.000000000000000,0.000000000000000,0.000000000000000,0.000000000000000,0.000000000000000, ,{06347886-B06B-4046-9061-9EF0474F66BC},9/06/2025 0:00:00, ,9/06/2025 0:00:00, ,No, ,0.000000000000000,Roy Trustee 2022 Ltd,Johnson Forestry Services
{911084B6-D7F5-4C82-93BE-3D448D809E79},60.000000000000000,15/11.48,41.000000000000000,1025.000000000000000,No,0.000000000000000,0.000000000000000,0.000000000000000,0.000000000000000,0.000000000000000,0.000000000000000,0.000000000000000,0.000000000000000,25/61,0.000000000000000,0.000000000000000,0.000000000000000,0.000000000000000,0.000000000000000,0.000000000000000,0.000000000000000,0.000000000000000, ,{4198E231-15E3-46E7-9831-3C64A3F54E24},10/06/2025 0:00:00, ,10/06/2025 0:00:00,ScarlettMichelle,No, ,0.000000000000000,Roy Trustee 2022 Ltd,Forest View Contracting
{2F053F21-7B6B-4CCA-920C-BBF8136FF3F8},48.000000000000000,15/11.48,32.000000000000000,800.000000000000000,No,0.000000000000000,0.000000000000000,0.000000000000000,0.000000000000000,0.000000000000000,0.000000000000000,0.000000000000000,0.000000000000000,25/61,0.000000000000000,0.000000000000000,0.000000000000000,0.000000000000000,0.000000000000000,0.000000000000000,0.000000000000000,0.000000000000000,"Boggy area in plot hence the lower stocking, wouldve been fine.",{4198E231-15E3-46E7-9831-3C64A3F54E24},10/06/2025 0:00:00, ,10/06/2025 0:00:00,ScarlettMichelle,No,No,0.000000000000000,Roy Trustee 2022 Ltd,Forest View Contracting
{F6A6757F-F010-4697-A0B5-41B137EA540C},34.000000000000000,10/11.37,48.000000000000000,1200.000000000000000,Yes,0.000000000000000,0.000000000000000,0.000000000000000,0.000000000000000,0.000000000000000,1.000000000000000,0.000000000000000,0.000000000000000,25/61,0.000000000000000,0.000000000000000,0.000000000000000,0.000000000000000,0.000000000000000,0.020833333333300,0.000000000000000,0.000000000000000,On row too close,{4198E231-15E3-46E7-9831-3C64A3F54E24},10/06/2025 0:00:00, ,10/06/2025 0:00:00,ScarlettMichelle,No,No,3.000000000000000,Roy Trustee 2022 Ltd,Forest View Contracting
{B96E3F40-5C57-474D-BD61-0BE995B0702E},36.000000000000000,5/11.31,41.000000000000000,1025.000000000000000,Yes,0.000000000000000,3.000000000000000,0.000000000000000,2.000000000000000,0.000000000000000,0.000000000000000,0.000000000000000,0.000000000000000,25/61,0.000000000000000,0.073170731707300,0.000000000000000,0.048780487804900,0.000000000000000,0.000000000000000,0.000000000000000,0.000000000000000,Damage due to can ams,{4198E231-15E3-46E7-9831-3C64A3F54E24},10/06/2025 0:00:00, ,10/06/2025 0:00:00,ScarlettMichelle,No, ,5.000000000000000,Roy Trustee 2022 Ltd,Forest View Contracting
{7B36EB3C-1F02-4C5E-8C4C-0A35784AB8FA},8.000000000000000,10/11.37,40.000000000000000,1000.000000000000000,Yes,1.000000000000000,0.000000000000000,0.000000000000000,1.000000000000000,0.000000000000000,0.000000000000000,0.000000000000000,0.000000000000000,25/61,0.025000000000000,0.000000000000000,0.000000000000000,0.025000000000000,0.000000000000000,0.000000000000000,0.000000000000000,0.000000000000000, ,{4198E231-15E3-46E7-9831-3C64A3F54E24},10/06/2025 0:00:00, ,10/06/2025 0:00:00,ScarlettMichelle,No, ,2.000000000000000,Roy Trustee 2022 Ltd,Forest View Contracting
{D779FF12-F980-4EEB-8BEC-909BCA646C2F},4.000000000000000,5/11.31,43.000000000000000,1075.000000000000000,No,0.000000000000000,0.000000000000000,0.000000000000000,0.000000000000000,0.000000000000000,0.000000000000000,0.000000000000000,0.000000000000000,25/61,0.000000000000000,0.000000000000000,0.000000000000000,0.000000000000000,0.000000000000000,0.000000000000000,0.000000000000000,0.000000000000000, ,{4198E231-15E3-46E7-9831-3C64A3F54E24},10/06/2025 0:00:00, ,10/06/2025 0:00:00,ScarlettMichelle,No, ,0.000000000000000,Roy Trustee 2022 Ltd,Forest View Contracting
{60BCC84F-DA7C-46ED-8F30-09930135072A},10.000000000000000,20/11.64,39.000000000000000,975.000000000000000,No,0.000000000000000,0.000000000000000,0.000000000000000,0.000000000000000,0.000000000000000,0.000000000000000,0.000000000000000,0.000000000000000,25/61,0.000000000000000,0.000000000000000,0.000000000000000,0.000000000000000,0.000000000000000,0.000000000000000,0.000000000000000,0.000000000000000, ,{4198E231-15E3-46E7-9831-3C64A3F54E24},10/06/2025 0:00:00, ,10/06/2025 0:00:00,ScarlettMichelle,No, ,0.000000000000000,Roy Trustee 2022 Ltd,Forest View Contracting
{6BC2420F-4BCF-4AA4-A739-6858683AABDA},24.000000000000000,20/11.64,39.000000000000000,975.000000000000000,Yes,0.000000000000000,2.000000000000000,0.000000000000000,0.000000000000000,0.000000000000000,1.000000000000000,0.000000000000000,0.000000000000000,25/61,0.000000000000000,0.051282051282100,0.000000000000000,0.000000000000000,0.000000000000000,0.025641025641000,0.000000000000000,0.000000000000000, ,{4198E231-15E3-46E7-9831-3C64A3F54E24},10/06/2025 0:00:00, ,10/06/2025 0:00:00,ScarlettMichelle,No, ,5.000000000000000,Roy Trustee 2022 Ltd,Forest View Contracting
{AC2FB3FE-3090-4E26-AA20-D6832501F872},40.000000000000000,5/11.31,39.000000000000000,975.000000000000000,No,0.000000000000000,0.000000000000000,0.000000000000000,0.000000000000000,0.000000000000000,0.000000000000000,0.000000000000000,0.000000000000000,25/61,0.000000000000000,0.000000000000000,0.000000000000000,0.000000000000000,0.000000000000000,0.000000000000000,0.000000000000000,0.000000000000000, ,{4198E231-15E3-46E7-9831-3C64A3F54E24},10/06/2025 0:00:00, ,10/06/2025 0:00:00,ScarlettMichelle,No, ,0.000000000000000,Roy Trustee 2022 Ltd,Forest View Contracting
{A66164EC-9ECD-4E70-86F5-8E310E404C89},26.000000000000000,20/11.64,42.000000000000000,1050.000000000000000,Yes,1.000000000000000,0.000000000000000,0.000000000000000,1.000000000000000,0.000000000000000,0.000000000000000,0.000000000000000,0.000000000000000,25/61,0.023809523809500,0.000000000000000,0.000000000000000,0.023809523809500,0.000000000000000,0.000000000000000,0.000000000000000,0.000000000000000, ,{4198E231-15E3-46E7-9831-3C64A3F54E24},10/06/2025 0:00:00, ,10/06/2025 0:00:00,ScarlettMichelle,No, ,2.000000000000000,Roy Trustee 2022 Ltd,Forest View Contracting
{9D505E2A-3A1B-4E03-898D-3EDE32A4E884},28.000000000000000,20/11.64,44.000000000000000,1100.000000000000000,No,0.000000000000000,0.000000000000000,0.000000000000000,0.000000000000000,0.000000000000000,0.000000000000000,0.000000000000000,0.000000000000000,25/61,0.000000000000000,0.000000000000000,0.000000000000000,0.000000000000000,0.000000000000000,0.000000000000000,0.000000000000000,0.000000000000000, ,{4198E231-15E3-46E7-9831-3C64A3F54E24},10/06/2025 0:00:00, ,10/06/2025 0:00:00,ScarlettMichelle,No, ,0.000000000000000,Roy Trustee 2022 Ltd,Forest View Contracting
{E8388CB5-BB0F-4968-B898-9DA9D4E43483},42.000000000000000,15/11.48,41.000000000000000,1025.000000000000000,Yes,0.000000000000000,0.000000000000000,0.000000000000000,1.000000000000000,0.000000000000000,1.000000000000000,0.000000000000000,0.000000000000000,25/61,0.000000000000000,0.000000000000000,0.000000000000000,0.024390243902400,0.000000000000000,0.024390243902400,0.000000000000000,0.000000000000000, ,{4198E231-15E3-46E7-9831-3C64A3F54E24},10/06/2025 0:00:00, ,10/06/2025 0:00:00,ScarlettMichelle,No, ,4.000000000000000,Roy Trustee 2022 Ltd,Forest View Contracting
{2CD17A96-B97A-4BE0-A003-86FA38071CB3},54.000000000000000,10/11.37,37.000000000000000,925.000000000000000,Yes,0.000000000000000,1.000000000000000,0.000000000000000,0.000000000000000,0.000000000000000,0.000000000000000,0.000000000000000,0.000000000000000,25/61,0.000000000000000,0.027027027027000,0.000000000000000,0.000000000000000,0.000000000000000,0.000000000000000,0.000000000000000,0.000000000000000, ,{4198E231-15E3-46E7-9831-3C64A3F54E24},10/06/2025 0:00:00, ,10/06/2025 0:00:00,ScarlettMichelle,No, ,1.000000000000000,Roy Trustee 2022 Ltd,Forest View Contracting
{67AB066E-5CD4-4F02-906E-37978B234ECA},52.000000000000000,15/11.48,38.000000000000000,950.000000000000000,Yes,0.000000000000000,1.000000000000000,0.000000000000000,0.000000000000000,0.000000000000000,0.000000000000000,0.000000000000000,0.000000000000000,25/61,0.000000000000000,0.026315789473700,0.000000000000000,0.000000000000000,0.000000000000000,0.000000000000000,0.000000000000000,0.000000000000000, ,{4198E231-15E3-46E7-9831-3C64A3F54E24},10/06/2025 0:00:00, ,10/06/2025 0:00:00,ScarlettMichelle,No, ,1.000000000000000,Roy Trustee 2022 Ltd,Forest View Contracting
{592FDAC3-4B49-4257-B5E2-550BCF284517},74.000000000000000,15/11.48,41.000000000000000,1025.000000000000000,No,0.000000000000000,0.000000000000000,0.000000000000000,0.000000000000000,0.000000000000000,0.000000000000000,0.000000000000000,0.000000000000000,25/61,0.000000000000000,0.000000000000000,0.000000000000000,0.000000000000000,0.000000000000000,0.000000000000000,0.000000000000000,0.000000000000000, ,{4198E231-15E3-46E7-9831-3C64A3F54E24},10/06/2025 0:00:00, ,10/06/2025 0:00:00,ScarlettMichelle,No, ,0.000000000000000,Roy Trustee 2022 Ltd,Forest View Contracting
{A884DEA7-9919-4115-852E-D3AC9DBBDAE3},2088.000000000000000,15/11.48,40.000000000000000,1000.000000000000000,Yes,0.000000000000000,1.000000000000000,0.000000000000000,0.000000000000000,0.000000000000000,0.000000000000000,0.000000000000000,0.000000000000000,25/7,0.000000000000000,0.000000000000000,0.000000000000000,0.000000000000000,0.000000000000000,0.000000000000000,0.000000000000000,0.000000000000000, ,{5C3AC1B8-980E-496F-8834-81595FC00BC6},10/06/2025 0:00:00, ,15/06/2025 0:00:00,ScarlettMichelle,No, ,0.000000000000000,Roy Trustee 2022 Ltd,Johnson Forestry Services
{B95C3305-C074-4356-AA75-FF98AB2635FE},2130.000000000000000,10/11.37,46.000000000000000,1150.000000000000000,Yes,0.000000000000000,0.000000000000000,0.000000000000000,0.000000000000000,0.000000000000000,0.000000000000000,0.000000000000000,1.000000000000000,25/7,0.000000000000000,0.000000000000000,0.000000000000000,0.000000000000000,0.000000000000000,0.000000000000000,0.000000000000000,0.000000000000000, ,{5C3AC1B8-980E-496F-8834-81595FC00BC6},10/06/2025 0:00:00, ,15/06/2025 0:00:00,ScarlettMichelle,No,No,0.000000000000000,Roy Trustee 2022 Ltd,Johnson Forestry Services
{028ABC74-49A7-498B-A3D7-3D816A02B8B1},2116.000000000000000,20/11.64,42.000000000000000,1050.000000000000000,Yes,0.000000000000000,0.000000000000000,1.000000000000000,0.000000000000000,0.000000000000000,0.000000000000000,0.000000000000000,0.000000000000000,25/7,0.000000000000000,0.000000000000000,0.000000000000000,0.000000000000000,0.000000000000000,0.000000000000000,0.000000000000000,0.000000000000000, ,{5C3AC1B8-980E-496F-8834-81595FC00BC6},10/06/2025 0:00:00, ,15/06/2025 0:00:00,ScarlettMichelle,No, ,0.000000000000000,Roy Trustee 2022 Ltd,Johnson Forestry Services
{0E04DB7F-D31D-403A-AFA5-A4B19A981E4B},2122.000000000000000,35/12.50,39.000000000000000,975.000000000000000,Yes,0.000000000000000,0.000000000000000,2.000000000000000,0.000000000000000,0.000000000000000,0.000000000000000,1.000000000000000,0.000000000000000,25/7,0.000000000000000,0.000000000000000,0.051282051282100,0.000000000000000,0.000000000000000,0.000000000000000,0.025641025641000,0.000000000000000,Found culpret and line reworked immediately,{25B514FC-4819-420F-9B7D-60F18D3D3192},10/06/2025 0:00:00, ,10/06/2025 0:00:00, ,No,Yes,9.000000000000000,Roy Trustee 2022 Ltd,Johnson Forestry Services
{6E66D341-38E4-4FC3-86B6-B5DFBC8069CA},2146.000000000000000,30/12.13,42.000000000000000,1050.000000000000000,Yes,0.000000000000000,0.000000000000000,0.000000000000000,0.000000000000000,0.000000000000000,0.000000000000000,4.000000000000000,0.000000000000000,25/7,0.000000000000000,0.000000000000000,0.000000000000000,0.000000000000000,0.000000000000000,0.000000000000000,0.095238095238100,0.000000000000000,Sent back and fixed straight away,{25B514FC-4819-420F-9B7D-60F18D3D3192},10/06/2025 0:00:00, ,10/06/2025 0:00:00, ,No,Yes,12.000000000000000,Roy Trustee 2022 Ltd,Johnson Forestry Services
{A7A8DEE5-6E17-4A25-991B-2B2D0F6A80AE},2108.000000000000000,15/11.48,36.000000000000000,900.000000000000000,No,0.000000000000000,0.000000000000000,0.000000000000000,0.000000000000000,0.000000000000000,0.000000000000000,0.000000000000000,0.000000000000000,25/7,0.000000000000000,0.000000000000000,0.000000000000000,0.000000000000000,0.000000000000000,0.000000000000000,0.000000000000000,0.000000000000000, ,{25B514FC-4819-420F-9B7D-60F18D3D3192},10/06/2025 0:00:00, ,10/06/2025 0:00:00, ,No, ,0.000000000000000,Roy Trustee 2022 Ltd,Johnson Forestry Services
{825B0B85-9EC6-4860-8CD7-CC280EF075B1},2136.000000000000000,25/11.85,43.000000000000000,1075.000000000000000,Yes,1.000000000000000,0.000000000000000,2.000000000000000,0.000000000000000,1.000000000000000,0.000000000000000,0.000000000000000,0.000000000000000,25/7,0.023255813953500,0.000000000000000,0.046511627907000,0.000000000000000,0.023255813953500,0.000000000000000,0.000000000000000,0.000000000000000, ,{25B514FC-4819-420F-9B7D-60F18D3D3192},10/06/2025 0:00:00, ,10/06/2025 0:00:00, ,No,Yes,10.000000000000000,Roy Trustee 2022 Ltd,Johnson Forestry Services
{FEE9F9E3-F5DB-4A15-8B0F-36C2D52529B9},246.000000000000000,20/11.64,38.000000000000000,950.000000000000000,Yes,0.000000000000000,0.000000000000000,0.000000000000000,0.000000000000000,0.000000000000000,1.000000000000000,1.000000000000000,0.000000000000000,25/55,0.000000000000000,0.000000000000000,0.000000000000000,0.000000000000000,0.000000000000000,0.026315789473700,0.026315789473700,0.000000000000000,Some lines hard to follow in crop,{B7F9E911-9C42-4657-8FE8-E9C08936B48A},10/06/2025 0:00:00, ,10/06/2025 0:00:00, ,No, ,6.000000000000000,Roy Trustee 2022 Ltd,Proforest
{A0990FDA-5908-44DB-949F-EA2049AF3100},240.000000000000000,20/11.64,34.000000000000000,850.000000000000000,Yes,0.000000000000000,1.000000000000000,0.000000000000000,0.000000000000000,0.000000000000000,0.000000000000000,0.000000000000000,1.000000000000000,25/55,0.000000000000000,0.029411764705900,0.000000000000000,0.000000000000000,0.000000000000000,0.000000000000000,0.000000000000000,0.029411764705900,Rocks and matagouri nearby taking a couple trees out of plot,{B7F9E911-9C42-4657-8FE8-E9C08936B48A},10/06/2025 0:00:00, ,10/06/2025 0:00:00, ,No,No,4.000000000000000,Roy Trustee 2022 Ltd,Proforest
{5A922990-D2D4-4A20-B599-988D39B981E2},236.000000000000000,15/11.48,36.000000000000000,900.000000000000000,Yes,0.000000000000000,1.000000000000000,1.000000000000000,0.000000000000000,0.000000000000000,0.000000000000000,0.000000000000000,0.000000000000000,25/55,0.000000000000000,0.027777777777800,0.027777777777800,0.000000000000000,0.000000000000000,0.000000000000000,0.000000000000000,0.000000000000000, ,{B7F9E911-9C42-4657-8FE8-E9C08936B48A},10/06/2025 0:00:00, ,10/06/2025 0:00:00, ,No, ,4.000000000000000,Roy Trustee 2022 Ltd,Proforest
{6F066FAC-F0EB-41AB-BEE8-E17D43B3AF0C},234.000000000000000,15/11.48,35.000000000000000,875.000000000000000,Yes,0.000000000000000,0.000000000000000,1.000000000000000,0.000000000000000,1.000000000000000,0.000000000000000,0.000000000000000,0.000000000000000,25/55,0.000000000000000,0.000000000000000,0.028571428571400,0.000000000000000,0.028571428571400,0.000000000000000,0.000000000000000,0.000000000000000,2 wide lines in plot,{B7F9E911-9C42-4657-8FE8-E9C08936B48A},10/06/2025 0:00:00, ,10/06/2025 0:00:00, ,No,No,6.000000000000000,Roy Trustee 2022 Ltd,Proforest
{7F333169-B6E3-4FD7-BB96-858798A7D2C9},232.000000000000000,20/11.64,36.000000000000000,900.000000000000000,Yes,1.000000000000000,1.000000000000000,0.000000000000000,0.000000000000000,0.000000000000000,1.000000000000000,0.000000000000000,0.000000000000000,25/55,0.027777777777800,0.027777777777800,0.000000000000000,0.000000000000000,0.000000000000000,0.027777777777800,0.000000000000000,0.000000000000000, ,{B7F9E911-9C42-4657-8FE8-E9C08936B48A},10/06/2025 0:00:00, ,10/06/2025 0:00:00, ,No, ,5.000000000000000,Roy Trustee 2022 Ltd,Proforest
{1F2CD3CB-E3B0-46DE-82E5-9E19086F4B43},1202.000000000000000,15/11.48,37.000000000000000,925.000000000000000,Yes,0.000000000000000,2.000000000000000,0.000000000000000,0.000000000000000,0.000000000000000,0.000000000000000,0.000000000000000,0.000000000000000,25/64,0.000000000000000,0.054054054054100,0.000000000000000,0.000000000000000,0.000000000000000,0.000000000000000,0.000000000000000,0.000000000000000,Good,{417500EB-A386-44C4-A1B3-4B9652B9877D},10/06/2025 0:00:00, ,10/06/2025 0:00:00, ,No, ,2.000000000000000,Roy Trustee 2022 Ltd,Proforest
{DF6481FE-F605-41FC-B22A-FAD6C1FC9F67},1214.000000000000000,15/11.48,0.000000000000000,0.000000000000000,Yes,0.000000000000000,2.000000000000000,0.000000000000000,0.000000000000000,0.000000000000000,0.000000000000000,0.000000000000000,0.000000000000000,25/64,0.000000000000000,0.000000000000000,0.000000000000000,0.000000000000000,0.000000000000000,0.000000000000000,0.000000000000000,0.000000000000000, ,{417500EB-A386-44C4-A1B3-4B9652B9877D},10/06/2025 0:00:00, ,10/06/2025 0:00:00, ,No, ,2.000000000000000,Roy Trustee 2022 Ltd,Proforest
{E8E95A7F-CB58-4823-B0B4-721517537B32},1188.000000000000000,15/11.48,36.000000000000000,900.000000000000000,Yes,0.000000000000000,2.000000000000000,1.000000000000000,0.000000000000000,0.000000000000000,0.000000000000000,0.000000000000000,0.000000000000000,25/64,0.000000000000000,0.055555555555600,0.027777777777800,0.000000000000000,0.000000000000000,0.000000000000000,0.000000000000000,0.000000000000000, ,{417500EB-A386-44C4-A1B3-4B9652B9877D},10/06/2025 0:00:00, ,10/06/2025 0:00:00, ,No, ,5.000000000000000,Roy Trustee 2022 Ltd,Proforest
{7A16DF30-7E13-4D0F-984E-177F98C4715E},1186.000000000000000,15/11.48,37.000000000000000,925.000000000000000,Yes,0.000000000000000,2.000000000000000,0.000000000000000,0.000000000000000,0.000000000000000,0.000000000000000,1.000000000000000,0.000000000000000,25/64,0.000000000000000,0.054054054054100,0.000000000000000,0.000000000000000,0.000000000000000,0.000000000000000,0.027027027027000,0.000000000000000, ,{417500EB-A386-44C4-A1B3-4B9652B9877D},10/06/2025 0:00:00, ,10/06/2025 0:00:00, ,No, ,5.000000000000000,Roy Trustee 2022 Ltd,Proforest
{C485FD02-54A3-4A3F-B75E-E8A546BAAC83},1200.000000000000000,20/11.64,37.000000000000000,925.000000000000000,Yes,1.000000000000000,2.000000000000000,0.000000000000000,0.000000000000000,0.000000000000000,0.000000000000000,0.000000000000000,0.000000000000000,25/64,0.027027027027000,0.054054054054100,0.000000000000000,0.000000000000000,0.000000000000000,0.000000000000000,0.000000000000000,0.000000000000000, ,{417500EB-A386-44C4-A1B3-4B9652B9877D},10/06/2025 0:00:00, ,10/06/2025 0:00:00, ,No, ,3.000000000000000,Roy Trustee 2022 Ltd,Proforest
{A4CF57D9-A2D7-4672-BA4E-A12ED06F1A7B},1210.000000000000000,20/11.64,37.000000000000000,925.000000000000000,Yes,2.000000000000000,1.000000000000000,0.000000000000000,0.000000000000000,0.000000000000000,0.000000000000000,0.000000000000000,0.000000000000000,25/64,0.054054054054100,0.027027027027000,0.000000000000000,0.000000000000000,0.000000000000000,0.000000000000000,0.000000000000000,0.000000000000000, ,{417500EB-A386-44C4-A1B3-4B9652B9877D},10/06/2025 0:00:00, ,10/06/2025 0:00:00, ,No, ,3.000000000000000,Roy Trustee 2022 Ltd,Proforest
{25375EA6-6F3D-48FC-9C4F-BCD638E4E63A},1194.000000000000000,25/11.85,41.000000000000000,1025.000000000000000,Yes,0.000000000000000,1.000000000000000,0.000000000000000,0.000000000000000,0.000000000000000,1.000000000000000,0.000000000000000,0.000000000000000,25/64,0.000000000000000,0.024390243902400,0.000000000000000,0.000000000000000,0.000000000000000,0.024390243902400,0.000000000000000,0.000000000000000,Overall good,{417500EB-A386-44C4-A1B3-4B9652B9877D},10/06/2025 0:00:00, ,10/06/2025 0:00:00, ,No, ,4.000000000000000,Roy Trustee 2022 Ltd,Proforest
{F7C2F507-CE84-482E-B281-B3CD2231FEC2},1180.000000000000000,15/11.48,40.000000000000000,1000.000000000000000,Yes,0.000000000000000,1.000000000000000,0.000000000000000,0.000000000000000,1.000000000000000,0.000000000000000,0.000000000000000,0.000000000000000,25/64,0.000000000000000,0.025000000000000,0.000000000000000,0.000000000000000,0.025000000000000,0.000000000000000,0.000000000000000,0.000000000000000,Long roots exposed,{417500EB-A386-44C4-A1B3-4B9652B9877D},10/06/2025 0:00:00, ,10/06/2025 0:00:00, ,No, ,4.000000000000000,Roy Trustee 2022 Ltd,Proforest
{60989CC9-6BC6-48A2-B684-D8B75CC0389D},1192.000000000000000,25/11.85,43.000000000000000,1075.000000000000000,Yes,0.000000000000000,0.000000000000000,0.000000000000000,0.000000000000000,1.000000000000000,0.000000000000000,1.000000000000000,0.000000000000000,25/64,0.000000000000000,0.000000000000000,0.000000000000000,0.000000000000000,0.023255813953500,0.000000000000000,0.023255813953500,0.000000000000000, ,{417500EB-A386-44C4-A1B3-4B9652B9877D},10/06/2025 0:00:00, ,10/06/2025 0:00:00, ,No, ,6.000000000000000,Roy Trustee 2022 Ltd,Proforest
{ECAB6D43-0FFE-4787-899B-BBEA7DC253AA},1178.000000000000000,30/12.13,39.000000000000000,975.000000000000000,Yes,0.000000000000000,0.000000000000000,0.000000000000000,0.000000000000000,0.000000000000000,2.000000000000000,0.000000000000000,0.000000000000000,25/64,0.000000000000000,0.000000000000000,0.000000000000000,0.000000000000000,0.000000000000000,0.051282051282100,0.000000000000000,0.000000000000000,Rocky in places,{417500EB-A386-44C4-A1B3-4B9652B9877D},10/06/2025 0:00:00, ,10/06/2025 0:00:00, ,No, ,6.000000000000000,Roy Trustee 2022 Ltd,Proforest
{0291EF0F-A2EF-46C7-8B19-01385AC9B404},1182.000000000000000,20/11.64,37.000000000000000,925.000000000000000,No,0.000000000000000,0.000000000000000,0.000000000000000,0.000000000000000,0.000000000000000,0.000000000000000,0.000000000000000,0.000000000000000,25/64,0.000000000000000,0.000000000000000,0.000000000000000,0.000000000000000,0.000000000000000,0.000000000000000,0.000000000000000,0.000000000000000,Very good,{417500EB-A386-44C4-A1B3-4B9652B9877D},10/06/2025 0:00:00, ,10/06/2025 0:00:00, ,No, ,0.000000000000000,Roy Trustee 2022 Ltd,Proforest
{822FA12D-BD17-45F5-8D52-9F46A7B594E1},2756.000000000000000,10/11.37,36.000000000000000,900.000000000000000,Yes,0.000000000000000,0.000000000000000,1.000000000000000,0.000000000000000,0.000000000000000,0.000000000000000,0.000000000000000,1.000000000000000,25/7,0.000000000000000,0.000000000000000,0.000000000000000,0.000000000000000,0.000000000000000,0.000000000000000,0.000000000000000,0.000000000000000,"
Very wet and swampy",{7ABC071C-9ED0-46BA-8B75-A4E007F6D352},11/06/2025 0:00:00, ,15/06/2025 0:00:00,ScarlettMichelle,No, ,0.000000000000000,Roy Trustee 2022 Ltd,Johnson Forestry Services
{BE6B0E05-80D0-4315-A25A-A194F07023FC},2136.000000000000000,10/11.37,37.000000000000000,925.000000000000000,Yes,0.000000000000000,0.000000000000000,1.000000000000000,0.000000000000000,0.000000000000000,0.000000000000000,0.000000000000000,0.000000000000000,25/7,0.000000000000000,0.000000000000000,0.027027027027000,0.000000000000000,0.000000000000000,0.000000000000000,0.000000000000000,0.000000000000000, ,{7ABC071C-9ED0-46BA-8B75-A4E007F6D352},11/06/2025 0:00:00, ,15/06/2025 0:00:00,ScarlettMichelle,No, ,3.000000000000000,Roy Trustee 2022 Ltd,Johnson Forestry Services
{7FCC270F-0B7A-46FE-961D-40FD5C28A9E5},2154.000000000000000,10/11.37,42.000000000000000,1050.000000000000000,Yes,0.000000000000000,0.000000000000000,1.000000000000000,0.000000000000000,0.000000000000000,0.000000000000000,0.000000000000000,0.000000000000000,25/7,0.000000000000000,0.000000000000000,0.023809523809500,0.000000000000000,0.000000000000000,0.000000000000000,0.000000000000000,0.000000000000000, ,{7ABC071C-9ED0-46BA-8B75-A4E007F6D352},11/06/2025 0:00:00, ,15/06/2025 0:00:00,ScarlettMichelle,No, ,3.000000000000000,Roy Trustee 2022 Ltd,Johnson Forestry Services
{727ABBE9-C279-4D06-9583-4E729C18402C},2148.000000000000000,15/11.48,42.000000000000000,1050.000000000000000,Yes,0.000000000000000,0.000000000000000,2.000000000000000,0.000000000000000,0.000000000000000,0.000000000000000,0.000000000000000,0.000000000000000,25/7,0.000000000000000,0.000000000000000,0.023809523809500,0.000000000000000,0.000000000000000,0.000000000000000,0.000000000000000,0.000000000000000, ,{7ABC071C-9ED0-46BA-8B75-A4E007F6D352},11/06/2025 0:00:00, ,15/06/2025 0:00:00,ScarlettMichelle,No, ,3.000000000000000,Roy Trustee 2022 Ltd,Johnson Forestry Services
{141244E2-92C5-40E6-AA14-D9FE2523B4A1},2084.000000000000000,15/11.48,39.000000000000000,975.000000000000000,No,0.000000000000000,0.000000000000000,0.000000000000000,0.000000000000000,0.000000000000000,0.000000000000000,0.000000000000000,0.000000000000000,25/7,0.000000000000000,0.000000000000000,0.000000000000000,0.000000000000000,0.000000000000000,0.000000000000000,0.000000000000000,0.000000000000000, ,{7ABC071C-9ED0-46BA-8B75-A4E007F6D352},11/06/2025 0:00:00, ,15/06/2025 0:00:00,ScarlettMichelle,No, ,0.000000000000000,Roy Trustee 2022 Ltd,Johnson Forestry Services
{EA73E857-6B9D-4447-9557-CDC47C41C64E},972.000000000000000,15/11.48,41.000000000000000,1025.000000000000000,Yes,0.000000000000000,1.000000000000000,0.000000000000000,0.000000000000000,0.000000000000000,0.000000000000000,0.000000000000000,0.000000000000000,25/70,0.000000000000000,0.024390243902400,0.000000000000000,0.000000000000000,0.000000000000000,0.000000000000000,0.000000000000000,0.000000000000000, ,{0069B830-3E4E-4C33-B331-2667CE7A88AC},11/06/2025 0:00:00, ,11/06/2025 0:00:00, ,No, ,1.000000000000000,Roy Trustee 2022 Ltd,Forest View Contracting
{073EC11E-033E-4F34-A2E8-2BB4E3D65089},976.000000000000000,15/11.48,42.000000000000000,1050.000000000000000,Yes,0.000000000000000,1.000000000000000,0.000000000000000,0.000000000000000,0.000000000000000,0.000000000000000,0.000000000000000,0.000000000000000,25/70,0.000000000000000,0.023809523809500,0.000000000000000,0.000000000000000,0.000000000000000,0.000000000000000,0.000000000000000,0.000000000000000, ,{0069B830-3E4E-4C33-B331-2667CE7A88AC},11/06/2025 0:00:00, ,11/06/2025 0:00:00, ,No, ,1.000000000000000,Roy Trustee 2022 Ltd,Forest View Contracting
{800E5D64-3B3C-4A56-B37B-52ECCD4B7974},992.000000000000000,15/11.48,33.000000000000000,825.000000000000000,No,0.000000000000000,0.000000000000000,0.000000000000000,0.000000000000000,0.000000000000000,0.000000000000000,0.000000000000000,0.000000000000000,25/70,0.000000000000000,0.000000000000000,0.000000000000000,0.000000000000000,0.000000000000000,0.000000000000000,0.000000000000000,0.000000000000000,Low due to boggy area where trees wetent planted,{0069B830-3E4E-4C33-B331-2667CE7A88AC},11/06/2025 0:00:00, ,11/06/2025 0:00:00, ,No,No,0.000000000000000,Roy Trustee 2022 Ltd,Forest View Contracting
{2925840E-D723-4C62-9E9F-F83EFAC85C36},974.000000000000000,15/11.48,39.000000000000000,975.000000000000000,Yes,0.000000000000000,0.000000000000000,0.000000000000000,0.000000000000000,0.000000000000000,1.000000000000000,0.000000000000000,0.000000000000000,25/70,0.000000000000000,0.000000000000000,0.000000000000000,0.000000000000000,0.000000000000000,0.025641025641000,0.000000000000000,0.000000000000000, ,{0069B830-3E4E-4C33-B331-2667CE7A88AC},11/06/2025 0:00:00, ,11/06/2025 0:00:00, ,No, ,3.000000000000000,Roy Trustee 2022 Ltd,Forest View Contracting
{8A280838-76AE-4593-938D-EF0869EECC22},1008.000000000000000,5/11.31,39.000000000000000,975.000000000000000,Yes,0.000000000000000,0.000000000000000,0.000000000000000,0.000000000000000,0.000000000000000,1.000000000000000,0.000000000000000,0.000000000000000,25/70,0.000000000000000,0.000000000000000,0.000000000000000,0.000000000000000,0.000000000000000,0.025641025641000,0.000000000000000,0.000000000000000,Moved due to waterway,{0069B830-3E4E-4C33-B331-2667CE7A88AC},11/06/2025 0:00:00, ,11/06/2025 0:00:00, ,No, ,3.000000000000000,Roy Trustee 2022 Ltd,Forest View Contracting
{B7A42703-FA22-486B-B320-3FFA457A227F},1012.000000000000000,15/11.48,42.000000000000000,1050.000000000000000,No,0.000000000000000,0.000000000000000,0.000000000000000,0.000000000000000,0.000000000000000,0.000000000000000,0.000000000000000,0.000000000000000,25/70,0.000000000000000,0.000000000000000,0.000000000000000,0.000000000000000,0.000000000000000,0.000000000000000,0.000000000000000,0.000000000000000, ,{0069B830-3E4E-4C33-B331-2667CE7A88AC},11/06/2025 0:00:00, ,11/06/2025 0:00:00, ,No, ,0.000000000000000,Roy Trustee 2022 Ltd,Forest View Contracting
{135155FA-C04A-417C-92CD-7A1F995985CE},996.000000000000000,20/11.64,44.000000000000000,1100.000000000000000,No,0.000000000000000,0.000000000000000,0.000000000000000,0.000000000000000,0.000000000000000,0.000000000000000,0.000000000000000,0.000000000000000,25/70,0.000000000000000,0.000000000000000,0.000000000000000,0.000000000000000,0.000000000000000,0.000000000000000,0.000000000000000,0.000000000000000,Moved to get behind the planters,{0069B830-3E4E-4C33-B331-2667CE7A88AC},11/06/2025 0:00:00, ,11/06/2025 0:00:00, ,No, ,0.000000000000000,Roy Trustee 2022 Ltd,Forest View Contracting
{B4D72915-EC7C-4AA0-BF14-DAB6D5ED8A17},978.000000000000000,10/11.37,39.000000000000000,975.000000000000000,Yes,0.000000000000000,0.000000000000000,0.000000000000000,0.000000000000000,0.000000000000000,1.000000000000000,0.000000000000000,0.000000000000000,25/70,0.000000000000000,0.000000000000000,0.000000000000000,0.000000000000000,0.000000000000000,0.025641025641000,0.000000000000000,0.000000000000000, ,{0069B830-3E4E-4C33-B331-2667CE7A88AC},11/06/2025 0:00:00, ,11/06/2025 0:00:00, ,No, ,3.000000000000000,Roy Trustee 2022 Ltd,Forest View Contracting
{6C10AAB8-89B8-46A2-A9CC-0CEE9C358EAF},1056.000000000000000,25/11.85,52.000000000000000,1300.000000000000000,Yes,0.000000000000000,1.000000000000000,0.000000000000000,0.000000000000000,0.000000000000000,0.000000000000000,0.000000000000000,0.000000000000000,25/70,0.000000000000000,0.019230769230800,0.000000000000000,0.000000000000000,0.000000000000000,0.000000000000000,0.000000000000000,0.000000000000000,"Contractor not here to rework, and too late to pull planta up again.",{FBCE1748-6A98-41A3-93D9-D05BAC391D9F},11/06/2025 0:00:00, ,11/06/2025 0:00:00, ,No,No,1.000000000000000,Roy Trustee 2022 Ltd,GD Rural Skills Limited
{6CCC2649-BFE4-48EF-AF83-4C57260B644A},1058.000000000000000,20/11.64,44.000000000000000,1100.000000000000000,Yes,0.000000000000000,1.000000000000000,0.000000000000000,0.000000000000000,0.000000000000000,2.000000000000000,0.000000000000000,0.000000000000000,25/70,0.000000000000000,0.022727272727300,0.000000000000000,0.000000000000000,0.000000000000000,0.045454545454500,0.000000000000000,0.000000000000000,Some trees not dug in deep enough and roots on angle,{FBCE1748-6A98-41A3-93D9-D05BAC391D9F},11/06/2025 0:00:00, ,11/06/2025 0:00:00, ,No,No,7.000000000000000,Roy Trustee 2022 Ltd,GD Rural Skills Limited
{8789910A-699A-401A-87CF-9411DC8F171C},1060.000000000000000,20/11.64,45.000000000000000,1125.000000000000000,Yes,0.000000000000000,1.000000000000000,0.000000000000000,0.000000000000000,0.000000000000000,1.000000000000000,0.000000000000000,0.000000000000000,25/70,0.000000000000000,0.022222222222200,0.000000000000000,0.000000000000000,0.000000000000000,0.022222222222200,0.000000000000000,0.000000000000000, ,{FBCE1748-6A98-41A3-93D9-D05BAC391D9F},11/06/2025 0:00:00, ,11/06/2025 0:00:00, ,No,No,4.000000000000000,Roy Trustee 2022 Ltd,GD Rural Skills Limited
{76241CB0-2D70-449C-84B4-A77AD3D3959B},1010.000000000000000,10/11.37,48.000000000000000,1200.000000000000000,Yes,0.000000000000000,1.000000000000000,1.000000000000000,0.000000000000000,0.000000000000000,0.000000000000000,0.000000000000000,0.000000000000000,25/70,0.000000000000000,0.020833333333300,0.020833333333300,0.000000000000000,0.000000000000000,0.000000000000000,0.000000000000000,0.000000000000000,High stocking again,{FBCE1748-6A98-41A3-93D9-D05BAC391D9F},11/06/2025 0:00:00, ,11/06/2025 0:00:00, ,No,No,4.000000000000000,Roy Trustee 2022 Ltd,GD Rural Skills Limited
{81764F9B-164F-44FC-A1BE-7F71E1883927},994.000000000000000,15/11.48,42.000000000000000,1050.000000000000000,Yes,1.000000000000000,2.000000000000000,0.000000000000000,0.000000000000000,0.000000000000000,0.000000000000000,0.000000000000000,0.000000000000000,25/70,0.023809523809500,0.047619047619000,0.000000000000000,0.000000000000000,0.000000000000000,0.000000000000000,0.000000000000000,0.000000000000000, ,{FBCE1748-6A98-41A3-93D9-D05BAC391D9F},11/06/2025 0:00:00, ,11/06/2025 0:00:00, ,No, ,3.000000000000000,Roy Trustee 2022 Ltd,GD Rural Skills Limited
{F5328F43-AE5F-4985-8A1E-5A528D3D6FA0},1024.000000000000000,5/11.31,37.000000000000000,925.000000000000000,Yes,1.000000000000000,3.000000000000000,0.000000000000000,0.000000000000000,0.000000000000000,0.000000000000000,0.000000000000000,0.000000000000000,25/70,0.027027027027000,0.081081081081100,0.000000000000000,0.000000000000000,0.000000000000000,0.000000000000000,0.000000000000000,0.000000000000000, ,{FBCE1748-6A98-41A3-93D9-D05BAC391D9F},11/06/2025 0:00:00, ,11/06/2025 0:00:00, ,No, ,4.000000000000000,Roy Trustee 2022 Ltd,GD Rural Skills Limited
{BA2BE1F0-5B74-4FE8-ABC2-B50E99FD186E},80.000000000000000,5/11.31,36.000000000000000,900.000000000000000,Yes,0.000000000000000,1.000000000000000,0.000000000000000,0.000000000000000,0.000000000000000,0.000000000000000,0.000000000000000,0.000000000000000,25/61,0.000000000000000,0.027777777777800,0.000000000000000,0.000000000000000,0.000000000000000,0.000000000000000,0.000000000000000,0.000000000000000, ,{11165408-DFD5-454D-88F2-B6DD243F960A},11/06/2025 0:00:00, ,11/06/2025 0:00:00, ,No, ,1.000000000000000,Roy Trustee 2022 Ltd,Forest View Contracting
{D2EB8C68-9A67-4107-BC90-F0927A2136D4},84.000000000000000,10/11.37,41.000000000000000,1025.000000000000000,No,0.000000000000000,0.000000000000000,0.000000000000000,0.000000000000000,0.000000000000000,0.000000000000000,0.000000000000000,0.000000000000000,25/61,0.000000000000000,0.000000000000000,0.000000000000000,0.000000000000000,0.000000000000000,0.000000000000000,0.000000000000000,0.000000000000000, ,{11165408-DFD5-454D-88F2-B6DD243F960A},11/06/2025 0:00:00, ,11/06/2025 0:00:00, ,No, ,0.000000000000000,Roy Trustee 2022 Ltd,Forest View Contracting
{D773DB40-2B38-40D5-851E-392B3983E39B},82.000000000000000,5/11.31,38.000000000000000,950.000000000000000,No,0.000000000000000,0.000000000000000,0.000000000000000,0.000000000000000,0.000000000000000,0.000000000000000,0.000000000000000,0.000000000000000,25/61,0.000000000000000,0.000000000000000,0.000000000000000,0.000000000000000,0.000000000000000,0.000000000000000,0.000000000000000,0.000000000000000, ,{11165408-DFD5-454D-88F2-B6DD243F960A},11/06/2025 0:00:00, ,11/06/2025 0:00:00, ,No, ,0.000000000000000,Roy Trustee 2022 Ltd,Forest View Contracting
{11CE3900-F2AE-494D-A28C-638B5FF30E76},82.000000000000000,5/11.31,38.000000000000000,950.000000000000000,Yes,0.000000000000000,0.000000000000000,0.000000000000000,0.000000000000000,0.000000000000000,2.000000000000000,0.000000000000000,0.000000000000000,25/61,0.000000000000000,0.000000000000000,0.000000000000000,0.000000000000000,0.000000000000000,0.052631578947400,0.000000000000000,0.000000000000000,"One rogue line, going to find out who it is.",{11165408-DFD5-454D-88F2-B6DD243F960A},11/06/2025 0:00:00, ,11/06/2025 0:00:00, ,No, ,6.000000000000000,Roy Trustee 2022 Ltd,Forest View Contracting
{79638049-5B7C-4CCE-AD7B-93DE0F2EACF4},88.000000000000000,5/11.31,38.000000000000000,950.000000000000000,No,0.000000000000000,0.000000000000000,0.000000000000000,0.000000000000000,0.000000000000000,0.000000000000000,0.000000000000000,0.000000000000000,25/61,0.000000000000000,0.000000000000000,0.000000000000000,0.000000000000000,0.000000000000000,0.000000000000000,0.000000000000000,0.000000000000000, ,{11165408-DFD5-454D-88F2-B6DD243F960A},11/06/2025 0:00:00, ,11/06/2025 0:00:00, ,No, ,0.000000000000000,Roy Trustee 2022 Ltd,Forest View Contracting
{D19572B8-7356-4769-9528-8C7CE34B14A6},2106.000000000000000,15/11.48,36.000000000000000,900.000000000000000,Yes,0.000000000000000,0.000000000000000,2.000000000000000,0.000000000000000,0.000000000000000,0.000000000000000,0.000000000000000,0.000000000000000,25/7,0.000000000000000,0.000000000000000,0.055555555555600,0.000000000000000,0.000000000000000,0.000000000000000,0.000000000000000,0.000000000000000,Fence and track in plot,{ABD8B711-A2F3-46A5-9BD2-D95530B734E2},11/06/2025 0:00:00, ,11/06/2025 0:00:00, ,No, ,6.000000000000000,Roy Trustee 2022 Ltd,Johnson Forestry Services
{DDBFECCA-0FC9-4F82-B5A5-9607EC6D221B},2092.000000000000000,10/11.37,36.000000000000000,900.000000000000000,No,0.000000000000000,0.000000000000000,0.000000000000000,0.000000000000000,0.000000000000000,0.000000000000000,0.000000000000000,0.000000000000000,25/7,0.000000000000000,0.000000000000000,0.000000000000000,0.000000000000000,0.000000000000000,0.000000000000000,0.000000000000000,0.000000000000000, ,{ABD8B711-A2F3-46A5-9BD2-D95530B734E2},11/06/2025 0:00:00, ,11/06/2025 0:00:00, ,No, ,0.000000000000000,Roy Trustee 2022 Ltd,Johnson Forestry Services
{FDA32D5C-645E-47E5-A3A8-FC65DFB78D4F},2076.000000000000000,20/11.64,36.000000000000000,900.000000000000000,No,0.000000000000000,0.000000000000000,0.000000000000000,0.000000000000000,0.000000000000000,0.000000000000000,0.000000000000000,0.000000000000000,25/7,0.000000000000000,0.000000000000000,0.000000000000000,0.000000000000000,0.000000000000000,0.000000000000000,0.000000000000000,0.000000000000000, ,{ABD8B711-A2F3-46A5-9BD2-D95530B734E2},11/06/2025 0:00:00, ,11/06/2025 0:00:00, ,No, ,0.000000000000000,Roy Trustee 2022 Ltd,Johnson Forestry Services
{F7CFACA3-29A7-4E84-8248-3E5E4E4ECEDA},2094.000000000000000,20/11.64,47.000000000000000,1175.000000000000000,Yes,0.000000000000000,0.000000000000000,0.000000000000000,0.000000000000000,0.000000000000000,0.000000000000000,6.000000000000000,0.000000000000000,25/7,0.000000000000000,0.000000000000000,0.000000000000000,0.000000000000000,0.000000000000000,0.000000000000000,0.127659574468000,0.000000000000000,Rework required,{ABD8B711-A2F3-46A5-9BD2-D95530B734E2},11/06/2025 0:00:00, ,11/06/2025 0:00:00, ,No,Yes,18.000000000000000,Roy Trustee 2022 Ltd,Johnson Forestry Services
{A6E43A25-D4BC-4FBA-AC72-595AB8CD4710},2100.000000000000000,25/11.85,43.000000000000000,1075.000000000000000,Yes,0.000000000000000,0.000000000000000,1.000000000000000,0.000000000000000,0.000000000000000,0.000000000000000,0.000000000000000,0.000000000000000,25/7,0.000000000000000,0.000000000000000,0.000000000000000,0.000000000000000,0.000000000000000,0.000000000000000,0.000000000000000,0.000000000000000,Long roots,{26A3D399-37C4-4C6E-B7DB-170193FADE1B},12/06/2025 0:00:00, ,12/06/2025 0:00:00, ,No, ,0.000000000000000,Roy Trustee 2022 Ltd,Johnson Forestry Services
{5BB6C240-A1BA-4866-BFB7-64115B708DB0},2102.000000000000000,30/12.13,41.000000000000000,1025.000000000000000,Yes,0.000000000000000,0.000000000000000,1.000000000000000,0.000000000000000,0.000000000000000,0.000000000000000,0.000000000000000,0.000000000000000,25/7,0.000000000000000,0.000000000000000,0.000000000000000,0.000000000000000,0.000000000000000,0.000000000000000,0.000000000000000,0.000000000000000,Very long roots and lots of,{26A3D399-37C4-4C6E-B7DB-170193FADE1B},12/06/2025 0:00:00, ,12/06/2025 0:00:00, ,No, ,0.000000000000000,Roy Trustee 2022 Ltd,Johnson Forestry Services
{8FAB1388-981D-42AB-AF2B-475A933EFAE5},2078.000000000000000,15/11.48,39.000000000000000,975.000000000000000,Yes,0.000000000000000,1.000000000000000,1.000000000000000,0.000000000000000,0.000000000000000,0.000000000000000,0.000000000000000,0.000000000000000,25/7,0.000000000000000,0.025641025641000,0.025641025641000,0.000000000000000,0.000000000000000,0.000000000000000,0.000000000000000,0.000000000000000, ,{26A3D399-37C4-4C6E-B7DB-170193FADE1B},12/06/2025 0:00:00, ,12/06/2025 0:00:00, ,No, ,4.000000000000000,Roy Trustee 2022 Ltd,Johnson Forestry Services
{35450BA6-F0A3-479D-8A67-AA9F59D17C8F},2080.000000000000000,10/11.37,37.000000000000000,925.000000000000000,No,0.000000000000000,0.000000000000000,0.000000000000000,0.000000000000000,0.000000000000000,0.000000000000000,0.000000000000000,0.000000000000000,25/7,0.000000000000000,0.000000000000000,0.000000000000000,0.000000000000000,0.000000000000000,0.000000000000000,0.000000000000000,0.000000000000000, ,{343BC618-A427-40DD-8597-F071A096E614},12/06/2025 0:00:00, ,12/06/2025 0:00:00, ,No, ,0.000000000000000,Roy Trustee 2022 Ltd,Johnson Forestry Services
{B1FA0EFD-1DC3-4C71-A8B6-769EDD656564},1212.000000000000000,15/11.48,41.000000000000000,1025.000000000000000,Yes,0.000000000000000,0.000000000000000,1.000000000000000,0.000000000000000,0.000000000000000,0.000000000000000,0.000000000000000,0.000000000000000,25/64,0.000000000000000,0.000000000000000,0.024390243902400,0.000000000000000,0.000000000000000,0.000000000000000,0.000000000000000,0.000000000000000, ,{CAB6BFC0-4587-44A0-A74F-4817A7C1C43E},12/06/2025 0:00:00, ,12/06/2025 0:00:00, ,No, ,3.000000000000000,Roy Trustee 2022 Ltd,Proforest
{4C35DA62-090F-4181-97BC-3BC6C090870F},1198.000000000000000,20/11.64,35.000000000000000,875.000000000000000,Yes,1.000000000000000,2.000000000000000,0.000000000000000,0.000000000000000,0.000000000000000,1.000000000000000,0.000000000000000,0.000000000000000,25/64,0.028571428571400,0.057142857142900,0.000000000000000,0.000000000000000,0.000000000000000,0.028571428571400,0.000000000000000,0.000000000000000,Put plot where crew started. Long thistle makes it hard to follow lines. A bit light,{CAB6BFC0-4587-44A0-A74F-4817A7C1C43E},12/06/2025 0:00:00, ,12/06/2025 0:00:00, ,No,No,6.000000000000000,Roy Trustee 2022 Ltd,Proforest
{495BB381-2D00-4201-9F45-C62FD19B3906},1196.000000000000000,25/11.85,36.000000000000000,900.000000000000000,Yes,0.000000000000000,0.000000000000000,0.000000000000000,0.000000000000000,0.000000000000000,3.000000000000000,0.000000000000000,0.000000000000000,25/64,0.000000000000000,0.000000000000000,0.000000000000000,0.000000000000000,0.000000000000000,0.083333333333300,0.000000000000000,0.000000000000000,One planter doing shallow planting. Passed on to QC,{CAB6BFC0-4587-44A0-A74F-4817A7C1C43E},12/06/2025 0:00:00, ,12/06/2025 0:00:00, ,No,No,9.000000000000000,Roy Trustee 2022 Ltd,Proforest
{8AFB4714-1FC0-4B0E-86C0-CD7F1FD86F0C},1184.000000000000000,20/11.64,38.000000000000000,950.000000000000000,No,0.000000000000000,0.000000000000000,0.000000000000000,0.000000000000000,0.000000000000000,0.000000000000000,0.000000000000000,0.000000000000000,25/64,0.000000000000000,0.000000000000000,0.000000000000000,0.000000000000000,0.000000000000000,0.000000000000000,0.000000000000000,0.000000000000000, ,{CAB6BFC0-4587-44A0-A74F-4817A7C1C43E},12/06/2025 0:00:00, ,12/06/2025 0:00:00, ,No, ,0.000000000000000,Roy Trustee 2022 Ltd,Proforest
{A0BAC7E4-EC08-46E0-91CC-812F55E4FCD1},1170.000000000000000,15/11.48,36.000000000000000,900.000000000000000,Yes,0.000000000000000,1.000000000000000,1.000000000000000,0.000000000000000,0.000000000000000,0.000000000000000,0.000000000000000,0.000000000000000,25/64,0.000000000000000,0.027777777777800,0.027777777777800,0.000000000000000,0.000000000000000,0.000000000000000,0.000000000000000,0.000000000000000, ,{CAB6BFC0-4587-44A0-A74F-4817A7C1C43E},12/06/2025 0:00:00, ,12/06/2025 0:00:00, ,No, ,4.000000000000000,Roy Trustee 2022 Ltd,Proforest
{A154B358-3394-4B76-AFE0-AE4B9D12CF3D},1172.000000000000000,20/11.64,37.000000000000000,925.000000000000000,Yes,0.000000000000000,0.000000000000000,1.000000000000000,0.000000000000000,0.000000000000000,0.000000000000000,1.000000000000000,0.000000000000000,25/64,0.000000000000000,0.000000000000000,0.027027027027000,0.000000000000000,0.000000000000000,0.000000000000000,0.027027027027000,0.000000000000000, ,{CAB6BFC0-4587-44A0-A74F-4817A7C1C43E},12/06/2025 0:00:00, ,12/06/2025 0:00:00, ,No, ,6.000000000000000,Roy Trustee 2022 Ltd,Proforest
{684A2799-6490-413B-B493-4528EDA27816},1166.000000000000000,20/11.64,44.000000000000000,1100.000000000000000,Yes,0.000000000000000,1.000000000000000,0.000000000000000,0.000000000000000,1.000000000000000,0.000000000000000,0.000000000000000,0.000000000000000,25/64,0.000000000000000,0.022727272727300,0.000000000000000,0.000000000000000,0.022727272727300,0.000000000000000,0.000000000000000,0.000000000000000,Long roots exposed,{CAB6BFC0-4587-44A0-A74F-4817A7C1C43E},12/06/2025 0:00:00, ,12/06/2025 0:00:00, ,No, ,4.000000000000000,Roy Trustee 2022 Ltd,Proforest
{9611E398-0CBE-460A-A435-EA51C2CC6FC0},1168.000000000000000,25/11.85,43.000000000000000,1075.000000000000000,Yes,3.000000000000000,0.000000000000000,0.000000000000000,0.000000000000000,0.000000000000000,0.000000000000000,1.000000000000000,0.000000000000000,25/64,0.069767441860500,0.000000000000000,0.000000000000000,0.000000000000000,0.000000000000000,0.000000000000000,0.023255813953500,0.000000000000000,Dropped trees in general area. Passed on to qc,{CAB6BFC0-4587-44A0-A74F-4817A7C1C43E},12/06/2025 0:00:00, ,12/06/2025 0:00:00, ,Yes, ,6.000000000000000,Roy Trustee 2022 Ltd,Proforest
{51ADB914-0D3D-4D83-B83B-1838F2A79FA6},1174.000000000000000,20/11.64,44.000000000000000,1100.000000000000000,Yes,0.000000000000000,2.000000000000000,0.000000000000000,0.000000000000000,0.000000000000000,1.000000000000000,0.000000000000000,0.000000000000000,25/64,0.000000000000000,0.045454545454500,0.000000000000000,0.000000000000000,0.000000000000000,0.022727272727300,0.000000000000000,0.000000000000000, ,{CAB6BFC0-4587-44A0-A74F-4817A7C1C43E},12/06/2025 0:00:00, ,12/06/2025 0:00:00, ,No, ,5.000000000000000,Roy Trustee 2022 Ltd,Proforest
{4963A2F7-C674-47E6-8DCB-23A66BB33904},1164.000000000000000,15/11.48,44.000000000000000,1100.000000000000000,Yes,0.000000000000000,1.000000000000000,0.000000000000000,0.000000000000000,0.000000000000000,1.000000000000000,0.000000000000000,0.000000000000000,25/64,0.000000000000000,0.022727272727300,0.000000000000000,0.000000000000000,0.000000000000000,0.022727272727300,0.000000000000000,0.000000000000000, ,{CAB6BFC0-4587-44A0-A74F-4817A7C1C43E},12/06/2025 0:00:00, ,12/06/2025 0:00:00, ,No, ,4.000000000000000,Roy Trustee 2022 Ltd,Proforest
{4403105D-6A69-49F2-A9D4-9CEA299B2BE0},1176.000000000000000,20/11.64,39.000000000000000,975.000000000000000,Yes,0.000000000000000,2.000000000000000,0.000000000000000,0.000000000000000,0.000000000000000,0.000000000000000,0.000000000000000,0.000000000000000,25/64,0.000000000000000,0.051282051282100,0.000000000000000,0.000000000000000,0.000000000000000,0.000000000000000,0.000000000000000,0.000000000000000, ,{CAB6BFC0-4587-44A0-A74F-4817A7C1C43E},12/06/2025 0:00:00, ,12/06/2025 0:00:00, ,No, ,2.000000000000000,Roy Trustee 2022 Ltd,Proforest
{A2164A8D-0CD6-49AB-A69E-DA3B4A032563},432.000000000000000,15/11.48,35.000000000000000,875.000000000000000,Yes,0.000000000000000,2.000000000000000,1.000000000000000,0.000000000000000,0.000000000000000,0.000000000000000,0.000000000000000,0.000000000000000,25/72,0.000000000000000,0.057142857142900,0.028571428571400,0.000000000000000,0.000000000000000,0.000000000000000,0.000000000000000,0.000000000000000, ,{D6B1888E-D640-443A-9BE1-7357EE5D1AF7},12/06/2025 0:00:00, ,12/06/2025 0:00:00, ,No,Yes,5.000000000000000,Roy Trustee 2022 Ltd,Proforest
{9A6AB74F-5473-49E9-AD8A-16AAA0BE838C},434.000000000000000,20/11.64,43.000000000000000,1075.000000000000000,Yes,1.000000000000000,0.000000000000000,0.000000000000000,0.000000000000000,0.000000000000000,1.000000000000000,0.000000000000000,0.000000000000000,25/72,0.023255813953500,0.000000000000000,0.000000000000000,0.000000000000000,0.000000000000000,0.023255813953500,0.000000000000000,0.000000000000000,Shallow tree over stomped on one side exposing stem,{D6B1888E-D640-443A-9BE1-7357EE5D1AF7},12/06/2025 0:00:00, ,12/06/2025 0:00:00, ,No, ,4.000000000000000,Roy Trustee 2022 Ltd,Proforest
{A9A1F5EA-59DD-4A68-8BC0-B2B4570A3C63},422.000000000000000,15/11.48,37.000000000000000,925.000000000000000,Yes,1.000000000000000,0.000000000000000,1.000000000000000,0.000000000000000,0.000000000000000,0.000000000000000,0.000000000000000,0.000000000000000,25/72,0.027027027027000,0.000000000000000,0.027027027027000,0.000000000000000,0.000000000000000,0.000000000000000,0.000000000000000,0.000000000000000, ,{D6B1888E-D640-443A-9BE1-7357EE5D1AF7},12/06/2025 0:00:00, ,12/06/2025 0:00:00, ,No, ,4.000000000000000,Roy Trustee 2022 Ltd,Proforest
{B439F30F-00A1-4F4A-8A7E-E8797695386E},424.000000000000000,30/12.13,42.000000000000000,1050.000000000000000,No,0.000000000000000,0.000000000000000,0.000000000000000,0.000000000000000,0.000000000000000,0.000000000000000,0.000000000000000,0.000000000000000,25/72,0.000000000000000,0.000000000000000,0.000000000000000,0.000000000000000,0.000000000000000,0.000000000000000,0.000000000000000,0.000000000000000,Good,{D6B1888E-D640-443A-9BE1-7357EE5D1AF7},12/06/2025 0:00:00, ,12/06/2025 0:00:00, ,No, ,0.000000000000000,Roy Trustee 2022 Ltd,Proforest
{5A98FF25-2C0C-48C0-B1CE-EB7DBA085BE1},408.000000000000000,30/12.13,39.000000000000000,975.000000000000000,Yes,2.000000000000000,0.000000000000000,0.000000000000000,0.000000000000000,0.000000000000000,1.000000000000000,0.000000000000000,0.000000000000000,25/72,0.051282051282100,0.000000000000000,0.000000000000000,0.000000000000000,0.000000000000000,0.025641025641000,0.000000000000000,0.000000000000000,Dropped trees in general area,{D6B1888E-D640-443A-9BE1-7357EE5D1AF7},12/06/2025 0:00:00, ,12/06/2025 0:00:00, ,No, ,5.000000000000000,Roy Trustee 2022 Ltd,Proforest
{EB6C26A0-2E4A-4800-9700-E3A92A81407D},406.000000000000000,20/11.64,42.000000000000000,1050.000000000000000,Yes,1.000000000000000,0.000000000000000,0.000000000000000,0.000000000000000,1.000000000000000,0.000000000000000,0.000000000000000,0.000000000000000,25/72,0.023809523809500,0.000000000000000,0.000000000000000,0.000000000000000,0.023809523809500,0.000000000000000,0.000000000000000,0.000000000000000, ,{D6B1888E-D640-443A-9BE1-7357EE5D1AF7},12/06/2025 0:00:00, ,12/06/2025 0:00:00, ,No, ,4.000000000000000,Roy Trustee 2022 Ltd,Proforest
{7C126C35-F389-4BFE-A71C-0EEACCBDC776},388.000000000000000,15/11.48,40.000000000000000,1000.000000000000000,Yes,0.000000000000000,1.000000000000000,0.000000000000000,1.000000000000000,0.000000000000000,0.000000000000000,0.000000000000000,0.000000000000000,25/72,0.000000000000000,0.025000000000000,0.000000000000000,0.025000000000000,0.000000000000000,0.000000000000000,0.000000000000000,0.000000000000000, ,{D6B1888E-D640-443A-9BE1-7357EE5D1AF7},12/06/2025 0:00:00, ,12/06/2025 0:00:00, ,No, ,2.000000000000000,Roy Trustee 2022 Ltd,Proforest
{7A6C56A5-42F3-4F7A-8E1A-72509FD724EA},390.000000000000000,25/11.85,45.000000000000000,1125.000000000000000,Yes,1.000000000000000,1.000000000000000,1.000000000000000,0.000000000000000,0.000000000000000,0.000000000000000,0.000000000000000,0.000000000000000,25/72,0.022222222222200,0.022222222222200,0.000000000000000,0.000000000000000,0.000000000000000,0.000000000000000,0.000000000000000,0.000000000000000,A couple close lines,{D6B1888E-D640-443A-9BE1-7357EE5D1AF7},12/06/2025 0:00:00, ,12/06/2025 0:00:00, ,No,No,5.000000000000000,Roy Trustee 2022 Ltd,Proforest
{443B809B-EF8D-45F1-BEC0-615BDF35C769},370.000000000000000,35/12.50,41.000000000000000,1025.000000000000000,Yes,0.000000000000000,0.000000000000000,1.000000000000000,0.000000000000000,0.000000000000000,0.000000000000000,0.000000000000000,0.000000000000000,25/72,0.000000000000000,0.000000000000000,0.024390243902400,0.000000000000000,0.000000000000000,0.000000000000000,0.000000000000000,0.000000000000000, ,{D6B1888E-D640-443A-9BE1-7357EE5D1AF7},12/06/2025 0:00:00, ,12/06/2025 0:00:00, ,No, ,3.000000000000000,Roy Trustee 2022 Ltd,Proforest
{3E786B63-289F-4CEE-990A-083A4645B5F8},252.000000000000000,10/11.37,36.000000000000000,900.000000000000000,No,0.000000000000000,0.000000000000000,0.000000000000000,0.000000000000000,0.000000000000000,0.000000000000000,0.000000000000000,0.000000000000000,25/55,0.000000000000000,0.000000000000000,0.000000000000000,0.000000000000000,0.000000000000000,0.000000000000000,0.000000000000000,0.000000000000000,Stocking plot,{E6214D96-23AA-4A5F-878C-6EA10F8C95BC},12/06/2025 0:00:00, ,12/06/2025 0:00:00, ,No, ,0.000000000000000,Roy Trustee 2022 Ltd,Proforest
{778E36E4-F0A4-44DB-872B-2804C8DBAE0B},238.000000000000000,10/11.37,35.000000000000000,875.000000000000000,Yes,1.000000000000000,2.000000000000000,0.000000000000000,0.000000000000000,0.000000000000000,0.000000000000000,0.000000000000000,0.000000000000000,25/55,0.028571428571400,0.057142857142900,0.000000000000000,0.000000000000000,0.000000000000000,0.000000000000000,0.000000000000000,0.000000000000000,Low in croppy areas,{E6214D96-23AA-4A5F-878C-6EA10F8C95BC},12/06/2025 0:00:00, ,12/06/2025 0:00:00, ,No,Yes,3.000000000000000,Roy Trustee 2022 Ltd,Proforest
{AC729193-9B79-48BD-A954-BEDDD8468F33},242.000000000000000,20/11.64,36.000000000000000,900.000000000000000,Yes,1.000000000000000,0.000000000000000,1.000000000000000,0.000000000000000,0.000000000000000,0.000000000000000,0.000000000000000,0.000000000000000,25/55,0.027777777777800,0.000000000000000,0.027777777777800,0.000000000000000,0.000000000000000,0.000000000000000,0.000000000000000,0.000000000000000, ,{E6214D96-23AA-4A5F-878C-6EA10F8C95BC},12/06/2025 0:00:00, ,12/06/2025 0:00:00, ,No, ,4.000000000000000,Roy Trustee 2022 Ltd,Proforest
{DD651614-787A-4C9F-BB43-35C209250114},248.000000000000000,10/11.37,37.000000000000000,925.000000000000000,Yes,1.000000000000000,0.000000000000000,0.000000000000000,0.000000000000000,0.000000000000000,0.000000000000000,0.000000000000000,0.000000000000000,25/55,0.027027027027000,0.000000000000000,0.000000000000000,0.000000000000000,0.000000000000000,0.000000000000000,0.000000000000000,0.000000000000000, ,{E6214D96-23AA-4A5F-878C-6EA10F8C95BC},12/06/2025 0:00:00, ,12/06/2025 0:00:00, ,No, ,1.000000000000000,Roy Trustee 2022 Ltd,Proforest
{E05B1023-5627-4D18-9C99-90D7D4F8162A},596.000000000000000,15/11.48,41.000000000000000,1025.000000000000000,No,0.000000000000000,0.000000000000000,0.000000000000000,0.000000000000000,0.000000000000000,0.000000000000000,0.000000000000000,0.000000000000000,25/58,0.000000000000000,0.000000000000000,0.000000000000000,0.000000000000000,0.000000000000000,0.000000000000000,0.000000000000000,0.000000000000000, ,{EA37D957-8DD7-442B-873B-AA50C7B4857F},12/06/2025 0:00:00, ,12/06/2025 0:00:00, ,No, ,0.000000000000000,Roy Trustee 2022 Ltd,Forest View Contracting
{6B95203F-6DB7-474E-A9D6-FCFFCE35A499},598.000000000000000,15/11.48,41.000000000000000,1025.000000000000000,Yes,1.000000000000000,0.000000000000000,0.000000000000000,0.000000000000000,0.000000000000000,0.000000000000000,0.000000000000000,0.000000000000000,25/58,0.024390243902400,0.000000000000000,0.000000000000000,0.000000000000000,0.000000000000000,0.000000000000000,0.000000000000000,0.000000000000000,"Some marginal depths, but have spoken to leo and crew and have seen improvement",{EA37D957-8DD7-442B-873B-AA50C7B4857F},12/06/2025 0:00:00, ,12/06/2025 0:00:00, ,No, ,1.000000000000000,Roy Trustee 2022 Ltd,Forest View Contracting
{40E38F5E-C7C6-4852-8F21-0B97B87A71F3},588.000000000000000,15/11.48,43.000000000000000,1075.000000000000000,No,0.000000000000000,0.000000000000000,0.000000000000000,0.000000000000000,0.000000000000000,0.000000000000000,0.000000000000000,0.000000000000000,25/58,0.000000000000000,0.000000000000000,0.000000000000000,0.000000000000000,0.000000000000000,0.000000000000000,0.000000000000000,0.000000000000000, ,{EA37D957-8DD7-442B-873B-AA50C7B4857F},12/06/2025 0:00:00, ,12/06/2025 0:00:00, ,No, ,0.000000000000000,Roy Trustee 2022 Ltd,Forest View Contracting
{04D23779-568F-4813-8D9B-4BA947959EBD},586.000000000000000,15/11.48,38.000000000000000,950.000000000000000,No,0.000000000000000,0.000000000000000,0.000000000000000,0.000000000000000,0.000000000000000,0.000000000000000,0.000000000000000,0.000000000000000,25/58,0.000000000000000,0.000000000000000,0.000000000000000,0.000000000000000,0.000000000000000,0.000000000000000,0.000000000000000,0.000000000000000, ,{EA37D957-8DD7-442B-873B-AA50C7B4857F},12/06/2025 0:00:00, ,12/06/2025 0:00:00, ,No, ,0.000000000000000,Roy Trustee 2022 Ltd,Forest View Contracting
{1EFA51E6-AF99-4FE9-869F-8CB7174874CF},582.000000000000000,25/11.85,44.000000000000000,1100.000000000000000,Yes,1.000000000000000,0.000000000000000,0.000000000000000,0.000000000000000,0.000000000000000,0.000000000000000,0.000000000000000,0.000000000000000,25/58,0.022727272727300,0.000000000000000,0.000000000000000,0.000000000000000,0.000000000000000,0.000000000000000,0.000000000000000,0.000000000000000,"High stocking, but theyve done well considering alot of spot planting required due to rocks and native vegetation.",{EA37D957-8DD7-442B-873B-AA50C7B4857F},12/06/2025 0:00:00, ,12/06/2025 0:00:00, ,No, ,1.000000000000000,Roy Trustee 2022 Ltd,Forest View Contracting
{3D4CBD58-DBC7-4F42-956D-34C4DBA397D0},590.000000000000000,10/11.37,41.000000000000000,1025.000000000000000,No,0.000000000000000,0.000000000000000,0.000000000000000,0.000000000000000,0.000000000000000,0.000000000000000,0.000000000000000,0.000000000000000,25/58,0.000000000000000,0.000000000000000,0.000000000000000,0.000000000000000,0.000000000000000,0.000000000000000,0.000000000000000,0.000000000000000,"Very good planting, good depth roots down, cant fault it.",{EA37D957-8DD7-442B-873B-AA50C7B4857F},12/06/2025 0:00:00, ,12/06/2025 0:00:00, ,No, ,0.000000000000000,Roy Trustee 2022 Ltd,Forest View Contracting
{BD8C9354-4B03-46A8-9774-9AD97B333912},602.000000000000000,15/11.48,40.000000000000000,1000.000000000000000,No,0.000000000000000,0.000000000000000,0.000000000000000,0.000000000000000,0.000000000000000,0.000000000000000,0.000000000000000,0.000000000000000,25/58,0.000000000000000,0.000000000000000,0.000000000000000,0.000000000000000,0.000000000000000,0.000000000000000,0.000000000000000,0.000000000000000, ,{EA37D957-8DD7-442B-873B-AA50C7B4857F},12/06/2025 0:00:00, ,12/06/2025 0:00:00, ,No, ,0.000000000000000,Roy Trustee 2022 Ltd,Forest View Contracting
{2B200719-1CBC-4BE4-B003-4006E05CF6FD},980.000000000000000,5/11.31,39.000000000000000,975.000000000000000,Yes,0.000000000000000,1.000000000000000,0.000000000000000,0.000000000000000,0.000000000000000,1.000000000000000,0.000000000000000,0.000000000000000,25/70,0.000000000000000,0.025641025641000,0.000000000000000,0.000000000000000,0.000000000000000,0.025641025641000,0.000000000000000,0.000000000000000,Seedling ran over by canam,{C99F5634-FB0E-41D0-9750-4EF655C8A9E6},12/06/2025 0:00:00, ,12/06/2025 0:00:00, ,No, ,4.000000000000000,Roy Trustee 2022 Ltd,Forest View Contracting
{E2BB59E4-172A-4AA5-8170-42951C297FFD},2062.000000000000000,10/11.37,41.000000000000000,1025.000000000000000,No,0.000000000000000,0.000000000000000,0.000000000000000,0.000000000000000,0.000000000000000,0.000000000000000,0.000000000000000,0.000000000000000,25/7,0.000000000000000,0.000000000000000,0.000000000000000,0.000000000000000,0.000000000000000,0.000000000000000,0.000000000000000,0.000000000000000, ,{E0B45A7A-4FDF-491C-8E47-B89F4DA6F2C5},13/06/2025 0:00:00, ,13/06/2025 0:00:00, ,No, ,0.000000000000000,Roy Trustee 2022 Ltd,Johnson Forestry Services
{D7502CC4-F8BC-4238-8522-49DF8EEEA9EB},2060.000000000000000,10/11.37,42.000000000000000,1050.000000000000000,No,0.000000000000000,0.000000000000000,0.000000000000000,0.000000000000000,0.000000000000000,0.000000000000000,0.000000000000000,0.000000000000000,25/7,0.000000000000000,0.000000000000000,0.000000000000000,0.000000000000000,0.000000000000000,0.000000000000000,0.000000000000000,0.000000000000000, ,{E0B45A7A-4FDF-491C-8E47-B89F4DA6F2C5},13/06/2025 0:00:00, ,13/06/2025 0:00:00, ,No, ,0.000000000000000,Roy Trustee 2022 Ltd,Johnson Forestry Services
{C8005807-53B3-40D1-90A3-D04BC91AA3C3},2064.000000000000000,20/11.64,40.000000000000000,1000.000000000000000,Yes,0.000000000000000,1.000000000000000,0.000000000000000,0.000000000000000,0.000000000000000,0.000000000000000,0.000000000000000,0.000000000000000,25/7,0.000000000000000,0.025000000000000,0.000000000000000,0.000000000000000,0.000000000000000,0.000000000000000,0.000000000000000,0.000000000000000, ,{E0B45A7A-4FDF-491C-8E47-B89F4DA6F2C5},13/06/2025 0:00:00, ,13/06/2025 0:00:00, ,No, ,1.000000000000000,Roy Trustee 2022 Ltd,Johnson Forestry Services
{37796E45-834A-4FDB-AB5D-3A0FA5979EA6},2068.000000000000000,10/11.37,37.000000000000000,925.000000000000000,Yes,0.000000000000000,0.000000000000000,1.000000000000000,0.000000000000000,0.000000000000000,0.000000000000000,0.000000000000000,0.000000000000000,25/7,0.000000000000000,0.000000000000000,0.000000000000000,0.000000000000000,0.000000000000000,0.000000000000000,0.000000000000000,0.000000000000000,Very long roots,{E0B45A7A-4FDF-491C-8E47-B89F4DA6F2C5},13/06/2025 0:00:00, ,13/06/2025 0:00:00, ,No, ,0.000000000000000,Roy Trustee 2022 Ltd,Johnson Forestry Services
{22AAA165-56FA-4930-A443-4D1A8C971963},1072.000000000000000,15/11.48,36.000000000000000,900.000000000000000,No,0.000000000000000,0.000000000000000,0.000000000000000,0.000000000000000,0.000000000000000,0.000000000000000,0.000000000000000,0.000000000000000,25/7,0.000000000000000,0.000000000000000,0.000000000000000,0.000000000000000,0.000000000000000,0.000000000000000,0.000000000000000,0.000000000000000, ,{E0B45A7A-4FDF-491C-8E47-B89F4DA6F2C5},13/06/2025 0:00:00, ,13/06/2025 0:00:00, ,No, ,0.000000000000000,Roy Trustee 2022 Ltd,Johnson Forestry Services
{5E9B03F1-028C-4BB3-9DDC-040ED3E2A823},374.000000000000000,20/11.64,40.000000000000000,1000.000000000000000,Yes,0.000000000000000,0.000000000000000,0.000000000000000,0.000000000000000,0.000000000000000,0.000000000000000,0.000000000000000,0.000000000000000,25/72,0.000000000000000,0.000000000000000,0.000000000000000,0.000000000000000,0.000000000000000,0.000000000000000,0.000000000000000,0.000000000000000,Area was identified by Billy for rework and fixed prior to plot,{15405504-6C75-4236-814F-892488AC0B0F},13/06/2025 0:00:00, ,13/06/2025 0:00:00, ,No, ,0.000000000000000,Roy Trustee 2022 Ltd,Proforest
{7CF567A5-8C8E-4F61-894C-503CEC253666},354.000000000000000,20/11.64,37.000000000000000,0.000000000000000,Yes,0.000000000000000,1.000000000000000,0.000000000000000,1.000000000000000,1.000000000000000,0.000000000000000,0.000000000000000,0.000000000000000,25/72,0.000000000000000,0.000000000000000,0.000000000000000,0.000000000000000,0.000000000000000,0.000000000000000,0.000000000000000,0.000000000000000,Long root exposed,{15405504-6C75-4236-814F-892488AC0B0F},13/06/2025 0:00:00, ,13/06/2025 0:00:00, ,No, ,5.000000000000000,Roy Trustee 2022 Ltd,Proforest
{9E6BA2B2-3B1B-4615-9D62-36F10196CE74},352.000000000000000,25/11.85,36.000000000000000,900.000000000000000,Yes,1.000000000000000,0.000000000000000,0.000000000000000,0.000000000000000,0.000000000000000,0.000000000000000,1.000000000000000,0.000000000000000,25/72,0.027777777777800,0.000000000000000,0.000000000000000,0.000000000000000,0.000000000000000,0.000000000000000,0.027777777777800,0.000000000000000, ,{15405504-6C75-4236-814F-892488AC0B0F},13/06/2025 0:00:00, ,13/06/2025 0:00:00, ,No, ,4.000000000000000,Roy Trustee 2022 Ltd,Proforest
{4C849D51-56B3-4E2D-AA01-D62B7FF45AC7},334.000000000000000,15/11.48,42.000000000000000,1050.000000000000000,Yes,0.000000000000000,1.000000000000000,1.000000000000000,0.000000000000000,0.000000000000000,0.000000000000000,0.000000000000000,0.000000000000000,25/72,0.000000000000000,0.023809523809500,0.023809523809500,0.000000000000000,0.000000000000000,0.000000000000000,0.000000000000000,0.000000000000000, ,{15405504-6C75-4236-814F-892488AC0B0F},13/06/2025 0:00:00, ,13/06/2025 0:00:00, ,No, ,4.000000000000000,Roy Trustee 2022 Ltd,Proforest
{BE2BE219-CE19-4B74-855D-99036C088D1F},318.000000000000000,10/11.37,36.000000000000000,900.000000000000000,Yes,1.000000000000000,2.000000000000000,0.000000000000000,0.000000000000000,0.000000000000000,0.000000000000000,0.000000000000000,0.000000000000000,25/72,0.027777777777800,0.055555555555600,0.000000000000000,0.000000000000000,0.000000000000000,0.000000000000000,0.000000000000000,0.000000000000000, ,{15405504-6C75-4236-814F-892488AC0B0F},13/06/2025 0:00:00, ,13/06/2025 0:00:00, ,No, ,3.000000000000000,Roy Trustee 2022 Ltd,Proforest
{99CDA042-3CC1-4DF9-8633-767E50A25820},336.000000000000000,20/11.64,34.000000000000000,850.000000000000000,Yes,0.000000000000000,0.000000000000000,0.000000000000000,0.000000000000000,0.000000000000000,0.000000000000000,2.000000000000000,0.000000000000000,25/72,0.000000000000000,0.000000000000000,0.000000000000000,0.000000000000000,0.000000000000000,0.000000000000000,0.058823529411800,0.000000000000000, ,{15405504-6C75-4236-814F-892488AC0B0F},13/06/2025 0:00:00, ,13/06/2025 0:00:00, ,No,No,6.000000000000000,Roy Trustee 2022 Ltd,Proforest
{F0581507-83D2-4CB3-94C7-7A623FB086DF},356.000000000000000,25/11.85,40.000000000000000,1000.000000000000000,Yes,0.000000000000000,2.000000000000000,0.000000000000000,0.000000000000000,0.000000000000000,0.000000000000000,0.000000000000000,0.000000000000000,25/72,0.000000000000000,0.050000000000000,0.000000000000000,0.000000000000000,0.000000000000000,0.000000000000000,0.000000000000000,0.000000000000000, ,{15405504-6C75-4236-814F-892488AC0B0F},13/06/2025 0:00:00, ,13/06/2025 0:00:00, ,No, ,2.000000000000000,Roy Trustee 2022 Ltd,Proforest
{FE88C538-0703-4CAB-A47F-DAEC6ED201A1},338.000000000000000,25/11.85,46.000000000000000,1150.000000000000000,Yes,0.000000000000000,0.000000000000000,1.000000000000000,0.000000000000000,0.000000000000000,1.000000000000000,0.000000000000000,0.000000000000000,25/72,0.000000000000000,0.000000000000000,0.021739130434800,0.000000000000000,0.000000000000000,0.021739130434800,0.000000000000000,0.000000000000000,Rocky area. Variable stocking. Some shallower trees in heavier rocky areas,{15405504-6C75-4236-814F-892488AC0B0F},13/06/2025 0:00:00, ,13/06/2025 0:00:00, ,No,Yes,6.000000000000000,Roy Trustee 2022 Ltd,Proforest
{C97BF83E-9918-43AC-AE0C-5D701B92510F},294.000000000000000,15/11.48,36.000000000000000,900.000000000000000,Yes,0.000000000000000,1.000000000000000,1.000000000000000,0.000000000000000,0.000000000000000,0.000000000000000,0.000000000000000,0.000000000000000,25/72,0.000000000000000,0.027777777777800,0.027777777777800,0.000000000000000,0.000000000000000,0.000000000000000,0.000000000000000,0.000000000000000, ,{15405504-6C75-4236-814F-892488AC0B0F},13/06/2025 0:00:00, ,13/06/2025 0:00:00, ,No, ,4.000000000000000,Roy Trustee 2022 Ltd,Proforest
{4EA5FD14-B980-4C4E-BEC4-F1A88AF559BD},308.000000000000000,25/11.85,35.000000000000000,875.000000000000000,Yes,0.000000000000000,0.000000000000000,0.000000000000000,0.000000000000000,0.000000000000000,0.000000000000000,1.000000000000000,0.000000000000000,25/72,0.000000000000000,0.000000000000000,0.000000000000000,0.000000000000000,0.000000000000000,0.000000000000000,0.028571428571400,0.000000000000000,Wide lines. Addressing issue with QC,{15405504-6C75-4236-814F-892488AC0B0F},13/06/2025 0:00:00, ,13/06/2025 0:00:00, ,No,No,3.000000000000000,Roy Trustee 2022 Ltd,Proforest
{EB4A5DBC-4E73-4B43-9761-E57A4E30FB3C},322.000000000000000,15/11.48,38.000000000000000,950.000000000000000,Yes,0.000000000000000,1.000000000000000,0.000000000000000,0.000000000000000,0.000000000000000,1.000000000000000,0.000000000000000,0.000000000000000,25/72,0.000000000000000,0.026315789473700,0.000000000000000,0.000000000000000,0.000000000000000,0.026315789473700,0.000000000000000,0.000000000000000, ,{15405504-6C75-4236-814F-892488AC0B0F},13/06/2025 0:00:00, ,13/06/2025 0:00:00, ,No, ,4.000000000000000,Roy Trustee 2022 Ltd,Proforest
{E7FEDE06-D1DB-443B-9EDA-0B8F8A81FF51},2074.000000000000000,15/11.48,49.000000000000000,1225.000000000000000,Yes,0.000000000000000,0.000000000000000,0.000000000000000,0.000000000000000,0.000000000000000,0.000000000000000,3.000000000000000,0.000000000000000,25/7,0.000000000000000,0.000000000000000,0.000000000000000,0.000000000000000,0.000000000000000,0.000000000000000,0.061224489795900,0.000000000000000,"rework required
3.5 m row 2.0 tree

",{F6D93C9F-61C9-4655-928B-791219E5B1E2},13/06/2025 0:00:00, ,15/06/2025 0:00:00,ScarlettMichelle,No,Yes,9.000000000000000,Roy Trustee 2022 Ltd,Johnson Forestry Services
{C7C7DF44-4827-460E-A3E5-DC6FACC25095},2090.000000000000000,25/11.85,36.000000000000000,900.000000000000000,Yes,0.000000000000000,0.000000000000000,0.000000000000000,0.000000000000000,0.000000000000000,0.000000000000000,1.000000000000000,0.000000000000000,25/7,0.000000000000000,0.000000000000000,0.000000000000000,0.000000000000000,0.000000000000000,0.000000000000000,0.027777777777800,0.000000000000000,fucking pathetic loose tree if i found rhe planter i would fire him in general good plot on the edge of the native,{F6D93C9F-61C9-4655-928B-791219E5B1E2},13/06/2025 0:00:00, ,15/06/2025 0:00:00,ScarlettMichelle,No, ,3.000000000000000,Roy Trustee 2022 Ltd,Johnson Forestry Services
{5C6A34AB-BDC8-4DF6-A9F8-C5091F467F8B},2120.000000000000000,25/11.85,43.000000000000000,1075.000000000000000,Yes,0.000000000000000,0.000000000000000,0.000000000000000,0.000000000000000,0.000000000000000,0.000000000000000,1.000000000000000,0.000000000000000,25/7,0.000000000000000,0.000000000000000,0.000000000000000,0.000000000000000,0.000000000000000,0.000000000000000,0.023255813953500,0.000000000000000,good plot more cultuavtion,{F6D93C9F-61C9-4655-928B-791219E5B1E2},13/06/2025 0:00:00, ,15/06/2025 0:00:00,ScarlettMichelle,No, ,3.000000000000000,Roy Trustee 2022 Ltd,Johnson Forestry Services
{2C47C5F5-AA90-4FC7-86E2-AE828A7F0A56},2132.000000000000000,20/11.64,40.000000000000000,1000.000000000000000,Yes,1.000000000000000,0.000000000000000,0.000000000000000,0.000000000000000,0.000000000000000,0.000000000000000,1.000000000000000,0.000000000000000,25/7,0.025000000000000,0.000000000000000,0.000000000000000,0.000000000000000,0.000000000000000,0.000000000000000,0.025000000000000,0.000000000000000,rocky ground root raked,{F6D93C9F-61C9-4655-928B-791219E5B1E2},13/06/2025 0:00:00, ,15/06/2025 0:00:00,ScarlettMichelle,No, ,4.000000000000000,Roy Trustee 2022 Ltd,Johnson Forestry Services
{907F1E60-BD7F-4546-B40A-DC6922FF8A11},2104.000000000000000,10/11.37,41.000000000000000,1025.000000000000000,Yes,0.000000000000000,1.000000000000000,0.000000000000000,0.000000000000000,0.000000000000000,0.000000000000000,1.000000000000000,0.000000000000000,25/7,0.000000000000000,0.024390243902400,0.000000000000000,0.000000000000000,0.000000000000000,0.000000000000000,0.024390243902400,0.000000000000000,more cult. and one damage,{F6D93C9F-61C9-4655-928B-791219E5B1E2},13/06/2025 0:00:00, ,15/06/2025 0:00:00,ScarlettMichelle,No, ,4.000000000000000,Roy Trustee 2022 Ltd,Johnson Forestry Services
{39D4E838-E079-4C13-9A6B-A82D009C8E0D},2088.000000000000000,10/11.37,34.000000000000000,850.000000000000000,Yes,0.000000000000000,0.000000000000000,0.000000000000000,0.000000000000000,0.000000000000000,0.000000000000000,0.000000000000000,0.000000000000000,25/7,0.000000000000000,0.000000000000000,0.000000000000000,0.000000000000000,0.000000000000000,0.000000000000000,0.000000000000000,0.000000000000000,"dead pig row missed by track 5 trees would have correct # -
 plus 1-2 trees on ripeans so would have been acceptable",{F6D93C9F-61C9-4655-928B-791219E5B1E2},13/06/2025 0:00:00, ,15/06/2025 0:00:00,ScarlettMichelle,No,Yes,0.000000000000000,Roy Trustee 2022 Ltd,Johnson Forestry Services
{67DB3DFC-C067-43F4-ABA2-1DE4F94CCDE0},1424.000000000000000,10/11.37,34.000000000000000,850.000000000000000,No,0.000000000000000,0.000000000000000,0.000000000000000,0.000000000000000,0.000000000000000,0.000000000000000,0.000000000000000,0.000000000000000,25/13,0.000000000000000,0.000000000000000,0.000000000000000,0.000000000000000,0.000000000000000,0.000000000000000,0.000000000000000,0.000000000000000,5m row spacing,{35E5B099-5010-4F9B-AEF7-EB1236B81664},14/06/2025 0:00:00, ,14/06/2025 0:00:00, ,No,Yes,0.000000000000000,Roy Trustee 2022 Ltd,Johnson Forestry Services
{B17D41D3-0A38-4493-9715-3D66A3338183},1416.000000000000000,15/11.48,38.000000000000000,950.000000000000000,Yes,0.000000000000000,1.000000000000000,0.000000000000000,0.000000000000000,0.000000000000000,0.000000000000000,0.000000000000000,0.000000000000000,25/13,0.000000000000000,0.026315789473700,0.000000000000000,0.000000000000000,0.000000000000000,0.000000000000000,0.000000000000000,0.000000000000000,"
",{35E5B099-5010-4F9B-AEF7-EB1236B81664},14/06/2025 0:00:00, ,14/06/2025 0:00:00, ,No, ,1.000000000000000,Roy Trustee 2022 Ltd,Johnson Forestry Services
{43EA6A2F-4BAF-48F3-88D0-98EA5F95B472},1410.000000000000000,5/11.31,41.000000000000000,1025.000000000000000,No,0.000000000000000,0.000000000000000,0.000000000000000,0.000000000000000,0.000000000000000,0.000000000000000,0.000000000000000,0.000000000000000,25/13,0.000000000000000,0.000000000000000,0.000000000000000,0.000000000000000,0.000000000000000,0.000000000000000,0.000000000000000,0.000000000000000,trying to be sunny im cold,{35E5B099-5010-4F9B-AEF7-EB1236B81664},14/06/2025 0:00:00, ,14/06/2025 0:00:00, ,No, ,0.000000000000000,Roy Trustee 2022 Ltd,Johnson Forestry Services
{CE9F90D0-A826-4D73-9C3A-12BAC95586DD},1406.000000000000000,15/11.48,40.000000000000000,1000.000000000000000,No,0.000000000000000,0.000000000000000,0.000000000000000,0.000000000000000,0.000000000000000,0.000000000000000,0.000000000000000,0.000000000000000,25/13,0.000000000000000,0.000000000000000,0.000000000000000,0.000000000000000,0.000000000000000,0.000000000000000,0.000000000000000,0.000000000000000, ,{35E5B099-5010-4F9B-AEF7-EB1236B81664},14/06/2025 0:00:00, ,14/06/2025 0:00:00, ,No, ,0.000000000000000,Roy Trustee 2022 Ltd,Johnson Forestry Services
{F1F5F815-211A-4777-8282-7F0E9C838FC7},1404.000000000000000,15/11.48,40.000000000000000,1000.000000000000000,No,0.000000000000000,0.000000000000000,0.000000000000000,0.000000000000000,0.000000000000000,0.000000000000000,0.000000000000000,0.000000000000000,25/13,0.000000000000000,0.000000000000000,0.000000000000000,0.000000000000000,0.000000000000000,0.000000000000000,0.000000000000000,0.000000000000000,perfect plot!!,{35E5B099-5010-4F9B-AEF7-EB1236B81664},14/06/2025 0:00:00, ,14/06/2025 0:00:00, ,No, ,0.000000000000000,Roy Trustee 2022 Ltd,Johnson Forestry Services
{6722AD00-0C78-4219-B219-D9371C4FE4E2},1214.000000000000000,20/11.64,37.000000000000000,925.000000000000000,No,0.000000000000000,0.000000000000000,0.000000000000000,0.000000000000000,0.000000000000000,0.000000000000000,0.000000000000000,0.000000000000000,25/13,0.000000000000000,0.000000000000000,0.000000000000000,0.000000000000000,0.000000000000000,0.000000000000000,0.000000000000000,0.000000000000000,last plot,{35E5B099-5010-4F9B-AEF7-EB1236B81664},14/06/2025 0:00:00, ,14/06/2025 0:00:00, ,No, ,0.000000000000000,Roy Trustee 2022 Ltd,Johnson Forestry Services
{F75E42D6-D65E-4EC6-A374-56F83187CC1F},2194.000000000000000,5/11.31,37.000000000000000,925.000000000000000,No,0.000000000000000,0.000000000000000,0.000000000000000,0.000000000000000,0.000000000000000,0.000000000000000,0.000000000000000,0.000000000000000,25/31,0.000000000000000,0.000000000000000,0.000000000000000,0.000000000000000,0.000000000000000,0.000000000000000,0.000000000000000,0.000000000000000, ,{6C46F6C9-0B6E-46E8-AF94-50AB17906882},14/06/2025 0:00:00, ,14/06/2025 0:00:00, ,No, ,0.000000000000000,Roy Trustee 2022 Ltd,Johnson Forestry Services
{37D7850B-F41A-4B87-B9A1-A9AAD82FCE88},2186.000000000000000,5/11.31,41.000000000000000,1025.000000000000000,No,0.000000000000000,0.000000000000000,0.000000000000000,0.000000000000000,0.000000000000000,0.000000000000000,0.000000000000000,0.000000000000000,25/31,0.000000000000000,0.000000000000000,0.000000000000000,0.000000000000000,0.000000000000000,0.000000000000000,0.000000000000000,0.000000000000000, ,{6C46F6C9-0B6E-46E8-AF94-50AB17906882},14/06/2025 0:00:00, ,14/06/2025 0:00:00, ,No, ,0.000000000000000,Roy Trustee 2022 Ltd,Johnson Forestry Services
{50E79E4F-EC27-4743-9F26-5C92BF17053F},2196.000000000000000,5/11.31,42.000000000000000,1050.000000000000000,No,0.000000000000000,0.000000000000000,0.000000000000000,0.000000000000000,0.000000000000000,0.000000000000000,0.000000000000000,0.000000000000000,25/31,0.000000000000000,0.000000000000000,0.000000000000000,0.000000000000000,0.000000000000000,0.000000000000000,0.000000000000000,0.000000000000000, ,{6C46F6C9-0B6E-46E8-AF94-50AB17906882},14/06/2025 0:00:00, ,14/06/2025 0:00:00, ,No, ,0.000000000000000,Roy Trustee 2022 Ltd,Johnson Forestry Services
{8E3F02D5-88D1-4EDE-8AE5-E0BAB1D3559A},562.000000000000000,10/11.37,41.000000000000000,1025.000000000000000,No,0.000000000000000,0.000000000000000,0.000000000000000,0.000000000000000,0.000000000000000,0.000000000000000,0.000000000000000,0.000000000000000,25/58,0.000000000000000,0.000000000000000,0.000000000000000,0.000000000000000,0.000000000000000,0.000000000000000,0.000000000000000,0.000000000000000, ,{0CDD52C8-A5C8-49B8-A3C6-0A83EA379BB8},15/06/2025 0:00:00, ,15/06/2025 0:00:00, ,No, ,0.000000000000000,Roy Trustee 2022 Ltd,Forest View Contracting
{EC488982-F50C-440C-90B2-ADAADFD34AF4},594.000000000000000,5/11.31,38.000000000000000,950.000000000000000,Yes,0.000000000000000,0.000000000000000,0.000000000000000,0.000000000000000,0.000000000000000,1.000000000000000,0.000000000000000,0.000000000000000,25/58,0.000000000000000,0.000000000000000,0.000000000000000,0.000000000000000,0.000000000000000,0.026315789473700,0.000000000000000,0.000000000000000,One incorrect depth with root collar showing.,{0CDD52C8-A5C8-49B8-A3C6-0A83EA379BB8},15/06/2025 0:00:00, ,15/06/2025 0:00:00, ,No, ,3.000000000000000,Roy Trustee 2022 Ltd,Forest View Contracting
{94C8E5CC-8B51-4757-91A3-A69AB4AFBE42},600.000000000000000,20/11.64,42.000000000000000,1050.000000000000000,Yes,0.000000000000000,1.000000000000000,1.000000000000000,0.000000000000000,0.000000000000000,0.000000000000000,0.000000000000000,0.000000000000000,25/58,0.000000000000000,0.023809523809500,0.023809523809500,0.000000000000000,0.000000000000000,0.000000000000000,0.000000000000000,0.000000000000000, ,{0CDD52C8-A5C8-49B8-A3C6-0A83EA379BB8},15/06/2025 0:00:00, ,15/06/2025 0:00:00, ,No, ,4.000000000000000,Roy Trustee 2022 Ltd,Forest View Contracting
{44E258AD-1A2F-4B6B-AA2D-5E888E207298},2402.000000000000000,10/11.37,42.000000000000000,1050.000000000000000,No,0.000000000000000,0.000000000000000,0.000000000000000,0.000000000000000,0.000000000000000,0.000000000000000,0.000000000000000,0.000000000000000,25/14,0.000000000000000,0.000000000000000,0.000000000000000,0.000000000000000,0.000000000000000,0.000000000000000,0.000000000000000,0.000000000000000,Nice planting,{2FF837BE-BEC7-40BE-BFC6-A6762AC92B9B},16/06/2025 0:00:00, ,16/06/2025 0:00:00, ,No, ,0.000000000000000,Roy Trustee 2022 Ltd,Johnson Forestry Services
{540824BE-CE71-400A-AE75-79FA4897B7D3},2408.000000000000000,25/11.85,39.000000000000000,975.000000000000000,Yes,1.000000000000000,0.000000000000000,0.000000000000000,0.000000000000000,0.000000000000000,0.000000000000000,0.000000000000000,0.000000000000000,25/14,0.025641025641000,0.000000000000000,0.000000000000000,0.000000000000000,0.000000000000000,0.000000000000000,0.000000000000000,0.000000000000000, ,{2FF837BE-BEC7-40BE-BFC6-A6762AC92B9B},16/06/2025 0:00:00, ,16/06/2025 0:00:00, ,No, ,1.000000000000000,Roy Trustee 2022 Ltd,Johnson Forestry Services
{8933C7AF-3D57-4E31-A622-853620ED7DFE},2309.099999999999909,10/11.37,36.000000000000000,900.000000000000000,No,0.000000000000000,0.000000000000000,0.000000000000000,0.000000000000000,0.000000000000000,0.000000000000000,0.000000000000000,0.000000000000000,25/14,0.000000000000000,0.000000000000000,0.000000000000000,0.000000000000000,0.000000000000000,0.000000000000000,0.000000000000000,0.000000000000000,Nice planting,{2FF837BE-BEC7-40BE-BFC6-A6762AC92B9B},16/06/2025 0:00:00, ,16/06/2025 0:00:00, ,No, ,0.000000000000000,Roy Trustee 2022 Ltd,Johnson Forestry Services
{E568BFF3-D57C-4E85-B27B-B2223BD33AB9},2382.000000000000000,30/12.13,39.000000000000000,975.000000000000000,No,0.000000000000000,0.000000000000000,0.000000000000000,0.000000000000000,0.000000000000000,0.000000000000000,0.000000000000000,0.000000000000000,25/14,0.000000000000000,0.000000000000000,0.000000000000000,0.000000000000000,0.000000000000000,0.000000000000000,0.000000000000000,0.000000000000000, ,{2FF837BE-BEC7-40BE-BFC6-A6762AC92B9B},16/06/2025 0:00:00, ,16/06/2025 0:00:00, ,No, ,0.000000000000000,Roy Trustee 2022 Ltd,Johnson Forestry Services
{4B7188BE-2CBB-4CAF-9511-1B8C09B210A7},2376.000000000000000,30/12.13,49.000000000000000,1225.000000000000000,Yes,1.000000000000000,0.000000000000000,0.000000000000000,0.000000000000000,0.000000000000000,0.000000000000000,0.000000000000000,1.000000000000000,25/14,0.020408163265300,0.000000000000000,0.000000000000000,0.000000000000000,0.000000000000000,0.000000000000000,0.000000000000000,0.020408163265300,1 close line due to track left open,{2FF837BE-BEC7-40BE-BFC6-A6762AC92B9B},16/06/2025 0:00:00, ,16/06/2025 0:00:00, ,No,No,4.000000000000000,Roy Trustee 2022 Ltd,Johnson Forestry Services
{DD731214-95B7-4C80-9A45-8F39234D0E20},2380.000000000000000,25/11.85,39.000000000000000,975.000000000000000,Yes,0.000000000000000,0.000000000000000,1.000000000000000,0.000000000000000,0.000000000000000,0.000000000000000,0.000000000000000,0.000000000000000,25/14,0.000000000000000,0.000000000000000,0.025641025641000,0.000000000000000,0.000000000000000,0.000000000000000,0.000000000000000,0.000000000000000, ,{2FF837BE-BEC7-40BE-BFC6-A6762AC92B9B},16/06/2025 0:00:00, ,16/06/2025 0:00:00, ,No, ,3.000000000000000,Roy Trustee 2022 Ltd,Johnson Forestry Services
{D4BAB106-97E8-4E8C-A97E-E354C4F447EA},2394.000000000000000,15/11.48,36.000000000000000,900.000000000000000,Yes,0.000000000000000,0.000000000000000,0.000000000000000,1.000000000000000,0.000000000000000,0.000000000000000,0.000000000000000,0.000000000000000,25/14,0.000000000000000,0.000000000000000,0.000000000000000,0.027777777777800,0.000000000000000,0.000000000000000,0.000000000000000,0.000000000000000, ,{2FF837BE-BEC7-40BE-BFC6-A6762AC92B9B},16/06/2025 0:00:00, ,16/06/2025 0:00:00, ,No, ,1.000000000000000,Roy Trustee 2022 Ltd,Johnson Forestry Services
{E2C6549E-3089-4AF2-8D88-6B8D2C1EEF06},2400.000000000000000,30/12.13,38.000000000000000,950.000000000000000,Yes,0.000000000000000,0.000000000000000,0.000000000000000,0.000000000000000,0.000000000000000,0.000000000000000,1.000000000000000,0.000000000000000,25/14,0.000000000000000,0.000000000000000,0.000000000000000,0.000000000000000,0.000000000000000,0.000000000000000,0.026315789473700,0.000000000000000,Planting through low scrub and long grass,{2FF837BE-BEC7-40BE-BFC6-A6762AC92B9B},16/06/2025 0:00:00, ,16/06/2025 0:00:00, ,No, ,3.000000000000000,Roy Trustee 2022 Ltd,Johnson Forestry Services
{3D6B2B19-D440-4F53-AE64-C2D34C74EE43},2404.000000000000000,30/12.13,38.000000000000000,950.000000000000000,No,0.000000000000000,0.000000000000000,0.000000000000000,0.000000000000000,0.000000000000000,0.000000000000000,0.000000000000000,0.000000000000000,25/14,0.000000000000000,0.000000000000000,0.000000000000000,0.000000000000000,0.000000000000000,0.000000000000000,0.000000000000000,0.000000000000000,Long grass and scattered scrub,{2FF837BE-BEC7-40BE-BFC6-A6762AC92B9B},16/06/2025 0:00:00, ,16/06/2025 0:00:00, ,No, ,0.000000000000000,Roy Trustee 2022 Ltd,Johnson Forestry Services
{7BEFFB46-4B01-4536-BBC3-4A7B7E62AAA2},2086.000000000000000,20/11.64,40.000000000000000,1000.000000000000000,No,0.000000000000000,0.000000000000000,0.000000000000000,0.000000000000000,0.000000000000000,0.000000000000000,0.000000000000000,0.000000000000000,25/7,0.000000000000000,0.000000000000000,0.000000000000000,0.000000000000000,0.000000000000000,0.000000000000000,0.000000000000000,0.000000000000000, ,{5F4A50A4-9E04-4FAF-A286-17ACEC4AB960},16/06/2025 0:00:00, ,16/06/2025 0:00:00, ,No, ,0.000000000000000,Roy Trustee 2022 Ltd,Johnson Forestry Services
{C4F57E22-D5E7-45EC-AFAE-2CEF98C8273C},2156.000000000000000,10/11.37,36.000000000000000,900.000000000000000,Yes,0.000000000000000,0.000000000000000,1.000000000000000,0.000000000000000,0.000000000000000,0.000000000000000,0.000000000000000,1.000000000000000,25/7,0.000000000000000,0.000000000000000,0.027777777777800,0.000000000000000,0.000000000000000,0.000000000000000,0.000000000000000,0.027777777777800, ,{5F4A50A4-9E04-4FAF-A286-17ACEC4AB960},16/06/2025 0:00:00, ,16/06/2025 0:00:00, ,No, ,6.000000000000000,Roy Trustee 2022 Ltd,Johnson Forestry Services
{2901F8E4-87B7-4DE6-8AD6-3F53931CE93C},1452.000000000000000,10/11.37,36.000000000000000,900.000000000000000,Yes,0.000000000000000,1.000000000000000,0.000000000000000,0.000000000000000,0.000000000000000,0.000000000000000,0.000000000000000,0.000000000000000,25/13,0.000000000000000,0.027777777777800,0.000000000000000,0.000000000000000,0.000000000000000,0.000000000000000,0.000000000000000,0.000000000000000, ,{5F87787B-D802-4045-A317-00823CE443F1},16/06/2025 0:00:00, ,16/06/2025 0:00:00, ,No, ,1.000000000000000,Roy Trustee 2022 Ltd,Johnson Forestry Services
{04235113-B117-4ACC-849E-0AB4257665F4},1444.000000000000000,10/11.37,38.000000000000000,950.000000000000000,No,0.000000000000000,0.000000000000000,0.000000000000000,0.000000000000000,0.000000000000000,0.000000000000000,0.000000000000000,0.000000000000000,25/13,0.000000000000000,0.000000000000000,0.000000000000000,0.000000000000000,0.000000000000000,0.000000000000000,0.000000000000000,0.000000000000000, ,{5F87787B-D802-4045-A317-00823CE443F1},16/06/2025 0:00:00, ,16/06/2025 0:00:00, ,No, ,0.000000000000000,Roy Trustee 2022 Ltd,Johnson Forestry Services
{50D44A8C-5C30-46BB-B0C1-53109B4BD6F6},1408.000000000000000,25/11.85,38.000000000000000,950.000000000000000,No,0.000000000000000,0.000000000000000,0.000000000000000,0.000000000000000,0.000000000000000,0.000000000000000,0.000000000000000,0.000000000000000,25/13,0.000000000000000,0.000000000000000,0.000000000000000,0.000000000000000,0.000000000000000,0.000000000000000,0.000000000000000,0.000000000000000, ,{5F87787B-D802-4045-A317-00823CE443F1},16/06/2025 0:00:00, ,16/06/2025 0:00:00, ,No, ,0.000000000000000,Roy Trustee 2022 Ltd,Johnson Forestry Services
{045F79FE-6662-400D-8902-121D68B18707},1418.000000000000000,15/11.48,44.000000000000000,1100.000000000000000,Yes,0.000000000000000,0.000000000000000,1.000000000000000,0.000000000000000,0.000000000000000,0.000000000000000,0.000000000000000,0.000000000000000,25/13,0.000000000000000,0.000000000000000,0.022727272727300,0.000000000000000,0.000000000000000,0.000000000000000,0.000000000000000,0.000000000000000, ,{5F87787B-D802-4045-A317-00823CE443F1},16/06/2025 0:00:00, ,16/06/2025 0:00:00, ,No, ,3.000000000000000,Roy Trustee 2022 Ltd,Johnson Forestry Services
{DD80CBDC-80E1-428F-966C-6DDDC6E4400F},1430.000000000000000,15/11.48,38.000000000000000,950.000000000000000,No,0.000000000000000,0.000000000000000,0.000000000000000,0.000000000000000,0.000000000000000,0.000000000000000,0.000000000000000,0.000000000000000,25/13,0.000000000000000,0.000000000000000,0.000000000000000,0.000000000000000,0.000000000000000,0.000000000000000,0.000000000000000,0.000000000000000,Moved plor original position in swamp by road,{5F87787B-D802-4045-A317-00823CE443F1},16/06/2025 0:00:00, ,16/06/2025 0:00:00, ,No, ,0.000000000000000,Roy Trustee 2022 Ltd,Johnson Forestry Services
{4D905C66-3F35-4F8E-B6DA-A8C3C475D1A9},606.000000000000000,10/11.37,40.000000000000000,1000.000000000000000,No,0.000000000000000,0.000000000000000,0.000000000000000,0.000000000000000,0.000000000000000,0.000000000000000,0.000000000000000,0.000000000000000,25/58,0.000000000000000,0.000000000000000,0.000000000000000,0.000000000000000,0.000000000000000,0.000000000000000,0.000000000000000,0.000000000000000,Really good planting cknsiderjng how rocky it is,{DD006687-4736-403A-ADB1-2D7D0CBCB807},16/06/2025 0:00:00, ,16/06/2025 0:00:00, ,No, ,0.000000000000000,Roy Trustee 2022 Ltd,Forest View Contracting
{5774BB07-1A57-4AFA-9637-BB4B52D224DE},604.000000000000000,20/11.64,39.000000000000000,975.000000000000000,No,0.000000000000000,0.000000000000000,0.000000000000000,0.000000000000000,0.000000000000000,0.000000000000000,0.000000000000000,0.000000000000000,25/58,0.000000000000000,0.000000000000000,0.000000000000000,0.000000000000000,0.000000000000000,0.000000000000000,0.000000000000000,0.000000000000000, ,{DD006687-4736-403A-ADB1-2D7D0CBCB807},16/06/2025 0:00:00, ,16/06/2025 0:00:00, ,No, ,0.000000000000000,Roy Trustee 2022 Ltd,Forest View Contracting
{B6BC19E5-FD25-4162-A7CA-7B3111297B26},592.100000000000023,5/11.31,43.000000000000000,1075.000000000000000,No,0.000000000000000,0.000000000000000,0.000000000000000,0.000000000000000,0.000000000000000,0.000000000000000,0.000000000000000,0.000000000000000,25/58,0.000000000000000,0.000000000000000,0.000000000000000,0.000000000000000,0.000000000000000,0.000000000000000,0.000000000000000,0.000000000000000,Additional plot due to added area,{DD006687-4736-403A-ADB1-2D7D0CBCB807},16/06/2025 0:00:00, ,16/06/2025 0:00:00, ,No, ,0.000000000000000,Roy Trustee 2022 Ltd,Forest View Contracting
{1D562B14-36E6-442E-9311-B43CA3B94056},564.000000000000000,5/11.31,39.000000000000000,975.000000000000000,No,0.000000000000000,0.000000000000000,0.000000000000000,0.000000000000000,0.000000000000000,0.000000000000000,0.000000000000000,0.000000000000000,25/58,0.000000000000000,0.000000000000000,0.000000000000000,0.000000000000000,0.000000000000000,0.000000000000000,0.000000000000000,0.000000000000000, ,{DD006687-4736-403A-ADB1-2D7D0CBCB807},16/06/2025 0:00:00, ,16/06/2025 0:00:00, ,No, ,0.000000000000000,Roy Trustee 2022 Ltd,Forest View Contracting
{BC0E590C-1981-479C-A66D-A48B00F94A5A},570.000000000000000,20/11.64,42.000000000000000,1050.000000000000000,Yes,0.000000000000000,0.000000000000000,0.000000000000000,0.000000000000000,0.000000000000000,1.000000000000000,0.000000000000000,0.000000000000000,25/58,0.000000000000000,0.000000000000000,0.000000000000000,0.000000000000000,0.000000000000000,0.023809523809500,0.000000000000000,0.000000000000000, ,{DD006687-4736-403A-ADB1-2D7D0CBCB807},16/06/2025 0:00:00, ,16/06/2025 0:00:00, ,No, ,3.000000000000000,Roy Trustee 2022 Ltd,Forest View Contracting
{3E662613-A4B1-484D-BB98-D35FE7EB05EA},578.000000000000000,5/11.31,41.000000000000000,1025.000000000000000,Yes,0.000000000000000,0.000000000000000,0.000000000000000,0.000000000000000,0.000000000000000,1.000000000000000,0.000000000000000,0.000000000000000,25/58,0.000000000000000,0.000000000000000,0.000000000000000,0.000000000000000,0.000000000000000,0.024390243902400,0.000000000000000,0.000000000000000, ,{DD006687-4736-403A-ADB1-2D7D0CBCB807},16/06/2025 0:00:00, ,16/06/2025 0:00:00, ,No, ,3.000000000000000,Roy Trustee 2022 Ltd,Forest View Contracting
{E8B88CEA-3358-448E-ABDA-4DE14853709C},592.000000000000000,20/11.64,36.000000000000000,900.000000000000000,Yes,0.000000000000000,0.000000000000000,0.000000000000000,0.000000000000000,0.000000000000000,3.000000000000000,0.000000000000000,0.000000000000000,25/58,0.000000000000000,0.000000000000000,0.000000000000000,0.000000000000000,0.000000000000000,0.083333333333300,0.000000000000000,0.000000000000000, ,{DD006687-4736-403A-ADB1-2D7D0CBCB807},16/06/2025 0:00:00, ,16/06/2025 0:00:00, ,No,Yes,9.000000000000000,Roy Trustee 2022 Ltd,Forest View Contracting
{B84A9341-6D8B-421E-B40D-8594BF895050},592.000000000000000,20/11.64,36.000000000000000,900.000000000000000,Yes,0.000000000000000,0.000000000000000,0.000000000000000,0.000000000000000,0.000000000000000,3.000000000000000,0.000000000000000,0.000000000000000,25/58,0.000000000000000,0.000000000000000,0.000000000000000,0.000000000000000,0.000000000000000,0.083333333333300,0.000000000000000,0.000000000000000,"One line with trees not deep enough, photos show root vollar above ground or level with it. Have spoken to crew",{DD006687-4736-403A-ADB1-2D7D0CBCB807},16/06/2025 0:00:00, ,16/06/2025 0:00:00, ,No,No,9.000000000000000,Roy Trustee 2022 Ltd,Forest View Contracting
{D3BD56EC-794A-493A-A27E-45240EF580B8},580.000000000000000,20/11.64,40.000000000000000,1000.000000000000000,No,0.000000000000000,0.000000000000000,0.000000000000000,0.000000000000000,0.000000000000000,0.000000000000000,0.000000000000000,0.000000000000000,25/58,0.000000000000000,0.000000000000000,0.000000000000000,0.000000000000000,0.000000000000000,0.000000000000000,0.000000000000000,0.000000000000000,Great planting considering allnthe scrub and grasses,{DD006687-4736-403A-ADB1-2D7D0CBCB807},16/06/2025 0:00:00, ,16/06/2025 0:00:00, ,No, ,0.000000000000000,Roy Trustee 2022 Ltd,Forest View Contracting
{ECF6BAF6-E331-4FC1-82ED-862AD63CBB0B},566.000000000000000,10/11.37,36.000000000000000,900.000000000000000,Yes,0.000000000000000,0.000000000000000,1.000000000000000,0.000000000000000,0.000000000000000,1.000000000000000,0.000000000000000,0.000000000000000,25/58,0.000000000000000,0.000000000000000,0.027777777777800,0.000000000000000,0.000000000000000,0.027777777777800,0.000000000000000,0.000000000000000, ,{DD006687-4736-403A-ADB1-2D7D0CBCB807},16/06/2025 0:00:00, ,16/06/2025 0:00:00, ,No, ,6.000000000000000,Roy Trustee 2022 Ltd,Forest View Contracting
{4D5E461B-8E25-4B7C-BCBB-EAD97849BF1F},574.000000000000000,5/11.31,36.000000000000000,0.000000000000000,No,0.000000000000000,0.000000000000000,0.000000000000000,0.000000000000000,0.000000000000000,0.000000000000000,0.000000000000000,0.000000000000000,25/58,0.000000000000000,0.000000000000000,0.000000000000000,0.000000000000000,0.000000000000000,0.000000000000000,0.000000000000000,0.000000000000000, ,{DD006687-4736-403A-ADB1-2D7D0CBCB807},16/06/2025 0:00:00, ,16/06/2025 0:00:00, ,No, ,0.000000000000000,Roy Trustee 2022 Ltd,Forest View Contracting
{12BB1A68-A3AF-4205-8F56-E057B231AD04},572.000000000000000,10/11.37,39.000000000000000,975.000000000000000,No,0.000000000000000,0.000000000000000,0.000000000000000,0.000000000000000,0.000000000000000,0.000000000000000,0.000000000000000,0.000000000000000,25/58,0.000000000000000,0.000000000000000,0.000000000000000,0.000000000000000,0.000000000000000,0.000000000000000,0.000000000000000,0.000000000000000, ,{41EA36E0-2DEA-4F08-93C3-AB2C6E61F917},17/06/2025 0:00:00, ,17/06/2025 0:00:00, ,No, ,0.000000000000000,Roy Trustee 2022 Ltd,Forest View Contracting
{93097C24-E750-40DD-B078-23ACF446DFAD},568.000000000000000,10/11.37,38.000000000000000,950.000000000000000,No,0.000000000000000,0.000000000000000,0.000000000000000,0.000000000000000,0.000000000000000,0.000000000000000,0.000000000000000,0.000000000000000,25/58,0.000000000000000,0.000000000000000,0.000000000000000,0.000000000000000,0.000000000000000,0.000000000000000,0.000000000000000,0.000000000000000, ,{41EA36E0-2DEA-4F08-93C3-AB2C6E61F917},17/06/2025 0:00:00, ,17/06/2025 0:00:00, ,No, ,0.000000000000000,Roy Trustee 2022 Ltd,Forest View Contracting
{5617DA7F-BD05-47F4-9ABD-9011A90A9AE8},576.000000000000000,10/11.37,37.000000000000000,925.000000000000000,No,0.000000000000000,0.000000000000000,0.000000000000000,0.000000000000000,0.000000000000000,0.000000000000000,0.000000000000000,0.000000000000000,25/58,0.000000000000000,0.000000000000000,0.000000000000000,0.000000000000000,0.000000000000000,0.000000000000000,0.000000000000000,0.000000000000000, ,{41EA36E0-2DEA-4F08-93C3-AB2C6E61F917},17/06/2025 0:00:00, ,17/06/2025 0:00:00, ,No, ,0.000000000000000,Roy Trustee 2022 Ltd,Forest View Contracting
{CF899729-F948-4C7D-8590-90A75FE1B41C},584.000000000000000,10/11.37,39.000000000000000,975.000000000000000,No,0.000000000000000,0.000000000000000,0.000000000000000,0.000000000000000,0.000000000000000,0.000000000000000,0.000000000000000,0.000000000000000,25/58,0.000000000000000,0.000000000000000,0.000000000000000,0.000000000000000,0.000000000000000,0.000000000000000,0.000000000000000,0.000000000000000, ,{41EA36E0-2DEA-4F08-93C3-AB2C6E61F917},17/06/2025 0:00:00, ,17/06/2025 0:00:00, ,No, ,0.000000000000000,Roy Trustee 2022 Ltd,Forest View Contracting
{3A717114-AA61-448C-9345-DB0B3F88A6B4},1906.000000000000000,15/11.48,41.000000000000000,1025.000000000000000,No,0.000000000000000,0.000000000000000,0.000000000000000,0.000000000000000,0.000000000000000,0.000000000000000,0.000000000000000,0.000000000000000,25/63,0.000000000000000,0.000000000000000,0.000000000000000,0.000000000000000,0.000000000000000,0.000000000000000,0.000000000000000,0.000000000000000, ,{17E0C11A-236B-4AE8-BC60-423715B9DF0B},17/06/2025 0:00:00, ,17/06/2025 0:00:00, ,No, ,0.000000000000000,Roy Trustee 2022 Ltd,Forest View Contracting
{F2E73286-45DA-4069-A3D8-0F56B60E96A7},2384.000000000000000,15/11.48,40.000000000000000,1000.000000000000000,Yes,0.000000000000000,0.000000000000000,0.000000000000000,0.000000000000000,1.000000000000000,0.000000000000000,0.000000000000000,1.000000000000000,25/14,0.000000000000000,0.000000000000000,0.000000000000000,0.000000000000000,0.025000000000000,0.000000000000000,0.000000000000000,0.025000000000000, ,{9471D010-0CD6-4509-9C96-4634B0E6B3A2},17/06/2025 0:00:00, ,17/06/2025 0:00:00, ,No, ,6.000000000000000,Roy Trustee 2022 Ltd,Johnson Forestry Services
{855E7443-ACB8-485E-9DB9-06E6E8E7F288},2378.000000000000000,30/12.13,43.000000000000000,1075.000000000000000,No,0.000000000000000,0.000000000000000,0.000000000000000,0.000000000000000,0.000000000000000,0.000000000000000,0.000000000000000,0.000000000000000,25/14,0.000000000000000,0.000000000000000,0.000000000000000,0.000000000000000,0.000000000000000,0.000000000000000,0.000000000000000,0.000000000000000, ,{9471D010-0CD6-4509-9C96-4634B0E6B3A2},17/06/2025 0:00:00, ,17/06/2025 0:00:00, ,No, ,0.000000000000000,Roy Trustee 2022 Ltd,Johnson Forestry Services
{07CDA131-C3B9-4BC3-BF99-EF67C90DA3C4},2480.000000000000000,20/11.64,41.000000000000000,1025.000000000000000,Yes,0.000000000000000,1.000000000000000,1.000000000000000,0.000000000000000,0.000000000000000,0.000000000000000,0.000000000000000,0.000000000000000,25/15,0.000000000000000,0.024390243902400,0.024390243902400,0.000000000000000,0.000000000000000,0.000000000000000,0.000000000000000,0.000000000000000,Rock not far down in places,{322D89E9-D1B4-4A29-BAF3-4A9C57A1FC52},17/06/2025 0:00:00, ,17/06/2025 0:00:00, ,No, ,4.000000000000000,Roy Trustee 2022 Ltd,Johnson Forestry Services
{2DAF229F-1A38-406E-BB50-9AB00D14DF04},2478.000000000000000,15/11.48,43.000000000000000,1075.000000000000000,No,0.000000000000000,0.000000000000000,0.000000000000000,0.000000000000000,0.000000000000000,0.000000000000000,0.000000000000000,0.000000000000000,25/15,0.000000000000000,0.000000000000000,0.000000000000000,0.000000000000000,0.000000000000000,0.000000000000000,0.000000000000000,0.000000000000000, ,{322D89E9-D1B4-4A29-BAF3-4A9C57A1FC52},17/06/2025 0:00:00, ,17/06/2025 0:00:00, ,No, ,0.000000000000000,Roy Trustee 2022 Ltd,Johnson Forestry Services
{56948B84-7E0C-4DEE-AEA6-136407703B7B},2448.000000000000000,25/11.85,36.000000000000000,900.000000000000000,No,0.000000000000000,0.000000000000000,0.000000000000000,0.000000000000000,0.000000000000000,0.000000000000000,0.000000000000000,0.000000000000000,25/15,0.000000000000000,0.000000000000000,0.000000000000000,0.000000000000000,0.000000000000000,0.000000000000000,0.000000000000000,0.000000000000000, ,{322D89E9-D1B4-4A29-BAF3-4A9C57A1FC52},17/06/2025 0:00:00, ,17/06/2025 0:00:00, ,No, ,0.000000000000000,Roy Trustee 2022 Ltd,Johnson Forestry Services
{B2DC6D8F-4EC6-4AD4-B647-E5212F42C320},2454.000000000000000,15/11.48,42.000000000000000,1050.000000000000000,No,0.000000000000000,0.000000000000000,0.000000000000000,0.000000000000000,0.000000000000000,0.000000000000000,0.000000000000000,0.000000000000000,25/15,0.000000000000000,0.000000000000000,0.000000000000000,0.000000000000000,0.000000000000000,0.000000000000000,0.000000000000000,0.000000000000000, ,{322D89E9-D1B4-4A29-BAF3-4A9C57A1FC52},17/06/2025 0:00:00, ,17/06/2025 0:00:00, ,No, ,0.000000000000000,Roy Trustee 2022 Ltd,Johnson Forestry Services
{565CD171-90C6-497D-B895-3DCBD6338A3E},2464.000000000000000,25/11.85,46.000000000000000,1150.000000000000000,Yes,0.000000000000000,0.000000000000000,0.000000000000000,0.000000000000000,1.000000000000000,0.000000000000000,0.000000000000000,1.000000000000000,25/15,0.000000000000000,0.000000000000000,0.000000000000000,0.000000000000000,0.021739130434800,0.000000000000000,0.000000000000000,0.000000000000000,Tree spacing. Only around plot area,{322D89E9-D1B4-4A29-BAF3-4A9C57A1FC52},17/06/2025 0:00:00, ,17/06/2025 0:00:00, ,No,Yes,6.000000000000000,Roy Trustee 2022 Ltd,Johnson Forestry Services
{75972D99-A961-45C8-BEE2-20A9A303F30B},2412.000000000000000,10/11.37,37.000000000000000,925.000000000000000,No,0.000000000000000,0.000000000000000,0.000000000000000,0.000000000000000,0.000000000000000,0.000000000000000,0.000000000000000,0.000000000000000,25/14,0.000000000000000,0.000000000000000,0.000000000000000,0.000000000000000,0.000000000000000,0.000000000000000,0.000000000000000,0.000000000000000, ,{458A1438-2818-4236-95C5-535F22431878},17/06/2025 0:00:00, ,17/06/2025 0:00:00, ,No, ,0.000000000000000,Roy Trustee 2022 Ltd,Johnson Forestry Services
{F37B599D-CAA9-4062-B048-6F968E272424},2410.000000000000000,20/11.64,37.000000000000000,925.000000000000000,No,0.000000000000000,0.000000000000000,0.000000000000000,0.000000000000000,0.000000000000000,0.000000000000000,0.000000000000000,0.000000000000000,25/14,0.000000000000000,0.000000000000000,0.000000000000000,0.000000000000000,0.000000000000000,0.000000000000000,0.000000000000000,0.000000000000000, ,{458A1438-2818-4236-95C5-535F22431878},17/06/2025 0:00:00, ,17/06/2025 0:00:00, ,No, ,0.000000000000000,Roy Trustee 2022 Ltd,Johnson Forestry Services
{64839181-1B59-4E97-9536-FC56C914ECFF},2398.000000000000000,25/11.85,44.000000000000000,1100.000000000000000,No,0.000000000000000,0.000000000000000,0.000000000000000,0.000000000000000,0.000000000000000,0.000000000000000,0.000000000000000,0.000000000000000,25/14,0.000000000000000,0.000000000000000,0.000000000000000,0.000000000000000,0.000000000000000,0.000000000000000,0.000000000000000,0.000000000000000, ,{458A1438-2818-4236-95C5-535F22431878},17/06/2025 0:00:00, ,17/06/2025 0:00:00, ,No, ,0.000000000000000,Roy Trustee 2022 Ltd,Johnson Forestry Services
{291B6DA6-C74C-4119-8558-8A4FB7A51664},2406.000000000000000,15/11.48,40.000000000000000,1000.000000000000000,Yes,0.000000000000000,0.000000000000000,1.000000000000000,0.000000000000000,0.000000000000000,0.000000000000000,0.000000000000000,0.000000000000000,25/14,0.000000000000000,0.000000000000000,0.025000000000000,0.000000000000000,0.000000000000000,0.000000000000000,0.000000000000000,0.000000000000000, ,{458A1438-2818-4236-95C5-535F22431878},17/06/2025 0:00:00, ,17/06/2025 0:00:00, ,No, ,3.000000000000000,Roy Trustee 2022 Ltd,Johnson Forestry Services
{668AAFAA-A753-4843-8E91-9A2B9E642249},340.000000000000000,20/11.64,40.000000000000000,1000.000000000000000,Yes,1.000000000000000,1.000000000000000,0.000000000000000,0.000000000000000,0.000000000000000,0.000000000000000,0.000000000000000,1.000000000000000,25/72,0.025000000000000,0.025000000000000,0.000000000000000,0.000000000000000,0.000000000000000,0.000000000000000,0.000000000000000,0.025000000000000,Plot is directly behind planters,{DBF14342-0FAE-4733-ACDB-E5910581922A},17/06/2025 0:00:00, ,17/06/2025 0:00:00, ,No, ,5.000000000000000,Roy Trustee 2022 Ltd,Proforest
{96940412-2CF3-4FA3-96ED-E6CABDE08A0A},320.000000000000000,20/11.64,42.000000000000000,1050.000000000000000,Yes,0.000000000000000,1.000000000000000,0.000000000000000,0.000000000000000,0.000000000000000,0.000000000000000,0.000000000000000,0.000000000000000,25/72,0.000000000000000,0.023809523809500,0.000000000000000,0.000000000000000,0.000000000000000,0.000000000000000,0.000000000000000,0.000000000000000,Sheep x3 in paddock (long gully),{DBF14342-0FAE-4733-ACDB-E5910581922A},17/06/2025 0:00:00, ,17/06/2025 0:00:00, ,No, ,1.000000000000000,Roy Trustee 2022 Ltd,Proforest
{91E79626-4AD6-48E8-95EF-F16EB5DD9B47},306.000000000000000,20/11.64,46.000000000000000,1150.000000000000000,Yes,0.000000000000000,0.000000000000000,0.000000000000000,0.000000000000000,1.000000000000000,1.000000000000000,0.000000000000000,0.000000000000000,25/72,0.000000000000000,0.000000000000000,0.000000000000000,0.000000000000000,0.021739130434800,0.021739130434800,0.000000000000000,0.000000000000000,2 planters close between trees (about 2.2m spacing),{DBF14342-0FAE-4733-ACDB-E5910581922A},17/06/2025 0:00:00, ,17/06/2025 0:00:00, ,No,No,6.000000000000000,Roy Trustee 2022 Ltd,Proforest
{7C43B64B-0644-4DF6-BDBC-31F60AFBC19B},360.000000000000000,15/11.48,37.000000000000000,925.000000000000000,Yes,0.000000000000000,2.000000000000000,0.000000000000000,0.000000000000000,1.000000000000000,0.000000000000000,0.000000000000000,0.000000000000000,25/72,0.000000000000000,0.000000000000000,0.000000000000000,0.000000000000000,0.027027027027000,0.000000000000000,0.000000000000000,0.000000000000000, ,{DBF14342-0FAE-4733-ACDB-E5910581922A},17/06/2025 0:00:00, ,17/06/2025 0:00:00, ,No, ,5.000000000000000,Roy Trustee 2022 Ltd,Proforest
{317C4142-19EC-4F82-8EE1-007DC330F1BA},342.000000000000000,25/11.85,39.000000000000000,975.000000000000000,Yes,0.000000000000000,0.000000000000000,0.000000000000000,0.000000000000000,0.000000000000000,0.000000000000000,2.000000000000000,0.000000000000000,25/72,0.000000000000000,0.000000000000000,0.000000000000000,0.000000000000000,0.000000000000000,0.000000000000000,0.051282051282100,0.000000000000000,Some loose trees in area. Fixed and passed on to QC,{DBF14342-0FAE-4733-ACDB-E5910581922A},17/06/2025 0:00:00, ,17/06/2025 0:00:00, ,No, ,6.000000000000000,Roy Trustee 2022 Ltd,Proforest
{F1A858EA-789F-4D22-9D46-94D83CCA1E36},326.000000000000000,15/11.48,40.000000000000000,1000.000000000000000,Yes,0.000000000000000,1.000000000000000,0.000000000000000,0.000000000000000,0.000000000000000,0.000000000000000,0.000000000000000,0.000000000000000,25/72,0.000000000000000,0.025000000000000,0.000000000000000,0.000000000000000,0.000000000000000,0.000000000000000,0.000000000000000,0.000000000000000, ,{DBF14342-0FAE-4733-ACDB-E5910581922A},17/06/2025 0:00:00, ,17/06/2025 0:00:00, ,No, ,1.000000000000000,Roy Trustee 2022 Ltd,Proforest
{0E7B1B32-1336-454B-A0B9-2AB4CFD831D1},344.000000000000000,25/11.85,33.000000000000000,825.000000000000000,Yes,0.000000000000000,0.000000000000000,0.000000000000000,0.000000000000000,0.000000000000000,0.000000000000000,1.000000000000000,0.000000000000000,25/72,0.000000000000000,0.000000000000000,0.000000000000000,0.000000000000000,0.000000000000000,0.000000000000000,0.030303030303000,0.000000000000000, ,{DBF14342-0FAE-4733-ACDB-E5910581922A},17/06/2025 0:00:00, ,17/06/2025 0:00:00, ,No,No,3.000000000000000,Roy Trustee 2022 Ltd,Proforest
{F9BAA678-E1AD-46EA-B6CA-80EC4D371391},328.000000000000000,15/11.48,36.000000000000000,900.000000000000000,Yes,0.000000000000000,2.000000000000000,0.000000000000000,0.000000000000000,0.000000000000000,0.000000000000000,0.000000000000000,0.000000000000000,25/72,0.000000000000000,0.055555555555600,0.000000000000000,0.000000000000000,0.000000000000000,0.000000000000000,0.000000000000000,0.000000000000000, ,{DBF14342-0FAE-4733-ACDB-E5910581922A},17/06/2025 0:00:00, ,17/06/2025 0:00:00, ,No, ,2.000000000000000,Roy Trustee 2022 Ltd,Proforest
{DDC758B1-D382-4E18-8C00-E740CF245693},346.000000000000000,25/11.85,37.000000000000000,925.000000000000000,Yes,0.000000000000000,2.000000000000000,0.000000000000000,0.000000000000000,0.000000000000000,0.000000000000000,0.000000000000000,0.000000000000000,25/72,0.000000000000000,0.054054054054100,0.000000000000000,0.000000000000000,0.000000000000000,0.000000000000000,0.000000000000000,0.000000000000000, ,{DBF14342-0FAE-4733-ACDB-E5910581922A},17/06/2025 0:00:00, ,17/06/2025 0:00:00, ,No, ,2.000000000000000,Roy Trustee 2022 Ltd,Proforest
{D7980F05-AAF8-439B-BA40-B9A879CA234F},358.000000000000000,25/11.85,39.000000000000000,0.000000000000000,Yes,0.000000000000000,1.000000000000000,0.000000000000000,0.000000000000000,0.000000000000000,0.000000000000000,0.000000000000000,0.000000000000000,25/72,0.000000000000000,0.000000000000000,0.000000000000000,0.000000000000000,0.000000000000000,0.000000000000000,0.000000000000000,0.000000000000000, ,{DBF14342-0FAE-4733-ACDB-E5910581922A},17/06/2025 0:00:00, ,17/06/2025 0:00:00, ,No, ,1.000000000000000,Roy Trustee 2022 Ltd,Proforest
{88A6B3AB-5438-4185-8BF8-5FE35C1690E9},324.000000000000000,20/11.64,36.000000000000000,900.000000000000000,Yes,0.000000000000000,2.000000000000000,0.000000000000000,0.000000000000000,0.000000000000000,0.000000000000000,0.000000000000000,0.000000000000000,25/72,0.000000000000000,0.055555555555600,0.000000000000000,0.000000000000000,0.000000000000000,0.000000000000000,0.000000000000000,0.000000000000000, ,{DBF14342-0FAE-4733-ACDB-E5910581922A},17/06/2025 0:00:00, ,17/06/2025 0:00:00, ,No, ,2.000000000000000,Roy Trustee 2022 Ltd,Proforest
{567E5257-6769-4009-A45C-3180D3905973},1596.000000000000000,20/11.64,36.000000000000000,900.000000000000000,No,0.000000000000000,0.000000000000000,0.000000000000000,0.000000000000000,0.000000000000000,0.000000000000000,0.000000000000000,0.000000000000000,25/54,0.000000000000000,0.000000000000000,0.000000000000000,0.000000000000000,0.000000000000000,0.000000000000000,0.000000000000000,0.000000000000000,Good. Lower stocking in general,{D22D3463-38A2-4BD3-B43E-0EBF6CEC1128},17/06/2025 0:00:00, ,17/06/2025 0:00:00, ,No, ,0.000000000000000,Roy Trustee 2022 Ltd,Proforest
{FBFE46FA-C03B-41F5-AA3C-BD4648D0ED10},1594.000000000000000,15/11.48,37.000000000000000,925.000000000000000,Yes,0.000000000000000,2.000000000000000,0.000000000000000,0.000000000000000,0.000000000000000,0.000000000000000,0.000000000000000,0.000000000000000,25/54,0.000000000000000,0.054054054054100,0.000000000000000,0.000000000000000,0.000000000000000,0.000000000000000,0.000000000000000,0.000000000000000, ,{D22D3463-38A2-4BD3-B43E-0EBF6CEC1128},17/06/2025 0:00:00, ,17/06/2025 0:00:00, ,No, ,2.000000000000000,Roy Trustee 2022 Ltd,Proforest
{B48C39FB-6FCA-4B1F-B9F6-31438DA9034A},1588.000000000000000,10/11.37,43.000000000000000,1075.000000000000000,No,0.000000000000000,0.000000000000000,0.000000000000000,0.000000000000000,0.000000000000000,0.000000000000000,0.000000000000000,0.000000000000000,25/54,0.000000000000000,0.000000000000000,0.000000000000000,0.000000000000000,0.000000000000000,0.000000000000000,0.000000000000000,0.000000000000000, ,{D22D3463-38A2-4BD3-B43E-0EBF6CEC1128},17/06/2025 0:00:00, ,17/06/2025 0:00:00, ,No, ,0.000000000000000,Roy Trustee 2022 Ltd,Proforest
{0536C9B5-2EDC-4C80-B4D9-57225C2A2655},1584.000000000000000,20/11.64,39.000000000000000,975.000000000000000,Yes,0.000000000000000,1.000000000000000,0.000000000000000,0.000000000000000,0.000000000000000,0.000000000000000,0.000000000000000,0.000000000000000,25/54,0.000000000000000,0.025641025641000,0.000000000000000,0.000000000000000,0.000000000000000,0.000000000000000,0.000000000000000,0.000000000000000,Good,{D22D3463-38A2-4BD3-B43E-0EBF6CEC1128},17/06/2025 0:00:00, ,17/06/2025 0:00:00, ,No, ,1.000000000000000,Roy Trustee 2022 Ltd,Proforest
{E4DC245B-E3B2-4981-AC56-2B6A5C68C5AB},1590.000000000000000,25/11.85,38.000000000000000,950.000000000000000,Yes,2.000000000000000,0.000000000000000,0.000000000000000,0.000000000000000,0.000000000000000,0.000000000000000,0.000000000000000,0.000000000000000,25/54,0.052631578947400,0.000000000000000,0.000000000000000,0.000000000000000,0.000000000000000,0.000000000000000,0.000000000000000,0.000000000000000, ,{D22D3463-38A2-4BD3-B43E-0EBF6CEC1128},17/06/2025 0:00:00, ,17/06/2025 0:00:00, ,No, ,2.000000000000000,Roy Trustee 2022 Ltd,Proforest
{91237680-4062-41A9-BB49-1EA248F0CAE7},1592.000000000000000,15/11.48,45.000000000000000,1125.000000000000000,Yes,0.000000000000000,2.000000000000000,0.000000000000000,0.000000000000000,0.000000000000000,0.000000000000000,0.000000000000000,0.000000000000000,25/54,0.000000000000000,0.044444444444400,0.000000000000000,0.000000000000000,0.000000000000000,0.000000000000000,0.000000000000000,0.000000000000000,Area where lines change caused high stocking,{D22D3463-38A2-4BD3-B43E-0EBF6CEC1128},17/06/2025 0:00:00, ,17/06/2025 0:00:00, ,No,No,2.000000000000000,Roy Trustee 2022 Ltd,Proforest
{2E91AD9B-13A4-40D3-BF90-DE6E3A3DFE47},1586.000000000000000,15/11.48,41.000000000000000,1025.000000000000000,Yes,0.000000000000000,0.000000000000000,0.000000000000000,1.000000000000000,0.000000000000000,1.000000000000000,0.000000000000000,0.000000000000000,25/54,0.000000000000000,0.000000000000000,0.000000000000000,0.024390243902400,0.000000000000000,0.024390243902400,0.000000000000000,0.000000000000000, ,{D22D3463-38A2-4BD3-B43E-0EBF6CEC1128},17/06/2025 0:00:00, ,17/06/2025 0:00:00, ,No, ,4.000000000000000,Roy Trustee 2022 Ltd,Proforest
{170C6720-F1C8-43DE-AECE-96FA11EB6C48},2490.000000000000000,25/11.85,41.000000000000000,1025.000000000000000,Yes,0.000000000000000,0.000000000000000,0.000000000000000,0.000000000000000,1.000000000000000,0.000000000000000,0.000000000000000,0.000000000000000,25/15,0.000000000000000,0.000000000000000,0.000000000000000,0.000000000000000,0.024390243902400,0.000000000000000,0.000000000000000,0.000000000000000,Rocky with very little top soil,{46EE33D5-9BA4-48D7-ADF9-E8316C5E2F48},18/06/2025 0:00:00, ,18/06/2025 0:00:00, ,No, ,3.000000000000000,Roy Trustee 2022 Ltd,Johnson Forestry Services
{2B25F93A-C9DD-4116-9B92-319A5EA4D834},2466.000000000000000,25/11.85,46.000000000000000,1150.000000000000000,Yes,0.000000000000000,0.000000000000000,0.000000000000000,0.000000000000000,0.000000000000000,0.000000000000000,0.000000000000000,1.000000000000000,25/15,0.000000000000000,0.000000000000000,0.000000000000000,0.000000000000000,0.000000000000000,0.000000000000000,0.000000000000000,0.021739130434800,Spacing outside plot is good,{46EE33D5-9BA4-48D7-ADF9-E8316C5E2F48},18/06/2025 0:00:00, ,18/06/2025 0:00:00, ,No,Yes,3.000000000000000,Roy Trustee 2022 Ltd,Johnson Forestry Services
{CE4CEEEE-D898-40AA-A130-92D14C785ABD},2356.000000000000000,15/11.48,39.000000000000000,975.000000000000000,No,0.000000000000000,0.000000000000000,0.000000000000000,0.000000000000000,0.000000000000000,0.000000000000000,0.000000000000000,0.000000000000000,25/15,0.000000000000000,0.000000000000000,0.000000000000000,0.000000000000000,0.000000000000000,0.000000000000000,0.000000000000000,0.000000000000000," Or much too soul, rock close to surface",{46EE33D5-9BA4-48D7-ADF9-E8316C5E2F48},18/06/2025 0:00:00, ,18/06/2025 0:00:00, ,No, ,0.000000000000000,Roy Trustee 2022 Ltd,Johnson Forestry Services
{1746366C-F777-4B8F-A088-B0C2227F858D},2476.000000000000000,25/11.85,42.000000000000000,1050.000000000000000,Yes,0.000000000000000,0.000000000000000,2.000000000000000,0.000000000000000,0.000000000000000,0.000000000000000,0.000000000000000,0.000000000000000,25/15,0.000000000000000,0.000000000000000,0.047619047619000,0.000000000000000,0.000000000000000,0.000000000000000,0.000000000000000,0.000000000000000, ,{46EE33D5-9BA4-48D7-ADF9-E8316C5E2F48},18/06/2025 0:00:00, ,18/06/2025 0:00:00, ,No, ,6.000000000000000,Roy Trustee 2022 Ltd,Johnson Forestry Services
{10FB9373-0D18-4485-B781-95D970CFF704},2460.000000000000000,30/12.13,56.000000000000000,1400.000000000000000,Yes,0.000000000000000,0.000000000000000,1.000000000000000,0.000000000000000,0.000000000000000,0.000000000000000,1.000000000000000,1.000000000000000,25/15,0.000000000000000,0.000000000000000,0.017857142857100,0.000000000000000,0.000000000000000,0.000000000000000,0.017857142857100,0.017857142857100,3m between rows,{46EE33D5-9BA4-48D7-ADF9-E8316C5E2F48},18/06/2025 0:00:00, ,18/06/2025 0:00:00, ,No,No,9.000000000000000,Roy Trustee 2022 Ltd,Johnson Forestry Services
{D522A15B-2523-4FAE-8C5A-26A89711D5B5},2450.000000000000000,30/12.13,41.000000000000000,1025.000000000000000,No,0.000000000000000,0.000000000000000,0.000000000000000,0.000000000000000,0.000000000000000,0.000000000000000,0.000000000000000,0.000000000000000,25/15,0.000000000000000,0.000000000000000,0.000000000000000,0.000000000000000,0.000000000000000,0.000000000000000,0.000000000000000,0.000000000000000, ,{46EE33D5-9BA4-48D7-ADF9-E8316C5E2F48},18/06/2025 0:00:00, ,18/06/2025 0:00:00, ,No, ,0.000000000000000,Roy Trustee 2022 Ltd,Johnson Forestry Services
{1513A7A7-C705-4263-8D48-F261BEF1FE3C},2446.099999999999909,10/11.37,38.000000000000000,950.000000000000000,Yes,0.000000000000000,0.000000000000000,0.000000000000000,0.000000000000000,2.000000000000000,0.000000000000000,0.000000000000000,0.000000000000000,25/15,0.000000000000000,0.000000000000000,0.000000000000000,0.000000000000000,0.052631578947400,0.000000000000000,0.000000000000000,0.000000000000000, ,{46EE33D5-9BA4-48D7-ADF9-E8316C5E2F48},18/06/2025 0:00:00, ,18/06/2025 0:00:00, ,No, ,6.000000000000000,Roy Trustee 2022 Ltd,Johnson Forestry Services
{A16018ED-35A3-4079-9237-008A950F896A},984.000000000000000,5/11.31,41.000000000000000,1025.000000000000000,Yes,0.000000000000000,0.000000000000000,0.000000000000000,0.000000000000000,0.000000000000000,1.000000000000000,0.000000000000000,0.000000000000000,25/70,0.000000000000000,0.000000000000000,0.000000000000000,0.000000000000000,0.000000000000000,0.024390243902400,0.000000000000000,0.000000000000000, ,{08451A36-6DB8-464E-A53F-D0A2AC289000},18/06/2025 0:00:00, ,18/06/2025 0:00:00, ,No, ,3.000000000000000,Roy Trustee 2022 Ltd,Forest View Contracting
{209371C3-B663-4B4D-945F-9EF6102AC55A},982.000000000000000,5/11.31,39.000000000000000,975.000000000000000,Yes,0.000000000000000,0.000000000000000,0.000000000000000,0.000000000000000,0.000000000000000,1.000000000000000,0.000000000000000,0.000000000000000,25/70,0.000000000000000,0.000000000000000,0.000000000000000,0.000000000000000,0.000000000000000,0.025641025641000,0.000000000000000,0.000000000000000,"Somw shallow planting, have told leo and identified culprits",{08451A36-6DB8-464E-A53F-D0A2AC289000},18/06/2025 0:00:00, ,18/06/2025 0:00:00, ,No, ,3.000000000000000,Roy Trustee 2022 Ltd,Forest View Contracting
{D39E7FC7-E8D7-4FBE-90DF-51171F0CE9C5},990.000000000000000,10/11.37,36.000000000000000,900.000000000000000,Yes,1.000000000000000,0.000000000000000,0.000000000000000,0.000000000000000,0.000000000000000,0.000000000000000,0.000000000000000,0.000000000000000,25/70,0.027777777777800,0.000000000000000,0.000000000000000,0.000000000000000,0.000000000000000,0.000000000000000,0.000000000000000,0.000000000000000, ,{08451A36-6DB8-464E-A53F-D0A2AC289000},18/06/2025 0:00:00, ,18/06/2025 0:00:00, ,No, ,1.000000000000000,Roy Trustee 2022 Ltd,Forest View Contracting
{8B566EFB-D7E8-4779-872F-F961F68F599A},988.000000000000000,5/11.31,37.000000000000000,925.000000000000000,Yes,0.000000000000000,0.000000000000000,0.000000000000000,0.000000000000000,0.000000000000000,1.000000000000000,0.000000000000000,0.000000000000000,25/70,0.000000000000000,0.000000000000000,0.000000000000000,0.000000000000000,0.000000000000000,0.027027027027000,0.000000000000000,0.000000000000000, ,{08451A36-6DB8-464E-A53F-D0A2AC289000},18/06/2025 0:00:00, ,18/06/2025 0:00:00, ,No, ,3.000000000000000,Roy Trustee 2022 Ltd,Forest View Contracting
{CD4AFE28-247F-4869-A8E4-C57780575D65},986.000000000000000,5/11.31,34.000000000000000,850.000000000000000,No,0.000000000000000,0.000000000000000,0.000000000000000,0.000000000000000,0.000000000000000,0.000000000000000,0.000000000000000,0.000000000000000,25/70,0.000000000000000,0.000000000000000,0.000000000000000,0.000000000000000,0.000000000000000,0.000000000000000,0.000000000000000,0.000000000000000,Have told the crew to watch spacing betwen rows,{08451A36-6DB8-464E-A53F-D0A2AC289000},18/06/2025 0:00:00, ,18/06/2025 0:00:00, ,No,No,0.000000000000000,Roy Trustee 2022 Ltd,Forest View Contracting
{75E157D7-A263-4E55-B77F-087927D9E2AB},1000.000000000000000,15/11.48,44.000000000000000,1100.000000000000000,Yes,1.000000000000000,1.000000000000000,0.000000000000000,0.000000000000000,0.000000000000000,1.000000000000000,0.000000000000000,0.000000000000000,25/70,0.022727272727300,0.022727272727300,0.000000000000000,0.000000000000000,0.000000000000000,0.022727272727300,0.000000000000000,0.000000000000000, ,{08451A36-6DB8-464E-A53F-D0A2AC289000},18/06/2025 0:00:00, ,18/06/2025 0:00:00, ,No, ,5.000000000000000,Roy Trustee 2022 Ltd,Forest View Contracting
{710A0CF1-E457-4310-BAD3-0B2A55672FAA},998.000000000000000,20/11.64,45.000000000000000,1125.000000000000000,Yes,0.000000000000000,1.000000000000000,0.000000000000000,0.000000000000000,0.000000000000000,0.000000000000000,0.000000000000000,0.000000000000000,25/70,0.000000000000000,0.022222222222200,0.000000000000000,0.000000000000000,0.000000000000000,0.000000000000000,0.000000000000000,0.000000000000000,High stocking due to abruot change in gradient.,{08451A36-6DB8-464E-A53F-D0A2AC289000},18/06/2025 0:00:00, ,18/06/2025 0:00:00, ,No,No,1.000000000000000,Roy Trustee 2022 Ltd,Forest View Contracting
{B7B6A8E9-A9AB-4489-8A7B-BE5F41851279},1006.000000000000000,10/11.37,38.000000000000000,0.000000000000000,No,0.000000000000000,0.000000000000000,0.000000000000000,0.000000000000000,0.000000000000000,0.000000000000000,0.000000000000000,0.000000000000000,25/70,0.000000000000000,0.000000000000000,0.000000000000000,0.000000000000000,0.000000000000000,0.000000000000000,0.000000000000000,0.000000000000000, ,{08451A36-6DB8-464E-A53F-D0A2AC289000},18/06/2025 0:00:00, ,18/06/2025 0:00:00, ,No, ,0.000000000000000,Roy Trustee 2022 Ltd,Forest View Contracting
{E52B91C2-8B8E-4B81-A36D-4FD6E4560497},1004.000000000000000,10/11.37,38.000000000000000,950.000000000000000,No,0.000000000000000,0.000000000000000,0.000000000000000,0.000000000000000,0.000000000000000,0.000000000000000,0.000000000000000,0.000000000000000,25/70,0.000000000000000,0.000000000000000,0.000000000000000,0.000000000000000,0.000000000000000,0.000000000000000,0.000000000000000,0.000000000000000, ,{08451A36-6DB8-464E-A53F-D0A2AC289000},18/06/2025 0:00:00, ,18/06/2025 0:00:00, ,No, ,0.000000000000000,Roy Trustee 2022 Ltd,Forest View Contracting
{5F8E129D-E298-447C-A4B6-ECF0639927B4},1002.000000000000000,10/11.37,42.000000000000000,1050.000000000000000,No,0.000000000000000,0.000000000000000,0.000000000000000,0.000000000000000,0.000000000000000,0.000000000000000,0.000000000000000,0.000000000000000,25/70,0.000000000000000,0.000000000000000,0.000000000000000,0.000000000000000,0.000000000000000,0.000000000000000,0.000000000000000,0.000000000000000, ,{08451A36-6DB8-464E-A53F-D0A2AC289000},18/06/2025 0:00:00, ,18/06/2025 0:00:00, ,No, ,0.000000000000000,Roy Trustee 2022 Ltd,Forest View Contracting
{D1EDF3E2-8242-488E-8471-F54390CF1B83},2444.000000000000000,5/11.31,38.000000000000000,950.000000000000000,Yes,0.000000000000000,0.000000000000000,2.000000000000000,0.000000000000000,0.000000000000000,0.000000000000000,0.000000000000000,0.000000000000000,25/15,0.000000000000000,0.000000000000000,0.052631578947400,0.000000000000000,0.000000000000000,0.000000000000000,0.000000000000000,0.000000000000000, ,{52EC2716-8922-4026-86AD-DFC93AA00F94},18/06/2025 0:00:00, ,18/06/2025 0:00:00, ,No, ,6.000000000000000,Roy Trustee 2022 Ltd,Johnson Forestry Services
{579042C6-A6C2-47F5-B9F9-5A8CF6735727},2474.000000000000000,10/11.37,41.000000000000000,1025.000000000000000,Yes,0.000000000000000,1.000000000000000,0.000000000000000,0.000000000000000,0.000000000000000,0.000000000000000,0.000000000000000,0.000000000000000,25/15,0.000000000000000,0.024390243902400,0.000000000000000,0.000000000000000,0.000000000000000,0.000000000000000,0.000000000000000,0.000000000000000, ,{52EC2716-8922-4026-86AD-DFC93AA00F94},18/06/2025 0:00:00, ,18/06/2025 0:00:00, ,No, ,1.000000000000000,Roy Trustee 2022 Ltd,Johnson Forestry Services
{9D3F8B15-C0D4-4395-A284-B071F16F17CA},2472.000000000000000,10/11.37,39.000000000000000,975.000000000000000,No,0.000000000000000,0.000000000000000,0.000000000000000,0.000000000000000,0.000000000000000,0.000000000000000,0.000000000000000,0.000000000000000,25/15,0.000000000000000,0.000000000000000,0.000000000000000,0.000000000000000,0.000000000000000,0.000000000000000,0.000000000000000,0.000000000000000,Moved plot as original in middle of rock pit,{52EC2716-8922-4026-86AD-DFC93AA00F94},18/06/2025 0:00:00, ,18/06/2025 0:00:00, ,No, ,0.000000000000000,Roy Trustee 2022 Ltd,Johnson Forestry Services
{96B65BE3-6583-4EA3-8597-2BDE030D5166},1550.000000000000000,15/11.48,42.000000000000000,1050.000000000000000,Yes,0.000000000000000,2.000000000000000,1.000000000000000,0.000000000000000,0.000000000000000,0.000000000000000,0.000000000000000,0.000000000000000,25/52,0.000000000000000,0.047619047619000,0.023809523809500,0.000000000000000,0.000000000000000,0.000000000000000,0.000000000000000,0.000000000000000, ,{886F2DCD-E6B9-4F4F-B0C3-7ACB01E0DC77},18/06/2025 0:00:00, ,18/06/2025 0:00:00, ,No, ,5.000000000000000,Roy Trustee 2022 Ltd,Proforest
{786B6959-2178-4115-B08B-3EEBD0E0EB8F},1552.000000000000000,15/11.48,43.000000000000000,1075.000000000000000,No,0.000000000000000,0.000000000000000,0.000000000000000,0.000000000000000,0.000000000000000,0.000000000000000,0.000000000000000,0.000000000000000,25/52,0.000000000000000,0.000000000000000,0.000000000000000,0.000000000000000,0.000000000000000,0.000000000000000,0.000000000000000,0.000000000000000, ,{886F2DCD-E6B9-4F4F-B0C3-7ACB01E0DC77},18/06/2025 0:00:00, ,18/06/2025 0:00:00, ,No, ,0.000000000000000,Roy Trustee 2022 Ltd,Proforest
{443F4A89-438E-4950-8946-CACC8A613865},1540.000000000000000,20/11.64,48.000000000000000,1200.000000000000000,No,0.000000000000000,0.000000000000000,0.000000000000000,0.000000000000000,0.000000000000000,2.000000000000000,0.000000000000000,0.000000000000000,25/52,0.000000000000000,0.000000000000000,0.000000000000000,0.000000000000000,0.000000000000000,0.041666666666700,0.000000000000000,0.000000000000000,Planting high in area. Catching QC to monitor spacing between trees,{886F2DCD-E6B9-4F4F-B0C3-7ACB01E0DC77},18/06/2025 0:00:00, ,18/06/2025 0:00:00, ,No,Yes,6.000000000000000,Roy Trustee 2022 Ltd,Proforest
{BC7DE887-79A2-4E3C-84C9-864212746230},1542.000000000000000,20/11.64,43.000000000000000,1075.000000000000000,Yes,0.000000000000000,1.000000000000000,0.000000000000000,0.000000000000000,0.000000000000000,0.000000000000000,1.000000000000000,0.000000000000000,25/52,0.000000000000000,0.023255813953500,0.000000000000000,0.000000000000000,0.000000000000000,0.000000000000000,0.023255813953500,0.000000000000000, ,{886F2DCD-E6B9-4F4F-B0C3-7ACB01E0DC77},18/06/2025 0:00:00, ,18/06/2025 0:00:00, ,No, ,4.000000000000000,Roy Trustee 2022 Ltd,Proforest
{65F54A23-ACEB-4578-A37B-4C08C9AB2FF3},1546.000000000000000,25/11.85,41.000000000000000,1025.000000000000000,Yes,0.000000000000000,1.000000000000000,0.000000000000000,0.000000000000000,1.000000000000000,0.000000000000000,0.000000000000000,0.000000000000000,25/52,0.000000000000000,0.024390243902400,0.000000000000000,0.000000000000000,0.024390243902400,0.000000000000000,0.000000000000000,0.000000000000000, ,{886F2DCD-E6B9-4F4F-B0C3-7ACB01E0DC77},18/06/2025 0:00:00, ,18/06/2025 0:00:00, ,No, ,4.000000000000000,Roy Trustee 2022 Ltd,Proforest
{AF3E21AF-BC2E-4F0E-BAAF-492D7F305318},1548.000000000000000,25/11.85,44.000000000000000,1100.000000000000000,Yes,1.000000000000000,0.000000000000000,0.000000000000000,0.000000000000000,0.000000000000000,1.000000000000000,0.000000000000000,0.000000000000000,25/52,0.022727272727300,0.000000000000000,0.000000000000000,0.000000000000000,0.000000000000000,0.022727272727300,0.000000000000000,0.000000000000000, ,{886F2DCD-E6B9-4F4F-B0C3-7ACB01E0DC77},18/06/2025 0:00:00, ,18/06/2025 0:00:00, ,No, ,4.000000000000000,Roy Trustee 2022 Ltd,Proforest
{C1360EFC-4F21-417A-B537-91DF3A6D46EB},1554.000000000000000,30/12.13,40.000000000000000,0.000000000000000,Yes,0.000000000000000,0.000000000000000,0.000000000000000,0.000000000000000,0.000000000000000,1.000000000000000,0.000000000000000,0.000000000000000,25/52,0.000000000000000,0.000000000000000,0.000000000000000,0.000000000000000,0.000000000000000,0.000000000000000,0.000000000000000,0.000000000000000,Spot planted in rocky area,{886F2DCD-E6B9-4F4F-B0C3-7ACB01E0DC77},18/06/2025 0:00:00, ,18/06/2025 0:00:00, ,No, ,3.000000000000000,Roy Trustee 2022 Ltd,Proforest
{FF55B8DE-C4C9-4E59-805A-6FB2A71969C5},1556.000000000000000,20/11.64,43.000000000000000,1075.000000000000000,Yes,0.000000000000000,3.000000000000000,0.000000000000000,0.000000000000000,0.000000000000000,0.000000000000000,0.000000000000000,0.000000000000000,25/52,0.000000000000000,0.069767441860500,0.000000000000000,0.000000000000000,0.000000000000000,0.000000000000000,0.000000000000000,0.000000000000000, ,{886F2DCD-E6B9-4F4F-B0C3-7ACB01E0DC77},18/06/2025 0:00:00, ,18/06/2025 0:00:00, ,No, ,3.000000000000000,Roy Trustee 2022 Ltd,Proforest
{F97BD3A0-CA33-49C1-9726-88C7D958D88C},1544.000000000000000,30/12.13,44.000000000000000,1100.000000000000000,Yes,1.000000000000000,0.000000000000000,0.000000000000000,0.000000000000000,1.000000000000000,0.000000000000000,0.000000000000000,0.000000000000000,25/52,0.022727272727300,0.000000000000000,0.000000000000000,0.000000000000000,0.022727272727300,0.000000000000000,0.000000000000000,0.000000000000000, ,{886F2DCD-E6B9-4F4F-B0C3-7ACB01E0DC77},18/06/2025 0:00:00, ,18/06/2025 0:00:00, ,No, ,4.000000000000000,Roy Trustee 2022 Ltd,Proforest
{E72DE4B7-D686-4A8D-B02F-DF7C1A07BF66},1538.000000000000000,20/11.64,44.000000000000000,1100.000000000000000,Yes,1.000000000000000,1.000000000000000,1.000000000000000,0.000000000000000,0.000000000000000,0.000000000000000,0.000000000000000,0.000000000000000,25/52,0.022727272727300,0.022727272727300,0.022727272727300,0.000000000000000,0.000000000000000,0.000000000000000,0.000000000000000,0.000000000000000, ,{886F2DCD-E6B9-4F4F-B0C3-7ACB01E0DC77},18/06/2025 0:00:00, ,18/06/2025 0:00:00, ,No, ,5.000000000000000,Roy Trustee 2022 Ltd,Proforest
{F6A8B313-0706-4813-9FAB-B4074FCE853F},1526.000000000000000,20/11.64,44.000000000000000,1100.000000000000000,Yes,2.000000000000000,1.000000000000000,1.000000000000000,0.000000000000000,0.000000000000000,0.000000000000000,0.000000000000000,0.000000000000000,25/52,0.045454545454500,0.022727272727300,0.022727272727300,0.000000000000000,0.000000000000000,0.000000000000000,0.000000000000000,0.000000000000000, ,{886F2DCD-E6B9-4F4F-B0C3-7ACB01E0DC77},18/06/2025 0:00:00, ,18/06/2025 0:00:00, ,No, ,6.000000000000000,Roy Trustee 2022 Ltd,Proforest
{937C7B98-71A6-4915-BFEC-0E7BDC489327},1536.000000000000000,10/11.37,38.000000000000000,950.000000000000000,No,0.000000000000000,0.000000000000000,0.000000000000000,0.000000000000000,0.000000000000000,0.000000000000000,0.000000000000000,0.000000000000000,25/52,0.000000000000000,0.000000000000000,0.000000000000000,0.000000000000000,0.000000000000000,0.000000000000000,0.000000000000000,0.000000000000000, ,{886F2DCD-E6B9-4F4F-B0C3-7ACB01E0DC77},18/06/2025 0:00:00, ,18/06/2025 0:00:00, ,No, ,0.000000000000000,Roy Trustee 2022 Ltd,Proforest
{CA106D75-227F-49D6-9C0B-6C529CDE2A02},1558.000000000000000,10/11.37,41.000000000000000,1025.000000000000000,Yes,0.000000000000000,3.000000000000000,0.000000000000000,0.000000000000000,0.000000000000000,0.000000000000000,0.000000000000000,0.000000000000000,25/54,0.000000000000000,0.073170731707300,0.000000000000000,0.000000000000000,0.000000000000000,0.000000000000000,0.000000000000000,0.000000000000000,One planter with non vertical,{9FBF06BE-A817-484F-ADF3-7E7BC07115EF},18/06/2025 0:00:00, ,18/06/2025 0:00:00, ,No, ,3.000000000000000,Roy Trustee 2022 Ltd,Proforest
{B7C84755-16BB-44F5-85F4-EE815AD702E3},2458.000000000000000,20/11.64,39.000000000000000,975.000000000000000,No,0.000000000000000,0.000000000000000,0.000000000000000,0.000000000000000,0.000000000000000,0.000000000000000,0.000000000000000,0.000000000000000,25/15,0.000000000000000,0.000000000000000,0.000000000000000,0.000000000000000,0.000000000000000,0.000000000000000,0.000000000000000,0.000000000000000, ,{D2939E67-EBF5-48B6-952E-A57BA69F132A},19/06/2025 0:00:00, ,19/06/2025 0:00:00, ,No, ,0.000000000000000,Roy Trustee 2022 Ltd,Johnson Forestry Services
{27C79DB7-CF37-40B1-B1C0-9BDD913B2E3F},2482.000000000000000,15/11.48,42.000000000000000,1050.000000000000000,Yes,0.000000000000000,0.000000000000000,0.000000000000000,0.000000000000000,0.000000000000000,0.000000000000000,1.000000000000000,0.000000000000000,25/15,0.000000000000000,0.000000000000000,0.000000000000000,0.000000000000000,0.000000000000000,0.000000000000000,0.023809523809500,0.000000000000000, ,{D2939E67-EBF5-48B6-952E-A57BA69F132A},19/06/2025 0:00:00, ,19/06/2025 0:00:00, ,No, ,3.000000000000000,Roy Trustee 2022 Ltd,Johnson Forestry Services
{1AAD5A0D-235B-4243-91FE-E895CFDE5407},1018.000000000000000,20/11.64,39.000000000000000,975.000000000000000,No,0.000000000000000,0.000000000000000,0.000000000000000,0.000000000000000,0.000000000000000,0.000000000000000,0.000000000000000,0.000000000000000,25/70,0.000000000000000,0.000000000000000,0.000000000000000,0.000000000000000,0.000000000000000,0.000000000000000,0.000000000000000,0.000000000000000, ,{5D29A971-209B-4ECB-99FE-CCECAF6380F8},19/06/2025 0:00:00, ,19/06/2025 0:00:00, ,No, ,0.000000000000000,Roy Trustee 2022 Ltd,Forest View Contracting
{C13E8A0D-7896-4285-BC89-9AEEC5B7861A},1020.000000000000000,25/11.85,41.000000000000000,1025.000000000000000,Yes,3.000000000000000,0.000000000000000,0.000000000000000,0.000000000000000,0.000000000000000,0.000000000000000,0.000000000000000,0.000000000000000,25/70,0.073170731707300,0.000000000000000,0.000000000000000,0.000000000000000,0.000000000000000,0.000000000000000,0.000000000000000,0.000000000000000, ,{5D29A971-209B-4ECB-99FE-CCECAF6380F8},19/06/2025 0:00:00, ,19/06/2025 0:00:00, ,No, ,3.000000000000000,Roy Trustee 2022 Ltd,Forest View Contracting
{B94047FF-532A-4814-AEDF-6B6E38A2B602},1030.000000000000000,10/11.37,43.000000000000000,1075.000000000000000,No,0.000000000000000,0.000000000000000,0.000000000000000,0.000000000000000,0.000000000000000,0.000000000000000,0.000000000000000,0.000000000000000,25/70,0.000000000000000,0.000000000000000,0.000000000000000,0.000000000000000,0.000000000000000,0.000000000000000,0.000000000000000,0.000000000000000, ,{5D29A971-209B-4ECB-99FE-CCECAF6380F8},19/06/2025 0:00:00, ,19/06/2025 0:00:00, ,No, ,0.000000000000000,Roy Trustee 2022 Ltd,Forest View Contracting
{C3CCFE03-78E1-4186-A55F-1AD70B019DE0},1028.000000000000000,10/11.37,37.000000000000000,925.000000000000000,Yes,0.000000000000000,1.000000000000000,0.000000000000000,0.000000000000000,0.000000000000000,0.000000000000000,0.000000000000000,0.000000000000000,25/70,0.000000000000000,0.027027027027000,0.000000000000000,0.000000000000000,0.000000000000000,0.000000000000000,0.000000000000000,0.000000000000000, ,{5D29A971-209B-4ECB-99FE-CCECAF6380F8},19/06/2025 0:00:00, ,19/06/2025 0:00:00, ,No, ,1.000000000000000,Roy Trustee 2022 Ltd,Forest View Contracting
{BE2E5127-1531-4824-8C7D-AD7E3016A1D8},1026.000000000000000,30/12.13,43.000000000000000,1075.000000000000000,Yes,0.000000000000000,0.000000000000000,1.000000000000000,0.000000000000000,0.000000000000000,0.000000000000000,0.000000000000000,0.000000000000000,25/70,0.000000000000000,0.000000000000000,0.023255813953500,0.000000000000000,0.000000000000000,0.000000000000000,0.000000000000000,0.000000000000000, ,{5D29A971-209B-4ECB-99FE-CCECAF6380F8},19/06/2025 0:00:00, ,19/06/2025 0:00:00, ,No, ,3.000000000000000,Roy Trustee 2022 Ltd,Forest View Contracting
{3594F27C-B989-4C68-BC5F-30790FC88252},1014.000000000000000,30/12.13,43.000000000000000,1075.000000000000000,No,0.000000000000000,0.000000000000000,0.000000000000000,0.000000000000000,0.000000000000000,0.000000000000000,0.000000000000000,0.000000000000000,25/70,0.000000000000000,0.000000000000000,0.000000000000000,0.000000000000000,0.000000000000000,0.000000000000000,0.000000000000000,0.000000000000000, ,{5D29A971-209B-4ECB-99FE-CCECAF6380F8},19/06/2025 0:00:00, ,19/06/2025 0:00:00, ,No, ,0.000000000000000,Roy Trustee 2022 Ltd,Forest View Contracting
{C646B0F5-C108-42D9-A49D-20179072AEDF},2488.000000000000000,5/11.31,43.000000000000000,1075.000000000000000,Yes,0.000000000000000,0.000000000000000,2.000000000000000,0.000000000000000,0.000000000000000,0.000000000000000,0.000000000000000,0.000000000000000,25/15,0.000000000000000,0.000000000000000,0.046511627907000,0.000000000000000,0.000000000000000,0.000000000000000,0.000000000000000,0.000000000000000, ,{ACC9802F-0F27-4CF6-8ECB-9DA4CFD2759B},19/06/2025 0:00:00, ,19/06/2025 0:00:00, ,No, ,6.000000000000000,Roy Trustee 2022 Ltd,Johnson Forestry Services
{4FC03E90-022F-4549-AD71-67EF622E9F11},2500.000000000000000,15/11.48,39.000000000000000,975.000000000000000,No,0.000000000000000,0.000000000000000,0.000000000000000,0.000000000000000,0.000000000000000,0.000000000000000,0.000000000000000,0.000000000000000,25/15,0.000000000000000,0.000000000000000,0.000000000000000,0.000000000000000,0.000000000000000,0.000000000000000,0.000000000000000,0.000000000000000, ,{ACC9802F-0F27-4CF6-8ECB-9DA4CFD2759B},19/06/2025 0:00:00, ,19/06/2025 0:00:00, ,No, ,0.000000000000000,Roy Trustee 2022 Ltd,Johnson Forestry Services
{3DBC98D6-529C-4B5D-A465-06BB4E6F65B6},2496.000000000000000,20/11.64,43.000000000000000,1075.000000000000000,No,0.000000000000000,0.000000000000000,0.000000000000000,0.000000000000000,0.000000000000000,0.000000000000000,0.000000000000000,0.000000000000000,25/15,0.000000000000000,0.000000000000000,0.000000000000000,0.000000000000000,0.000000000000000,0.000000000000000,0.000000000000000,0.000000000000000,Rocky,{ACC9802F-0F27-4CF6-8ECB-9DA4CFD2759B},19/06/2025 0:00:00, ,19/06/2025 0:00:00, ,No, ,0.000000000000000,Roy Trustee 2022 Ltd,Johnson Forestry Services
{8ACAF4F9-53C8-49FB-A0C1-EF3B5E421F63},2486.000000000000000,15/11.48,40.000000000000000,1000.000000000000000,No,0.000000000000000,0.000000000000000,0.000000000000000,0.000000000000000,0.000000000000000,0.000000000000000,0.000000000000000,0.000000000000000,25/15,0.000000000000000,0.000000000000000,0.000000000000000,0.000000000000000,0.000000000000000,0.000000000000000,0.000000000000000,0.000000000000000, ,{ACC9802F-0F27-4CF6-8ECB-9DA4CFD2759B},19/06/2025 0:00:00, ,19/06/2025 0:00:00, ,No, ,0.000000000000000,Roy Trustee 2022 Ltd,Johnson Forestry Services
{6BF1349E-BA6F-4695-B521-C3CFF8D0E01F},2494.000000000000000,20/11.64,42.000000000000000,1050.000000000000000,No,0.000000000000000,0.000000000000000,0.000000000000000,0.000000000000000,0.000000000000000,0.000000000000000,0.000000000000000,0.000000000000000,25/15,0.000000000000000,0.000000000000000,0.000000000000000,0.000000000000000,0.000000000000000,0.000000000000000,0.000000000000000,0.000000000000000, ,{ACC9802F-0F27-4CF6-8ECB-9DA4CFD2759B},19/06/2025 0:00:00, ,19/06/2025 0:00:00, ,No, ,0.000000000000000,Roy Trustee 2022 Ltd,Johnson Forestry Services
{375AF0B6-932B-46D7-83D7-7EBBE04BB6D9},1896.000000000000000,10/11.37,41.000000000000000,1025.000000000000000,Yes,0.000000000000000,1.000000000000000,0.000000000000000,0.000000000000000,0.000000000000000,0.000000000000000,0.000000000000000,0.000000000000000,25/63,0.000000000000000,0.024390243902400,0.000000000000000,0.000000000000000,0.000000000000000,0.000000000000000,0.000000000000000,0.000000000000000, ,{F02DDEF0-4230-4872-A2BC-C3292CA463FF},21/06/2025 0:00:00, ,21/06/2025 0:00:00, ,No, ,1.000000000000000,Roy Trustee 2022 Ltd,Forest View Contracting
{925A824B-4239-46C4-B935-6501AFBFEEA7},1884.000000000000000,15/11.48,43.000000000000000,1075.000000000000000,Yes,0.000000000000000,0.000000000000000,1.000000000000000,0.000000000000000,0.000000000000000,0.000000000000000,0.000000000000000,0.000000000000000,25/63,0.000000000000000,0.000000000000000,0.023255813953500,0.000000000000000,0.000000000000000,0.000000000000000,0.000000000000000,0.000000000000000, ,{F02DDEF0-4230-4872-A2BC-C3292CA463FF},21/06/2025 0:00:00, ,21/06/2025 0:00:00, ,No, ,3.000000000000000,Roy Trustee 2022 Ltd,Forest View Contracting
{CE20C568-94C5-49A4-9878-3B6DBE3E65BB},1882.000000000000000,15/11.48,40.000000000000000,1000.000000000000000,Yes,0.000000000000000,1.000000000000000,0.000000000000000,0.000000000000000,0.000000000000000,0.000000000000000,0.000000000000000,0.000000000000000,25/63,0.000000000000000,0.025000000000000,0.000000000000000,0.000000000000000,0.000000000000000,0.000000000000000,0.000000000000000,0.000000000000000, ,{F02DDEF0-4230-4872-A2BC-C3292CA463FF},21/06/2025 0:00:00, ,21/06/2025 0:00:00, ,No, ,1.000000000000000,Roy Trustee 2022 Ltd,Forest View Contracting
{0929371E-F7B7-44AC-8EB0-4C6AFEFEB09A},1898.000000000000000,20/11.64,43.000000000000000,1075.000000000000000,Yes,0.000000000000000,0.000000000000000,1.000000000000000,0.000000000000000,0.000000000000000,0.000000000000000,0.000000000000000,0.000000000000000,25/63,0.000000000000000,0.000000000000000,0.023255813953500,0.000000000000000,0.000000000000000,0.000000000000000,0.000000000000000,0.000000000000000, ,{F02DDEF0-4230-4872-A2BC-C3292CA463FF},21/06/2025 0:00:00, ,21/06/2025 0:00:00, ,No, ,3.000000000000000,Roy Trustee 2022 Ltd,Forest View Contracting
{58C4FF76-7F2B-4B1B-B623-8A8E70F675E5},1870.000000000000000,15/11.48,37.000000000000000,925.000000000000000,No,0.000000000000000,0.000000000000000,0.000000000000000,0.000000000000000,0.000000000000000,0.000000000000000,0.000000000000000,0.000000000000000,25/63,0.000000000000000,0.000000000000000,0.000000000000000,0.000000000000000,0.000000000000000,0.000000000000000,0.000000000000000,0.000000000000000, ,{F02DDEF0-4230-4872-A2BC-C3292CA463FF},21/06/2025 0:00:00, ,21/06/2025 0:00:00, ,No, ,0.000000000000000,Roy Trustee 2022 Ltd,Forest View Contracting
{9715A153-02EC-45AD-8306-AC99D9D910A0},1872.000000000000000,15/11.48,42.000000000000000,1050.000000000000000,No,0.000000000000000,0.000000000000000,0.000000000000000,0.000000000000000,0.000000000000000,0.000000000000000,0.000000000000000,0.000000000000000,25/63,0.000000000000000,0.000000000000000,0.000000000000000,0.000000000000000,0.000000000000000,0.000000000000000,0.000000000000000,0.000000000000000, ,{F02DDEF0-4230-4872-A2BC-C3292CA463FF},21/06/2025 0:00:00, ,21/06/2025 0:00:00, ,No, ,0.000000000000000,Roy Trustee 2022 Ltd,Forest View Contracting
{08BEC688-E517-4DD6-9A6E-873C64201171},1888.000000000000000,20/11.64,38.000000000000000,950.000000000000000,No,0.000000000000000,0.000000000000000,0.000000000000000,0.000000000000000,0.000000000000000,0.000000000000000,0.000000000000000,0.000000000000000,25/63,0.000000000000000,0.000000000000000,0.000000000000000,0.000000000000000,0.000000000000000,0.000000000000000,0.000000000000000,0.000000000000000,Dug up trees replanted,{5203C0E1-6434-4516-B91B-9796EA199A7E},23/06/2025 0:00:00, ,23/06/2025 0:00:00, ,No, ,0.000000000000000,Roy Trustee 2022 Ltd,Forest View Contracting
{9D0D600F-1118-4420-8D8B-1D88A0EBF4DF},1886.000000000000000,20/11.64,39.000000000000000,975.000000000000000,No,0.000000000000000,0.000000000000000,0.000000000000000,0.000000000000000,0.000000000000000,0.000000000000000,0.000000000000000,0.000000000000000,25/63,0.000000000000000,0.000000000000000,0.000000000000000,0.000000000000000,0.000000000000000,0.000000000000000,0.000000000000000,0.000000000000000,Dug up trees replanted,{5203C0E1-6434-4516-B91B-9796EA199A7E},23/06/2025 0:00:00, ,23/06/2025 0:00:00, ,No, ,0.000000000000000,Roy Trustee 2022 Ltd,Forest View Contracting
{B0F6B620-C23B-4DCB-86ED-552811B90FBA},1874.000000000000000,20/11.64,36.000000000000000,900.000000000000000,No,0.000000000000000,0.000000000000000,0.000000000000000,0.000000000000000,0.000000000000000,0.000000000000000,0.000000000000000,0.000000000000000,25/63,0.000000000000000,0.000000000000000,0.000000000000000,0.000000000000000,0.000000000000000,0.000000000000000,0.000000000000000,0.000000000000000, ,{5203C0E1-6434-4516-B91B-9796EA199A7E},23/06/2025 0:00:00, ,23/06/2025 0:00:00, ,No, ,0.000000000000000,Roy Trustee 2022 Ltd,Forest View Contracting
{BEA7B0E4-F45E-43A8-994C-21E5DFB034C9},1876.000000000000000,15/11.48,41.000000000000000,1025.000000000000000,Yes,0.000000000000000,0.000000000000000,1.000000000000000,0.000000000000000,0.000000000000000,0.000000000000000,0.000000000000000,0.000000000000000,25/63,0.000000000000000,0.000000000000000,0.024390243902400,0.000000000000000,0.000000000000000,0.000000000000000,0.000000000000000,0.000000000000000, ,{5203C0E1-6434-4516-B91B-9796EA199A7E},23/06/2025 0:00:00, ,23/06/2025 0:00:00, ,No, ,3.000000000000000,Roy Trustee 2022 Ltd,Forest View Contracting
{7FBCBCD3-EAC9-46B4-BD02-76B85DC66B80},1860.000000000000000,15/11.48,37.000000000000000,925.000000000000000,No,0.000000000000000,0.000000000000000,0.000000000000000,0.000000000000000,0.000000000000000,0.000000000000000,0.000000000000000,0.000000000000000,25/63,0.000000000000000,0.000000000000000,0.000000000000000,0.000000000000000,0.000000000000000,0.000000000000000,0.000000000000000,0.000000000000000, ,{5203C0E1-6434-4516-B91B-9796EA199A7E},23/06/2025 0:00:00, ,23/06/2025 0:00:00, ,No, ,0.000000000000000,Roy Trustee 2022 Ltd,Forest View Contracting
{28756153-0428-4A0E-B856-3FA17258873C},1862.000000000000000,20/11.64,41.000000000000000,1025.000000000000000,Yes,0.000000000000000,2.000000000000000,0.000000000000000,0.000000000000000,0.000000000000000,0.000000000000000,0.000000000000000,0.000000000000000,25/63,0.000000000000000,0.048780487804900,0.000000000000000,0.000000000000000,0.000000000000000,0.000000000000000,0.000000000000000,0.000000000000000, ,{5203C0E1-6434-4516-B91B-9796EA199A7E},23/06/2025 0:00:00, ,23/06/2025 0:00:00, ,No, ,2.000000000000000,Roy Trustee 2022 Ltd,Forest View Contracting
{6D28BADE-86D5-4478-86A3-2F8647F72EE6},1844.000000000000000,15/11.48,35.000000000000000,875.000000000000000,Yes,0.000000000000000,0.000000000000000,0.000000000000000,0.000000000000000,0.000000000000000,1.000000000000000,0.000000000000000,0.000000000000000,25/63,0.000000000000000,0.000000000000000,0.000000000000000,0.000000000000000,0.000000000000000,0.028571428571400,0.000000000000000,0.000000000000000,Some missing trees due to boggy ground,{5203C0E1-6434-4516-B91B-9796EA199A7E},23/06/2025 0:00:00, ,23/06/2025 0:00:00, ,No,No,3.000000000000000,Roy Trustee 2022 Ltd,Forest View Contracting
{88487F18-CB93-4FB9-9EC2-7EBB103B69C8},1902.000000000000000,15/11.48,44.000000000000000,1100.000000000000000,Yes,0.000000000000000,1.000000000000000,0.000000000000000,0.000000000000000,0.000000000000000,1.000000000000000,0.000000000000000,0.000000000000000,25/63,0.000000000000000,0.022727272727300,0.000000000000000,0.000000000000000,0.000000000000000,0.022727272727300,0.000000000000000,0.000000000000000, ,{5203C0E1-6434-4516-B91B-9796EA199A7E},23/06/2025 0:00:00, ,23/06/2025 0:00:00, ,No, ,4.000000000000000,Roy Trustee 2022 Ltd,Forest View Contracting
{089AFF73-81D9-4A0E-8419-807E81C87E1E},1904.000000000000000,10/11.37,41.000000000000000,1025.000000000000000,Yes,0.000000000000000,1.000000000000000,0.000000000000000,0.000000000000000,0.000000000000000,1.000000000000000,0.000000000000000,0.000000000000000,25/63,0.000000000000000,0.024390243902400,0.000000000000000,0.000000000000000,0.000000000000000,0.024390243902400,0.000000000000000,0.000000000000000, ,{5203C0E1-6434-4516-B91B-9796EA199A7E},23/06/2025 0:00:00, ,23/06/2025 0:00:00, ,No, ,4.000000000000000,Roy Trustee 2022 Ltd,Forest View Contracting
{EC2469A0-400D-4377-A9DC-BF188016B70B},1900.000000000000000,15/11.48,39.000000000000000,975.000000000000000,Yes,0.000000000000000,1.000000000000000,0.000000000000000,0.000000000000000,0.000000000000000,0.000000000000000,0.000000000000000,0.000000000000000,25/63,0.000000000000000,0.025641025641000,0.000000000000000,0.000000000000000,0.000000000000000,0.000000000000000,0.000000000000000,0.000000000000000, ,{5203C0E1-6434-4516-B91B-9796EA199A7E},23/06/2025 0:00:00, ,23/06/2025 0:00:00, ,No, ,1.000000000000000,Roy Trustee 2022 Ltd,Forest View Contracting
{18486E56-F494-4FCA-8581-F598F535AE6F},1516.000000000000000,15/11.48,40.000000000000000,1000.000000000000000,Yes,0.000000000000000,1.000000000000000,0.000000000000000,0.000000000000000,0.000000000000000,0.000000000000000,0.000000000000000,0.000000000000000,25/52,0.000000000000000,0.025000000000000,0.000000000000000,0.000000000000000,0.000000000000000,0.000000000000000,0.000000000000000,0.000000000000000,Good,{71DCE43A-B3EC-4B61-96E9-614F7DF787DD},23/06/2025 0:00:00, ,23/06/2025 0:00:00, ,No, ,1.000000000000000,Roy Trustee 2022 Ltd,Proforest
{CD0E5B88-3773-4425-94D1-E64A3516A40C},1534.000000000000000,30/12.13,35.000000000000000,875.000000000000000,Yes,0.000000000000000,1.000000000000000,0.000000000000000,0.000000000000000,0.000000000000000,1.000000000000000,0.000000000000000,0.000000000000000,25/52,0.000000000000000,0.028571428571400,0.000000000000000,0.000000000000000,0.000000000000000,0.028571428571400,0.000000000000000,0.000000000000000, ,{71DCE43A-B3EC-4B61-96E9-614F7DF787DD},23/06/2025 0:00:00, ,23/06/2025 0:00:00, ,No,No,4.000000000000000,Roy Trustee 2022 Ltd,Proforest
{7BECDE31-A088-433B-9CF9-F6C564F0354A},1514.000000000000000,20/11.64,36.000000000000000,900.000000000000000,Yes,0.000000000000000,0.000000000000000,0.000000000000000,0.000000000000000,1.000000000000000,1.000000000000000,0.000000000000000,0.000000000000000,25/52,0.000000000000000,0.000000000000000,0.000000000000000,0.000000000000000,0.027777777777800,0.027777777777800,0.000000000000000,0.000000000000000,Some rough planting amongst the rocks. Spot planted on the ridge,{71DCE43A-B3EC-4B61-96E9-614F7DF787DD},23/06/2025 0:00:00, ,23/06/2025 0:00:00, ,No, ,6.000000000000000,Roy Trustee 2022 Ltd,Proforest
{D7BCD987-A02A-426F-B76C-CCE7B168BC59},1532.000000000000000,25/11.85,34.000000000000000,850.000000000000000,Yes,2.000000000000000,0.000000000000000,0.000000000000000,0.000000000000000,0.000000000000000,0.000000000000000,0.000000000000000,0.000000000000000,25/52,0.058823529411800,0.000000000000000,0.000000000000000,0.000000000000000,0.000000000000000,0.000000000000000,0.000000000000000,0.000000000000000,2 wide lines in plot. Spot planted bottom half of plot,{71DCE43A-B3EC-4B61-96E9-614F7DF787DD},23/06/2025 0:00:00, ,23/06/2025 0:00:00, ,No,Yes,2.000000000000000,Roy Trustee 2022 Ltd,Proforest
{2AF9E8AC-6CAB-42DD-A330-8A8FB4B1A119},1510.000000000000000,25/11.85,36.000000000000000,900.000000000000000,Yes,2.000000000000000,0.000000000000000,0.000000000000000,0.000000000000000,0.000000000000000,1.000000000000000,0.000000000000000,0.000000000000000,25/52,0.055555555555600,0.000000000000000,0.000000000000000,0.000000000000000,0.000000000000000,0.027777777777800,0.000000000000000,0.000000000000000,Spot planted,{71DCE43A-B3EC-4B61-96E9-614F7DF787DD},23/06/2025 0:00:00, ,23/06/2025 0:00:00, ,No, ,5.000000000000000,Roy Trustee 2022 Ltd,Proforest
{A888D11C-6103-4345-9496-F5AC26971287},1508.000000000000000,15/11.48,46.000000000000000,1150.000000000000000,No,0.000000000000000,0.000000000000000,0.000000000000000,0.000000000000000,0.000000000000000,0.000000000000000,0.000000000000000,0.000000000000000,25/52,0.000000000000000,0.000000000000000,0.000000000000000,0.000000000000000,0.000000000000000,0.000000000000000,0.000000000000000,0.000000000000000,A couple close lines,{71DCE43A-B3EC-4B61-96E9-614F7DF787DD},23/06/2025 0:00:00, ,23/06/2025 0:00:00, ,No,No,0.000000000000000,Roy Trustee 2022 Ltd,Proforest
{8097D3E4-3EE3-4A9D-833C-4A93F76F6FA8},1274.000000000000000,15/11.48,36.000000000000000,900.000000000000000,Yes,0.000000000000000,0.000000000000000,1.000000000000000,0.000000000000000,0.000000000000000,0.000000000000000,0.000000000000000,0.000000000000000,25/56,0.000000000000000,0.000000000000000,0.027777777777800,0.000000000000000,0.000000000000000,0.000000000000000,0.000000000000000,0.000000000000000, ,{2062E0F7-BE50-4DB5-A199-49257CF175F4},23/06/2025 0:00:00, ,23/06/2025 0:00:00, ,No, ,3.000000000000000,Roy Trustee 2022 Ltd,Proforest
{14AAECDD-1719-452C-9078-FF5910BEB463},1272.000000000000000,20/11.64,38.000000000000000,950.000000000000000,No,0.000000000000000,0.000000000000000,0.000000000000000,0.000000000000000,0.000000000000000,0.000000000000000,0.000000000000000,0.000000000000000,25/56,0.000000000000000,0.000000000000000,0.000000000000000,0.000000000000000,0.000000000000000,0.000000000000000,0.000000000000000,0.000000000000000, ,{2062E0F7-BE50-4DB5-A199-49257CF175F4},23/06/2025 0:00:00, ,23/06/2025 0:00:00, ,No, ,0.000000000000000,Roy Trustee 2022 Ltd,Proforest
{3AFB0F95-8C8C-4958-9E27-1F9D01563A29},1278.000000000000000,15/11.48,39.000000000000000,975.000000000000000,Yes,0.000000000000000,0.000000000000000,0.000000000000000,0.000000000000000,1.000000000000000,0.000000000000000,0.000000000000000,0.000000000000000,25/56,0.000000000000000,0.000000000000000,0.000000000000000,0.000000000000000,0.025641025641000,0.000000000000000,0.000000000000000,0.000000000000000, ,{2062E0F7-BE50-4DB5-A199-49257CF175F4},23/06/2025 0:00:00, ,23/06/2025 0:00:00, ,No, ,3.000000000000000,Roy Trustee 2022 Ltd,Proforest
{DF15ECBE-AE6A-4D02-B0AB-5F1E346475A5},1276.000000000000000,25/11.85,42.000000000000000,1050.000000000000000,Yes,2.000000000000000,0.000000000000000,0.000000000000000,0.000000000000000,0.000000000000000,0.000000000000000,0.000000000000000,0.000000000000000,25/56,0.047619047619000,0.000000000000000,0.000000000000000,0.000000000000000,0.000000000000000,0.000000000000000,0.000000000000000,0.000000000000000, ,{2062E0F7-BE50-4DB5-A199-49257CF175F4},23/06/2025 0:00:00, ,23/06/2025 0:00:00, ,No, ,2.000000000000000,Roy Trustee 2022 Ltd,Proforest
{A4F463B2-F6F5-4AB7-8609-1D9E4AAB7B73},1280.000000000000000,15/11.48,38.000000000000000,950.000000000000000,Yes,0.000000000000000,1.000000000000000,0.000000000000000,0.000000000000000,0.000000000000000,0.000000000000000,0.000000000000000,0.000000000000000,25/56,0.000000000000000,0.026315789473700,0.000000000000000,0.000000000000000,0.000000000000000,0.000000000000000,0.000000000000000,0.000000000000000, ,{2062E0F7-BE50-4DB5-A199-49257CF175F4},23/06/2025 0:00:00, ,23/06/2025 0:00:00, ,No, ,1.000000000000000,Roy Trustee 2022 Ltd,Proforest
{BB989D0A-F44C-4776-8B68-F5F175FCE485},1282.000000000000000,15/11.48,35.000000000000000,875.000000000000000,Yes,0.000000000000000,1.000000000000000,0.000000000000000,0.000000000000000,0.000000000000000,0.000000000000000,1.000000000000000,0.000000000000000,25/56,0.000000000000000,0.028571428571400,0.000000000000000,0.000000000000000,0.000000000000000,0.000000000000000,0.028571428571400,0.000000000000000, ,{2062E0F7-BE50-4DB5-A199-49257CF175F4},23/06/2025 0:00:00, ,23/06/2025 0:00:00, ,No,Yes,4.000000000000000,Roy Trustee 2022 Ltd,Proforest
{B6A42B0D-6A34-4A5E-A9B4-4B22059D58C8},1284.000000000000000,15/11.48,36.000000000000000,900.000000000000000,Yes,0.000000000000000,1.000000000000000,0.000000000000000,0.000000000000000,0.000000000000000,0.000000000000000,0.000000000000000,0.000000000000000,25/56,0.000000000000000,0.027777777777800,0.000000000000000,0.000000000000000,0.000000000000000,0.000000000000000,0.000000000000000,0.000000000000000, ,{2062E0F7-BE50-4DB5-A199-49257CF175F4},23/06/2025 0:00:00, ,23/06/2025 0:00:00, ,No, ,1.000000000000000,Roy Trustee 2022 Ltd,Proforest
{CA6D3C0B-A6D1-4C54-9EF4-258E45417F9B},1290.000000000000000,10/11.37,40.000000000000000,1000.000000000000000,Yes,0.000000000000000,1.000000000000000,0.000000000000000,0.000000000000000,0.000000000000000,0.000000000000000,0.000000000000000,0.000000000000000,25/56,0.000000000000000,0.025000000000000,0.000000000000000,0.000000000000000,0.000000000000000,0.000000000000000,0.000000000000000,0.000000000000000, ,{2062E0F7-BE50-4DB5-A199-49257CF175F4},23/06/2025 0:00:00, ,23/06/2025 0:00:00, ,No, ,1.000000000000000,Roy Trustee 2022 Ltd,Proforest
{B9C7DB84-A52F-4E5B-971F-5A4FB96277C8},1286.000000000000000,10/11.37,39.000000000000000,975.000000000000000,Yes,0.000000000000000,0.000000000000000,1.000000000000000,0.000000000000000,0.000000000000000,0.000000000000000,0.000000000000000,0.000000000000000,25/56,0.000000000000000,0.000000000000000,0.025641025641000,0.000000000000000,0.000000000000000,0.000000000000000,0.000000000000000,0.000000000000000, ,{2062E0F7-BE50-4DB5-A199-49257CF175F4},23/06/2025 0:00:00, ,23/06/2025 0:00:00, ,No, ,3.000000000000000,Roy Trustee 2022 Ltd,Proforest
{3A6AE4E2-43FE-4886-A2B1-4655807EB346},1292.000000000000000,10/11.37,38.000000000000000,950.000000000000000,Yes,0.000000000000000,0.000000000000000,1.000000000000000,0.000000000000000,1.000000000000000,0.000000000000000,0.000000000000000,0.000000000000000,25/56,0.000000000000000,0.000000000000000,0.026315789473700,0.000000000000000,0.026315789473700,0.000000000000000,0.000000000000000,0.000000000000000, ,{2062E0F7-BE50-4DB5-A199-49257CF175F4},23/06/2025 0:00:00, ,23/06/2025 0:00:00, ,No, ,6.000000000000000,Roy Trustee 2022 Ltd,Proforest
{3B91A2C1-F892-4F36-A0A4-3FC30252FDFE},1288.000000000000000,20/11.64,39.000000000000000,975.000000000000000,Yes,0.000000000000000,1.000000000000000,1.000000000000000,0.000000000000000,0.000000000000000,0.000000000000000,0.000000000000000,0.000000000000000,25/56,0.000000000000000,0.025641025641000,0.025641025641000,0.000000000000000,0.000000000000000,0.000000000000000,0.000000000000000,0.000000000000000, ,{2062E0F7-BE50-4DB5-A199-49257CF175F4},23/06/2025 0:00:00, ,23/06/2025 0:00:00, ,No, ,4.000000000000000,Roy Trustee 2022 Ltd,Proforest
{B104C8C3-4318-4942-A6E3-9F1CD3B5A8D4},2462.000000000000000,5/11.31,44.000000000000000,1100.000000000000000,No,0.000000000000000,0.000000000000000,0.000000000000000,0.000000000000000,0.000000000000000,0.000000000000000,0.000000000000000,0.000000000000000,25/15,0.000000000000000,0.000000000000000,0.000000000000000,0.000000000000000,0.000000000000000,0.000000000000000,0.000000000000000,0.000000000000000, ,{1005D867-1B95-4F02-85B4-66690236C723},23/06/2025 0:00:00, ,23/06/2025 0:00:00, ,No, ,0.000000000000000,Roy Trustee 2022 Ltd,Johnson Forestry Services
{FCBECED4-10C0-4FAB-A052-8B8E884AE5B3},2438.000000000000000,5/11.31,41.000000000000000,1025.000000000000000,Yes,0.000000000000000,1.000000000000000,0.000000000000000,0.000000000000000,0.000000000000000,0.000000000000000,0.000000000000000,0.000000000000000,25/15,0.000000000000000,0.024390243902400,0.000000000000000,0.000000000000000,0.000000000000000,0.000000000000000,0.000000000000000,0.000000000000000, ,{1005D867-1B95-4F02-85B4-66690236C723},23/06/2025 0:00:00, ,23/06/2025 0:00:00, ,No, ,1.000000000000000,Roy Trustee 2022 Ltd,Johnson Forestry Services
{EDD4507F-E7BF-49D2-AE19-ED7CBBEE9C45},2430.000000000000000,15/11.48,24.000000000000000,600.000000000000000,No,0.000000000000000,0.000000000000000,0.000000000000000,0.000000000000000,0.000000000000000,0.000000000000000,0.000000000000000,0.000000000000000,25/15,0.000000000000000,0.000000000000000,0.000000000000000,0.000000000000000,0.000000000000000,0.000000000000000,0.000000000000000,0.000000000000000, ,{1005D867-1B95-4F02-85B4-66690236C723},23/06/2025 0:00:00, ,23/06/2025 0:00:00, ,Yes,Yes,0.000000000000000,Roy Trustee 2022 Ltd,Johnson Forestry Services
{641995B9-092D-4A72-9644-F25481EA7D00},1428.000000000000000,5/11.31,40.000000000000000,1000.000000000000000,No,0.000000000000000,0.000000000000000,0.000000000000000,0.000000000000000,0.000000000000000,0.000000000000000,0.000000000000000,0.000000000000000,25/15,0.000000000000000,0.000000000000000,0.000000000000000,0.000000000000000,0.000000000000000,0.000000000000000,0.000000000000000,0.000000000000000, ,{1005D867-1B95-4F02-85B4-66690236C723},23/06/2025 0:00:00, ,23/06/2025 0:00:00, ,No, ,0.000000000000000,Roy Trustee 2022 Ltd,Johnson Forestry Services
{C863A1F7-38FF-42F8-B4D9-5606B5538182},2424.000000000000000,20/11.64,37.000000000000000,925.000000000000000,No,0.000000000000000,0.000000000000000,0.000000000000000,0.000000000000000,0.000000000000000,0.000000000000000,0.000000000000000,0.000000000000000,25/15,0.000000000000000,0.000000000000000,0.000000000000000,0.000000000000000,0.000000000000000,0.000000000000000,0.000000000000000,0.000000000000000, ,{1005D867-1B95-4F02-85B4-66690236C723},23/06/2025 0:00:00, ,23/06/2025 0:00:00, ,No, ,0.000000000000000,Roy Trustee 2022 Ltd,Johnson Forestry Services
{B7C0E1DC-0DF7-4BF0-84F2-F747606A77B0},2436.000000000000000,5/11.31,41.000000000000000,1025.000000000000000,Yes,0.000000000000000,0.000000000000000,1.000000000000000,0.000000000000000,0.000000000000000,0.000000000000000,0.000000000000000,0.000000000000000,25/15,0.000000000000000,0.000000000000000,0.024390243902400,0.000000000000000,0.000000000000000,0.000000000000000,0.000000000000000,0.000000000000000, ,{1005D867-1B95-4F02-85B4-66690236C723},23/06/2025 0:00:00, ,23/06/2025 0:00:00, ,No, ,3.000000000000000,Roy Trustee 2022 Ltd,Johnson Forestry Services
{08B631DB-6198-4ECD-9730-616D0F2E3D22},2426.000000000000000,15/11.48,42.000000000000000,1050.000000000000000,No,0.000000000000000,0.000000000000000,0.000000000000000,0.000000000000000,0.000000000000000,0.000000000000000,0.000000000000000,0.000000000000000,25/15,0.000000000000000,0.000000000000000,0.000000000000000,0.000000000000000,0.000000000000000,0.000000000000000,0.000000000000000,0.000000000000000, ,{1005D867-1B95-4F02-85B4-66690236C723},23/06/2025 0:00:00, ,23/06/2025 0:00:00, ,No, ,0.000000000000000,Roy Trustee 2022 Ltd,Johnson Forestry Services
{ABB87E67-C725-4478-B986-5D0DCE70492A},2486.000000000000000,10/11.37,43.000000000000000,0.000000000000000,Yes,0.000000000000000,3.000000000000000,0.000000000000000,0.000000000000000,0.000000000000000,0.000000000000000,0.000000000000000,0.000000000000000,25/15,0.000000000000000,0.069767441860500,0.000000000000000,0.000000000000000,0.000000000000000,0.000000000000000,0.000000000000000,0.000000000000000, ,{B39E5CF3-D4D6-4279-B126-1440CE1EA3B6},23/06/2025 0:00:00, ,23/06/2025 0:00:00, ,No, ,3.000000000000000,Roy Trustee 2022 Ltd,Johnson Forestry Services
{22896475-7B02-4927-BBB3-C0AEA4CDA9BA},2504.000000000000000,30/12.13,44.000000000000000,1100.000000000000000,Yes,0.000000000000000,0.000000000000000,0.000000000000000,0.000000000000000,0.000000000000000,0.000000000000000,3.000000000000000,0.000000000000000,25/15,0.000000000000000,0.000000000000000,0.000000000000000,0.000000000000000,0.000000000000000,0.000000000000000,0.068181818181800,0.000000000000000,Reworked straight away by culprit,{B39E5CF3-D4D6-4279-B126-1440CE1EA3B6},23/06/2025 0:00:00, ,23/06/2025 0:00:00, ,No,Yes,9.000000000000000,Roy Trustee 2022 Ltd,Johnson Forestry Services
{F405EA5F-FCFE-46AF-876C-F4A24BA84F01},2502.000000000000000,15/11.48,44.000000000000000,1100.000000000000000,No,0.000000000000000,0.000000000000000,0.000000000000000,0.000000000000000,0.000000000000000,0.000000000000000,0.000000000000000,0.000000000000000,25/15,0.000000000000000,0.000000000000000,0.000000000000000,0.000000000000000,0.000000000000000,0.000000000000000,0.000000000000000,0.000000000000000, ,{B39E5CF3-D4D6-4279-B126-1440CE1EA3B6},23/06/2025 0:00:00, ,23/06/2025 0:00:00, ,No, ,0.000000000000000,Roy Trustee 2022 Ltd,Johnson Forestry Services
{55C1BDAB-52D1-4ECC-B45F-3B13EE8CACAF},2462.000000000000000,5/11.31,44.000000000000000,1100.000000000000000,No,0.000000000000000,0.000000000000000,0.000000000000000,0.000000000000000,0.000000000000000,0.000000000000000,0.000000000000000,0.000000000000000,25/15,0.000000000000000,0.000000000000000,0.000000000000000,0.000000000000000,0.000000000000000,0.000000000000000,0.000000000000000,0.000000000000000, ,{CA68E62E-1B3C-4C00-82B9-43922DBBC337},23/06/2025 0:00:00, ,23/06/2025 0:00:00, ,No, ,0.000000000000000,Roy Trustee 2022 Ltd,Johnson Forestry Services
{904883B2-25ED-4357-9FEC-172411DDAAE5},2438.000000000000000,5/11.31,41.000000000000000,1025.000000000000000,Yes,0.000000000000000,1.000000000000000,0.000000000000000,0.000000000000000,0.000000000000000,0.000000000000000,0.000000000000000,0.000000000000000,25/15,0.000000000000000,0.024390243902400,0.000000000000000,0.000000000000000,0.000000000000000,0.000000000000000,0.000000000000000,0.000000000000000, ,{CA68E62E-1B3C-4C00-82B9-43922DBBC337},23/06/2025 0:00:00, ,23/06/2025 0:00:00, ,No, ,1.000000000000000,Roy Trustee 2022 Ltd,Johnson Forestry Services
{5A497E78-381A-490C-B466-154E63FCA808},2430.000000000000000,15/11.48,24.000000000000000,600.000000000000000,No,0.000000000000000,0.000000000000000,0.000000000000000,0.000000000000000,0.000000000000000,0.000000000000000,0.000000000000000,0.000000000000000,25/15,0.000000000000000,0.000000000000000,0.000000000000000,0.000000000000000,0.000000000000000,0.000000000000000,0.000000000000000,0.000000000000000, ,{CA68E62E-1B3C-4C00-82B9-43922DBBC337},23/06/2025 0:00:00, ,23/06/2025 0:00:00, ,Yes,Yes,0.000000000000000,Roy Trustee 2022 Ltd,Johnson Forestry Services
{8043B657-5DB9-4EB3-BFF8-6C5E4EC425F6},2428.000000000000000,5/11.31,40.000000000000000,1000.000000000000000,No,0.000000000000000,0.000000000000000,0.000000000000000,0.000000000000000,0.000000000000000,0.000000000000000,0.000000000000000,0.000000000000000,25/15,0.000000000000000,0.000000000000000,0.000000000000000,0.000000000000000,0.000000000000000,0.000000000000000,0.000000000000000,0.000000000000000, ,{CA68E62E-1B3C-4C00-82B9-43922DBBC337},23/06/2025 0:00:00, ,23/06/2025 0:00:00, ,No, ,0.000000000000000,Roy Trustee 2022 Ltd,Johnson Forestry Services
{7FCE18E0-588F-4559-9D47-AEAB6B5FFFAB},2424.000000000000000,20/11.64,37.000000000000000,925.000000000000000,No,0.000000000000000,0.000000000000000,0.000000000000000,0.000000000000000,0.000000000000000,0.000000000000000,0.000000000000000,0.000000000000000,25/15,0.000000000000000,0.000000000000000,0.000000000000000,0.000000000000000,0.000000000000000,0.000000000000000,0.000000000000000,0.000000000000000, ,{CA68E62E-1B3C-4C00-82B9-43922DBBC337},23/06/2025 0:00:00, ,23/06/2025 0:00:00, ,No, ,0.000000000000000,Roy Trustee 2022 Ltd,Johnson Forestry Services
{D9EBE831-C4D8-4FB3-9F4F-EC0F4BBCA82D},2436.000000000000000,5/11.31,41.000000000000000,1025.000000000000000,Yes,0.000000000000000,0.000000000000000,1.000000000000000,0.000000000000000,0.000000000000000,0.000000000000000,0.000000000000000,0.000000000000000,25/15,0.000000000000000,0.000000000000000,0.024390243902400,0.000000000000000,0.000000000000000,0.000000000000000,0.000000000000000,0.000000000000000, ,{CA68E62E-1B3C-4C00-82B9-43922DBBC337},23/06/2025 0:00:00, ,23/06/2025 0:00:00, ,No, ,3.000000000000000,Roy Trustee 2022 Ltd,Johnson Forestry Services
{4BB099F8-4474-4E6B-BEE1-F9B17A8C0C66},2426.000000000000000,15/11.48,42.000000000000000,1050.000000000000000,No,0.000000000000000,0.000000000000000,0.000000000000000,0.000000000000000,0.000000000000000,0.000000000000000,0.000000000000000,0.000000000000000,25/15,0.000000000000000,0.000000000000000,0.000000000000000,0.000000000000000,0.000000000000000,0.000000000000000,0.000000000000000,0.000000000000000, ,{CA68E62E-1B3C-4C00-82B9-43922DBBC337},23/06/2025 0:00:00, ,23/06/2025 0:00:00, ,No, ,0.000000000000000,Roy Trustee 2022 Ltd,Johnson Forestry Services
{7984D8F6-9370-4D83-BF3D-BCDFF7BE1E0F},1294.000000000000000,0/11.31,39.000000000000000,975.000000000000000,Yes,2.000000000000000,0.000000000000000,0.000000000000000,0.000000000000000,0.000000000000000,1.000000000000000,0.000000000000000,0.000000000000000,25/56,0.051282051282100,0.000000000000000,0.000000000000000,0.000000000000000,0.000000000000000,0.025641025641000,0.000000000000000,0.000000000000000, ,{08697520-52B9-4D9A-A068-947BB44DCFA1},23/06/2025 0:00:00, ,23/06/2025 0:00:00, ,No, ,5.000000000000000,Roy Trustee 2022 Ltd,Proforest
{E47A882A-6D84-4BAF-9290-C15DA9A7F467},2492.000000000000000,25/11.85,38.000000000000000,950.000000000000000,No,0.000000000000000,0.000000000000000,0.000000000000000,0.000000000000000,0.000000000000000,0.000000000000000,0.000000000000000,0.000000000000000,25/15,0.000000000000000,0.000000000000000,0.000000000000000,0.000000000000000,0.000000000000000,0.000000000000000,0.000000000000000,0.000000000000000,Long green grass,{F96DEA5F-F88C-436E-81CE-6615F0E9DF77},24/06/2025 0:00:00, ,24/06/2025 0:00:00, ,No, ,0.000000000000000,Roy Trustee 2022 Ltd,Johnson Forestry Services
{BFE5B2AA-E168-451B-95BE-AF70285C768C},2498.000000000000000,30/12.13,37.000000000000000,925.000000000000000,Yes,0.000000000000000,0.000000000000000,1.000000000000000,0.000000000000000,0.000000000000000,0.000000000000000,0.000000000000000,0.000000000000000,25/15,0.000000000000000,0.000000000000000,0.027027027027000,0.000000000000000,0.000000000000000,0.000000000000000,0.000000000000000,0.000000000000000,Windrow in middle of plot,{F96DEA5F-F88C-436E-81CE-6615F0E9DF77},24/06/2025 0:00:00, ,24/06/2025 0:00:00, ,No, ,3.000000000000000,Roy Trustee 2022 Ltd,Johnson Forestry Services
{AF6598EF-B2EC-4872-8EC4-40151EF72E15},2442.000000000000000,30/12.13,36.000000000000000,900.000000000000000,No,0.000000000000000,0.000000000000000,0.000000000000000,0.000000000000000,0.000000000000000,0.000000000000000,0.000000000000000,0.000000000000000,25/15,0.000000000000000,0.000000000000000,0.000000000000000,0.000000000000000,0.000000000000000,0.000000000000000,0.000000000000000,0.000000000000000,Root raked area. Bony ground,{F96DEA5F-F88C-436E-81CE-6615F0E9DF77},24/06/2025 0:00:00, ,24/06/2025 0:00:00, ,No, ,0.000000000000000,Roy Trustee 2022 Ltd,Johnson Forestry Services
{26FE30A2-9E53-4DC8-B1E7-F0E48F77224A},2452.000000000000000,35/12.50,39.000000000000000,975.000000000000000,Yes,0.000000000000000,1.000000000000000,0.000000000000000,0.000000000000000,0.000000000000000,0.000000000000000,1.000000000000000,0.000000000000000,25/15,0.000000000000000,0.025641025641000,0.000000000000000,0.000000000000000,0.000000000000000,0.000000000000000,0.025641025641000,0.000000000000000,Root raked area. Good digging,{F96DEA5F-F88C-436E-81CE-6615F0E9DF77},24/06/2025 0:00:00, ,24/06/2025 0:00:00, ,No, ,4.000000000000000,Roy Trustee 2022 Ltd,Johnson Forestry Services
{D3978B42-6143-4F4D-B760-2E9A67146952},2460.000000000000000,25/11.85,41.000000000000000,1025.000000000000000,No,0.000000000000000,0.000000000000000,0.000000000000000,0.000000000000000,0.000000000000000,0.000000000000000,0.000000000000000,0.000000000000000,25/15,0.000000000000000,0.000000000000000,0.000000000000000,0.000000000000000,0.000000000000000,0.000000000000000,0.000000000000000,0.000000000000000,"Area clearly reworked, much better stocking",{F96DEA5F-F88C-436E-81CE-6615F0E9DF77},24/06/2025 0:00:00, ,24/06/2025 0:00:00, ,Yes, ,0.000000000000000,Roy Trustee 2022 Ltd,Johnson Forestry Services
{919821A2-917F-4A5C-9301-F93F6E8EB295},2508.099999999999909,25/11.85,42.000000000000000,1050.000000000000000,No,0.000000000000000,0.000000000000000,0.000000000000000,0.000000000000000,0.000000000000000,0.000000000000000,0.000000000000000,0.000000000000000,25/16,0.000000000000000,0.000000000000000,0.000000000000000,0.000000000000000,0.000000000000000,0.000000000000000,0.000000000000000,0.000000000000000,Rocky close to surface in places,{880A8090-442C-40D3-9840-DC4C4E9F5824},24/06/2025 0:00:00, ,24/06/2025 0:00:00, ,No, ,0.000000000000000,Roy Trustee 2022 Ltd,Johnson Forestry Services
{EF85C00E-CA1C-4CCD-849F-B0AE1576B000},2420.000000000000000,20/11.64,39.000000000000000,975.000000000000000,No,0.000000000000000,0.000000000000000,0.000000000000000,0.000000000000000,0.000000000000000,0.000000000000000,0.000000000000000,0.000000000000000,25/15,0.000000000000000,0.000000000000000,0.000000000000000,0.000000000000000,0.000000000000000,0.000000000000000,0.000000000000000,0.000000000000000, ,{EE7C679B-AA43-4071-881E-DD3D205D5AA2},24/06/2025 0:00:00, ,24/06/2025 0:00:00, ,No, ,0.000000000000000,Roy Trustee 2022 Ltd,Johnson Forestry Services
{801B2214-DA1F-4CB3-8188-2BB5867265BE},2418.000000000000000,20/11.64,38.000000000000000,950.000000000000000,Yes,0.000000000000000,0.000000000000000,1.000000000000000,0.000000000000000,0.000000000000000,0.000000000000000,0.000000000000000,0.000000000000000,25/15,0.000000000000000,0.000000000000000,0.026315789473700,0.000000000000000,0.000000000000000,0.000000000000000,0.000000000000000,0.000000000000000, ,{EE7C679B-AA43-4071-881E-DD3D205D5AA2},24/06/2025 0:00:00, ,24/06/2025 0:00:00, ,No, ,3.000000000000000,Roy Trustee 2022 Ltd,Johnson Forestry Services
{3111093C-677A-4D5D-AD23-50318D33DA7A},2416.000000000000000,10/11.37,38.000000000000000,950.000000000000000,No,0.000000000000000,0.000000000000000,0.000000000000000,0.000000000000000,0.000000000000000,0.000000000000000,0.000000000000000,0.000000000000000,25/15,0.000000000000000,0.000000000000000,0.000000000000000,0.000000000000000,0.000000000000000,0.000000000000000,0.000000000000000,0.000000000000000, ,{EE7C679B-AA43-4071-881E-DD3D205D5AA2},24/06/2025 0:00:00, ,24/06/2025 0:00:00, ,No, ,0.000000000000000,Roy Trustee 2022 Ltd,Johnson Forestry Services
{06E2BDA1-30B2-4494-AA98-596F9769150C},1892.000000000000000,15/11.48,38.000000000000000,950.000000000000000,Yes,0.000000000000000,0.000000000000000,1.000000000000000,0.000000000000000,0.000000000000000,0.000000000000000,0.000000000000000,0.000000000000000,25/63,0.000000000000000,0.000000000000000,0.026315789473700,0.000000000000000,0.000000000000000,0.000000000000000,0.000000000000000,0.000000000000000, ,{37C9ADE7-896D-49D2-BFCB-0A37EBAAB0D0},24/06/2025 0:00:00, ,24/06/2025 0:00:00, ,No, ,3.000000000000000,Roy Trustee 2022 Ltd,Forest View Contracting
{DB85E9AB-3D90-41B1-B89B-4EA32FD20A6C},1894.000000000000000,15/11.48,40.000000000000000,1000.000000000000000,Yes,0.000000000000000,0.000000000000000,1.000000000000000,0.000000000000000,0.000000000000000,0.000000000000000,0.000000000000000,0.000000000000000,25/63,0.000000000000000,0.000000000000000,0.025000000000000,0.000000000000000,0.000000000000000,0.000000000000000,0.000000000000000,0.000000000000000, ,{37C9ADE7-896D-49D2-BFCB-0A37EBAAB0D0},24/06/2025 0:00:00, ,24/06/2025 0:00:00, ,No, ,3.000000000000000,Roy Trustee 2022 Ltd,Forest View Contracting
{8B755425-83B5-4FE9-AED9-C256210DCAB7},1868.000000000000000,10/11.37,34.000000000000000,850.000000000000000,Yes,0.000000000000000,2.000000000000000,0.000000000000000,0.000000000000000,0.000000000000000,0.000000000000000,0.000000000000000,0.000000000000000,25/63,0.000000000000000,0.058823529411800,0.000000000000000,0.000000000000000,0.000000000000000,0.000000000000000,0.000000000000000,0.000000000000000,"Low stocking due to line intersection, told crew and did another plot just up from it which was 1000 sph",{37C9ADE7-896D-49D2-BFCB-0A37EBAAB0D0},24/06/2025 0:00:00, ,24/06/2025 0:00:00, ,No,Yes,2.000000000000000,Roy Trustee 2022 Ltd,Forest View Contracting
{EF55C0F1-850C-4063-8A8D-794AEB11004F},1880.000000000000000,10/11.37,36.000000000000000,900.000000000000000,Yes,0.000000000000000,0.000000000000000,0.000000000000000,0.000000000000000,0.000000000000000,1.000000000000000,0.000000000000000,0.000000000000000,25/63,0.000000000000000,0.000000000000000,0.000000000000000,0.000000000000000,0.000000000000000,0.027777777777800,0.000000000000000,0.000000000000000, ,{37C9ADE7-896D-49D2-BFCB-0A37EBAAB0D0},24/06/2025 0:00:00, ,24/06/2025 0:00:00, ,No, ,3.000000000000000,Roy Trustee 2022 Ltd,Forest View Contracting
{2BF98E58-7D71-4083-A440-BA2A51E817A6},1856.000000000000000,10/11.37,39.000000000000000,975.000000000000000,Yes,0.000000000000000,2.000000000000000,0.000000000000000,0.000000000000000,0.000000000000000,0.000000000000000,0.000000000000000,0.000000000000000,25/63,0.000000000000000,0.051282051282100,0.000000000000000,0.000000000000000,0.000000000000000,0.000000000000000,0.000000000000000,0.000000000000000, ,{37C9ADE7-896D-49D2-BFCB-0A37EBAAB0D0},24/06/2025 0:00:00, ,24/06/2025 0:00:00, ,No, ,2.000000000000000,Roy Trustee 2022 Ltd,Forest View Contracting
{472ECD9D-9B5C-4BA0-9B33-C6B0358B0AB4},1858.000000000000000,10/11.37,37.000000000000000,925.000000000000000,No,0.000000000000000,0.000000000000000,0.000000000000000,0.000000000000000,0.000000000000000,0.000000000000000,0.000000000000000,0.000000000000000,25/63,0.000000000000000,0.000000000000000,0.000000000000000,0.000000000000000,0.000000000000000,0.000000000000000,0.000000000000000,0.000000000000000, ,{37C9ADE7-896D-49D2-BFCB-0A37EBAAB0D0},24/06/2025 0:00:00, ,24/06/2025 0:00:00, ,No, ,0.000000000000000,Roy Trustee 2022 Ltd,Forest View Contracting
{A6A6C2C1-B791-46CF-A274-67E10D86E8BB},1842.000000000000000,15/11.48,37.000000000000000,925.000000000000000,Yes,0.000000000000000,1.000000000000000,0.000000000000000,0.000000000000000,0.000000000000000,0.000000000000000,0.000000000000000,0.000000000000000,25/63,0.000000000000000,0.027027027027000,0.000000000000000,0.000000000000000,0.000000000000000,0.000000000000000,0.000000000000000,0.000000000000000, ,{37C9ADE7-896D-49D2-BFCB-0A37EBAAB0D0},24/06/2025 0:00:00, ,24/06/2025 0:00:00, ,No, ,1.000000000000000,Roy Trustee 2022 Ltd,Forest View Contracting
{6C542EF9-7EA8-4394-BFA6-A2D209A49A69},1840.000000000000000,10/11.37,37.000000000000000,0.000000000000000,No,0.000000000000000,0.000000000000000,0.000000000000000,0.000000000000000,0.000000000000000,0.000000000000000,0.000000000000000,0.000000000000000,25/63,0.000000000000000,0.000000000000000,0.000000000000000,0.000000000000000,0.000000000000000,0.000000000000000,0.000000000000000,0.000000000000000, ,{37C9ADE7-896D-49D2-BFCB-0A37EBAAB0D0},24/06/2025 0:00:00, ,24/06/2025 0:00:00, ,No, ,0.000000000000000,Roy Trustee 2022 Ltd,Forest View Contracting
{459F45F9-41D7-4092-84DC-79818A52F34A},1852.000000000000000,20/11.64,42.000000000000000,1050.000000000000000,No,0.000000000000000,0.000000000000000,0.000000000000000,0.000000000000000,0.000000000000000,0.000000000000000,0.000000000000000,0.000000000000000,25/63,0.000000000000000,0.000000000000000,0.000000000000000,0.000000000000000,0.000000000000000,0.000000000000000,0.000000000000000,0.000000000000000,Moved plot due to lots of boggy ground that was left unplanted,{37C9ADE7-896D-49D2-BFCB-0A37EBAAB0D0},24/06/2025 0:00:00, ,24/06/2025 0:00:00, ,No, ,0.000000000000000,Roy Trustee 2022 Ltd,Forest View Contracting
{7A58BCC3-9EB4-4334-87AB-2E139F4716F2},100.000000000000000,15/11.48,38.000000000000000,950.000000000000000,Yes,0.000000000000000,2.000000000000000,0.000000000000000,0.000000000000000,0.000000000000000,0.000000000000000,0.000000000000000,0.000000000000000,25/62,0.000000000000000,0.052631578947400,0.000000000000000,0.000000000000000,0.000000000000000,0.000000000000000,0.000000000000000,0.000000000000000,Catching up on missed plots from couple weeks ago,{058DF569-368D-4D86-90EC-0328D9207329},24/06/2025 0:00:00, ,24/06/2025 0:00:00, ,No, ,2.000000000000000,Roy Trustee 2022 Ltd,Forest View Contracting
{D8BBE223-F5CC-4973-A1C2-9CC72E5813F5},108.000000000000000,5/11.31,36.000000000000000,900.000000000000000,Yes,0.000000000000000,1.000000000000000,0.000000000000000,0.000000000000000,0.000000000000000,0.000000000000000,0.000000000000000,0.000000000000000,25/62,0.000000000000000,0.027777777777800,0.000000000000000,0.000000000000000,0.000000000000000,0.000000000000000,0.000000000000000,0.000000000000000, ,{058DF569-368D-4D86-90EC-0328D9207329},24/06/2025 0:00:00, ,24/06/2025 0:00:00, ,No, ,1.000000000000000,Roy Trustee 2022 Ltd,Forest View Contracting
{16209C1D-19D1-427A-8B91-47C01A2CEBD9},104.000000000000000,5/11.31,38.000000000000000,950.000000000000000,Yes,0.000000000000000,1.000000000000000,0.000000000000000,0.000000000000000,0.000000000000000,1.000000000000000,0.000000000000000,0.000000000000000,25/62,0.000000000000000,0.026315789473700,0.000000000000000,0.000000000000000,0.000000000000000,0.026315789473700,0.000000000000000,0.000000000000000, ,{058DF569-368D-4D86-90EC-0328D9207329},24/06/2025 0:00:00, ,24/06/2025 0:00:00, ,No, ,4.000000000000000,Roy Trustee 2022 Ltd,Forest View Contracting
{C08A0A94-FBAC-499A-8BC6-102EC6DA45BA},98.000000000000000,5/11.31,40.000000000000000,1000.000000000000000,Yes,0.000000000000000,1.000000000000000,0.000000000000000,0.000000000000000,0.000000000000000,0.000000000000000,0.000000000000000,0.000000000000000,25/62,0.000000000000000,0.025000000000000,0.000000000000000,0.000000000000000,0.000000000000000,0.000000000000000,0.000000000000000,0.000000000000000, ,{058DF569-368D-4D86-90EC-0328D9207329},24/06/2025 0:00:00, ,24/06/2025 0:00:00, ,No, ,1.000000000000000,Roy Trustee 2022 Ltd,Forest View Contracting
{85B04188-542E-4BAF-80C7-C9AA0F088F82},1574.000000000000000,10/11.37,39.000000000000000,975.000000000000000,Yes,0.000000000000000,0.000000000000000,0.000000000000000,1.000000000000000,0.000000000000000,0.000000000000000,0.000000000000000,0.000000000000000,25/54,0.000000000000000,0.000000000000000,0.000000000000000,0.025641025641000,0.000000000000000,0.000000000000000,0.000000000000000,0.000000000000000,One tree run over and broken,{8D118DD3-77B0-48F3-9D87-0A0182912828},24/06/2025 0:00:00, ,24/06/2025 0:00:00, ,No, ,1.000000000000000,Roy Trustee 2022 Ltd,Proforest
{7EC13367-5E1B-4DCA-AAAE-C48E0EF92E90},1580.000000000000000,20/11.64,46.000000000000000,1150.000000000000000,No,0.000000000000000,0.000000000000000,0.000000000000000,0.000000000000000,0.000000000000000,0.000000000000000,0.000000000000000,0.000000000000000,25/54,0.000000000000000,0.000000000000000,0.000000000000000,0.000000000000000,0.000000000000000,0.000000000000000,0.000000000000000,0.000000000000000,2 close line bringing plot high,{8D118DD3-77B0-48F3-9D87-0A0182912828},24/06/2025 0:00:00, ,24/06/2025 0:00:00, ,No,No,0.000000000000000,Roy Trustee 2022 Ltd,Proforest
{27292736-0D0D-4A34-91AB-E4EF5C9FC208},1582.000000000000000,15/11.48,47.000000000000000,1175.000000000000000,Yes,0.000000000000000,2.000000000000000,1.000000000000000,0.000000000000000,0.000000000000000,0.000000000000000,0.000000000000000,0.000000000000000,25/54,0.000000000000000,0.042553191489400,0.021276595744700,0.000000000000000,0.000000000000000,0.000000000000000,0.000000000000000,0.000000000000000,From previous planting day. QC aware of stocking issues,{8D118DD3-77B0-48F3-9D87-0A0182912828},24/06/2025 0:00:00, ,24/06/2025 0:00:00, ,No,Yes,5.000000000000000,Roy Trustee 2022 Ltd,Proforest
{FB5B1CCF-C109-488C-B7F8-EA23A6D7FDB3},1576.000000000000000,10/11.37,36.000000000000000,900.000000000000000,Yes,0.000000000000000,2.000000000000000,1.000000000000000,0.000000000000000,0.000000000000000,0.000000000000000,0.000000000000000,0.000000000000000,25/54,0.000000000000000,0.055555555555600,0.027777777777800,0.000000000000000,0.000000000000000,0.000000000000000,0.000000000000000,0.000000000000000, ,{8D118DD3-77B0-48F3-9D87-0A0182912828},24/06/2025 0:00:00, ,24/06/2025 0:00:00, ,No, ,5.000000000000000,Roy Trustee 2022 Ltd,Proforest
{C6905F4D-42F4-4F98-8046-F78770F17D43},1566.000000000000000,15/11.48,43.000000000000000,1075.000000000000000,No,0.000000000000000,0.000000000000000,0.000000000000000,0.000000000000000,0.000000000000000,0.000000000000000,0.000000000000000,0.000000000000000,25/54,0.000000000000000,0.000000000000000,0.000000000000000,0.000000000000000,0.000000000000000,0.000000000000000,0.000000000000000,0.000000000000000, ,{8D118DD3-77B0-48F3-9D87-0A0182912828},24/06/2025 0:00:00, ,24/06/2025 0:00:00, ,No, ,0.000000000000000,Roy Trustee 2022 Ltd,Proforest
{1C8D88B2-C0AA-474C-9563-E669E61962A7},1560.000000000000000,15/11.48,44.000000000000000,1100.000000000000000,Yes,2.000000000000000,0.000000000000000,0.000000000000000,0.000000000000000,0.000000000000000,0.000000000000000,0.000000000000000,1.000000000000000,25/54,0.045454545454500,0.000000000000000,0.000000000000000,0.000000000000000,0.000000000000000,0.000000000000000,0.000000000000000,0.022727272727300, ,{8D118DD3-77B0-48F3-9D87-0A0182912828},24/06/2025 0:00:00, ,24/06/2025 0:00:00, ,No, ,5.000000000000000,Roy Trustee 2022 Ltd,Proforest
{04171E2E-6283-410C-B744-F773B5690389},1562.000000000000000,5/11.31,42.000000000000000,1050.000000000000000,No,0.000000000000000,0.000000000000000,0.000000000000000,0.000000000000000,0.000000000000000,0.000000000000000,0.000000000000000,0.000000000000000,25/54,0.000000000000000,0.000000000000000,0.000000000000000,0.000000000000000,0.000000000000000,0.000000000000000,0.000000000000000,0.000000000000000,Good,{8D118DD3-77B0-48F3-9D87-0A0182912828},24/06/2025 0:00:00, ,24/06/2025 0:00:00, ,No, ,0.000000000000000,Roy Trustee 2022 Ltd,Proforest
{AE6FD270-15FA-4FD0-9B4B-887D218A8A7C},1568.000000000000000,5/11.31,44.000000000000000,1100.000000000000000,Yes,1.000000000000000,1.000000000000000,0.000000000000000,0.000000000000000,0.000000000000000,0.000000000000000,0.000000000000000,0.000000000000000,25/54,0.022727272727300,0.022727272727300,0.000000000000000,0.000000000000000,0.000000000000000,0.000000000000000,0.000000000000000,0.000000000000000, ,{8D118DD3-77B0-48F3-9D87-0A0182912828},24/06/2025 0:00:00, ,24/06/2025 0:00:00, ,No, ,2.000000000000000,Roy Trustee 2022 Ltd,Proforest
{735565FA-F34A-4829-94E5-0780B95E7235},1578.000000000000000,20/11.64,42.000000000000000,1050.000000000000000,Yes,0.000000000000000,2.000000000000000,0.000000000000000,0.000000000000000,0.000000000000000,0.000000000000000,0.000000000000000,0.000000000000000,25/54,0.000000000000000,0.047619047619000,0.000000000000000,0.000000000000000,0.000000000000000,0.000000000000000,0.000000000000000,0.000000000000000, ,{8D118DD3-77B0-48F3-9D87-0A0182912828},24/06/2025 0:00:00, ,24/06/2025 0:00:00, ,No, ,2.000000000000000,Roy Trustee 2022 Ltd,Proforest
{37D077A8-188B-46A4-87A5-BC42A340A8F4},1572.000000000000000,10/11.37,46.000000000000000,1150.000000000000000,Yes,0.000000000000000,0.000000000000000,0.000000000000000,0.000000000000000,0.000000000000000,0.000000000000000,2.000000000000000,0.000000000000000,25/54,0.000000000000000,0.000000000000000,0.000000000000000,0.000000000000000,0.000000000000000,0.000000000000000,0.043478260869600,0.000000000000000,Close lines in tussock,{8D118DD3-77B0-48F3-9D87-0A0182912828},24/06/2025 0:00:00, ,24/06/2025 0:00:00, ,No,Yes,6.000000000000000,Roy Trustee 2022 Ltd,Proforest
{C6992675-4CBA-4F74-BA6C-496050499B47},1570.000000000000000,15/11.48,41.000000000000000,1025.000000000000000,Yes,2.000000000000000,1.000000000000000,0.000000000000000,0.000000000000000,0.000000000000000,1.000000000000000,0.000000000000000,0.000000000000000,25/54,0.048780487804900,0.024390243902400,0.000000000000000,0.000000000000000,0.000000000000000,0.024390243902400,0.000000000000000,0.000000000000000, ,{8D118DD3-77B0-48F3-9D87-0A0182912828},24/06/2025 0:00:00, ,24/06/2025 0:00:00, ,No, ,6.000000000000000,Roy Trustee 2022 Ltd,Proforest
{A77BF89D-9BAD-4D27-86FA-D5C47EC15588},1564.000000000000000,5/11.31,37.000000000000000,925.000000000000000,Yes,0.000000000000000,1.000000000000000,0.000000000000000,0.000000000000000,0.000000000000000,0.000000000000000,0.000000000000000,0.000000000000000,25/54,0.000000000000000,0.027027027027000,0.000000000000000,0.000000000000000,0.000000000000000,0.000000000000000,0.000000000000000,0.000000000000000, ,{8D118DD3-77B0-48F3-9D87-0A0182912828},24/06/2025 0:00:00, ,24/06/2025 0:00:00, ,No, ,1.000000000000000,Roy Trustee 2022 Ltd,Proforest
{1EB93931-0E59-4690-83E3-8ADBCDFA3ED1},94.000000000000000,15/11.48,37.000000000000000,925.000000000000000,No,0.000000000000000,0.000000000000000,0.000000000000000,0.000000000000000,0.000000000000000,0.000000000000000,0.000000000000000,0.000000000000000,25/62,0.000000000000000,0.000000000000000,0.000000000000000,0.000000000000000,0.000000000000000,0.000000000000000,0.000000000000000,0.000000000000000,"Unplantable boggy areas hence low stocking, good spot planting where possible.",{DBF3FC1C-B62F-49D3-8A91-E9D4B12DD408},24/06/2025 0:00:00, ,24/06/2025 0:00:00, ,No, ,0.000000000000000,Roy Trustee 2022 Ltd,Forest View Contracting
{CE455E25-D2F4-4CF0-ABE5-FB3BA2079EF0},1866.000000000000000,20/11.64,40.000000000000000,1000.000000000000000,No,0.000000000000000,0.000000000000000,0.000000000000000,0.000000000000000,0.000000000000000,0.000000000000000,0.000000000000000,0.000000000000000,25/63,0.000000000000000,0.000000000000000,0.000000000000000,0.000000000000000,0.000000000000000,0.000000000000000,0.000000000000000,0.000000000000000,Moved due to boggy ground in this area,{BC2DD7AE-DB3F-4734-A310-12EB11D692C9},25/06/2025 0:00:00, ,25/06/2025 0:00:00, ,No, ,0.000000000000000,Roy Trustee 2022 Ltd,Forest View Contracting
{BC68CB45-C161-4353-9E02-C6D272BECF57},1848.000000000000000,5/11.31,42.000000000000000,1050.000000000000000,Yes,0.000000000000000,0.000000000000000,0.000000000000000,0.000000000000000,0.000000000000000,1.000000000000000,0.000000000000000,0.000000000000000,25/63,0.000000000000000,0.000000000000000,0.000000000000000,0.000000000000000,0.000000000000000,0.023809523809500,0.000000000000000,0.000000000000000, ,{BC2DD7AE-DB3F-4734-A310-12EB11D692C9},25/06/2025 0:00:00, ,25/06/2025 0:00:00, ,No, ,3.000000000000000,Roy Trustee 2022 Ltd,Forest View Contracting
{7C2BDAF2-D4B8-4D1D-AED0-6AC2D2CC8844},1834.000000000000000,15/11.48,37.000000000000000,925.000000000000000,No,0.000000000000000,0.000000000000000,0.000000000000000,0.000000000000000,0.000000000000000,0.000000000000000,0.000000000000000,0.000000000000000,25/63,0.000000000000000,0.000000000000000,0.000000000000000,0.000000000000000,0.000000000000000,0.000000000000000,0.000000000000000,0.000000000000000,Good planting,{BC2DD7AE-DB3F-4734-A310-12EB11D692C9},25/06/2025 0:00:00, ,25/06/2025 0:00:00, ,No, ,0.000000000000000,Roy Trustee 2022 Ltd,Forest View Contracting
{23A9BB4B-4110-4E07-8CB6-3155889D8875},1832.000000000000000,10/11.37,40.000000000000000,1000.000000000000000,Yes,0.000000000000000,1.000000000000000,0.000000000000000,0.000000000000000,0.000000000000000,0.000000000000000,0.000000000000000,0.000000000000000,25/63,0.000000000000000,0.025000000000000,0.000000000000000,0.000000000000000,0.000000000000000,0.000000000000000,0.000000000000000,0.000000000000000, ,{BC2DD7AE-DB3F-4734-A310-12EB11D692C9},25/06/2025 0:00:00, ,25/06/2025 0:00:00, ,No, ,1.000000000000000,Roy Trustee 2022 Ltd,Forest View Contracting
{69116A7B-1545-4359-B6DE-FFE228A4FF29},1820.000000000000000,20/11.64,40.000000000000000,1000.000000000000000,No,0.000000000000000,0.000000000000000,0.000000000000000,0.000000000000000,0.000000000000000,0.000000000000000,0.000000000000000,0.000000000000000,25/63,0.000000000000000,0.000000000000000,0.000000000000000,0.000000000000000,0.000000000000000,0.000000000000000,0.000000000000000,0.000000000000000, ,{BC2DD7AE-DB3F-4734-A310-12EB11D692C9},25/06/2025 0:00:00, ,25/06/2025 0:00:00, ,No, ,0.000000000000000,Roy Trustee 2022 Ltd,Forest View Contracting
{A790CA1B-996C-4C80-A81B-1D08948EE044},1812.000000000000000,10/11.37,42.000000000000000,1050.000000000000000,Yes,0.000000000000000,1.000000000000000,1.000000000000000,0.000000000000000,0.000000000000000,0.000000000000000,0.000000000000000,0.000000000000000,25/63,0.000000000000000,0.023809523809500,0.023809523809500,0.000000000000000,0.000000000000000,0.000000000000000,0.000000000000000,0.000000000000000, ,{BC2DD7AE-DB3F-4734-A310-12EB11D692C9},25/06/2025 0:00:00, ,25/06/2025 0:00:00, ,No, ,4.000000000000000,Roy Trustee 2022 Ltd,Forest View Contracting
{1FFDD837-687A-47EE-8A59-F0F1313FA657},1822.000000000000000,15/11.48,41.000000000000000,1025.000000000000000,Yes,0.000000000000000,0.000000000000000,1.000000000000000,0.000000000000000,0.000000000000000,0.000000000000000,0.000000000000000,0.000000000000000,25/63,0.000000000000000,0.000000000000000,0.024390243902400,0.000000000000000,0.000000000000000,0.000000000000000,0.000000000000000,0.000000000000000,Sharp change in gradient in plot,{BC2DD7AE-DB3F-4734-A310-12EB11D692C9},25/06/2025 0:00:00, ,25/06/2025 0:00:00, ,No, ,3.000000000000000,Roy Trustee 2022 Ltd,Forest View Contracting
{F87ED2A5-3725-4C1D-8EBB-9C35513C9744},1810.000000000000000,5/11.31,37.000000000000000,925.000000000000000,Yes,0.000000000000000,1.000000000000000,0.000000000000000,0.000000000000000,0.000000000000000,1.000000000000000,0.000000000000000,0.000000000000000,25/63,0.000000000000000,0.027027027027000,0.000000000000000,0.000000000000000,0.000000000000000,0.027027027027000,0.000000000000000,0.000000000000000, ,{BC2DD7AE-DB3F-4734-A310-12EB11D692C9},25/06/2025 0:00:00, ,25/06/2025 0:00:00, ,No, ,4.000000000000000,Roy Trustee 2022 Ltd,Forest View Contracting
{C69141F8-7125-46FC-9030-DDD2F18E7854},1834.000000000000000,10/11.37,40.000000000000000,1000.000000000000000,Yes,0.000000000000000,1.000000000000000,0.000000000000000,0.000000000000000,0.000000000000000,0.000000000000000,0.000000000000000,0.000000000000000,25/63,0.000000000000000,0.025000000000000,0.000000000000000,0.000000000000000,0.000000000000000,0.000000000000000,0.000000000000000,0.000000000000000, ,{BC2DD7AE-DB3F-4734-A310-12EB11D692C9},25/06/2025 0:00:00, ,25/06/2025 0:00:00, ,No, ,1.000000000000000,Roy Trustee 2022 Ltd,Forest View Contracting
{A9AAC58D-4B06-4584-847B-B2FE38EF5535},1836.000000000000000,20/11.64,44.000000000000000,1100.000000000000000,No,0.000000000000000,0.000000000000000,0.000000000000000,0.000000000000000,0.000000000000000,0.000000000000000,0.000000000000000,0.000000000000000,25/63,0.000000000000000,0.000000000000000,0.000000000000000,0.000000000000000,0.000000000000000,0.000000000000000,0.000000000000000,0.000000000000000, ,{BC2DD7AE-DB3F-4734-A310-12EB11D692C9},25/06/2025 0:00:00, ,25/06/2025 0:00:00, ,No, ,0.000000000000000,Roy Trustee 2022 Ltd,Forest View Contracting
{9DCB0EE1-1B14-465E-9F1B-DF3662B5C18C},2414.000000000000000,15/11.48,40.000000000000000,1000.000000000000000,Yes,0.000000000000000,0.000000000000000,0.000000000000000,0.000000000000000,0.000000000000000,0.000000000000000,1.000000000000000,0.000000000000000,25/15,0.000000000000000,0.000000000000000,0.000000000000000,0.000000000000000,0.000000000000000,0.000000000000000,0.025000000000000,0.000000000000000, ,{A807BCD8-C7C8-49A9-A2A4-58C761BBB90D},25/06/2025 0:00:00, ,25/06/2025 0:00:00, ,No, ,3.000000000000000,Roy Trustee 2022 Ltd,Johnson Forestry Services
{4AFBBBD2-E023-43E2-BA8A-E3540ED0A95A},2422.000000000000000,30/12.13,37.000000000000000,925.000000000000000,No,0.000000000000000,0.000000000000000,0.000000000000000,0.000000000000000,0.000000000000000,0.000000000000000,0.000000000000000,0.000000000000000,25/15,0.000000000000000,0.000000000000000,0.000000000000000,0.000000000000000,0.000000000000000,0.000000000000000,0.000000000000000,0.000000000000000, ,{A807BCD8-C7C8-49A9-A2A4-58C761BBB90D},25/06/2025 0:00:00, ,25/06/2025 0:00:00, ,No, ,0.000000000000000,Roy Trustee 2022 Ltd,Johnson Forestry Services
{4909F854-25B0-41C6-AFF4-54135E915002},2430.000000000000000,15/11.48,36.000000000000000,900.000000000000000,No,0.000000000000000,0.000000000000000,0.000000000000000,0.000000000000000,0.000000000000000,0.000000000000000,0.000000000000000,0.000000000000000,25/15,0.000000000000000,0.000000000000000,0.000000000000000,0.000000000000000,0.000000000000000,0.000000000000000,0.000000000000000,0.000000000000000,Plot midfle of tracks,{A807BCD8-C7C8-49A9-A2A4-58C761BBB90D},25/06/2025 0:00:00, ,25/06/2025 0:00:00, ,No, ,0.000000000000000,Roy Trustee 2022 Ltd,Johnson Forestry Services
{C77F5257-6B66-4F3A-B285-8E4AEDE9445A},2432.000000000000000,0/11.31,38.000000000000000,950.000000000000000,No,0.000000000000000,0.000000000000000,0.000000000000000,0.000000000000000,0.000000000000000,0.000000000000000,0.000000000000000,0.000000000000000,25/15,0.000000000000000,0.000000000000000,0.000000000000000,0.000000000000000,0.000000000000000,0.000000000000000,0.000000000000000,0.000000000000000, ,{A807BCD8-C7C8-49A9-A2A4-58C761BBB90D},25/06/2025 0:00:00, ,25/06/2025 0:00:00, ,No, ,0.000000000000000,Roy Trustee 2022 Ltd,Johnson Forestry Services
{66A73902-B06C-4DF2-AF8D-F2FE18F86490},2434.000000000000000,20/11.64,37.000000000000000,925.000000000000000,No,0.000000000000000,0.000000000000000,0.000000000000000,0.000000000000000,0.000000000000000,0.000000000000000,0.000000000000000,0.000000000000000,25/15,0.000000000000000,0.000000000000000,0.000000000000000,0.000000000000000,0.000000000000000,0.000000000000000,0.000000000000000,0.000000000000000, ,{A807BCD8-C7C8-49A9-A2A4-58C761BBB90D},25/06/2025 0:00:00, ,25/06/2025 0:00:00, ,No, ,0.000000000000000,Roy Trustee 2022 Ltd,Johnson Forestry Services
{F0B9619E-C00C-4D93-98C8-74583CF9D2F5},2440.000000000000000,25/11.85,40.000000000000000,1000.000000000000000,No,0.000000000000000,0.000000000000000,0.000000000000000,0.000000000000000,0.000000000000000,0.000000000000000,0.000000000000000,0.000000000000000,25/15,0.000000000000000,0.000000000000000,0.000000000000000,0.000000000000000,0.000000000000000,0.000000000000000,0.000000000000000,0.000000000000000, ,{A807BCD8-C7C8-49A9-A2A4-58C761BBB90D},25/06/2025 0:00:00, ,25/06/2025 0:00:00, ,No, ,0.000000000000000,Roy Trustee 2022 Ltd,Johnson Forestry Services
{95305FFA-7346-4A2B-B279-F6EB182A2855},1528.000000000000000,15/11.48,47.000000000000000,1175.000000000000000,Yes,0.000000000000000,3.000000000000000,0.000000000000000,0.000000000000000,0.000000000000000,0.000000000000000,0.000000000000000,0.000000000000000,25/52,0.000000000000000,0.063829787234000,0.000000000000000,0.000000000000000,0.000000000000000,0.000000000000000,0.000000000000000,0.000000000000000,Close planting in tussock,{220B87F7-3A0C-43A3-8817-93FBE01C62DD},25/06/2025 0:00:00, ,25/06/2025 0:00:00, ,No,No,3.000000000000000,Roy Trustee 2022 Ltd,Proforest
{375D0212-0A88-483A-A026-39E52678CC94},1530.000000000000000,15/11.48,41.000000000000000,1025.000000000000000,No,0.000000000000000,0.000000000000000,0.000000000000000,0.000000000000000,0.000000000000000,0.000000000000000,0.000000000000000,0.000000000000000,25/52,0.000000000000000,0.000000000000000,0.000000000000000,0.000000000000000,0.000000000000000,0.000000000000000,0.000000000000000,0.000000000000000,Good,{220B87F7-3A0C-43A3-8817-93FBE01C62DD},25/06/2025 0:00:00, ,25/06/2025 0:00:00, ,No, ,0.000000000000000,Roy Trustee 2022 Ltd,Proforest
{7DC35565-0873-4406-A121-712BEDB83852},1492.000000000000000,20/11.64,38.000000000000000,950.000000000000000,Yes,1.000000000000000,1.000000000000000,0.000000000000000,0.000000000000000,0.000000000000000,1.000000000000000,0.000000000000000,0.000000000000000,25/52,0.026315789473700,0.026315789473700,0.000000000000000,0.000000000000000,0.000000000000000,0.026315789473700,0.000000000000000,0.000000000000000, ,{220B87F7-3A0C-43A3-8817-93FBE01C62DD},25/06/2025 0:00:00, ,25/06/2025 0:00:00, ,No, ,5.000000000000000,Roy Trustee 2022 Ltd,Proforest
{15661E85-7550-4661-8B6A-D0EA75802342},1512.000000000000000,10/11.37,38.000000000000000,950.000000000000000,Yes,0.000000000000000,1.000000000000000,1.000000000000000,0.000000000000000,0.000000000000000,0.000000000000000,0.000000000000000,0.000000000000000,25/52,0.000000000000000,0.026315789473700,0.026315789473700,0.000000000000000,0.000000000000000,0.000000000000000,0.000000000000000,0.000000000000000, ,{220B87F7-3A0C-43A3-8817-93FBE01C62DD},25/06/2025 0:00:00, ,25/06/2025 0:00:00, ,No, ,4.000000000000000,Roy Trustee 2022 Ltd,Proforest
{D401FBE9-B0CF-4343-AD10-DA21777B445B},1506.000000000000000,10/11.37,40.000000000000000,1000.000000000000000,Yes,0.000000000000000,1.000000000000000,1.000000000000000,0.000000000000000,0.000000000000000,0.000000000000000,0.000000000000000,0.000000000000000,25/52,0.000000000000000,0.025000000000000,0.025000000000000,0.000000000000000,0.000000000000000,0.000000000000000,0.000000000000000,0.000000000000000, ,{220B87F7-3A0C-43A3-8817-93FBE01C62DD},25/06/2025 0:00:00, ,25/06/2025 0:00:00, ,No, ,4.000000000000000,Roy Trustee 2022 Ltd,Proforest
{AAB33E31-490E-4557-92D7-08456C23DC1C},1488.000000000000000,10/11.37,39.000000000000000,975.000000000000000,Yes,1.000000000000000,0.000000000000000,1.000000000000000,0.000000000000000,0.000000000000000,0.000000000000000,0.000000000000000,0.000000000000000,25/52,0.025641025641000,0.000000000000000,0.025641025641000,0.000000000000000,0.000000000000000,0.000000000000000,0.000000000000000,0.000000000000000, ,{220B87F7-3A0C-43A3-8817-93FBE01C62DD},25/06/2025 0:00:00, ,25/06/2025 0:00:00, ,No, ,4.000000000000000,Roy Trustee 2022 Ltd,Proforest
{22004309-F60A-463B-9F6B-28CF32F7A5A1},1486.000000000000000,15/11.48,43.000000000000000,1075.000000000000000,Yes,0.000000000000000,2.000000000000000,0.000000000000000,0.000000000000000,0.000000000000000,0.000000000000000,0.000000000000000,0.000000000000000,25/52,0.000000000000000,0.046511627907000,0.000000000000000,0.000000000000000,0.000000000000000,0.000000000000000,0.000000000000000,0.000000000000000, ,{220B87F7-3A0C-43A3-8817-93FBE01C62DD},25/06/2025 0:00:00, ,25/06/2025 0:00:00, ,No, ,2.000000000000000,Roy Trustee 2022 Ltd,Proforest
{7396C25F-3CFE-4DA1-8BEE-6ECFA415BB40},1502.000000000000000,30/12.13,46.000000000000000,1150.000000000000000,Yes,1.000000000000000,0.000000000000000,0.000000000000000,0.000000000000000,0.000000000000000,1.000000000000000,0.000000000000000,0.000000000000000,25/52,0.021739130434800,0.000000000000000,0.000000000000000,0.000000000000000,0.000000000000000,0.021739130434800,0.000000000000000,0.000000000000000,Close lines on steeper slope. General area looks good,{220B87F7-3A0C-43A3-8817-93FBE01C62DD},25/06/2025 0:00:00, ,25/06/2025 0:00:00, ,No,No,4.000000000000000,Roy Trustee 2022 Ltd,Proforest
{E8313635-5A82-4096-969C-353A86DD04EA},1504.000000000000000,25/11.85,44.000000000000000,1100.000000000000000,Yes,2.000000000000000,0.000000000000000,0.000000000000000,0.000000000000000,0.000000000000000,0.000000000000000,0.000000000000000,0.000000000000000,25/52,0.045454545454500,0.000000000000000,0.000000000000000,0.000000000000000,0.000000000000000,0.000000000000000,0.000000000000000,0.000000000000000, ,{220B87F7-3A0C-43A3-8817-93FBE01C62DD},25/06/2025 0:00:00, ,25/06/2025 0:00:00, ,No, ,2.000000000000000,Roy Trustee 2022 Ltd,Proforest
{17CB0FC3-765A-499C-ADC0-5B96E864CF75},1524.000000000000000,20/11.64,44.000000000000000,0.000000000000000,Yes,0.000000000000000,0.000000000000000,0.000000000000000,0.000000000000000,0.000000000000000,1.000000000000000,1.000000000000000,0.000000000000000,25/52,0.000000000000000,0.000000000000000,0.000000000000000,0.000000000000000,0.000000000000000,0.000000000000000,0.000000000000000,0.000000000000000, ,{220B87F7-3A0C-43A3-8817-93FBE01C62DD},25/06/2025 0:00:00, ,25/06/2025 0:00:00, ,No, ,6.000000000000000,Roy Trustee 2022 Ltd,Proforest
{AE37B1A5-932D-4358-9808-CB5494A241F3},2510.199999999999818,10/11.37,40.000000000000000,0.000000000000000,No,0.000000000000000,0.000000000000000,0.000000000000000,0.000000000000000,0.000000000000000,0.000000000000000,0.000000000000000,0.000000000000000,25/16,0.000000000000000,0.000000000000000,0.000000000000000,0.000000000000000,0.000000000000000,0.000000000000000,0.000000000000000,0.000000000000000,Half plot shallow top soil,{DA638AAE-5512-4A59-AD00-C0A588E7DB2D},25/06/2025 0:00:00, ,25/06/2025 0:00:00, ,No, ,0.000000000000000,Roy Trustee 2022 Ltd,Johnson Forestry Services
{DE3A9CE9-E1D8-4EFB-A405-A775B6FEFBE4},2510.300000000000182,20/11.64,39.000000000000000,975.000000000000000,No,0.000000000000000,0.000000000000000,0.000000000000000,0.000000000000000,0.000000000000000,0.000000000000000,0.000000000000000,0.000000000000000,25/16,0.000000000000000,0.000000000000000,0.000000000000000,0.000000000000000,0.000000000000000,0.000000000000000,0.000000000000000,0.000000000000000,Long sprayed grass,{DA638AAE-5512-4A59-AD00-C0A588E7DB2D},25/06/2025 0:00:00, ,25/06/2025 0:00:00, ,No, ,0.000000000000000,Roy Trustee 2022 Ltd,Johnson Forestry Services
{92BEF797-D055-4039-B29A-A1619F27E1E9},2508.000000000000000,20/11.64,44.000000000000000,1100.000000000000000,Yes,0.000000000000000,0.000000000000000,0.000000000000000,0.000000000000000,0.000000000000000,0.000000000000000,3.000000000000000,0.000000000000000,25/16,0.000000000000000,0.000000000000000,0.000000000000000,0.000000000000000,0.000000000000000,0.000000000000000,0.068181818181800,0.000000000000000,Area Reworked straight away,{DA638AAE-5512-4A59-AD00-C0A588E7DB2D},25/06/2025 0:00:00, ,25/06/2025 0:00:00, ,No,No,9.000000000000000,Roy Trustee 2022 Ltd,Johnson Forestry Services
{1E15C321-ABEB-4E5A-A6C1-8A41AEFB1CE7},768.000000000000000,15/11.48,37.000000000000000,925.000000000000000,No,0.000000000000000,0.000000000000000,0.000000000000000,0.000000000000000,0.000000000000000,0.000000000000000,0.000000000000000,0.000000000000000,25/1,0.000000000000000,0.000000000000000,0.000000000000000,0.000000000000000,0.000000000000000,0.000000000000000,0.000000000000000,0.000000000000000,Long roots. Good digging,{0F6C136B-4E94-47F2-9BE9-23E667E991E7},26/06/2025 0:00:00, ,26/06/2025 0:00:00, ,No, ,0.000000000000000,Roy Trustee 2022 Ltd,Johnson Forestry Services
{949BD6B0-59BE-4DF2-A8EB-D53F77230392},768.100000000000023,10/11.37,41.000000000000000,1025.000000000000000,Yes,0.000000000000000,2.000000000000000,0.000000000000000,0.000000000000000,0.000000000000000,0.000000000000000,0.000000000000000,0.000000000000000,25/1,0.000000000000000,0.048780487804900,0.000000000000000,0.000000000000000,0.000000000000000,0.000000000000000,0.000000000000000,0.000000000000000, ,{0F6C136B-4E94-47F2-9BE9-23E667E991E7},26/06/2025 0:00:00, ,26/06/2025 0:00:00, ,No, ,2.000000000000000,Roy Trustee 2022 Ltd,Johnson Forestry Services
{813AFAF1-0BDA-4366-A32E-36154034C83F},776.000000000000000,10/11.37,38.000000000000000,950.000000000000000,No,0.000000000000000,0.000000000000000,0.000000000000000,0.000000000000000,0.000000000000000,0.000000000000000,0.000000000000000,0.000000000000000,25/1,0.000000000000000,0.000000000000000,0.000000000000000,0.000000000000000,0.000000000000000,0.000000000000000,0.000000000000000,0.000000000000000, ,{0F6C136B-4E94-47F2-9BE9-23E667E991E7},26/06/2025 0:00:00, ,26/06/2025 0:00:00, ,No, ,0.000000000000000,Roy Trustee 2022 Ltd,Johnson Forestry Services
{1BF023ED-E834-4A5B-B3AB-03F17A4A4FCD},766.000000000000000,15/11.48,41.000000000000000,1025.000000000000000,No,0.000000000000000,0.000000000000000,0.000000000000000,0.000000000000000,0.000000000000000,0.000000000000000,0.000000000000000,0.000000000000000,25/1,0.000000000000000,0.000000000000000,0.000000000000000,0.000000000000000,0.000000000000000,0.000000000000000,0.000000000000000,0.000000000000000, ,{0F6C136B-4E94-47F2-9BE9-23E667E991E7},26/06/2025 0:00:00, ,26/06/2025 0:00:00, ,No, ,0.000000000000000,Roy Trustee 2022 Ltd,Johnson Forestry Services
{F73F7EB2-FC35-4432-BC3E-BC768FE35DD8},782.000000000000000,20/11.64,39.000000000000000,975.000000000000000,No,0.000000000000000,0.000000000000000,0.000000000000000,0.000000000000000,0.000000000000000,0.000000000000000,0.000000000000000,0.000000000000000,25/1,0.000000000000000,0.000000000000000,0.000000000000000,0.000000000000000,0.000000000000000,0.000000000000000,0.000000000000000,0.000000000000000,Rocky in places,{0F6C136B-4E94-47F2-9BE9-23E667E991E7},26/06/2025 0:00:00, ,26/06/2025 0:00:00, ,No, ,0.000000000000000,Roy Trustee 2022 Ltd,Johnson Forestry Services
{BBC0BDF0-B271-4928-9DFD-55393D23609B},774.000000000000000,20/11.64,41.000000000000000,1025.000000000000000,No,0.000000000000000,0.000000000000000,0.000000000000000,0.000000000000000,0.000000000000000,0.000000000000000,0.000000000000000,0.000000000000000,25/1,0.000000000000000,0.000000000000000,0.000000000000000,0.000000000000000,0.000000000000000,0.000000000000000,0.000000000000000,0.000000000000000, ,{0F6C136B-4E94-47F2-9BE9-23E667E991E7},26/06/2025 0:00:00, ,26/06/2025 0:00:00, ,No, ,0.000000000000000,Roy Trustee 2022 Ltd,Johnson Forestry Services
{8DE3CE17-A1AB-426D-8FD6-0E2286581257},1520.000000000000000,25/11.85,46.000000000000000,1150.000000000000000,Yes,1.000000000000000,1.000000000000000,1.000000000000000,0.000000000000000,0.000000000000000,0.000000000000000,0.000000000000000,0.000000000000000,25/52,0.021739130434800,0.021739130434800,0.021739130434800,0.000000000000000,0.000000000000000,0.000000000000000,0.000000000000000,0.000000000000000, ,{56AED40A-1874-4EA7-8E67-D457C9985BE4},26/06/2025 0:00:00, ,26/06/2025 0:00:00, ,No,Yes,5.000000000000000,Roy Trustee 2022 Ltd,Proforest
{0F4D1DFC-2166-459C-843A-04AB1687A672},1522.000000000000000,10/11.37,40.000000000000000,1000.000000000000000,Yes,0.000000000000000,0.000000000000000,1.000000000000000,0.000000000000000,0.000000000000000,0.000000000000000,0.000000000000000,0.000000000000000,25/52,0.000000000000000,0.000000000000000,0.025000000000000,0.000000000000000,0.000000000000000,0.000000000000000,0.000000000000000,0.000000000000000, ,{56AED40A-1874-4EA7-8E67-D457C9985BE4},26/06/2025 0:00:00, ,26/06/2025 0:00:00, ,No, ,3.000000000000000,Roy Trustee 2022 Ltd,Proforest
{E52E74B1-6F1C-46DC-803D-378BB857B978},1518.000000000000000,30/12.13,40.000000000000000,1000.000000000000000,Yes,0.000000000000000,2.000000000000000,0.000000000000000,0.000000000000000,0.000000000000000,0.000000000000000,0.000000000000000,0.000000000000000,25/52,0.000000000000000,0.050000000000000,0.000000000000000,0.000000000000000,0.000000000000000,0.000000000000000,0.000000000000000,0.000000000000000,Suorised they got 40 in here due to spot planting amongst rocks. Good job.,{56AED40A-1874-4EA7-8E67-D457C9985BE4},26/06/2025 0:00:00, ,26/06/2025 0:00:00, ,No, ,2.000000000000000,Roy Trustee 2022 Ltd,Proforest
{8D0DCA91-7E36-4972-BD29-C0E06B128385},1498.000000000000000,15/11.48,39.000000000000000,975.000000000000000,Yes,0.000000000000000,1.000000000000000,0.000000000000000,0.000000000000000,0.000000000000000,0.000000000000000,0.000000000000000,0.000000000000000,25/52,0.000000000000000,0.025641025641000,0.000000000000000,0.000000000000000,0.000000000000000,0.000000000000000,0.000000000000000,0.000000000000000,Good planting.,{56AED40A-1874-4EA7-8E67-D457C9985BE4},26/06/2025 0:00:00, ,26/06/2025 0:00:00, ,No, ,1.000000000000000,Roy Trustee 2022 Ltd,Proforest
{5E5B8D40-B406-4A2E-8761-C0C53A22E688},1500.000000000000000,25/11.85,44.000000000000000,1100.000000000000000,Yes,1.000000000000000,1.000000000000000,0.000000000000000,1.000000000000000,0.000000000000000,0.000000000000000,0.000000000000000,0.000000000000000,25/52,0.022727272727300,0.022727272727300,0.000000000000000,0.022727272727300,0.000000000000000,0.000000000000000,0.000000000000000,0.000000000000000, ,{56AED40A-1874-4EA7-8E67-D457C9985BE4},26/06/2025 0:00:00, ,26/06/2025 0:00:00, ,No, ,3.000000000000000,Roy Trustee 2022 Ltd,Proforest
{A39E0EF3-B891-499A-8230-6A78865494CF},1484.000000000000000,25/11.85,42.000000000000000,1050.000000000000000,Yes,0.000000000000000,0.000000000000000,0.000000000000000,0.000000000000000,0.000000000000000,1.000000000000000,0.000000000000000,0.000000000000000,25/52,0.000000000000000,0.000000000000000,0.000000000000000,0.000000000000000,0.000000000000000,0.023809523809500,0.000000000000000,0.000000000000000, ,{56AED40A-1874-4EA7-8E67-D457C9985BE4},26/06/2025 0:00:00, ,26/06/2025 0:00:00, ,No, ,3.000000000000000,Roy Trustee 2022 Ltd,Proforest
{DC54030B-538D-420A-AC2A-D385BABD2F99},1482.000000000000000,20/11.64,42.000000000000000,875.000000000000000,Yes,0.000000000000000,1.000000000000000,0.000000000000000,0.000000000000000,0.000000000000000,0.000000000000000,0.000000000000000,0.000000000000000,25/52,0.000000000000000,0.028571428571400,0.000000000000000,0.000000000000000,0.000000000000000,0.000000000000000,0.000000000000000,0.000000000000000, ,{56AED40A-1874-4EA7-8E67-D457C9985BE4},26/06/2025 0:00:00, ,26/06/2025 0:00:00, ,No,Yes,1.000000000000000,Roy Trustee 2022 Ltd,Proforest
{EFFF57B8-CAEC-41DB-8FE9-D28104E1280A},1466.000000000000000,10/11.37,40.000000000000000,1000.000000000000000,No,0.000000000000000,0.000000000000000,0.000000000000000,0.000000000000000,0.000000000000000,0.000000000000000,0.000000000000000,0.000000000000000,25/52,0.000000000000000,0.000000000000000,0.000000000000000,0.000000000000000,0.000000000000000,0.000000000000000,0.000000000000000,0.000000000000000, ,{56AED40A-1874-4EA7-8E67-D457C9985BE4},26/06/2025 0:00:00, ,26/06/2025 0:00:00, ,No, ,0.000000000000000,Roy Trustee 2022 Ltd,Proforest
{9D144980-02F4-42B2-86AC-13AFFC1DF10F},1464.000000000000000,15/11.48,44.000000000000000,1100.000000000000000,Yes,0.000000000000000,2.000000000000000,0.000000000000000,0.000000000000000,0.000000000000000,0.000000000000000,0.000000000000000,0.000000000000000,25/52,0.000000000000000,0.045454545454500,0.000000000000000,0.000000000000000,0.000000000000000,0.000000000000000,0.000000000000000,0.000000000000000, ,{56AED40A-1874-4EA7-8E67-D457C9985BE4},26/06/2025 0:00:00, ,26/06/2025 0:00:00, ,No, ,2.000000000000000,Roy Trustee 2022 Ltd,Proforest
{6A27B7F4-0963-4CEC-80D1-5C8FF5FBA987},1854.000000000000000,15/11.48,44.000000000000000,1100.000000000000000,Yes,2.000000000000000,0.000000000000000,0.000000000000000,0.000000000000000,0.000000000000000,1.000000000000000,0.000000000000000,0.000000000000000,25/63,0.045454545454500,0.000000000000000,0.000000000000000,0.000000000000000,0.000000000000000,0.022727272727300,0.000000000000000,0.000000000000000, ,{AD1F7378-EB73-4176-91F5-A3826B5DE7DA},26/06/2025 0:00:00, ,26/06/2025 0:00:00, ,No, ,5.000000000000000,Roy Trustee 2022 Ltd,Forest View Contracting
{948D2957-3786-4F33-8F04-ABC1445A14F1},1838.000000000000000,15/11.48,41.000000000000000,1025.000000000000000,Yes,0.000000000000000,0.000000000000000,0.000000000000000,0.000000000000000,0.000000000000000,0.000000000000000,1.000000000000000,0.000000000000000,25/63,0.000000000000000,0.000000000000000,0.000000000000000,0.000000000000000,0.000000000000000,0.000000000000000,0.024390243902400,0.000000000000000, ,{AD1F7378-EB73-4176-91F5-A3826B5DE7DA},26/06/2025 0:00:00, ,26/06/2025 0:00:00, ,No, ,3.000000000000000,Roy Trustee 2022 Ltd,Forest View Contracting
{576D6847-A97E-4CB5-BB9D-DF3267C70CBF},1890.000000000000000,15/11.48,40.000000000000000,1000.000000000000000,Yes,0.000000000000000,2.000000000000000,0.000000000000000,0.000000000000000,0.000000000000000,0.000000000000000,1.000000000000000,0.000000000000000,25/63,0.000000000000000,0.050000000000000,0.000000000000000,0.000000000000000,0.000000000000000,0.000000000000000,0.025000000000000,0.000000000000000, ,{AD1F7378-EB73-4176-91F5-A3826B5DE7DA},26/06/2025 0:00:00, ,26/06/2025 0:00:00, ,No, ,5.000000000000000,Roy Trustee 2022 Ltd,Forest View Contracting
{22E846F5-572A-4EAE-A828-B922B6D8E770},1878.000000000000000,15/11.48,40.000000000000000,1000.000000000000000,Yes,1.000000000000000,1.000000000000000,0.000000000000000,0.000000000000000,0.000000000000000,0.000000000000000,0.000000000000000,0.000000000000000,25/63,0.025000000000000,0.025000000000000,0.000000000000000,0.000000000000000,0.000000000000000,0.000000000000000,0.000000000000000,0.000000000000000, ,{AD1F7378-EB73-4176-91F5-A3826B5DE7DA},26/06/2025 0:00:00, ,26/06/2025 0:00:00, ,No, ,2.000000000000000,Roy Trustee 2022 Ltd,Forest View Contracting
{7325FCBC-9177-48B2-B117-0A6D7252020E},1864.000000000000000,20/11.64,44.000000000000000,1100.000000000000000,Yes,0.000000000000000,1.000000000000000,0.000000000000000,0.000000000000000,0.000000000000000,1.000000000000000,0.000000000000000,0.000000000000000,25/63,0.000000000000000,0.022727272727300,0.000000000000000,0.000000000000000,0.000000000000000,0.022727272727300,0.000000000000000,0.000000000000000, ,{AD1F7378-EB73-4176-91F5-A3826B5DE7DA},26/06/2025 0:00:00, ,26/06/2025 0:00:00, ,No, ,4.000000000000000,Roy Trustee 2022 Ltd,Forest View Contracting
{718D1E5E-DA7C-4915-86CB-FE761D9586C2},1846.000000000000000,10/11.37,42.000000000000000,1050.000000000000000,No,0.000000000000000,0.000000000000000,0.000000000000000,0.000000000000000,0.000000000000000,0.000000000000000,0.000000000000000,0.000000000000000,25/63,0.000000000000000,0.000000000000000,0.000000000000000,0.000000000000000,0.000000000000000,0.000000000000000,0.000000000000000,0.000000000000000, ,{AD1F7378-EB73-4176-91F5-A3826B5DE7DA},26/06/2025 0:00:00, ,26/06/2025 0:00:00, ,No, ,0.000000000000000,Roy Trustee 2022 Ltd,Forest View Contracting
{853927BE-08D5-43FA-8BDB-B2B357E3DC84},1816.000000000000000,20/11.64,38.000000000000000,950.000000000000000,Yes,0.000000000000000,1.000000000000000,0.000000000000000,0.000000000000000,0.000000000000000,1.000000000000000,0.000000000000000,0.000000000000000,25/63,0.000000000000000,0.026315789473700,0.000000000000000,0.000000000000000,0.000000000000000,0.026315789473700,0.000000000000000,0.000000000000000, ,{AD1F7378-EB73-4176-91F5-A3826B5DE7DA},26/06/2025 0:00:00, ,26/06/2025 0:00:00, ,No, ,4.000000000000000,Roy Trustee 2022 Ltd,Forest View Contracting
{064BFE74-5A98-4463-98FD-50EC923D813C},1826.000000000000000,10/11.37,39.000000000000000,975.000000000000000,No,0.000000000000000,0.000000000000000,0.000000000000000,0.000000000000000,0.000000000000000,0.000000000000000,0.000000000000000,0.000000000000000,25/63,0.000000000000000,0.000000000000000,0.000000000000000,0.000000000000000,0.000000000000000,0.000000000000000,0.000000000000000,0.000000000000000, ,{AD1F7378-EB73-4176-91F5-A3826B5DE7DA},26/06/2025 0:00:00, ,26/06/2025 0:00:00, ,No, ,0.000000000000000,Roy Trustee 2022 Ltd,Forest View Contracting
{FCA55BD5-6320-4E39-903F-0DB1A08647BC},1814.000000000000000,10/11.37,35.000000000000000,875.000000000000000,Yes,0.000000000000000,0.000000000000000,0.000000000000000,0.000000000000000,0.000000000000000,1.000000000000000,0.000000000000000,0.000000000000000,25/63,0.000000000000000,0.000000000000000,0.000000000000000,0.000000000000000,0.000000000000000,0.028571428571400,0.000000000000000,0.000000000000000,A bit wide between trees,{AD1F7378-EB73-4176-91F5-A3826B5DE7DA},26/06/2025 0:00:00, ,26/06/2025 0:00:00, ,No,No,3.000000000000000,Roy Trustee 2022 Ltd,Forest View Contracting
{52BD3134-331D-4F54-9B21-BF30002495A6},1824.000000000000000,20/11.64,44.000000000000000,1100.000000000000000,Yes,0.000000000000000,1.000000000000000,0.000000000000000,0.000000000000000,0.000000000000000,0.000000000000000,0.000000000000000,0.000000000000000,25/63,0.000000000000000,0.022727272727300,0.000000000000000,0.000000000000000,0.000000000000000,0.000000000000000,0.000000000000000,0.000000000000000, ,{AD1F7378-EB73-4176-91F5-A3826B5DE7DA},26/06/2025 0:00:00, ,26/06/2025 0:00:00, ,No, ,1.000000000000000,Roy Trustee 2022 Ltd,Forest View Contracting
{BCFBB7C7-1FB5-45CD-BB85-6763DE207EF3},1828.000000000000000,15/11.48,45.000000000000000,1125.000000000000000,Yes,0.000000000000000,1.000000000000000,0.000000000000000,0.000000000000000,0.000000000000000,1.000000000000000,0.000000000000000,0.000000000000000,25/63,0.000000000000000,0.022222222222200,0.000000000000000,0.000000000000000,0.000000000000000,0.022222222222200,0.000000000000000,0.000000000000000,One line very close between trees. Let QC know,{AD1F7378-EB73-4176-91F5-A3826B5DE7DA},26/06/2025 0:00:00, ,26/06/2025 0:00:00, ,No,Yes,4.000000000000000,Roy Trustee 2022 Ltd,Forest View Contracting
{D29BD9D5-C309-4DF5-89AD-AFF36B1534BF},1806.000000000000000,10/11.37,40.000000000000000,1000.000000000000000,Yes,0.000000000000000,0.000000000000000,1.000000000000000,0.000000000000000,0.000000000000000,0.000000000000000,0.000000000000000,0.000000000000000,25/63,0.000000000000000,0.000000000000000,0.025000000000000,0.000000000000000,0.000000000000000,0.000000000000000,0.000000000000000,0.000000000000000, ,{AD1F7378-EB73-4176-91F5-A3826B5DE7DA},26/06/2025 0:00:00, ,26/06/2025 0:00:00, ,No, ,3.000000000000000,Roy Trustee 2022 Ltd,Forest View Contracting
{05F0F8AC-BBA3-417B-B073-2BD4F835C835},1808.000000000000000,20/11.64,44.000000000000000,1125.000000000000000,Yes,1.000000000000000,1.000000000000000,0.000000000000000,0.000000000000000,0.000000000000000,0.000000000000000,1.000000000000000,0.000000000000000,25/63,0.022222222222200,0.022222222222200,0.000000000000000,0.000000000000000,0.000000000000000,0.000000000000000,0.022222222222200,0.000000000000000, ,{AD1F7378-EB73-4176-91F5-A3826B5DE7DA},26/06/2025 0:00:00, ,26/06/2025 0:00:00, ,No,No,5.000000000000000,Roy Trustee 2022 Ltd,Forest View Contracting
{E0140627-CBD9-4F2E-AC0D-7B9C619E42D8},1818.000000000000000,5/11.31,42.000000000000000,1050.000000000000000,No,0.000000000000000,0.000000000000000,0.000000000000000,0.000000000000000,0.000000000000000,0.000000000000000,0.000000000000000,0.000000000000000,25/63,0.000000000000000,0.000000000000000,0.000000000000000,0.000000000000000,0.000000000000000,0.000000000000000,0.000000000000000,0.000000000000000, ,{AD1F7378-EB73-4176-91F5-A3826B5DE7DA},26/06/2025 0:00:00, ,26/06/2025 0:00:00, ,No, ,0.000000000000000,Roy Trustee 2022 Ltd,Forest View Contracting
{6061531D-D453-4A7F-A9E0-1948CEB65C2E},1830.000000000000000,5/11.31,40.000000000000000,1000.000000000000000,Yes,0.000000000000000,2.000000000000000,0.000000000000000,0.000000000000000,0.000000000000000,0.000000000000000,0.000000000000000,0.000000000000000,25/63,0.000000000000000,0.050000000000000,0.000000000000000,0.000000000000000,0.000000000000000,0.000000000000000,0.000000000000000,0.000000000000000, ,{AD1F7378-EB73-4176-91F5-A3826B5DE7DA},26/06/2025 0:00:00, ,26/06/2025 0:00:00, ,No, ,2.000000000000000,Roy Trustee 2022 Ltd,Forest View Contracting
{6E85EEAA-ADE5-4AFB-B837-27EF01B8AD0A},1792.000000000000000,10/11.37,42.000000000000000,1050.000000000000000,Yes,0.000000000000000,0.000000000000000,0.000000000000000,0.000000000000000,0.000000000000000,0.000000000000000,1.000000000000000,0.000000000000000,25/60,0.000000000000000,0.000000000000000,0.000000000000000,0.000000000000000,0.000000000000000,0.000000000000000,0.023809523809500,0.000000000000000, ,{78E1A1F4-DB9C-4096-8C18-836AD5DA9617},26/06/2025 0:00:00, ,26/06/2025 0:00:00, ,No, ,3.000000000000000,Roy Trustee 2022 Ltd,Forest View Contracting
{C7505805-3ABD-4226-BCD1-DEA1873043AE},1770.000000000000000,20/11.64,41.000000000000000,1025.000000000000000,Yes,0.000000000000000,2.000000000000000,0.000000000000000,0.000000000000000,0.000000000000000,0.000000000000000,0.000000000000000,0.000000000000000,25/60,0.000000000000000,0.048780487804900,0.000000000000000,0.000000000000000,0.000000000000000,0.000000000000000,0.000000000000000,0.000000000000000, ,{78E1A1F4-DB9C-4096-8C18-836AD5DA9617},26/06/2025 0:00:00, ,26/06/2025 0:00:00, ,No, ,2.000000000000000,Roy Trustee 2022 Ltd,Forest View Contracting
{82D5BEF4-6E47-4402-A8F2-57B548F7BA71},1750.000000000000000,15/11.48,38.000000000000000,950.000000000000000,Yes,0.000000000000000,0.000000000000000,0.000000000000000,0.000000000000000,0.000000000000000,0.000000000000000,1.000000000000000,0.000000000000000,25/60,0.000000000000000,0.000000000000000,0.000000000000000,0.000000000000000,0.000000000000000,0.000000000000000,0.026315789473700,0.000000000000000, ,{78E1A1F4-DB9C-4096-8C18-836AD5DA9617},26/06/2025 0:00:00, ,26/06/2025 0:00:00, ,No, ,3.000000000000000,Roy Trustee 2022 Ltd,Forest View Contracting
{E4881279-74A7-4453-A75E-DE3732C0AA42},1772.000000000000000,0/11.31,42.000000000000000,1050.000000000000000,Yes,0.000000000000000,2.000000000000000,0.000000000000000,0.000000000000000,0.000000000000000,0.000000000000000,0.000000000000000,0.000000000000000,25/60,0.000000000000000,0.047619047619000,0.000000000000000,0.000000000000000,0.000000000000000,0.000000000000000,0.000000000000000,0.000000000000000, ,{78E1A1F4-DB9C-4096-8C18-836AD5DA9617},26/06/2025 0:00:00, ,26/06/2025 0:00:00, ,No, ,2.000000000000000,Roy Trustee 2022 Ltd,Forest View Contracting
{8B984365-1474-4943-A3ED-FA983D7DEDC6},758.000000000000000,10/11.37,36.000000000000000,900.000000000000000,No,0.000000000000000,0.000000000000000,0.000000000000000,0.000000000000000,0.000000000000000,0.000000000000000,0.000000000000000,0.000000000000000,25/1,0.000000000000000,0.000000000000000,0.000000000000000,0.000000000000000,0.000000000000000,0.000000000000000,0.000000000000000,0.000000000000000, ,{604C7290-AECF-447D-B757-10198F4BFCC3},27/06/2025 0:00:00, ,27/06/2025 0:00:00, ,No, ,0.000000000000000,Roy Trustee 2022 Ltd,Johnson Forestry Services
{19120FB8-BF92-4742-A22C-D129919A410A},750.000000000000000,15/11.48,40.000000000000000,1000.000000000000000,No,0.000000000000000,0.000000000000000,0.000000000000000,0.000000000000000,0.000000000000000,0.000000000000000,0.000000000000000,0.000000000000000,25/1,0.000000000000000,0.000000000000000,0.000000000000000,0.000000000000000,0.000000000000000,0.000000000000000,0.000000000000000,0.000000000000000, ,{604C7290-AECF-447D-B757-10198F4BFCC3},27/06/2025 0:00:00, ,27/06/2025 0:00:00, ,No, ,0.000000000000000,Roy Trustee 2022 Ltd,Johnson Forestry Services
{0D7BA47F-3C6C-4D16-98C8-1B26FCF89ED5},766.100000000000023,15/11.48,40.000000000000000,1000.000000000000000,Yes,0.000000000000000,0.000000000000000,1.000000000000000,0.000000000000000,1.000000000000000,0.000000000000000,0.000000000000000,0.000000000000000,25/1,0.000000000000000,0.000000000000000,0.025000000000000,0.000000000000000,0.025000000000000,0.000000000000000,0.000000000000000,0.000000000000000,"Shit roots on trees, bushy",{604C7290-AECF-447D-B757-10198F4BFCC3},27/06/2025 0:00:00, ,27/06/2025 0:00:00, ,No, ,6.000000000000000,Roy Trustee 2022 Ltd,Johnson Forestry Services
{550AF0C9-9669-4A9C-8590-CD33094C292D},772.100000000000023,25/11.85,44.000000000000000,1100.000000000000000,Yes,0.000000000000000,0.000000000000000,1.000000000000000,0.000000000000000,0.000000000000000,0.000000000000000,0.000000000000000,0.000000000000000,25/1,0.000000000000000,0.000000000000000,0.022727272727300,0.000000000000000,0.000000000000000,0.000000000000000,0.000000000000000,0.000000000000000, ,{604C7290-AECF-447D-B757-10198F4BFCC3},27/06/2025 0:00:00, ,27/06/2025 0:00:00, ,No, ,3.000000000000000,Roy Trustee 2022 Ltd,Johnson Forestry Services
{AC59C5BD-D3D1-4D78-B22C-A862D806D13C},754.000000000000000,30/12.13,36.000000000000000,900.000000000000000,No,0.000000000000000,0.000000000000000,0.000000000000000,0.000000000000000,0.000000000000000,0.000000000000000,0.000000000000000,0.000000000000000,25/1,0.000000000000000,0.000000000000000,0.000000000000000,0.000000000000000,0.000000000000000,0.000000000000000,0.000000000000000,0.000000000000000,2 tree gap due to wet area,{604C7290-AECF-447D-B757-10198F4BFCC3},27/06/2025 0:00:00, ,27/06/2025 0:00:00, ,No, ,0.000000000000000,Roy Trustee 2022 Ltd,Johnson Forestry Services
{FD573B18-C89B-4033-A5FF-823132CC3212},780.000000000000000,25/11.85,38.000000000000000,950.000000000000000,Yes,0.000000000000000,0.000000000000000,2.000000000000000,0.000000000000000,0.000000000000000,0.000000000000000,0.000000000000000,0.000000000000000,25/1,0.000000000000000,0.000000000000000,0.052631578947400,0.000000000000000,0.000000000000000,0.000000000000000,0.000000000000000,0.000000000000000,Long roots on trees,{604C7290-AECF-447D-B757-10198F4BFCC3},27/06/2025 0:00:00, ,27/06/2025 0:00:00, ,No, ,6.000000000000000,Roy Trustee 2022 Ltd,Johnson Forestry Services
{7BEB783B-D494-4155-95BA-27950D533AF5},1804.000000000000000,10/11.37,38.000000000000000,950.000000000000000,Yes,0.000000000000000,3.000000000000000,0.000000000000000,0.000000000000000,0.000000000000000,0.000000000000000,0.000000000000000,0.000000000000000,25/60,0.000000000000000,0.078947368421100,0.000000000000000,0.000000000000000,0.000000000000000,0.000000000000000,0.000000000000000,0.000000000000000,One planter with a lot of non vertical. Caught up to point it out,{9E318028-2022-4CC8-AB93-1D681EB82FDD},29/06/2025 0:00:00, ,29/06/2025 0:00:00, ,No, ,3.000000000000000,Roy Trustee 2022 Ltd,Forest View Contracting
{C029B9EF-26CB-4DF6-B2F0-864F4B477B6F},1790.000000000000000,10/11.37,38.000000000000000,950.000000000000000,Yes,0.000000000000000,1.000000000000000,0.000000000000000,0.000000000000000,0.000000000000000,0.000000000000000,0.000000000000000,0.000000000000000,25/60,0.000000000000000,0.026315789473700,0.000000000000000,0.000000000000000,0.000000000000000,0.000000000000000,0.000000000000000,0.000000000000000,Good,{9E318028-2022-4CC8-AB93-1D681EB82FDD},29/06/2025 0:00:00, ,29/06/2025 0:00:00, ,No, ,1.000000000000000,Roy Trustee 2022 Ltd,Forest View Contracting
{4923AEC7-76B9-4614-8031-FAF896D8B1BC},1802.000000000000000,10/11.37,38.000000000000000,950.000000000000000,Yes,1.000000000000000,1.000000000000000,0.000000000000000,0.000000000000000,0.000000000000000,0.000000000000000,1.000000000000000,0.000000000000000,25/60,0.026315789473700,0.026315789473700,0.000000000000000,0.000000000000000,0.000000000000000,0.000000000000000,0.026315789473700,0.000000000000000, ,{9E318028-2022-4CC8-AB93-1D681EB82FDD},29/06/2025 0:00:00, ,29/06/2025 0:00:00, ,No, ,5.000000000000000,Roy Trustee 2022 Ltd,Forest View Contracting
{08E538D3-5D27-48C6-A08C-80C339C08044},1788.000000000000000,15/11.48,41.000000000000000,1025.000000000000000,No,0.000000000000000,0.000000000000000,0.000000000000000,0.000000000000000,0.000000000000000,0.000000000000000,0.000000000000000,0.000000000000000,25/60,0.000000000000000,0.000000000000000,0.000000000000000,0.000000000000000,0.000000000000000,0.000000000000000,0.000000000000000,0.000000000000000, ,{9E318028-2022-4CC8-AB93-1D681EB82FDD},29/06/2025 0:00:00, ,29/06/2025 0:00:00, ,No, ,0.000000000000000,Roy Trustee 2022 Ltd,Forest View Contracting
{9863B088-0DF9-4CF5-9196-5C5BC4351144},1768.000000000000000,25/11.85,37.000000000000000,925.000000000000000,Yes,0.000000000000000,0.000000000000000,0.000000000000000,0.000000000000000,1.000000000000000,0.000000000000000,1.000000000000000,0.000000000000000,25/60,0.000000000000000,0.000000000000000,0.000000000000000,0.000000000000000,0.027027027027000,0.000000000000000,0.027027027027000,0.000000000000000, ,{9E318028-2022-4CC8-AB93-1D681EB82FDD},29/06/2025 0:00:00, ,29/06/2025 0:00:00, ,No, ,6.000000000000000,Roy Trustee 2022 Ltd,Forest View Contracting
{21D35379-CF68-4B49-BF2A-8F288A987068},1748.000000000000000,15/11.48,39.000000000000000,975.000000000000000,Yes,0.000000000000000,0.000000000000000,0.000000000000000,0.000000000000000,0.000000000000000,0.000000000000000,1.000000000000000,0.000000000000000,25/60,0.000000000000000,0.000000000000000,0.000000000000000,0.000000000000000,0.000000000000000,0.000000000000000,0.025641025641000,0.000000000000000, ,{9E318028-2022-4CC8-AB93-1D681EB82FDD},29/06/2025 0:00:00, ,29/06/2025 0:00:00, ,No, ,3.000000000000000,Roy Trustee 2022 Ltd,Forest View Contracting
{878483EA-8734-4E07-A502-E04F0C1D80BF},1746.000000000000000,20/11.64,40.000000000000000,1000.000000000000000,No,0.000000000000000,0.000000000000000,0.000000000000000,0.000000000000000,0.000000000000000,0.000000000000000,0.000000000000000,0.000000000000000,25/60,0.000000000000000,0.000000000000000,0.000000000000000,0.000000000000000,0.000000000000000,0.000000000000000,0.000000000000000,0.000000000000000, ,{9E318028-2022-4CC8-AB93-1D681EB82FDD},29/06/2025 0:00:00, ,29/06/2025 0:00:00, ,No, ,0.000000000000000,Roy Trustee 2022 Ltd,Forest View Contracting
{02AC4955-9503-4473-BE93-1E051027A0B0},1800.000000000000000,15/11.48,41.000000000000000,1025.000000000000000,Yes,0.000000000000000,0.000000000000000,0.000000000000000,0.000000000000000,0.000000000000000,0.000000000000000,2.000000000000000,0.000000000000000,25/60,0.000000000000000,0.000000000000000,0.000000000000000,0.000000000000000,0.000000000000000,0.000000000000000,0.048780487804900,0.000000000000000,Loose in rocky area,{9E318028-2022-4CC8-AB93-1D681EB82FDD},29/06/2025 0:00:00, ,29/06/2025 0:00:00, ,No, ,6.000000000000000,Roy Trustee 2022 Ltd,Forest View Contracting
{1EEBA2F5-F963-4EDB-96F9-241035897004},1468.000000000000000,15/11.48,41.000000000000000,1025.000000000000000,Yes,0.000000000000000,0.000000000000000,1.000000000000000,0.000000000000000,0.000000000000000,0.000000000000000,0.000000000000000,0.000000000000000,25/52,0.000000000000000,0.000000000000000,0.024390243902400,0.000000000000000,0.000000000000000,0.000000000000000,0.000000000000000,0.000000000000000, ,{B7450AA4-B847-4930-93FD-EDBAC1533BA0},29/06/2025 0:00:00, ,29/06/2025 0:00:00, ,No, ,3.000000000000000,Roy Trustee 2022 Ltd,Proforest
{E50F9792-A64C-4D73-8856-F63A1448D7CD},1470.000000000000000,25/11.85,44.000000000000000,1100.000000000000000,Yes,1.000000000000000,1.000000000000000,0.000000000000000,0.000000000000000,0.000000000000000,0.000000000000000,0.000000000000000,0.000000000000000,25/52,0.022727272727300,0.022727272727300,0.000000000000000,0.000000000000000,0.000000000000000,0.000000000000000,0.000000000000000,0.000000000000000, ,{B7450AA4-B847-4930-93FD-EDBAC1533BA0},29/06/2025 0:00:00, ,29/06/2025 0:00:00, ,No, ,2.000000000000000,Roy Trustee 2022 Ltd,Proforest
{5653E89D-C4D0-4EB7-865A-3C000E9F6A05},1462.000000000000000,25/11.85,40.000000000000000,1000.000000000000000,Yes,0.000000000000000,0.000000000000000,2.000000000000000,0.000000000000000,0.000000000000000,0.000000000000000,0.000000000000000,0.000000000000000,25/52,0.000000000000000,0.000000000000000,0.050000000000000,0.000000000000000,0.000000000000000,0.000000000000000,0.000000000000000,0.000000000000000, ,{B7450AA4-B847-4930-93FD-EDBAC1533BA0},29/06/2025 0:00:00, ,29/06/2025 0:00:00, ,No, ,6.000000000000000,Roy Trustee 2022 Ltd,Proforest
{5745CE3D-C5E9-462F-AAF1-7FD96F5161A4},1478.000000000000000,20/11.64,37.000000000000000,925.000000000000000,No,0.000000000000000,0.000000000000000,0.000000000000000,0.000000000000000,0.000000000000000,0.000000000000000,0.000000000000000,0.000000000000000,25/52,0.000000000000000,0.000000000000000,0.000000000000000,0.000000000000000,0.000000000000000,0.000000000000000,0.000000000000000,0.000000000000000, ,{B7450AA4-B847-4930-93FD-EDBAC1533BA0},29/06/2025 0:00:00, ,29/06/2025 0:00:00, ,No, ,0.000000000000000,Roy Trustee 2022 Ltd,Proforest
{DE017EBD-43BB-4A45-A7CF-6BFF8F827E47},1400.000000000000000,15/11.48,36.000000000000000,900.000000000000000,Yes,1.000000000000000,0.000000000000000,0.000000000000000,0.000000000000000,0.000000000000000,0.000000000000000,0.000000000000000,0.000000000000000,25/52,0.027777777777800,0.000000000000000,0.000000000000000,0.000000000000000,0.000000000000000,0.000000000000000,0.000000000000000,0.000000000000000, ,{B7450AA4-B847-4930-93FD-EDBAC1533BA0},29/06/2025 0:00:00, ,29/06/2025 0:00:00, ,No, ,1.000000000000000,Roy Trustee 2022 Ltd,Proforest
{FC5DCADC-CAAF-41E6-B96B-3F9EFFDA3F6A},1494.000000000000000,5/11.31,43.000000000000000,1075.000000000000000,Yes,0.000000000000000,1.000000000000000,0.000000000000000,1.000000000000000,0.000000000000000,0.000000000000000,0.000000000000000,0.000000000000000,25/52,0.000000000000000,0.023255813953500,0.000000000000000,0.023255813953500,0.000000000000000,0.000000000000000,0.000000000000000,0.000000000000000, ,{B7450AA4-B847-4930-93FD-EDBAC1533BA0},29/06/2025 0:00:00, ,29/06/2025 0:00:00, ,No, ,2.000000000000000,Roy Trustee 2022 Ltd,Proforest
{43F596DF-AE27-47E9-9867-34C4B8651F5D},1496.000000000000000,25/11.85,37.000000000000000,925.000000000000000,Yes,1.000000000000000,1.000000000000000,0.000000000000000,1.000000000000000,0.000000000000000,1.000000000000000,0.000000000000000,0.000000000000000,25/52,0.027027027027000,0.027027027027000,0.000000000000000,0.027027027027000,0.000000000000000,0.027027027027000,0.000000000000000,0.000000000000000, ,{B7450AA4-B847-4930-93FD-EDBAC1533BA0},29/06/2025 0:00:00, ,29/06/2025 0:00:00, ,No, ,6.000000000000000,Roy Trustee 2022 Ltd,Proforest
{39B0B58A-DD5B-4535-A175-609D7CBBA7FC},1476.000000000000000,10/11.37,44.000000000000000,1100.000000000000000,No,0.000000000000000,0.000000000000000,0.000000000000000,0.000000000000000,0.000000000000000,0.000000000000000,0.000000000000000,0.000000000000000,25/52,0.000000000000000,0.000000000000000,0.000000000000000,0.000000000000000,0.000000000000000,0.000000000000000,0.000000000000000,0.000000000000000, ,{B7450AA4-B847-4930-93FD-EDBAC1533BA0},29/06/2025 0:00:00, ,29/06/2025 0:00:00, ,No, ,0.000000000000000,Roy Trustee 2022 Ltd,Proforest
{FABC9AE0-F724-438E-8F67-66EBE88B61A3},672.000000000000000,5/11.31,34.000000000000000,850.000000000000000,No,0.000000000000000,0.000000000000000,0.000000000000000,0.000000000000000,0.000000000000000,0.000000000000000,0.000000000000000,0.000000000000000,25/51,0.000000000000000,0.000000000000000,0.000000000000000,0.000000000000000,0.000000000000000,0.000000000000000,0.000000000000000,0.000000000000000, ,{4CFFA278-07AD-4AB8-84D3-5462D0D69D4F},30/06/2025 0:00:00, ,30/06/2025 0:00:00, ,No,Yes,0.000000000000000,Roy Trustee 2022 Ltd,Forest & Harvest Managers
{F5FBCF06-162E-4273-ADC3-B4682E4641CC},671.000000000000000,30/12.13,40.000000000000000,1000.000000000000000,Yes,1.000000000000000,1.000000000000000,0.000000000000000,0.000000000000000,0.000000000000000,0.000000000000000,0.000000000000000,0.000000000000000,25/51,0.025000000000000,0.025000000000000,0.000000000000000,0.000000000000000,0.000000000000000,0.000000000000000,0.000000000000000,0.000000000000000, ,{4CFFA278-07AD-4AB8-84D3-5462D0D69D4F},30/06/2025 0:00:00, ,30/06/2025 0:00:00, ,No, ,2.000000000000000,Roy Trustee 2022 Ltd,Forest & Harvest Managers
{51547F05-EA7C-43CC-AF17-1454299274CB},669.000000000000000,20/11.64,37.000000000000000,925.000000000000000,No,0.000000000000000,0.000000000000000,0.000000000000000,0.000000000000000,0.000000000000000,0.000000000000000,0.000000000000000,0.000000000000000,25/51,0.000000000000000,0.000000000000000,0.000000000000000,0.000000000000000,0.000000000000000,0.000000000000000,0.000000000000000,0.000000000000000, ,{740C9DCC-7BC6-4D94-8609-C37F56575BF3},30/06/2025 0:00:00, ,30/06/2025 0:00:00, ,No, ,0.000000000000000,Roy Trustee 2022 Ltd,Forest & Harvest Managers
{AB96E780-A18C-4675-AB29-13BB32001FC7},670.000000000000000,15/11.48,37.000000000000000,925.000000000000000,No,0.000000000000000,0.000000000000000,0.000000000000000,0.000000000000000,0.000000000000000,0.000000000000000,0.000000000000000,0.000000000000000,25/51,0.000000000000000,0.000000000000000,0.000000000000000,0.000000000000000,0.000000000000000,0.000000000000000,0.000000000000000,0.000000000000000, ,{C51FF425-B0E2-4128-8597-0D688DBA5FD4},30/06/2025 0:00:00, ,30/06/2025 0:00:00, ,No, ,0.000000000000000,Roy Trustee 2022 Ltd,Forest & Harvest Managers
{E77F684C-9827-4CB5-9D19-C27D361C84E2},270.000000000000000,15/11.48,39.000000000000000,975.000000000000000,Yes,0.000000000000000,1.000000000000000,0.000000000000000,0.000000000000000,0.000000000000000,0.000000000000000,0.000000000000000,0.000000000000000,25/55,0.000000000000000,0.025641025641000,0.000000000000000,0.000000000000000,0.000000000000000,0.000000000000000,0.000000000000000,0.000000000000000, ,{35FC1D42-C3AD-4855-8BB9-1071CAC8FF72},30/06/2025 0:00:00, ,30/06/2025 0:00:00, ,No, ,1.000000000000000,Roy Trustee 2022 Ltd,Proforest
{50A9F361-C1E2-4A05-BED5-7130F05B3D14},260.000000000000000,5/11.31,41.000000000000000,1025.000000000000000,Yes,0.000000000000000,2.000000000000000,0.000000000000000,0.000000000000000,0.000000000000000,0.000000000000000,0.000000000000000,0.000000000000000,25/55,0.000000000000000,0.048780487804900,0.000000000000000,0.000000000000000,0.000000000000000,0.000000000000000,0.000000000000000,0.000000000000000, ,{35FC1D42-C3AD-4855-8BB9-1071CAC8FF72},30/06/2025 0:00:00, ,30/06/2025 0:00:00, ,No, ,2.000000000000000,Roy Trustee 2022 Ltd,Proforest
{9BC057F1-E2FD-4847-829B-CEB1A30827CA},622.000000000000000,10/11.37,42.000000000000000,1050.000000000000000,No,0.000000000000000,0.000000000000000,0.000000000000000,0.000000000000000,0.000000000000000,0.000000000000000,0.000000000000000,0.000000000000000,25/51,0.000000000000000,0.000000000000000,0.000000000000000,0.000000000000000,0.000000000000000,0.000000000000000,0.000000000000000,0.000000000000000,Photo of our tailgate and site emergency meeting,{CF5A8786-81F2-4748-BE72-6B8D41EFD201},1/07/2025 0:00:00, ,1/07/2025 0:00:00, ,No, ,0.000000000000000,Roy Trustee 2022 Ltd,Forest & Harvest Managers
{B244E51D-2258-4184-96DA-81F105D63C11},621.000000000000000,10/11.37,37.000000000000000,925.000000000000000,Yes,0.000000000000000,0.000000000000000,0.000000000000000,0.000000000000000,0.000000000000000,0.000000000000000,0.000000000000000,0.000000000000000,25/51,0.000000000000000,0.000000000000000,0.000000000000000,0.000000000000000,0.000000000000000,0.000000000000000,0.000000000000000,0.000000000000000,"Tree with no roots, cut off at nursery? Replaced with new tree",{CF5A8786-81F2-4748-BE72-6B8D41EFD201},1/07/2025 0:00:00, ,1/07/2025 0:00:00, ,No, ,0.000000000000000,Roy Trustee 2022 Ltd,Forest & Harvest Managers
{701B49E6-6597-4AE0-827A-7DBB451AC0EE},620.000000000000000,5/11.31,44.000000000000000,1100.000000000000000,Yes,0.000000000000000,1.000000000000000,0.000000000000000,0.000000000000000,0.000000000000000,0.000000000000000,0.000000000000000,0.000000000000000,25/51,0.000000000000000,0.022727272727300,0.000000000000000,0.000000000000000,0.000000000000000,0.000000000000000,0.000000000000000,0.000000000000000, ,{CF5A8786-81F2-4748-BE72-6B8D41EFD201},1/07/2025 0:00:00, ,1/07/2025 0:00:00, ,No, ,1.000000000000000,Roy Trustee 2022 Ltd,Forest & Harvest Managers
{636930C0-58B2-443A-9675-7CB097423A12},634.000000000000000,20/11.64,44.000000000000000,1100.000000000000000,No,0.000000000000000,0.000000000000000,0.000000000000000,0.000000000000000,0.000000000000000,0.000000000000000,0.000000000000000,0.000000000000000,25/51,0.000000000000000,0.000000000000000,0.000000000000000,0.000000000000000,0.000000000000000,0.000000000000000,0.000000000000000,0.000000000000000, ,{CF5A8786-81F2-4748-BE72-6B8D41EFD201},1/07/2025 0:00:00, ,1/07/2025 0:00:00, ,No, ,0.000000000000000,Roy Trustee 2022 Ltd,Forest & Harvest Managers
{7F1D1D4D-4D36-46A6-81AA-841E4E4CAFAD},633.000000000000000,15/11.48,44.000000000000000,1100.000000000000000,Yes,0.000000000000000,1.000000000000000,1.000000000000000,0.000000000000000,0.000000000000000,0.000000000000000,0.000000000000000,0.000000000000000,25/51,0.000000000000000,0.022727272727300,0.022727272727300,0.000000000000000,0.000000000000000,0.000000000000000,0.000000000000000,0.000000000000000, ,{CF5A8786-81F2-4748-BE72-6B8D41EFD201},1/07/2025 0:00:00, ,1/07/2025 0:00:00, ,No, ,4.000000000000000,Roy Trustee 2022 Ltd,Forest & Harvest Managers
{FE434904-5274-475B-9953-94D934EF034A},632.000000000000000,10/11.37,43.000000000000000,1075.000000000000000,No,0.000000000000000,0.000000000000000,0.000000000000000,0.000000000000000,0.000000000000000,0.000000000000000,0.000000000000000,0.000000000000000,25/51,0.000000000000000,0.000000000000000,0.000000000000000,0.000000000000000,0.000000000000000,0.000000000000000,0.000000000000000,0.000000000000000, ,{CF5A8786-81F2-4748-BE72-6B8D41EFD201},1/07/2025 0:00:00, ,1/07/2025 0:00:00, ,No, ,0.000000000000000,Roy Trustee 2022 Ltd,Forest & Harvest Managers
{00D8CEDA-F771-4C90-9742-7F3EF18F14BA},764.000000000000000,15/11.48,37.000000000000000,925.000000000000000,Yes,0.000000000000000,1.000000000000000,0.000000000000000,0.000000000000000,1.000000000000000,0.000000000000000,0.000000000000000,0.000000000000000,25/1,0.000000000000000,0.027027027027000,0.000000000000000,0.000000000000000,0.027027027027000,0.000000000000000,0.000000000000000,0.000000000000000,Long roots on most trees,{B95693CA-2B99-4F01-9DC4-C1C75B7908B5},1/07/2025 0:00:00, ,1/07/2025 0:00:00, ,No, ,4.000000000000000,Roy Trustee 2022 Ltd,Johnson Forestry Services
{DE416B26-46FE-4007-83BC-56066DF6EE83},772.000000000000000,10/11.37,37.000000000000000,925.000000000000000,Yes,0.000000000000000,0.000000000000000,0.000000000000000,0.000000000000000,0.000000000000000,1.000000000000000,0.000000000000000,0.000000000000000,25/1,0.000000000000000,0.000000000000000,0.000000000000000,0.000000000000000,0.000000000000000,0.027027027027000,0.000000000000000,0.000000000000000, ,{B95693CA-2B99-4F01-9DC4-C1C75B7908B5},1/07/2025 0:00:00, ,1/07/2025 0:00:00, ,No, ,3.000000000000000,Roy Trustee 2022 Ltd,Johnson Forestry Services
{AD936B7C-D81A-4EF1-8BA3-C1F569929035},748.000000000000000,10/11.37,38.000000000000000,950.000000000000000,Yes,0.000000000000000,2.000000000000000,0.000000000000000,0.000000000000000,0.000000000000000,0.000000000000000,0.000000000000000,0.000000000000000,25/1,0.000000000000000,0.052631578947400,0.000000000000000,0.000000000000000,0.000000000000000,0.000000000000000,0.000000000000000,0.000000000000000, ,{B95693CA-2B99-4F01-9DC4-C1C75B7908B5},1/07/2025 0:00:00, ,1/07/2025 0:00:00, ,No, ,2.000000000000000,Roy Trustee 2022 Ltd,Johnson Forestry Services
{D96D0405-EC79-48B1-A997-B5577CBF6BC4},752.000000000000000,15/11.48,41.000000000000000,1025.000000000000000,No,0.000000000000000,0.000000000000000,0.000000000000000,0.000000000000000,0.000000000000000,0.000000000000000,0.000000000000000,0.000000000000000,25/1,0.000000000000000,0.000000000000000,0.000000000000000,0.000000000000000,0.000000000000000,0.000000000000000,0.000000000000000,0.000000000000000,Good,{B95693CA-2B99-4F01-9DC4-C1C75B7908B5},1/07/2025 0:00:00, ,1/07/2025 0:00:00, ,No, ,0.000000000000000,Roy Trustee 2022 Ltd,Johnson Forestry Services
{08548F6C-9F95-47AF-AD7E-822F263FA781},778.000000000000000,25/11.85,44.000000000000000,1100.000000000000000,Yes,0.000000000000000,2.000000000000000,0.000000000000000,0.000000000000000,0.000000000000000,1.000000000000000,0.000000000000000,0.000000000000000,25/1,0.000000000000000,0.045454545454500,0.000000000000000,0.000000000000000,0.000000000000000,0.022727272727300,0.000000000000000,0.000000000000000, ,{B95693CA-2B99-4F01-9DC4-C1C75B7908B5},1/07/2025 0:00:00, ,1/07/2025 0:00:00, ,No, ,5.000000000000000,Roy Trustee 2022 Ltd,Johnson Forestry Services
{43CA92FD-B502-49A9-8FEE-7511F98EB369},2512.000000000000000,10/11.37,34.000000000000000,850.000000000000000,Yes,0.000000000000000,0.000000000000000,0.000000000000000,0.000000000000000,0.000000000000000,0.000000000000000,1.000000000000000,0.000000000000000,25/2,0.000000000000000,0.000000000000000,0.000000000000000,0.000000000000000,0.000000000000000,0.000000000000000,0.029411764705900,0.000000000000000,Too wide between rows,{B320C913-056A-4344-9BB0-86A5F52D37E8},1/07/2025 0:00:00, ,1/07/2025 0:00:00, ,No,Yes,3.000000000000000,Roy Trustee 2022 Ltd,Johnson Forestry Services
{6DFFEDB1-E584-4EE6-80DA-CF5DFB6471E7},2516.000000000000000,20/11.64,38.000000000000000,950.000000000000000,Yes,0.000000000000000,0.000000000000000,0.000000000000000,0.000000000000000,1.000000000000000,1.000000000000000,0.000000000000000,0.000000000000000,25/2,0.000000000000000,0.000000000000000,0.000000000000000,0.000000000000000,0.026315789473700,0.026315789473700,0.000000000000000,0.000000000000000,Long roots on many trees,{B320C913-056A-4344-9BB0-86A5F52D37E8},1/07/2025 0:00:00, ,1/07/2025 0:00:00, ,No, ,6.000000000000000,Roy Trustee 2022 Ltd,Johnson Forestry Services
{D563BB8D-7838-456C-B450-E733057BA2F9},1524.000000000000000,5/11.31,42.000000000000000,1050.000000000000000,Yes,0.000000000000000,1.000000000000000,0.000000000000000,0.000000000000000,0.000000000000000,0.000000000000000,1.000000000000000,0.000000000000000,25/2,0.000000000000000,0.023809523809500,0.000000000000000,0.000000000000000,0.000000000000000,0.000000000000000,0.023809523809500,0.000000000000000, ,{B320C913-056A-4344-9BB0-86A5F52D37E8},1/07/2025 0:00:00, ,1/07/2025 0:00:00, ,No, ,4.000000000000000,Roy Trustee 2022 Ltd,Johnson Forestry Services
{75156B53-9683-4672-9B03-839B5759DF16},2534.000000000000000,15/11.48,34.000000000000000,850.000000000000000,Yes,0.000000000000000,1.000000000000000,0.000000000000000,0.000000000000000,0.000000000000000,1.000000000000000,0.000000000000000,0.000000000000000,25/2,0.000000000000000,0.029411764705900,0.000000000000000,0.000000000000000,0.000000000000000,0.029411764705900,0.000000000000000,0.000000000000000,Spot planted area,{B320C913-056A-4344-9BB0-86A5F52D37E8},1/07/2025 0:00:00, ,1/07/2025 0:00:00, ,No,No,4.000000000000000,Roy Trustee 2022 Ltd,Johnson Forestry Services
{EA437C0C-0FFC-496F-AE6C-3F6BA80600F1},2538.000000000000000,10/11.37,37.000000000000000,925.000000000000000,Yes,0.000000000000000,0.000000000000000,0.000000000000000,0.000000000000000,0.000000000000000,0.000000000000000,3.000000000000000,0.000000000000000,25/2,0.000000000000000,0.000000000000000,0.000000000000000,0.000000000000000,0.000000000000000,0.000000000000000,0.081081081081100,0.000000000000000,Talked to guys and area fixed. Learners with loose trees,{B320C913-056A-4344-9BB0-86A5F52D37E8},1/07/2025 0:00:00, ,1/07/2025 0:00:00, ,No,No,9.000000000000000,Roy Trustee 2022 Ltd,Johnson Forestry Services
{E4E7ADCC-F4A2-4287-8B3C-CCF7C98D1A50},2518.000000000000000,15/11.48,44.000000000000000,1100.000000000000000,No,0.000000000000000,0.000000000000000,0.000000000000000,0.000000000000000,0.000000000000000,0.000000000000000,0.000000000000000,0.000000000000000,25/2,0.000000000000000,0.000000000000000,0.000000000000000,0.000000000000000,0.000000000000000,0.000000000000000,0.000000000000000,0.000000000000000, ,{B320C913-056A-4344-9BB0-86A5F52D37E8},1/07/2025 0:00:00, ,1/07/2025 0:00:00, ,No, ,0.000000000000000,Roy Trustee 2022 Ltd,Johnson Forestry Services
{54B6A5CE-D49C-4EEA-8ED1-129DB02932DA},2514.000000000000000,15/11.48,36.000000000000000,900.000000000000000,Yes,0.000000000000000,0.000000000000000,0.000000000000000,0.000000000000000,0.000000000000000,1.000000000000000,0.000000000000000,0.000000000000000,25/2,0.000000000000000,0.000000000000000,0.000000000000000,0.000000000000000,0.000000000000000,0.027777777777800,0.000000000000000,0.000000000000000, ,{B320C913-056A-4344-9BB0-86A5F52D37E8},1/07/2025 0:00:00, ,1/07/2025 0:00:00, ,No, ,3.000000000000000,Roy Trustee 2022 Ltd,Johnson Forestry Services
{7BC23DC0-5084-4F29-A81D-549CCFBEB85A},2526.000000000000000,30/12.13,44.000000000000000,1100.000000000000000,Yes,0.000000000000000,0.000000000000000,0.000000000000000,0.000000000000000,1.000000000000000,0.000000000000000,1.000000000000000,0.000000000000000,25/2,0.000000000000000,0.000000000000000,0.000000000000000,0.000000000000000,0.022727272727300,0.000000000000000,0.022727272727300,0.000000000000000, ,{B320C913-056A-4344-9BB0-86A5F52D37E8},1/07/2025 0:00:00, ,1/07/2025 0:00:00, ,No, ,6.000000000000000,Roy Trustee 2022 Ltd,Johnson Forestry Services
{25286C92-846A-415D-BABB-29258A13877E},1740.000000000000000,20/11.64,40.000000000000000,1000.000000000000000,Yes,0.000000000000000,0.000000000000000,0.000000000000000,0.000000000000000,0.000000000000000,0.000000000000000,1.000000000000000,0.000000000000000,25/60,0.000000000000000,0.000000000000000,0.000000000000000,0.000000000000000,0.000000000000000,0.000000000000000,0.025000000000000,0.000000000000000,Sprayed area,{5647FD5C-A4FC-4308-9F24-09B7A48CA0C9},1/07/2025 0:00:00, ,1/07/2025 0:00:00, ,No, ,3.000000000000000,Roy Trustee 2022 Ltd,Forest View Contracting
{513DF2B1-1236-4D58-8052-24522CBBF782},1728.000000000000000,15/11.48,40.000000000000000,1000.000000000000000,Yes,0.000000000000000,0.000000000000000,1.000000000000000,0.000000000000000,0.000000000000000,0.000000000000000,1.000000000000000,0.000000000000000,25/60,0.000000000000000,0.000000000000000,0.025000000000000,0.000000000000000,0.000000000000000,0.000000000000000,0.025000000000000,0.000000000000000, ,{5647FD5C-A4FC-4308-9F24-09B7A48CA0C9},1/07/2025 0:00:00, ,1/07/2025 0:00:00, ,No, ,6.000000000000000,Roy Trustee 2022 Ltd,Forest View Contracting
{650A29F1-3301-4461-BE43-FD459F12D44F},1744.000000000000000,20/11.64,38.000000000000000,950.000000000000000,Yes,0.000000000000000,0.000000000000000,1.000000000000000,0.000000000000000,1.000000000000000,0.000000000000000,0.000000000000000,0.000000000000000,25/60,0.000000000000000,0.000000000000000,0.026315789473700,0.000000000000000,0.026315789473700,0.000000000000000,0.000000000000000,0.000000000000000, ,{5647FD5C-A4FC-4308-9F24-09B7A48CA0C9},1/07/2025 0:00:00, ,1/07/2025 0:00:00, ,No, ,6.000000000000000,Roy Trustee 2022 Ltd,Forest View Contracting
{3593AB12-7497-4EB2-AC6A-933968574C95},1766.000000000000000,30/12.13,38.000000000000000,950.000000000000000,Yes,0.000000000000000,0.000000000000000,1.000000000000000,0.000000000000000,0.000000000000000,0.000000000000000,0.000000000000000,0.000000000000000,25/60,0.000000000000000,0.000000000000000,0.026315789473700,0.000000000000000,0.000000000000000,0.000000000000000,0.000000000000000,0.000000000000000,Wet face,{5647FD5C-A4FC-4308-9F24-09B7A48CA0C9},1/07/2025 0:00:00, ,1/07/2025 0:00:00, ,No, ,3.000000000000000,Roy Trustee 2022 Ltd,Forest View Contracting
{8C74C948-914F-46B2-ADEF-CF41E8475B8C},1764.000000000000000,20/11.64,37.000000000000000,925.000000000000000,Yes,1.000000000000000,0.000000000000000,0.000000000000000,0.000000000000000,0.000000000000000,0.000000000000000,0.000000000000000,0.000000000000000,25/60,0.027027027027000,0.000000000000000,0.000000000000000,0.000000000000000,0.000000000000000,0.000000000000000,0.000000000000000,0.000000000000000,Shallow top soil in places. 1 hard seen,{5647FD5C-A4FC-4308-9F24-09B7A48CA0C9},1/07/2025 0:00:00, ,1/07/2025 0:00:00, ,No, ,1.000000000000000,Roy Trustee 2022 Ltd,Forest View Contracting
{5DBF2470-F5AD-4419-BC50-10CC864AFE15},1762.000000000000000,15/11.48,39.000000000000000,975.000000000000000,Yes,0.000000000000000,0.000000000000000,1.000000000000000,0.000000000000000,1.000000000000000,0.000000000000000,0.000000000000000,0.000000000000000,25/60,0.000000000000000,0.000000000000000,0.025641025641000,0.000000000000000,0.025641025641000,0.000000000000000,0.000000000000000,0.000000000000000, ,{5647FD5C-A4FC-4308-9F24-09B7A48CA0C9},1/07/2025 0:00:00, ,1/07/2025 0:00:00, ,No, ,6.000000000000000,Roy Trustee 2022 Ltd,Forest View Contracting
{52033F19-CFF4-4274-B26E-8119390DD110},1722.000000000000000,20/11.64,36.000000000000000,900.000000000000000,Yes,4.000000000000000,0.000000000000000,2.000000000000000,0.000000000000000,0.000000000000000,0.000000000000000,0.000000000000000,0.000000000000000,25/60,0.111111111111000,0.000000000000000,0.055555555555600,0.000000000000000,0.000000000000000,0.000000000000000,0.000000000000000,0.000000000000000,Dropped trees in one bundle put faulty count over,{5647FD5C-A4FC-4308-9F24-09B7A48CA0C9},1/07/2025 0:00:00, ,1/07/2025 0:00:00, ,No,No,10.000000000000000,Roy Trustee 2022 Ltd,Forest View Contracting
{10A316D8-0D8A-44C5-9CBB-9C6978A0CA1E},1740.000000000000000,25/11.85,43.000000000000000,1075.000000000000000,Yes,0.000000000000000,0.000000000000000,1.000000000000000,0.000000000000000,0.000000000000000,0.000000000000000,3.000000000000000,0.000000000000000,25/60,0.000000000000000,0.000000000000000,0.023255813953500,0.000000000000000,0.000000000000000,0.000000000000000,0.069767441860500,0.000000000000000,Reworked for loose trees straight away,{5647FD5C-A4FC-4308-9F24-09B7A48CA0C9},1/07/2025 0:00:00, ,1/07/2025 0:00:00, ,No,No,12.000000000000000,Roy Trustee 2022 Ltd,Forest View Contracting
{DC5EF596-B199-44C0-A1ED-21A74BA3ED8D},1716.000000000000000,15/11.48,35.000000000000000,875.000000000000000,Yes,0.000000000000000,0.000000000000000,0.000000000000000,0.000000000000000,1.000000000000000,0.000000000000000,0.000000000000000,0.000000000000000,25/60,0.000000000000000,0.000000000000000,0.000000000000000,0.000000000000000,0.028571428571400,0.000000000000000,0.000000000000000,0.000000000000000, ,{5647FD5C-A4FC-4308-9F24-09B7A48CA0C9},1/07/2025 0:00:00, ,1/07/2025 0:00:00, ,No,Yes,3.000000000000000,Roy Trustee 2022 Ltd,Forest View Contracting
{E8E80006-D9BA-429C-B14A-E3793F131062},1726.000000000000000,25/11.85,38.000000000000000,950.000000000000000,Yes,0.000000000000000,0.000000000000000,0.000000000000000,0.000000000000000,0.000000000000000,0.000000000000000,1.000000000000000,0.000000000000000,25/60,0.000000000000000,0.000000000000000,0.000000000000000,0.000000000000000,0.000000000000000,0.000000000000000,0.026315789473700,0.000000000000000,Rocky and tussock,{5647FD5C-A4FC-4308-9F24-09B7A48CA0C9},1/07/2025 0:00:00, ,1/07/2025 0:00:00, ,No, ,3.000000000000000,Roy Trustee 2022 Ltd,Forest View Contracting
{35F51154-45F7-4F7B-85E1-DC6DBA124CF3},1761.000000000000000,15/11.48,31.000000000000000,775.000000000000000,Yes,0.000000000000000,0.000000000000000,0.000000000000000,0.000000000000000,1.000000000000000,0.000000000000000,0.000000000000000,0.000000000000000,25/60,0.000000000000000,0.000000000000000,0.000000000000000,0.000000000000000,0.032258064516100,0.000000000000000,0.000000000000000,0.000000000000000,Accidentally ently did contractors plot,{5647FD5C-A4FC-4308-9F24-09B7A48CA0C9},1/07/2025 0:00:00, ,1/07/2025 0:00:00, ,No,No,3.000000000000000,Roy Trustee 2022 Ltd,Forest View Contracting
{D6D87E58-A5F0-46B0-9CFC-53DAA6B3C010},1760.000000000000000,20/11.64,46.000000000000000,1150.000000000000000,Yes,0.000000000000000,2.000000000000000,0.000000000000000,0.000000000000000,0.000000000000000,0.000000000000000,0.000000000000000,0.000000000000000,25/60,0.000000000000000,0.043478260869600,0.000000000000000,0.000000000000000,0.000000000000000,0.000000000000000,0.000000000000000,0.000000000000000,2 trees Damaged by Side by side,{5647FD5C-A4FC-4308-9F24-09B7A48CA0C9},1/07/2025 0:00:00, ,1/07/2025 0:00:00, ,No,No,2.000000000000000,Roy Trustee 2022 Ltd,Forest View Contracting
{E29EB9D6-D612-46EF-8F89-27B20321D750},1782.000000000000000,20/11.64,38.000000000000000,950.000000000000000,No,0.000000000000000,0.000000000000000,0.000000000000000,0.000000000000000,0.000000000000000,0.000000000000000,0.000000000000000,0.000000000000000,25/60,0.000000000000000,0.000000000000000,0.000000000000000,0.000000000000000,0.000000000000000,0.000000000000000,0.000000000000000,0.000000000000000, ,{5647FD5C-A4FC-4308-9F24-09B7A48CA0C9},1/07/2025 0:00:00, ,1/07/2025 0:00:00, ,No, ,0.000000000000000,Roy Trustee 2022 Ltd,Forest View Contracting
{915C168E-D662-4A77-B255-AFF7D9F6B385},1798.000000000000000,15/11.48,36.000000000000000,900.000000000000000,Yes,0.000000000000000,0.000000000000000,3.000000000000000,0.000000000000000,1.000000000000000,0.000000000000000,0.000000000000000,0.000000000000000,25/60,0.000000000000000,0.000000000000000,0.083333333333300,0.000000000000000,0.027777777777800,0.000000000000000,0.000000000000000,0.000000000000000,2 rows shallow top soil and roots found up,{5647FD5C-A4FC-4308-9F24-09B7A48CA0C9},1/07/2025 0:00:00, ,1/07/2025 0:00:00, ,No,Yes,12.000000000000000,Roy Trustee 2022 Ltd,Forest View Contracting
{25933D35-3928-46B0-83CF-023A43FC6A92},1784.000000000000000,20/11.64,38.000000000000000,950.000000000000000,No,0.000000000000000,0.000000000000000,0.000000000000000,0.000000000000000,0.000000000000000,0.000000000000000,0.000000000000000,0.000000000000000,25/60,0.000000000000000,0.000000000000000,0.000000000000000,0.000000000000000,0.000000000000000,0.000000000000000,0.000000000000000,0.000000000000000, ,{5647FD5C-A4FC-4308-9F24-09B7A48CA0C9},1/07/2025 0:00:00, ,1/07/2025 0:00:00, ,No, ,0.000000000000000,Roy Trustee 2022 Ltd,Forest View Contracting
{204C8810-AA18-431F-8422-256FBCECEAD1},1722.000000000000000,20/11.64,39.000000000000000,975.000000000000000,Yes,0.000000000000000,0.000000000000000,6.000000000000000,0.000000000000000,3.000000000000000,0.000000000000000,0.000000000000000,0.000000000000000,25/60,0.000000000000000,0.000000000000000,0.153846153846000,0.000000000000000,0.076923076923100,0.000000000000000,0.000000000000000,0.000000000000000,"Good digging, poor planting",{5647FD5C-A4FC-4308-9F24-09B7A48CA0C9},1/07/2025 0:00:00, ,1/07/2025 0:00:00, ,No,Yes,27.000000000000000,Roy Trustee 2022 Ltd,Forest View Contracting
{A36C1246-68AA-4A7A-883E-8F61B69350C0},284.000000000000000,5/11.31,40.000000000000000,0.000000000000000,Yes,0.000000000000000,2.000000000000000,0.000000000000000,0.000000000000000,0.000000000000000,2.000000000000000,0.000000000000000,0.000000000000000,25/,0.000000000000000,0.050000000000000,0.000000000000000,0.000000000000000,0.000000000000000,0.000000000000000,0.000000000000000,0.000000000000000,Simeone planting abit shallow have told qc and will keep close eye,{8F9F22DA-CD6C-499C-8126-8B9548B365E0},1/07/2025 0:00:00, ,1/07/2025 0:00:00, ,No,Yes,8.000000000000000,Roy Trustee 2022 Ltd,Proforest
{7F9981C3-A468-4B91-BCFC-3A17BDF4EE48},278.000000000000000,10/11.37,38.000000000000000,950.000000000000000,Yes,1.000000000000000,1.000000000000000,0.000000000000000,0.000000000000000,0.000000000000000,0.000000000000000,0.000000000000000,0.000000000000000,25/55,0.026315789473700,0.026315789473700,0.000000000000000,0.000000000000000,0.000000000000000,0.000000000000000,0.000000000000000,0.000000000000000, ,{8F9F22DA-CD6C-499C-8126-8B9548B365E0},1/07/2025 0:00:00, ,1/07/2025 0:00:00, ,No, ,2.000000000000000,Roy Trustee 2022 Ltd,Proforest
{7EAD91C3-1454-4E84-B64E-B5C49752BD87},268.000000000000000,15/11.48,38.000000000000000,950.000000000000000,Yes,1.000000000000000,1.000000000000000,0.000000000000000,0.000000000000000,0.000000000000000,0.000000000000000,0.000000000000000,0.000000000000000,25/55,0.026315789473700,0.026315789473700,0.000000000000000,0.000000000000000,0.000000000000000,0.000000000000000,0.000000000000000,0.000000000000000, ,{8F9F22DA-CD6C-499C-8126-8B9548B365E0},1/07/2025 0:00:00, ,1/07/2025 0:00:00, ,No, ,2.000000000000000,Roy Trustee 2022 Ltd,Proforest
{061A5E52-4202-4572-A087-61D55E510146},282.000000000000000,5/11.31,37.000000000000000,925.000000000000000,Yes,0.000000000000000,1.000000000000000,0.000000000000000,0.000000000000000,0.000000000000000,0.000000000000000,0.000000000000000,1.000000000000000,25/55,0.000000000000000,0.027027027027000,0.000000000000000,0.000000000000000,0.000000000000000,0.000000000000000,0.000000000000000,0.027027027027000, ,{8F9F22DA-CD6C-499C-8126-8B9548B365E0},1/07/2025 0:00:00, ,1/07/2025 0:00:00, ,No, ,4.000000000000000,Roy Trustee 2022 Ltd,Proforest
{FF5DB4AC-3AF8-4B45-A6CC-517270A742BA},276.000000000000000,15/11.48,41.000000000000000,1025.000000000000000,Yes,0.000000000000000,2.000000000000000,0.000000000000000,0.000000000000000,0.000000000000000,1.000000000000000,0.000000000000000,0.000000000000000,25/55,0.000000000000000,0.048780487804900,0.000000000000000,0.000000000000000,0.000000000000000,0.024390243902400,0.000000000000000,0.000000000000000, ,{8F9F22DA-CD6C-499C-8126-8B9548B365E0},1/07/2025 0:00:00, ,1/07/2025 0:00:00, ,No, ,5.000000000000000,Roy Trustee 2022 Ltd,Proforest
{7B9AF3DA-D931-4080-A79C-F81FD43B17E4},266.000000000000000,25/11.85,37.000000000000000,1250.000000000000000,Yes,0.000000000000000,0.000000000000000,0.000000000000000,1.000000000000000,0.000000000000000,0.000000000000000,0.000000000000000,0.000000000000000,25/55,0.000000000000000,0.000000000000000,0.000000000000000,0.020000000000000,0.000000000000000,0.000000000000000,0.000000000000000,0.000000000000000,Has been reworked under supervision from 1250 to 925,{8F9F22DA-CD6C-499C-8126-8B9548B365E0},1/07/2025 0:00:00, ,1/07/2025 0:00:00, ,No,No,1.000000000000000,Roy Trustee 2022 Ltd,Proforest
{68F8D6F6-C7D6-44D2-9998-7C1A0F554C3F},258.000000000000000,20/11.64,39.000000000000000,1150.000000000000000,Yes,0.000000000000000,2.000000000000000,0.000000000000000,0.000000000000000,0.000000000000000,0.000000000000000,0.000000000000000,0.000000000000000,25/55,0.000000000000000,0.043478260869600,0.000000000000000,0.000000000000000,0.000000000000000,0.000000000000000,0.000000000000000,0.000000000000000,Has been reworked under supervision from 1150 to new stocking 925,{8F9F22DA-CD6C-499C-8126-8B9548B365E0},1/07/2025 0:00:00, ,1/07/2025 0:00:00, ,No,No,2.000000000000000,Roy Trustee 2022 Ltd,Proforest
{86221FC3-5400-4045-AD91-D5E547D53F46},280.000000000000000,5/11.31,42.000000000000000,1050.000000000000000,Yes,0.000000000000000,2.000000000000000,0.000000000000000,0.000000000000000,0.000000000000000,1.000000000000000,0.000000000000000,0.000000000000000,25/55,0.000000000000000,0.047619047619000,0.000000000000000,0.000000000000000,0.000000000000000,0.023809523809500,0.000000000000000,0.000000000000000, ,{8F9F22DA-CD6C-499C-8126-8B9548B365E0},1/07/2025 0:00:00, ,1/07/2025 0:00:00, ,No, ,5.000000000000000,Roy Trustee 2022 Ltd,Proforest
{FFCA8331-5FDE-49BA-B991-9974F9B6F34E},1226.000000000000000,5/11.31,37.000000000000000,925.000000000000000,Yes,2.000000000000000,2.000000000000000,0.000000000000000,0.000000000000000,0.000000000000000,0.000000000000000,0.000000000000000,0.000000000000000,25/64,0.054054054054100,0.054054054054100,0.000000000000000,0.000000000000000,0.000000000000000,0.000000000000000,0.000000000000000,0.000000000000000, ,{6669843C-2304-4FBD-9AE4-FADB2099987C},1/07/2025 0:00:00, ,1/07/2025 0:00:00, ,No, ,4.000000000000000,Roy Trustee 2022 Ltd,Proforest
{8E1F49B0-B250-4124-A5F4-078DE6E4454B},1228.000000000000000,5/11.31,36.000000000000000,900.000000000000000,No,0.000000000000000,0.000000000000000,0.000000000000000,0.000000000000000,0.000000000000000,0.000000000000000,0.000000000000000,0.000000000000000,25/64,0.000000000000000,0.000000000000000,0.000000000000000,0.000000000000000,0.000000000000000,0.000000000000000,0.000000000000000,0.000000000000000, ,{6669843C-2304-4FBD-9AE4-FADB2099987C},1/07/2025 0:00:00, ,1/07/2025 0:00:00, ,No, ,0.000000000000000,Roy Trustee 2022 Ltd,Proforest
{2C40D7E1-3783-4192-AD93-6C6F8EE7E090},1240.000000000000000,5/11.31,39.000000000000000,975.000000000000000,Yes,2.000000000000000,2.000000000000000,0.000000000000000,0.000000000000000,0.000000000000000,0.000000000000000,0.000000000000000,0.000000000000000,25/64,0.051282051282100,0.051282051282100,0.000000000000000,0.000000000000000,0.000000000000000,0.000000000000000,0.000000000000000,0.000000000000000, ,{6669843C-2304-4FBD-9AE4-FADB2099987C},1/07/2025 0:00:00, ,1/07/2025 0:00:00, ,No, ,4.000000000000000,Roy Trustee 2022 Ltd,Proforest
{46873647-288F-459E-9C0F-879DB53C5F07},1254.000000000000000,10/11.37,37.000000000000000,925.000000000000000,Yes,0.000000000000000,1.000000000000000,0.000000000000000,0.000000000000000,0.000000000000000,0.000000000000000,0.000000000000000,0.000000000000000,25/64,0.000000000000000,0.027027027027000,0.000000000000000,0.000000000000000,0.000000000000000,0.000000000000000,0.000000000000000,0.000000000000000, ,{6669843C-2304-4FBD-9AE4-FADB2099987C},1/07/2025 0:00:00, ,1/07/2025 0:00:00, ,No, ,1.000000000000000,Roy Trustee 2022 Ltd,Proforest
{4E5F048C-CC7C-44FB-8792-00EB6FB7937E},1242.000000000000000,5/11.31,39.000000000000000,0.000000000000000,No,0.000000000000000,0.000000000000000,0.000000000000000,0.000000000000000,0.000000000000000,0.000000000000000,0.000000000000000,0.000000000000000,25/64,0.000000000000000,0.000000000000000,0.000000000000000,0.000000000000000,0.000000000000000,0.000000000000000,0.000000000000000,0.000000000000000, ,{6669843C-2304-4FBD-9AE4-FADB2099987C},1/07/2025 0:00:00, ,1/07/2025 0:00:00, ,No, ,0.000000000000000,Roy Trustee 2022 Ltd,Proforest
{428AC125-C9BD-45D2-98B4-2F3DEA7DAAE5},272.000000000000000,5/11.31,36.000000000000000,900.000000000000000,Yes,1.000000000000000,0.000000000000000,0.000000000000000,0.000000000000000,0.000000000000000,0.000000000000000,0.000000000000000,0.000000000000000,25/55,0.027777777777800,0.000000000000000,0.000000000000000,0.000000000000000,0.000000000000000,0.000000000000000,0.000000000000000,0.000000000000000, ,{959C5C0E-F09B-4885-ABFC-C575EF8C5289},1/07/2025 0:00:00, ,1/07/2025 0:00:00, ,No, ,1.000000000000000,Roy Trustee 2022 Ltd,Proforest
{9A2BE711-9EAB-4881-8FE6-79CFC7FA1CC7},649.000000000000000,25/11.85,43.000000000000000,1075.000000000000000,Yes,0.000000000000000,1.000000000000000,0.000000000000000,0.000000000000000,0.000000000000000,0.000000000000000,0.000000000000000,0.000000000000000,25/51,0.000000000000000,0.023255813953500,0.000000000000000,0.000000000000000,0.000000000000000,0.000000000000000,0.000000000000000,0.000000000000000, ,{B3F5496E-3845-44EE-BDB8-AA2FBACE1515},2/07/2025 0:00:00, ,2/07/2025 0:00:00, ,No, ,1.000000000000000,Roy Trustee 2022 Ltd,Forest & Harvest Managers
{87C7B4F2-FFB0-46A0-A706-50CF0723285E},650.000000000000000,25/11.85,44.000000000000000,1100.000000000000000,Yes,0.000000000000000,0.000000000000000,1.000000000000000,0.000000000000000,0.000000000000000,0.000000000000000,0.000000000000000,0.000000000000000,25/51,0.000000000000000,0.000000000000000,0.022727272727300,0.000000000000000,0.000000000000000,0.000000000000000,0.000000000000000,0.000000000000000, ,{B3F5496E-3845-44EE-BDB8-AA2FBACE1515},2/07/2025 0:00:00, ,2/07/2025 0:00:00, ,No, ,3.000000000000000,Roy Trustee 2022 Ltd,Forest & Harvest Managers
{BC19F844-C801-4EC7-AFCC-60F90A1823F0},652.000000000000000,35/12.50,38.000000000000000,950.000000000000000,No,0.000000000000000,0.000000000000000,0.000000000000000,0.000000000000000,0.000000000000000,0.000000000000000,0.000000000000000,0.000000000000000,25/51,0.000000000000000,0.000000000000000,0.000000000000000,0.000000000000000,0.000000000000000,0.000000000000000,0.000000000000000,0.000000000000000, ,{B3F5496E-3845-44EE-BDB8-AA2FBACE1515},2/07/2025 0:00:00, ,2/07/2025 0:00:00, ,No, ,0.000000000000000,Roy Trustee 2022 Ltd,Forest & Harvest Managers
{D41BA6AE-583C-4AD7-8E9F-E0C1353919E1},1710.000000000000000,10/11.37,39.000000000000000,975.000000000000000,No,0.000000000000000,0.000000000000000,0.000000000000000,0.000000000000000,0.000000000000000,0.000000000000000,0.000000000000000,0.000000000000000,25/60,0.000000000000000,0.000000000000000,0.000000000000000,0.000000000000000,0.000000000000000,0.000000000000000,0.000000000000000,0.000000000000000, ,{367859E7-744C-4C02-A6E6-475E8A1CFAB2},2/07/2025 0:00:00, ,2/07/2025 0:00:00, ,No, ,0.000000000000000,Roy Trustee 2022 Ltd,Forest View Contracting
{F8BC69A1-929C-4F1E-91DB-B20326924C89},1732.000000000000000,20/11.64,38.000000000000000,950.000000000000000,Yes,0.000000000000000,0.000000000000000,1.000000000000000,0.000000000000000,0.000000000000000,0.000000000000000,0.000000000000000,0.000000000000000,25/60,0.000000000000000,0.000000000000000,0.026315789473700,0.000000000000000,0.000000000000000,0.000000000000000,0.000000000000000,0.000000000000000, ,{367859E7-744C-4C02-A6E6-475E8A1CFAB2},2/07/2025 0:00:00, ,2/07/2025 0:00:00, ,No, ,3.000000000000000,Roy Trustee 2022 Ltd,Forest View Contracting
{8137D22A-B1D0-4947-8E51-0647BCC64FDB},1778.000000000000000,20/11.64,41.000000000000000,1025.000000000000000,No,0.000000000000000,0.000000000000000,0.000000000000000,0.000000000000000,0.000000000000000,0.000000000000000,0.000000000000000,0.000000000000000,25/60,0.000000000000000,0.000000000000000,0.000000000000000,0.000000000000000,0.000000000000000,0.000000000000000,0.000000000000000,0.000000000000000, ,{367859E7-744C-4C02-A6E6-475E8A1CFAB2},2/07/2025 0:00:00, ,2/07/2025 0:00:00, ,No, ,0.000000000000000,Roy Trustee 2022 Ltd,Forest View Contracting
{C7C6F114-A599-4ECB-8DA1-DCAFC9E9097C},1721.000000000000000,20/11.64,39.000000000000000,975.000000000000000,No,0.000000000000000,0.000000000000000,0.000000000000000,0.000000000000000,0.000000000000000,0.000000000000000,0.000000000000000,0.000000000000000,25/60,0.000000000000000,0.000000000000000,0.000000000000000,0.000000000000000,0.000000000000000,0.000000000000000,0.000000000000000,0.000000000000000, ,{367859E7-744C-4C02-A6E6-475E8A1CFAB2},2/07/2025 0:00:00, ,2/07/2025 0:00:00, ,Yes, ,0.000000000000000,Roy Trustee 2022 Ltd,Forest View Contracting
{A43E87A4-1378-4AA7-8568-B9907ACE0995},1712.000000000000000,25/11.85,36.000000000000000,900.000000000000000,Yes,0.000000000000000,0.000000000000000,0.000000000000000,0.000000000000000,0.000000000000000,0.000000000000000,1.000000000000000,0.000000000000000,25/60,0.000000000000000,0.000000000000000,0.000000000000000,0.000000000000000,0.000000000000000,0.000000000000000,0.001111111111110,0.000000000000000,Tussock and scrub,{367859E7-744C-4C02-A6E6-475E8A1CFAB2},2/07/2025 0:00:00, ,24/07/2025 0:00:00,ScarlettMichelle,No,Yes,3.000000000000000,Roy Trustee 2022 Ltd,Forest View Contracting
{5CE8D474-A283-466E-A478-934E60738B1F},1720.000000000000000,25/11.85,42.000000000000000,1050.000000000000000,Yes,0.000000000000000,0.000000000000000,0.000000000000000,0.000000000000000,0.000000000000000,0.000000000000000,2.000000000000000,0.000000000000000,25/60,0.000000000000000,0.000000000000000,0.000000000000000,0.000000000000000,0.000000000000000,0.000000000000000,0.047619047619000,0.000000000000000, ,{367859E7-744C-4C02-A6E6-475E8A1CFAB2},2/07/2025 0:00:00, ,2/07/2025 0:00:00, ,No, ,6.000000000000000,Roy Trustee 2022 Ltd,Forest View Contracting
{74390966-0C60-40E1-8C10-02014F4A9491},1224.000000000000000,20/11.64,37.000000000000000,925.000000000000000,Yes,0.000000000000000,2.000000000000000,0.000000000000000,1.000000000000000,1.000000000000000,0.000000000000000,0.000000000000000,0.000000000000000,25/64,0.000000000000000,0.054054054054100,0.000000000000000,0.027027027027000,0.000000000000000,0.000000000000000,0.000000000000000,0.000000000000000, ,{CF3ADFA9-626A-4C25-A209-841E551022E0},2/07/2025 0:00:00, ,2/07/2025 0:00:00, ,No, ,6.000000000000000,Roy Trustee 2022 Ltd,Proforest
{B37B097E-064E-496E-8447-FA770DF3F4A5},1508.000000000000000,25/11.85,42.000000000000000,1050.000000000000000,Yes,1.000000000000000,0.000000000000000,0.000000000000000,0.000000000000000,0.000000000000000,0.000000000000000,0.000000000000000,0.000000000000000,25/64,0.023809523809500,0.000000000000000,0.000000000000000,0.000000000000000,0.000000000000000,0.000000000000000,0.000000000000000,0.000000000000000, ,{CF3ADFA9-626A-4C25-A209-841E551022E0},2/07/2025 0:00:00, ,2/07/2025 0:00:00, ,No, ,1.000000000000000,Roy Trustee 2022 Ltd,Proforest
{0CC39F4F-D565-46E0-A7FE-A69B970002A9},1206.000000000000000,20/11.64,40.000000000000000,1000.000000000000000,Yes,1.000000000000000,1.000000000000000,0.000000000000000,0.000000000000000,0.000000000000000,0.000000000000000,0.000000000000000,0.000000000000000,25/64,0.025000000000000,0.025000000000000,0.000000000000000,0.000000000000000,0.000000000000000,0.000000000000000,0.000000000000000,0.000000000000000,Found two trees in one hole. Chasing up with crew,{CF3ADFA9-626A-4C25-A209-841E551022E0},2/07/2025 0:00:00, ,2/07/2025 0:00:00, ,No, ,2.000000000000000,Roy Trustee 2022 Ltd,Proforest
{93B1822E-6436-4357-82D9-3156B13819D1},1234.000000000000000,10/11.37,32.000000000000000,800.000000000000000,Yes,0.000000000000000,3.000000000000000,0.000000000000000,0.000000000000000,0.000000000000000,0.000000000000000,0.000000000000000,0.000000000000000,25/64,0.000000000000000,0.093750000000000,0.000000000000000,0.000000000000000,0.000000000000000,0.000000000000000,0.000000000000000,0.000000000000000,Plot reworked,{CF3ADFA9-626A-4C25-A209-841E551022E0},2/07/2025 0:00:00, ,2/07/2025 0:00:00, ,No,Yes,3.000000000000000,Roy Trustee 2022 Ltd,Proforest
{ADF7FE31-021E-4095-B08F-31D36F8FB89C},1234.099999999999909,5/11.31,36.000000000000000,900.000000000000000,No,0.000000000000000,0.000000000000000,0.000000000000000,0.000000000000000,0.000000000000000,0.000000000000000,0.000000000000000,0.000000000000000,25/64,0.000000000000000,0.000000000000000,0.000000000000000,0.000000000000000,0.000000000000000,0.000000000000000,0.000000000000000,0.000000000000000,Stocking plot due to previous low stocking,{CF3ADFA9-626A-4C25-A209-841E551022E0},2/07/2025 0:00:00, ,2/07/2025 0:00:00, ,No, ,0.000000000000000,Roy Trustee 2022 Ltd,Proforest
{EDAD9AE9-BF3B-4ECC-ACF4-C560D2102664},1246.000000000000000,10/11.37,38.000000000000000,950.000000000000000,Yes,0.000000000000000,0.000000000000000,0.000000000000000,0.000000000000000,1.000000000000000,0.000000000000000,0.000000000000000,0.000000000000000,25/64,0.000000000000000,0.000000000000000,0.000000000000000,0.000000000000000,0.026315789473700,0.000000000000000,0.000000000000000,0.000000000000000, ,{CF3ADFA9-626A-4C25-A209-841E551022E0},2/07/2025 0:00:00, ,2/07/2025 0:00:00, ,No, ,3.000000000000000,Roy Trustee 2022 Ltd,Proforest
{2CFF4B1F-E352-48BF-A9A9-0F73C2DD3240},1256.000000000000000,25/11.85,37.000000000000000,925.000000000000000,Yes,0.000000000000000,1.000000000000000,0.000000000000000,0.000000000000000,0.000000000000000,0.000000000000000,0.000000000000000,0.000000000000000,25/64,0.000000000000000,0.027027027027000,0.000000000000000,0.000000000000000,0.000000000000000,0.000000000000000,0.000000000000000,0.000000000000000, ,{CF3ADFA9-626A-4C25-A209-841E551022E0},2/07/2025 0:00:00, ,2/07/2025 0:00:00, ,No, ,1.000000000000000,Roy Trustee 2022 Ltd,Proforest
{3AEC1711-D662-43AA-B094-76E5CA3E0D1F},1262.000000000000000,5/11.31,40.000000000000000,1000.000000000000000,Yes,0.000000000000000,0.000000000000000,0.000000000000000,0.000000000000000,0.000000000000000,2.000000000000000,0.000000000000000,0.000000000000000,25/64,0.000000000000000,0.000000000000000,0.000000000000000,0.000000000000000,0.000000000000000,0.050000000000000,0.000000000000000,0.000000000000000, ,{CF3ADFA9-626A-4C25-A209-841E551022E0},2/07/2025 0:00:00, ,2/07/2025 0:00:00, ,No, ,6.000000000000000,Roy Trustee 2022 Ltd,Proforest
{87973DF5-CD60-483E-ADBA-78119DCF44B8},1264.000000000000000,10/11.37,36.000000000000000,900.000000000000000,No,0.000000000000000,0.000000000000000,0.000000000000000,0.000000000000000,0.000000000000000,0.000000000000000,0.000000000000000,0.000000000000000,25/64,0.000000000000000,0.000000000000000,0.000000000000000,0.000000000000000,0.000000000000000,0.000000000000000,0.000000000000000,0.000000000000000, ,{CF3ADFA9-626A-4C25-A209-841E551022E0},2/07/2025 0:00:00, ,2/07/2025 0:00:00, ,No, ,0.000000000000000,Roy Trustee 2022 Ltd,Proforest
{918406E4-6AB4-4B61-81D4-9311EC725D69},1222.000000000000000,20/11.64,36.000000000000000,900.000000000000000,No,0.000000000000000,0.000000000000000,0.000000000000000,0.000000000000000,0.000000000000000,0.000000000000000,0.000000000000000,0.000000000000000,25/64,0.000000000000000,0.000000000000000,0.000000000000000,0.000000000000000,0.000000000000000,0.000000000000000,0.000000000000000,0.000000000000000, ,{CF3ADFA9-626A-4C25-A209-841E551022E0},2/07/2025 0:00:00, ,2/07/2025 0:00:00, ,No, ,0.000000000000000,Roy Trustee 2022 Ltd,Proforest
{B95DCAE0-D3C7-481F-B975-B7FFF7B53E45},1218.000000000000000,5/11.31,39.000000000000000,975.000000000000000,Yes,0.000000000000000,1.000000000000000,2.000000000000000,0.000000000000000,0.000000000000000,0.000000000000000,0.000000000000000,0.000000000000000,25/64,0.000000000000000,0.025641025641000,0.000000000000000,0.000000000000000,0.000000000000000,0.000000000000000,0.000000000000000,0.000000000000000,Long roots,{335F5F91-197A-4E44-86CD-20B298C24550},2/07/2025 0:00:00, ,2/07/2025 0:00:00, ,No,Yes,7.000000000000000,Roy Trustee 2022 Ltd,Proforest
{FB4B612B-8AD7-492D-9F95-B91441793C57},1232.000000000000000,10/11.37,31.000000000000000,775.000000000000000,No,0.000000000000000,0.000000000000000,0.000000000000000,0.000000000000000,0.000000000000000,0.000000000000000,0.000000000000000,0.000000000000000,25/64,0.000000000000000,0.000000000000000,0.000000000000000,0.000000000000000,0.000000000000000,0.000000000000000,0.000000000000000,0.000000000000000,Riw changes. Discuss with crew intergration at these points.,{335F5F91-197A-4E44-86CD-20B298C24550},2/07/2025 0:00:00, ,2/07/2025 0:00:00, ,No,No,0.000000000000000,Roy Trustee 2022 Ltd,Proforest
{1631FAAF-8424-4896-A18F-9AF0D1DC953D},1244.000000000000000,10/11.37,40.000000000000000,1000.000000000000000,No,0.000000000000000,0.000000000000000,0.000000000000000,0.000000000000000,0.000000000000000,0.000000000000000,0.000000000000000,0.000000000000000,25/64,0.000000000000000,0.000000000000000,0.000000000000000,0.000000000000000,0.000000000000000,0.000000000000000,0.000000000000000,0.000000000000000, ,{335F5F91-197A-4E44-86CD-20B298C24550},2/07/2025 0:00:00, ,2/07/2025 0:00:00, ,No, ,0.000000000000000,Roy Trustee 2022 Ltd,Proforest
{983F05E2-8DDB-4E1D-819A-EE08A9A5F996},1242.000000000000000,10/11.37,33.000000000000000,825.000000000000000,Yes,0.000000000000000,0.000000000000000,1.000000000000000,0.000000000000000,0.000000000000000,0.000000000000000,0.000000000000000,0.000000000000000,25/64,0.000000000000000,0.000000000000000,0.030303030303000,0.000000000000000,0.000000000000000,0.000000000000000,0.000000000000000,0.000000000000000, ,{335F5F91-197A-4E44-86CD-20B298C24550},2/07/2025 0:00:00, ,2/07/2025 0:00:00, ,No,Yes,3.000000000000000,Roy Trustee 2022 Ltd,Proforest
{B4EEB668-20AA-4ED8-8626-8B0E3806EE0E},1756.000000000000000,20/11.64,39.000000000000000,975.000000000000000,Yes,0.000000000000000,0.000000000000000,0.000000000000000,0.000000000000000,0.000000000000000,0.000000000000000,1.000000000000000,0.000000000000000,25/60,0.000000000000000,0.000000000000000,0.000000000000000,0.000000000000000,0.000000000000000,0.000000000000000,0.025641025641000,0.000000000000000, ,{4BEFA98E-8C34-4DDD-87F3-CA5CDA4EF8F3},3/07/2025 0:00:00, ,3/07/2025 0:00:00, ,No, ,3.000000000000000,Roy Trustee 2022 Ltd,Forest View Contracting
{682E19FE-0519-4E65-985E-658AEBA42BE9},1736.000000000000000,15/11.48,45.000000000000000,1125.000000000000000,Yes,0.000000000000000,0.000000000000000,4.000000000000000,0.000000000000000,0.000000000000000,0.000000000000000,0.000000000000000,0.000000000000000,25/60,0.000000000000000,0.000000000000000,0.088888888888900,0.000000000000000,0.000000000000000,0.000000000000000,0.000000000000000,0.000000000000000,Planted at end of day previous. Pulled guys back and reworked immediately,{4BEFA98E-8C34-4DDD-87F3-CA5CDA4EF8F3},3/07/2025 0:00:00, ,3/07/2025 0:00:00, ,No,No,12.000000000000000,Roy Trustee 2022 Ltd,Forest View Contracting
{7BD0659D-7F9A-4876-B18E-B02262AAABF2},1738.000000000000000,35/12.50,36.000000000000000,900.000000000000000,Yes,0.000000000000000,0.000000000000000,0.000000000000000,0.000000000000000,0.000000000000000,0.000000000000000,1.000000000000000,0.000000000000000,25/60,0.000000000000000,0.000000000000000,0.000000000000000,0.000000000000000,0.000000000000000,0.000000000000000,0.001111111111110,0.000000000000000,Water fern and tussock,{4BEFA98E-8C34-4DDD-87F3-CA5CDA4EF8F3},3/07/2025 0:00:00, ,24/07/2025 0:00:00,ScarlettMichelle,No,Yes,3.000000000000000,Roy Trustee 2022 Ltd,Forest View Contracting
{AE52B1DA-4863-438B-A30F-93CCA1176DE6},1734.000000000000000,15/11.48,36.000000000000000,900.000000000000000,Yes,0.000000000000000,1.000000000000000,0.000000000000000,0.000000000000000,0.000000000000000,0.000000000000000,0.000000000000000,0.000000000000000,25/60,0.000000000000000,0.027777777777800,0.000000000000000,0.000000000000000,0.000000000000000,0.000000000000000,0.000000000000000,0.000000000000000,Tussock and rocks,{4BEFA98E-8C34-4DDD-87F3-CA5CDA4EF8F3},3/07/2025 0:00:00, ,3/07/2025 0:00:00, ,No, ,1.000000000000000,Roy Trustee 2022 Ltd,Forest View Contracting
{F4350354-3DC9-40FD-903A-3E256D2E49F0},1744.000000000000000,15/11.48,37.000000000000000,925.000000000000000,No,0.000000000000000,0.000000000000000,0.000000000000000,0.000000000000000,0.000000000000000,0.000000000000000,0.000000000000000,0.000000000000000,25/60,0.000000000000000,0.000000000000000,0.000000000000000,0.000000000000000,0.000000000000000,0.000000000000000,0.000000000000000,0.000000000000000, ,{4BEFA98E-8C34-4DDD-87F3-CA5CDA4EF8F3},3/07/2025 0:00:00, ,3/07/2025 0:00:00, ,No, ,0.000000000000000,Roy Trustee 2022 Ltd,Forest View Contracting
{E4EC1E94-7ED1-4606-B04F-68D0299858A5},1794.000000000000000,10/11.37,39.000000000000000,975.000000000000000,No,0.000000000000000,0.000000000000000,0.000000000000000,0.000000000000000,0.000000000000000,0.000000000000000,0.000000000000000,0.000000000000000,25/60,0.000000000000000,0.000000000000000,0.000000000000000,0.000000000000000,0.000000000000000,0.000000000000000,0.000000000000000,0.000000000000000, ,{4BEFA98E-8C34-4DDD-87F3-CA5CDA4EF8F3},3/07/2025 0:00:00, ,3/07/2025 0:00:00, ,No, ,0.000000000000000,Roy Trustee 2022 Ltd,Forest View Contracting
{1B199FA1-EC0A-48AC-9046-532579CE7843},1780.000000000000000,15/11.48,41.000000000000000,1025.000000000000000,Yes,0.000000000000000,1.000000000000000,0.000000000000000,0.000000000000000,0.000000000000000,0.000000000000000,0.000000000000000,0.000000000000000,25/60,0.000000000000000,0.024390243902400,0.000000000000000,0.000000000000000,0.000000000000000,0.000000000000000,0.000000000000000,0.000000000000000, ,{4BEFA98E-8C34-4DDD-87F3-CA5CDA4EF8F3},3/07/2025 0:00:00, ,3/07/2025 0:00:00, ,No, ,1.000000000000000,Roy Trustee 2022 Ltd,Forest View Contracting
{B6AB4D55-9308-44DA-B8AA-8CF57E5234AD},1758.000000000000000,15/11.48,37.000000000000000,925.000000000000000,Yes,0.000000000000000,0.000000000000000,0.000000000000000,1.000000000000000,0.000000000000000,0.000000000000000,1.000000000000000,0.000000000000000,25/60,0.000000000000000,0.000000000000000,0.000000000000000,0.027027027027000,0.000000000000000,0.000000000000000,0.027027027027000,0.000000000000000,1 damaged tree,{4BEFA98E-8C34-4DDD-87F3-CA5CDA4EF8F3},3/07/2025 0:00:00, ,3/07/2025 0:00:00, ,No, ,4.000000000000000,Roy Trustee 2022 Ltd,Forest View Contracting
{57308219-F865-48C8-B053-F0108A46C018},1754.000000000000000,20/11.64,39.000000000000000,975.000000000000000,Yes,0.000000000000000,0.000000000000000,2.000000000000000,0.000000000000000,0.000000000000000,0.000000000000000,0.000000000000000,0.000000000000000,25/60,0.000000000000000,0.000000000000000,0.051282051282100,0.000000000000000,0.000000000000000,0.000000000000000,0.000000000000000,0.000000000000000, ,{4BEFA98E-8C34-4DDD-87F3-CA5CDA4EF8F3},3/07/2025 0:00:00, ,3/07/2025 0:00:00, ,No, ,6.000000000000000,Roy Trustee 2022 Ltd,Forest View Contracting
{FB82262F-56D4-45EE-8EFD-E3C42A3447C0},158.000000000000000,0/11.31,38.000000000000000,950.000000000000000,No,0.000000000000000,0.000000000000000,0.000000000000000,0.000000000000000,0.000000000000000,0.000000000000000,0.000000000000000,0.000000000000000,25/65,0.000000000000000,0.000000000000000,0.000000000000000,0.000000000000000,0.000000000000000,0.000000000000000,0.000000000000000,0.000000000000000, ,{3FF83772-641A-48FF-9716-34A1FC0D1EE4},3/07/2025 0:00:00, ,3/07/2025 0:00:00, ,No, ,0.000000000000000,Roy Trustee 2022 Ltd,Proforest
{C6CDA0A2-589A-4806-BC96-B3207D86D7DB},170.000000000000000,5/11.31,36.000000000000000,900.000000000000000,Yes,0.000000000000000,1.000000000000000,1.000000000000000,0.000000000000000,0.000000000000000,0.000000000000000,0.000000000000000,0.000000000000000,25/65,0.000000000000000,0.027777777777800,0.027777777777800,0.000000000000000,0.000000000000000,0.000000000000000,0.000000000000000,0.000000000000000, ,{97596CFB-E82C-4B90-A38B-A6608A1E3A8B},3/07/2025 0:00:00, ,3/07/2025 0:00:00, ,No, ,4.000000000000000,Roy Trustee 2022 Ltd,Proforest
{BE9672ED-A57B-41F4-A761-BA89BBFDEA2E},1230.000000000000000,10/11.37,36.000000000000000,900.000000000000000,Yes,0.000000000000000,0.000000000000000,1.000000000000000,0.000000000000000,0.000000000000000,0.000000000000000,0.000000000000000,0.000000000000000,25/64,0.000000000000000,0.000000000000000,0.027777777777800,0.000000000000000,0.000000000000000,0.000000000000000,0.000000000000000,0.000000000000000, ,{819BEC4A-4A1F-4801-AF71-44A63FFB8410},3/07/2025 0:00:00, ,3/07/2025 0:00:00, ,No, ,3.000000000000000,Roy Trustee 2022 Ltd,Proforest
{FC5F94C7-1D50-4456-A380-F4A1B6F334F5},1216.000000000000000,5/11.31,38.000000000000000,950.000000000000000,No,0.000000000000000,0.000000000000000,0.000000000000000,0.000000000000000,0.000000000000000,0.000000000000000,0.000000000000000,0.000000000000000,25/64,0.000000000000000,0.000000000000000,0.000000000000000,0.000000000000000,0.000000000000000,0.000000000000000,0.000000000000000,0.000000000000000,Good eady planting says mort....,{0CF94592-17DF-493D-993B-D7382B1D0F54},3/07/2025 0:00:00, ,3/07/2025 0:00:00, ,No, ,0.000000000000000,Roy Trustee 2022 Ltd,Proforest
{D1F171CB-449E-4212-86C3-DC95F9DE1500},168.000000000000000,15/11.48,40.000000000000000,1000.000000000000000,Yes,0.000000000000000,0.000000000000000,1.000000000000000,0.000000000000000,0.000000000000000,0.000000000000000,0.000000000000000,0.000000000000000,25/65,0.000000000000000,0.000000000000000,0.025000000000000,0.000000000000000,0.000000000000000,0.000000000000000,0.000000000000000,0.000000000000000, ,{0CF94592-17DF-493D-993B-D7382B1D0F54},3/07/2025 0:00:00, ,3/07/2025 0:00:00, ,No, ,3.000000000000000,Roy Trustee 2022 Ltd,Proforest
{460C7DB3-B42B-4BEC-BF50-EF8E8A154008},182.000000000000000,10/11.37,37.000000000000000,925.000000000000000,Yes,0.000000000000000,0.000000000000000,1.000000000000000,0.000000000000000,0.000000000000000,0.000000000000000,0.000000000000000,0.000000000000000,25/65,0.000000000000000,0.000000000000000,0.027027027027000,0.000000000000000,0.000000000000000,0.000000000000000,0.000000000000000,0.000000000000000,Bt light one fault root up. Need to slow the trend to to light also findingto manybtrees on ground. 2 3 going between plots. Hawk eye mort finding them.,{0CF94592-17DF-493D-993B-D7382B1D0F54},3/07/2025 0:00:00, ,3/07/2025 0:00:00, ,No, ,3.000000000000000,Roy Trustee 2022 Ltd,Proforest
{F4748B84-C658-428B-9C97-1308122CFCC7},180.000000000000000,15/11.48,42.000000000000000,1050.000000000000000,Yes,0.000000000000000,0.000000000000000,1.000000000000000,0.000000000000000,0.000000000000000,0.000000000000000,0.000000000000000,0.000000000000000,25/65,0.000000000000000,0.000000000000000,0.023809523809500,0.000000000000000,0.000000000000000,0.000000000000000,0.000000000000000,0.000000000000000, ,{0CF94592-17DF-493D-993B-D7382B1D0F54},3/07/2025 0:00:00, ,3/07/2025 0:00:00, ,No, ,3.000000000000000,Roy Trustee 2022 Ltd,Proforest
{F1D6F104-15F1-42A5-B350-CD1EC4418140},1656.000000000000000,15/11.48,42.000000000000000,1050.000000000000000,No,0.000000000000000,0.000000000000000,0.000000000000000,0.000000000000000,0.000000000000000,0.000000000000000,0.000000000000000,0.000000000000000,25/57,0.000000000000000,0.000000000000000,0.000000000000000,0.000000000000000,0.000000000000000,0.000000000000000,0.000000000000000,0.000000000000000, ,{A6414653-32C5-4B3A-BEAD-B0DA3EEE84C4},3/07/2025 0:00:00, ,3/07/2025 0:00:00, ,No, ,0.000000000000000,Roy Trustee 2022 Ltd,Forest View Contracting
{2FE0CFE8-7622-4D09-AA24-B88CE71B366A},1648.000000000000000,20/11.64,42.000000000000000,1050.000000000000000,Yes,1.000000000000000,0.000000000000000,0.000000000000000,0.000000000000000,0.000000000000000,0.000000000000000,0.000000000000000,0.000000000000000,25/57,0.023809523809500,0.000000000000000,0.000000000000000,0.000000000000000,0.000000000000000,0.000000000000000,0.000000000000000,0.000000000000000, ,{A6414653-32C5-4B3A-BEAD-B0DA3EEE84C4},3/07/2025 0:00:00, ,3/07/2025 0:00:00, ,No, ,1.000000000000000,Roy Trustee 2022 Ltd,Forest View Contracting
{663AA232-90CF-4179-A84A-0650C04EABF3},651.000000000000000,40/12.92,44.000000000000000,1100.000000000000000,Yes,1.000000000000000,0.000000000000000,0.000000000000000,0.000000000000000,0.000000000000000,0.000000000000000,1.000000000000000,0.000000000000000,25/51,0.022727272727300,0.000000000000000,0.000000000000000,0.000000000000000,0.000000000000000,0.000000000000000,0.022727272727300,0.000000000000000,"Steep, Rocky base in plot, not much dirt on top in areas to get trees in",{3CC5F420-E642-4C7D-803D-1D313A9D5E1D},3/07/2025 0:00:00, ,3/07/2025 0:00:00, ,No, ,4.000000000000000,Roy Trustee 2022 Ltd,Forest & Harvest Managers
{D94A0E1E-C990-4A8C-8D88-77FEB3CBDF3D},716.000000000000000,30/12.13,42.000000000000000,1050.000000000000000,Yes,0.000000000000000,1.000000000000000,0.000000000000000,0.000000000000000,0.000000000000000,0.000000000000000,0.000000000000000,0.000000000000000,25/51,0.000000000000000,0.023809523809500,0.000000000000000,0.000000000000000,0.000000000000000,0.000000000000000,0.000000000000000,0.000000000000000, ,{3CC5F420-E642-4C7D-803D-1D313A9D5E1D},3/07/2025 0:00:00, ,3/07/2025 0:00:00, ,No, ,1.000000000000000,Roy Trustee 2022 Ltd,Forest & Harvest Managers
{66C60403-78AC-4F13-B3A6-7E23854ADC0A},692.000000000000000,30/12.13,44.000000000000000,1100.000000000000000,Yes,0.000000000000000,0.000000000000000,1.000000000000000,0.000000000000000,0.000000000000000,0.000000000000000,0.000000000000000,0.000000000000000,25/51,0.000000000000000,0.000000000000000,0.022727272727300,0.000000000000000,0.000000000000000,0.000000000000000,0.000000000000000,0.000000000000000, ,{3CC5F420-E642-4C7D-803D-1D313A9D5E1D},3/07/2025 0:00:00, ,3/07/2025 0:00:00, ,No, ,3.000000000000000,Roy Trustee 2022 Ltd,Forest & Harvest Managers
{727F54FB-E802-4774-B103-1F1E31D96637},693.000000000000000,30/12.13,43.000000000000000,1075.000000000000000,No,0.000000000000000,0.000000000000000,0.000000000000000,0.000000000000000,0.000000000000000,0.000000000000000,0.000000000000000,0.000000000000000,25/51,0.000000000000000,0.000000000000000,0.000000000000000,0.000000000000000,0.000000000000000,0.000000000000000,0.000000000000000,0.000000000000000, ,{3CC5F420-E642-4C7D-803D-1D313A9D5E1D},3/07/2025 0:00:00, ,3/07/2025 0:00:00, ,No, ,0.000000000000000,Roy Trustee 2022 Ltd,Forest & Harvest Managers
{5ADD242B-5F0B-4FDC-B689-244D14C5EA9F},694.000000000000000,25/11.85,41.000000000000000,1025.000000000000000,Yes,1.000000000000000,2.000000000000000,0.000000000000000,0.000000000000000,0.000000000000000,0.000000000000000,0.000000000000000,0.000000000000000,25/51,0.024390243902400,0.048780487804900,0.000000000000000,0.000000000000000,0.000000000000000,0.000000000000000,0.000000000000000,0.000000000000000, ,{3CC5F420-E642-4C7D-803D-1D313A9D5E1D},3/07/2025 0:00:00, ,3/07/2025 0:00:00, ,No, ,3.000000000000000,Roy Trustee 2022 Ltd,Forest & Harvest Managers
{4F7BB694-9FF6-4C81-A99B-E0D0FDD3D1C9},2532.000000000000000,15/11.48,40.000000000000000,1000.000000000000000,Yes,0.000000000000000,1.000000000000000,0.000000000000000,0.000000000000000,0.000000000000000,1.000000000000000,0.000000000000000,0.000000000000000,25/2,0.000000000000000,0.025000000000000,0.000000000000000,0.000000000000000,0.000000000000000,0.025000000000000,0.000000000000000,0.000000000000000, ,{F713402F-3037-459E-B431-01220BFA80A3},3/07/2025 0:00:00, ,3/07/2025 0:00:00, ,No, ,4.000000000000000,Roy Trustee 2022 Ltd,Johnson Forestry Services
{0020A152-18E9-4EBE-B1B3-9B817B85A8AF},2556.000000000000000,10/11.37,43.000000000000000,1075.000000000000000,Yes,0.000000000000000,2.000000000000000,0.000000000000000,0.000000000000000,0.000000000000000,1.000000000000000,0.000000000000000,0.000000000000000,25/2,0.000000000000000,0.046511627907000,0.000000000000000,0.000000000000000,0.000000000000000,0.023255813953500,0.000000000000000,0.000000000000000, ,{F713402F-3037-459E-B431-01220BFA80A3},3/07/2025 0:00:00, ,3/07/2025 0:00:00, ,No, ,5.000000000000000,Roy Trustee 2022 Ltd,Johnson Forestry Services
{54FDCD44-C5D3-425D-B90A-C7C9CB40959F},2522.000000000000000,10/11.37,36.000000000000000,900.000000000000000,Yes,1.000000000000000,2.000000000000000,0.000000000000000,0.000000000000000,0.000000000000000,0.000000000000000,0.000000000000000,0.000000000000000,25/2,0.027777777777800,0.055555555555600,0.000000000000000,0.000000000000000,0.000000000000000,0.000000000000000,0.000000000000000,0.000000000000000, ,{F713402F-3037-459E-B431-01220BFA80A3},3/07/2025 0:00:00, ,3/07/2025 0:00:00, ,No, ,3.000000000000000,Roy Trustee 2022 Ltd,Johnson Forestry Services
{2AB096DB-2229-475D-941F-CE38DBBE9583},2530.000000000000000,20/11.64,44.000000000000000,1100.000000000000000,Yes,0.000000000000000,1.000000000000000,0.000000000000000,0.000000000000000,0.000000000000000,1.000000000000000,0.000000000000000,0.000000000000000,25/2,0.000000000000000,0.022727272727300,0.000000000000000,0.000000000000000,0.000000000000000,0.022727272727300,0.000000000000000,0.000000000000000, ,{F713402F-3037-459E-B431-01220BFA80A3},3/07/2025 0:00:00, ,3/07/2025 0:00:00, ,No, ,4.000000000000000,Roy Trustee 2022 Ltd,Johnson Forestry Services
{D111565F-6D80-4503-803F-EEFE2B7A58AA},2520.000000000000000,15/11.48,41.000000000000000,1025.000000000000000,Yes,0.000000000000000,0.000000000000000,0.000000000000000,0.000000000000000,0.000000000000000,1.000000000000000,0.000000000000000,0.000000000000000,25/2,0.000000000000000,0.000000000000000,0.000000000000000,0.000000000000000,0.000000000000000,0.024390243902400,0.000000000000000,0.000000000000000, ,{F713402F-3037-459E-B431-01220BFA80A3},3/07/2025 0:00:00, ,3/07/2025 0:00:00, ,No, ,3.000000000000000,Roy Trustee 2022 Ltd,Johnson Forestry Services
{A1484995-E6F3-47FF-B60C-47FEF379CA3B},2528.000000000000000,25/11.85,38.000000000000000,950.000000000000000,Yes,0.000000000000000,0.000000000000000,0.000000000000000,0.000000000000000,0.000000000000000,0.000000000000000,1.000000000000000,1.000000000000000,25/2,0.000000000000000,0.000000000000000,0.000000000000000,0.000000000000000,0.000000000000000,0.000000000000000,0.026315789473700,0.026315789473700, ,{F713402F-3037-459E-B431-01220BFA80A3},3/07/2025 0:00:00, ,3/07/2025 0:00:00, ,No, ,6.000000000000000,Roy Trustee 2022 Ltd,Johnson Forestry Services
{AA3E0BBA-78E5-4CA5-AC6C-350744E33A9E},2562.000000000000000,15/11.48,48.000000000000000,1200.000000000000000,Yes,1.000000000000000,2.000000000000000,0.000000000000000,0.000000000000000,0.000000000000000,0.000000000000000,2.000000000000000,0.000000000000000,25/2,0.000833333333333,0.001666666666670,0.000000000000000,0.000000000000000,0.000000000000000,0.000000000000000,0.001666666666670,0.000000000000000,Rough end of day planting from learner group,{F713402F-3037-459E-B431-01220BFA80A3},3/07/2025 0:00:00, ,24/07/2025 0:00:00,ScarlettMichelle,No,Yes,9.000000000000000,Roy Trustee 2022 Ltd,Johnson Forestry Services
{BAAAF711-9565-48BD-9D76-AEB6C4306161},2562.000000000000000,15/11.48,36.000000000000000,900.000000000000000,Yes,0.000000000000000,2.000000000000000,0.000000000000000,0.000000000000000,0.000000000000000,0.000000000000000,0.000000000000000,0.000000000000000,25/2,0.000000000000000,0.055555555555600,0.000000000000000,0.000000000000000,0.000000000000000,0.000000000000000,0.000000000000000,0.000000000000000, ,{F713402F-3037-459E-B431-01220BFA80A3},3/07/2025 0:00:00, ,3/07/2025 0:00:00, ,Yes, ,2.000000000000000,Roy Trustee 2022 Ltd,Johnson Forestry Services
{92983AC0-783F-4BD1-B3BC-7CE2BC3196F7},2554.000000000000000,10/11.37,36.000000000000000,900.000000000000000,Yes,0.000000000000000,0.000000000000000,0.000000000000000,0.000000000000000,0.000000000000000,1.000000000000000,0.000000000000000,0.000000000000000,25/2,0.000000000000000,0.000000000000000,0.000000000000000,0.000000000000000,0.000000000000000,0.027777777777800,0.000000000000000,0.000000000000000, ,{F713402F-3037-459E-B431-01220BFA80A3},3/07/2025 0:00:00, ,3/07/2025 0:00:00, ,No, ,3.000000000000000,Roy Trustee 2022 Ltd,Johnson Forestry Services
{3768F590-EE98-46C3-9EE8-E1B702A7DD2B},2560.000000000000000,15/11.48,36.000000000000000,900.000000000000000,Yes,0.000000000000000,0.000000000000000,0.000000000000000,0.000000000000000,1.000000000000000,0.000000000000000,1.000000000000000,0.000000000000000,25/2,0.000000000000000,0.000000000000000,0.000000000000000,0.000000000000000,0.027777777777800,0.000000000000000,0.027777777777800,0.000000000000000,Roots exposed in excessively long roots. Have advised crew to rip the long roots off to minimise this,{F713402F-3037-459E-B431-01220BFA80A3},3/07/2025 0:00:00, ,3/07/2025 0:00:00, ,No, ,6.000000000000000,Roy Trustee 2022 Ltd,Johnson Forestry Services
{A3E1A744-986F-46FC-A6C7-2983F88BFA9D},2546.000000000000000,10/11.37,46.000000000000000,1150.000000000000000,Yes,0.000000000000000,3.000000000000000,0.000000000000000,0.000000000000000,0.000000000000000,0.000000000000000,0.000000000000000,0.000000000000000,25/2,0.000000000000000,0.065217391304300,0.000000000000000,0.000000000000000,0.000000000000000,0.000000000000000,0.000000000000000,0.000000000000000,One close line,{F713402F-3037-459E-B431-01220BFA80A3},3/07/2025 0:00:00, ,3/07/2025 0:00:00, ,No,No,3.000000000000000,Roy Trustee 2022 Ltd,Johnson Forestry Services
{9B05D34E-185A-4B94-BC44-68A9F86E4D82},2552.000000000000000,15/11.48,38.000000000000000,950.000000000000000,No,0.000000000000000,0.000000000000000,0.000000000000000,0.000000000000000,0.000000000000000,0.000000000000000,0.000000000000000,0.000000000000000,25/2,0.000000000000000,0.000000000000000,0.000000000000000,0.000000000000000,0.000000000000000,0.000000000000000,0.000000000000000,0.000000000000000, ,{F713402F-3037-459E-B431-01220BFA80A3},3/07/2025 0:00:00, ,3/07/2025 0:00:00, ,No, ,0.000000000000000,Roy Trustee 2022 Ltd,Johnson Forestry Services
{883B5EE5-8736-4244-9B5D-76A20CB6A97A},2544.000000000000000,10/11.37,42.000000000000000,1050.000000000000000,Yes,0.000000000000000,0.000000000000000,1.000000000000000,0.000000000000000,0.000000000000000,0.000000000000000,0.000000000000000,0.000000000000000,25/2,0.000000000000000,0.000000000000000,0.023809523809500,0.000000000000000,0.000000000000000,0.000000000000000,0.000000000000000,0.000000000000000, ,{F713402F-3037-459E-B431-01220BFA80A3},3/07/2025 0:00:00, ,3/07/2025 0:00:00, ,No, ,3.000000000000000,Roy Trustee 2022 Ltd,Johnson Forestry Services
{CC1E0D9D-999C-4F7F-AB8C-A102C52952F9},2550.000000000000000,10/11.37,47.000000000000000,1175.000000000000000,Yes,0.000000000000000,0.000000000000000,0.000000000000000,0.000000000000000,0.000000000000000,0.000000000000000,1.000000000000000,0.000000000000000,25/2,0.000000000000000,0.000000000000000,0.000000000000000,0.000000000000000,0.000000000000000,0.000000000000000,0.021276595744700,0.000000000000000,Close planting between trees on one line. Have informed QC,{F713402F-3037-459E-B431-01220BFA80A3},3/07/2025 0:00:00, ,3/07/2025 0:00:00, ,No,No,3.000000000000000,Roy Trustee 2022 Ltd,Johnson Forestry Services
{696BF43D-88C0-485D-A693-0A60AEA24E6B},2542.000000000000000,20/11.64,44.000000000000000,1100.000000000000000,Yes,1.000000000000000,0.000000000000000,0.000000000000000,0.000000000000000,0.000000000000000,1.000000000000000,0.000000000000000,0.000000000000000,25/2,0.022727272727300,0.000000000000000,0.000000000000000,0.000000000000000,0.000000000000000,0.022727272727300,0.000000000000000,0.000000000000000, ,{F713402F-3037-459E-B431-01220BFA80A3},3/07/2025 0:00:00, ,3/07/2025 0:00:00, ,No, ,4.000000000000000,Roy Trustee 2022 Ltd,Johnson Forestry Services
{816E1F3A-8DDF-436F-8E81-90DEA272333E},2536.000000000000000,20/11.64,38.000000000000000,950.000000000000000,No,0.000000000000000,0.000000000000000,0.000000000000000,0.000000000000000,0.000000000000000,0.000000000000000,0.000000000000000,0.000000000000000,25/2,0.000000000000000,0.000000000000000,0.000000000000000,0.000000000000000,0.000000000000000,0.000000000000000,0.000000000000000,0.000000000000000, ,{F713402F-3037-459E-B431-01220BFA80A3},3/07/2025 0:00:00, ,3/07/2025 0:00:00, ,No, ,0.000000000000000,Roy Trustee 2022 Ltd,Johnson Forestry Services
{E47A10C9-5826-451A-96FB-0800B42BD365},2558.000000000000000,10/11.37,44.000000000000000,1100.000000000000000,Yes,0.000000000000000,1.000000000000000,0.000000000000000,0.000000000000000,0.000000000000000,1.000000000000000,0.000000000000000,0.000000000000000,25/2,0.000000000000000,0.022727272727300,0.000000000000000,0.000000000000000,0.000000000000000,0.022727272727300,0.000000000000000,0.000000000000000, ,{F713402F-3037-459E-B431-01220BFA80A3},3/07/2025 0:00:00, ,3/07/2025 0:00:00, ,No, ,4.000000000000000,Roy Trustee 2022 Ltd,Johnson Forestry Services
{A213AB9D-1A30-4F47-9A34-7EF0D81E1FD3},2568.000000000000000,15/11.48,35.000000000000000,875.000000000000000,Yes,0.000000000000000,0.000000000000000,0.000000000000000,0.000000000000000,0.000000000000000,1.000000000000000,0.000000000000000,0.000000000000000,25/2,0.000000000000000,0.000000000000000,0.000000000000000,0.000000000000000,0.000000000000000,0.028571428571400,0.000000000000000,0.000000000000000, ,{F713402F-3037-459E-B431-01220BFA80A3},3/07/2025 0:00:00, ,3/07/2025 0:00:00, ,No,No,3.000000000000000,Roy Trustee 2022 Ltd,Johnson Forestry Services
{51574C34-92EF-4CB6-A214-E7FF7A8537C8},762.000000000000000,30/12.13,44.000000000000000,1100.000000000000000,Yes,0.000000000000000,0.000000000000000,0.000000000000000,0.000000000000000,1.000000000000000,1.000000000000000,0.000000000000000,0.000000000000000,25/1,0.000000000000000,0.000000000000000,0.000000000000000,0.000000000000000,0.022727272727300,0.022727272727300,0.000000000000000,0.000000000000000, ,{57C89C70-0A2E-4914-86AC-95D5EA53CF6C},3/07/2025 0:00:00, ,3/07/2025 0:00:00, ,No, ,6.000000000000000,Roy Trustee 2022 Ltd,Johnson Forestry Services
{123C9939-B014-4037-AD5D-E3824C32FCDE},760.000000000000000,15/11.48,37.000000000000000,925.000000000000000,Yes,1.000000000000000,1.000000000000000,0.000000000000000,0.000000000000000,0.000000000000000,0.000000000000000,1.000000000000000,0.000000000000000,25/1,0.027027027027000,0.027027027027000,0.000000000000000,0.000000000000000,0.000000000000000,0.000000000000000,0.027027027027000,0.000000000000000, ,{57C89C70-0A2E-4914-86AC-95D5EA53CF6C},3/07/2025 0:00:00, ,3/07/2025 0:00:00, ,No, ,5.000000000000000,Roy Trustee 2022 Ltd,Johnson Forestry Services
{31E3910A-91C1-4088-95A7-4CC36C6E03DB},770.000000000000000,20/11.64,40.000000000000000,1000.000000000000000,Yes,0.000000000000000,0.000000000000000,0.000000000000000,0.000000000000000,0.000000000000000,0.000000000000000,1.000000000000000,0.000000000000000,25/1,0.000000000000000,0.000000000000000,0.000000000000000,0.000000000000000,0.000000000000000,0.000000000000000,0.025000000000000,0.000000000000000, ,{57C89C70-0A2E-4914-86AC-95D5EA53CF6C},3/07/2025 0:00:00, ,3/07/2025 0:00:00, ,No, ,3.000000000000000,Roy Trustee 2022 Ltd,Johnson Forestry Services
{100DA15D-3755-4B8C-80FA-3DF3DA92BF52},658.000000000000000,15/11.48,37.000000000000000,925.000000000000000,Yes,0.000000000000000,0.000000000000000,1.000000000000000,0.000000000000000,0.000000000000000,0.000000000000000,0.000000000000000,0.000000000000000,25/75,0.000000000000000,0.000000000000000,0.027027027027000,0.000000000000000,0.000000000000000,0.000000000000000,0.000000000000000,0.000000000000000, ,{DE848B8F-F1E6-4F97-BECF-E42C95EE8F16},3/07/2025 0:00:00, ,3/07/2025 0:00:00, ,No, ,3.000000000000000,Roy Trustee 2022 Ltd,Innovair
{438B778D-EF30-4101-9316-5B1959971045},680.100000000000023,20/11.64,50.000000000000000,0.000000000000000,Yes,0.000000000000000,0.000000000000000,5.000000000000000,0.000000000000000,0.000000000000000,1.000000000000000,0.000000000000000,0.000000000000000,25/75,0.000000000000000,0.000000000000000,0.000000000000000,0.000000000000000,0.000000000000000,0.000000000000000,0.000000000000000,0.000000000000000,"Poor planting and srocking. Lost photos of some roots up, so dug up other trees and found more roots up. Earlier in day pulled up moat planters on roots up and showed them where they were going wrong, hence the rework.",{DE848B8F-F1E6-4F97-BECF-E42C95EE8F16},3/07/2025 0:00:00, ,3/07/2025 0:00:00, ,No,Yes,18.000000000000000,Roy Trustee 2022 Ltd,Innovair
{F8A3401E-4F36-4366-8EC0-AD23D8D50DE3},692.100000000000023,30/12.13,43.000000000000000,1075.000000000000000,Yes,0.000000000000000,0.000000000000000,1.000000000000000,0.000000000000000,0.000000000000000,0.000000000000000,0.000000000000000,0.000000000000000,25/51,0.000000000000000,0.000000000000000,0.023255813953500,0.000000000000000,0.000000000000000,0.000000000000000,0.000000000000000,0.000000000000000, ,{6C5ACEFD-9099-49BB-96C2-04851ABB86AB},3/07/2025 0:00:00, ,3/07/2025 0:00:00, ,No, ,3.000000000000000,Roy Trustee 2022 Ltd,Forest & Harvest Managers
{2607F732-2839-48B8-BE54-3498750730D9},692.100000000000023,25/11.85,43.000000000000000,1075.000000000000000,Yes,0.000000000000000,0.000000000000000,0.000000000000000,0.000000000000000,0.000000000000000,1.000000000000000,0.000000000000000,0.000000000000000,25/51,0.000000000000000,0.000000000000000,0.000000000000000,0.000000000000000,0.000000000000000,0.023255813953500,0.000000000000000,0.000000000000000, ,{6C5ACEFD-9099-49BB-96C2-04851ABB86AB},3/07/2025 0:00:00, ,3/07/2025 0:00:00, ,No, ,3.000000000000000,Roy Trustee 2022 Ltd,Forest & Harvest Managers
{03DC98F3-1910-4D1D-8C01-BC0471BCBFCD},658.000000000000000,15/11.48,37.000000000000000,925.000000000000000,Yes,0.000000000000000,0.000000000000000,3.000000000000000,0.000000000000000,0.000000000000000,0.000000000000000,1.000000000000000,0.000000000000000,25/75,0.000000000000000,0.000000000000000,0.081081081081100,0.000000000000000,0.000000000000000,0.000000000000000,0.027027027027000,0.000000000000000, ,{5823714A-0A58-4D14-B7F2-DD7BFB168D55},4/07/2025 0:00:00, ,4/07/2025 0:00:00, ,Yes,Yes,12.000000000000000,Roy Trustee 2022 Ltd,Innovair
{2B282B53-0100-411B-AC94-06AFE9812479},680.000000000000000,25/11.85,43.000000000000000,1075.000000000000000,Yes,0.000000000000000,0.000000000000000,1.000000000000000,0.000000000000000,0.000000000000000,0.000000000000000,0.000000000000000,0.000000000000000,25/75,0.000000000000000,0.000000000000000,0.023255813953500,0.000000000000000,0.000000000000000,0.000000000000000,0.000000000000000,0.000000000000000, ,{5823714A-0A58-4D14-B7F2-DD7BFB168D55},4/07/2025 0:00:00, ,4/07/2025 0:00:00, ,No, ,3.000000000000000,Roy Trustee 2022 Ltd,Forest & Harvest Managers
{E10C4B99-7A07-4C97-90C2-457E12D3F8D1},619.000000000000000,15/11.48,42.000000000000000,1050.000000000000000,Yes,0.000000000000000,0.000000000000000,1.000000000000000,0.000000000000000,0.000000000000000,0.000000000000000,0.000000000000000,0.000000000000000,25/51,0.000000000000000,0.000000000000000,0.023809523809500,0.000000000000000,0.000000000000000,0.000000000000000,0.000000000000000,0.000000000000000, ,{7006BCF7-F477-4ECB-86F1-D72340D7E780},4/07/2025 0:00:00, ,4/07/2025 0:00:00, ,No, ,3.000000000000000,Roy Trustee 2022 Ltd,Forest & Harvest Managers
{D281A6CB-EE04-4620-9DE0-908B7C28650B},1652.000000000000000,25/11.85,35.000000000000000,875.000000000000000,Yes,0.000000000000000,0.000000000000000,1.000000000000000,0.000000000000000,0.000000000000000,0.000000000000000,0.000000000000000,0.000000000000000,25/57,0.000000000000000,0.000000000000000,0.028571428571400,0.000000000000000,0.000000000000000,0.000000000000000,0.000000000000000,0.000000000000000,4-5 trees lost with wind rows,{D58B9C17-0A1B-4DB6-AD20-2B04992B14EF},4/07/2025 0:00:00, ,4/07/2025 0:00:00, ,No,Yes,3.000000000000000,Roy Trustee 2022 Ltd,Forest View Contracting
{FF48FD02-6E66-4E41-A46A-6794477EBB4C},1658.000000000000000,10/11.37,37.000000000000000,925.000000000000000,Yes,0.000000000000000,0.000000000000000,1.000000000000000,0.000000000000000,0.000000000000000,0.000000000000000,0.000000000000000,0.000000000000000,25/57,0.000000000000000,0.000000000000000,0.027027027027000,0.000000000000000,0.000000000000000,0.000000000000000,0.000000000000000,0.000000000000000, ,{D58B9C17-0A1B-4DB6-AD20-2B04992B14EF},4/07/2025 0:00:00, ,4/07/2025 0:00:00, ,No, ,3.000000000000000,Roy Trustee 2022 Ltd,Forest View Contracting
{72320A47-7E3E-4497-B0D2-CE95B570D8D1},1662.000000000000000,15/11.48,40.000000000000000,1000.000000000000000,No,0.000000000000000,0.000000000000000,0.000000000000000,0.000000000000000,0.000000000000000,0.000000000000000,0.000000000000000,0.000000000000000,25/57,0.000000000000000,0.000000000000000,0.000000000000000,0.000000000000000,0.000000000000000,0.000000000000000,0.000000000000000,0.000000000000000, ,{D58B9C17-0A1B-4DB6-AD20-2B04992B14EF},4/07/2025 0:00:00, ,4/07/2025 0:00:00, ,No, ,0.000000000000000,Roy Trustee 2022 Ltd,Forest View Contracting
{AD37F668-1204-4D40-AF43-47BE409EA079},1646.000000000000000,30/12.13,37.000000000000000,925.000000000000000,Yes,0.000000000000000,0.000000000000000,1.000000000000000,0.000000000000000,0.000000000000000,0.000000000000000,0.000000000000000,0.000000000000000,25/57,0.000000000000000,0.000000000000000,0.027027027027000,0.000000000000000,0.000000000000000,0.000000000000000,0.000000000000000,0.000000000000000, ,{D58B9C17-0A1B-4DB6-AD20-2B04992B14EF},4/07/2025 0:00:00, ,4/07/2025 0:00:00, ,No, ,3.000000000000000,Roy Trustee 2022 Ltd,Forest View Contracting
{B33F9A6A-AEDA-4408-ACF7-1351F736432B},1650.000000000000000,15/11.48,41.000000000000000,1025.000000000000000,Yes,0.000000000000000,0.000000000000000,7.000000000000000,0.000000000000000,1.000000000000000,0.000000000000000,0.000000000000000,0.000000000000000,25/57,0.000000000000000,0.000000000000000,0.000000000000000,0.000000000000000,0.000000000000000,0.000000000000000,0.000000000000000,0.000000000000000,"Shit planting, lack of cultivation",{D58B9C17-0A1B-4DB6-AD20-2B04992B14EF},4/07/2025 0:00:00, ,4/07/2025 0:00:00, ,No, ,0.000000000000000,Roy Trustee 2022 Ltd,Forest View Contracting
{2F46EA61-7AA6-4063-9BE5-2F1C56154187},1660.000000000000000,15/11.48,38.000000000000000,950.000000000000000,No,0.000000000000000,0.000000000000000,0.000000000000000,0.000000000000000,0.000000000000000,0.000000000000000,0.000000000000000,0.000000000000000,25/57,0.000000000000000,0.000000000000000,0.000000000000000,0.000000000000000,0.000000000000000,0.000000000000000,0.000000000000000,0.000000000000000, ,{D58B9C17-0A1B-4DB6-AD20-2B04992B14EF},4/07/2025 0:00:00, ,4/07/2025 0:00:00, ,No, ,0.000000000000000,Roy Trustee 2022 Ltd,Forest View Contracting
{D21A4143-9BB2-4FF6-975A-29D216BFA191},618.000000000000000,20/11.64,43.000000000000000,1075.000000000000000,Yes,0.000000000000000,0.000000000000000,0.000000000000000,0.000000000000000,0.000000000000000,0.000000000000000,1.000000000000000,0.000000000000000,25/51,0.000000000000000,0.000000000000000,0.000000000000000,0.000000000000000,0.000000000000000,0.000000000000000,0.023255813953500,0.000000000000000, ,{2D3B84EA-6950-4444-AF1D-7812A17B2A7C},4/07/2025 0:00:00, ,4/07/2025 0:00:00, ,No, ,3.000000000000000,Roy Trustee 2022 Ltd,Forest & Harvest Managers
{54E12B1E-7917-426C-B92F-1C51884A399F},611.000000000000000,20/11.64,36.000000000000000,900.000000000000000,Yes,0.000000000000000,1.000000000000000,0.000000000000000,0.000000000000000,0.000000000000000,0.000000000000000,0.000000000000000,0.000000000000000,25/51,0.000000000000000,0.027777777777800,0.000000000000000,0.000000000000000,0.000000000000000,0.000000000000000,0.000000000000000,0.000000000000000, ,{2D3B84EA-6950-4444-AF1D-7812A17B2A7C},4/07/2025 0:00:00, ,4/07/2025 0:00:00, ,No, ,1.000000000000000,Roy Trustee 2022 Ltd,Forest & Harvest Managers
{07BA4ED9-F58D-4DA0-93D7-CE8228F31F1D},184.000000000000000,5/11.31,39.000000000000000,975.000000000000000,Yes,0.000000000000000,1.000000000000000,1.000000000000000,0.000000000000000,0.000000000000000,0.000000000000000,0.000000000000000,0.000000000000000,25/65,0.000000000000000,0.025641025641000,0.025641025641000,0.000000000000000,0.000000000000000,0.000000000000000,0.000000000000000,0.000000000000000, ,{509A704F-8D1F-4E48-BE1B-4D3836CA2596},6/07/2025 0:00:00, ,6/07/2025 0:00:00, ,No, ,4.000000000000000,Roy Trustee 2022 Ltd,Proforest
{90C9EEFB-3356-46CC-887A-537DA1ACA2C6},200.000000000000000,5/11.31,38.000000000000000,950.000000000000000,No,0.000000000000000,0.000000000000000,0.000000000000000,0.000000000000000,0.000000000000000,0.000000000000000,0.000000000000000,0.000000000000000,25/65,0.000000000000000,0.000000000000000,0.000000000000000,0.000000000000000,0.000000000000000,0.000000000000000,0.000000000000000,0.000000000000000, ,{BEFD1ADC-1201-4BA5-A446-536C88978083},6/07/2025 0:00:00, ,6/07/2025 0:00:00, ,No, ,0.000000000000000,Roy Trustee 2022 Ltd,Proforest
{28C89BE7-E250-4AA8-B16B-23024A86F562},196.000000000000000,10/11.37,38.000000000000000,950.000000000000000,Yes,0.000000000000000,0.000000000000000,0.000000000000000,0.000000000000000,0.000000000000000,0.000000000000000,1.000000000000000,0.000000000000000,25/65,0.000000000000000,0.000000000000000,0.000000000000000,0.000000000000000,0.000000000000000,0.000000000000000,0.026315789473700,0.000000000000000,First loose tree found. Was not finished of the cuts where open.,{33CA8C80-9873-4829-89F7-6545FA8BDA14},6/07/2025 0:00:00, ,6/07/2025 0:00:00, ,No, ,3.000000000000000,Roy Trustee 2022 Ltd,Proforest
{96EDABFF-A221-417D-85EE-73F50E9680B4},680.100000000000023,15/11.48,39.000000000000000,975.000000000000000,Yes,0.000000000000000,0.000000000000000,2.000000000000000,0.000000000000000,0.000000000000000,0.000000000000000,0.000000000000000,0.000000000000000,25/75,0.000000000000000,0.000000000000000,0.076923076923100,0.000000000000000,0.000000000000000,0.000000000000000,0.000000000000000,0.000000000000000,"One of roots up due to roots wrapped around tap root. Seen improvement in planting this morning, have spoken to makea and brendon about what we expect.",{E160589E-AA9D-48AD-BCCF-DB2E3385F7FC},6/07/2025 0:00:00, ,6/07/2025 0:00:00, ,Yes, ,6.000000000000000,Roy Trustee 2022 Ltd,Innovair
{ABAF9341-B649-486F-BC86-4988854C8D84},220.000000000000000,15/11.48,42.000000000000000,1050.000000000000000,Yes,0.000000000000000,1.000000000000000,0.000000000000000,1.000000000000000,0.000000000000000,0.000000000000000,0.000000000000000,0.000000000000000,2565,0.000000000000000,0.023809523809500,0.000000000000000,0.023809523809500,0.000000000000000,0.000000000000000,0.000000000000000,0.000000000000000, ,{77D4370C-9C02-4070-AC21-A56BC475141D},6/07/2025 0:00:00, ,6/07/2025 0:00:00, ,No, ,2.000000000000000,Roy Trustee 2022 Ltd,Proforest
{944B9711-186C-40C2-9B69-8C163B76D6FF},222.000000000000000,10/11.37,44.000000000000000,1100.000000000000000,Yes,0.000000000000000,1.000000000000000,0.000000000000000,0.000000000000000,0.000000000000000,0.000000000000000,0.000000000000000,0.000000000000000,2565,0.000000000000000,0.022727272727300,0.000000000000000,0.000000000000000,0.000000000000000,0.000000000000000,0.000000000000000,0.000000000000000, ,{77D4370C-9C02-4070-AC21-A56BC475141D},6/07/2025 0:00:00, ,6/07/2025 0:00:00, ,No, ,1.000000000000000,Roy Trustee 2022 Ltd,Proforest
{D10CFC52-16B8-40BF-B646-86F0D080FC9F},226.000000000000000,15/11.48,44.000000000000000,1100.000000000000000,Yes,2.000000000000000,1.000000000000000,0.000000000000000,0.000000000000000,0.000000000000000,0.000000000000000,0.000000000000000,0.000000000000000,2565,0.001818181818180,0.000909090909091,0.000000000000000,0.000000000000000,0.000000000000000,0.000000000000000,0.000000000000000,0.000000000000000, ,{77D4370C-9C02-4070-AC21-A56BC475141D},6/07/2025 0:00:00, ,24/07/2025 0:00:00,ScarlettMichelle,No,Yes,3.000000000000000,Roy Trustee 2022 Ltd,Proforest
{4F4A109D-0131-4E14-8C30-2AAF4238B78E},218.000000000000000,10/11.37,44.000000000000000,1100.000000000000000,Yes,1.000000000000000,0.000000000000000,0.000000000000000,0.000000000000000,0.000000000000000,0.000000000000000,0.000000000000000,0.000000000000000,2565,0.022727272727300,0.000000000000000,0.000000000000000,0.000000000000000,0.000000000000000,0.000000000000000,0.000000000000000,0.000000000000000, ,{77D4370C-9C02-4070-AC21-A56BC475141D},6/07/2025 0:00:00, ,6/07/2025 0:00:00, ,No, ,1.000000000000000,Roy Trustee 2022 Ltd,Proforest
{380E7302-F1E8-47B4-97EC-D460385C7DC8},210.000000000000000,15/11.48,40.000000000000000,1000.000000000000000,Yes,0.000000000000000,1.000000000000000,0.000000000000000,0.000000000000000,0.000000000000000,0.000000000000000,0.000000000000000,0.000000000000000,2565,0.000000000000000,0.025000000000000,0.000000000000000,0.000000000000000,0.000000000000000,0.000000000000000,0.000000000000000,0.000000000000000, ,{77D4370C-9C02-4070-AC21-A56BC475141D},6/07/2025 0:00:00, ,6/07/2025 0:00:00, ,No, ,1.000000000000000,Roy Trustee 2022 Ltd,Proforest
{C3D6F4EE-11F2-4948-80A2-298865798069},124.000000000000000,0/11.31,39.000000000000000,975.000000000000000,No,0.000000000000000,0.000000000000000,0.000000000000000,0.000000000000000,0.000000000000000,0.000000000000000,0.000000000000000,0.000000000000000,25/65,0.000000000000000,0.000000000000000,0.000000000000000,0.000000000000000,0.000000000000000,0.000000000000000,0.000000000000000,0.000000000000000, ,{D3CA6465-8475-4C3C-8194-582B063FFB2E},6/07/2025 0:00:00, ,6/07/2025 0:00:00, ,No, ,0.000000000000000,Roy Trustee 2022 Ltd,Proforest
{8BED22E6-AE77-4C92-B482-EE817B9C6193},126.000000000000000,0/11.31,42.000000000000000,1050.000000000000000,Yes,0.000000000000000,0.000000000000000,1.000000000000000,0.000000000000000,0.000000000000000,0.000000000000000,0.000000000000000,0.000000000000000,25/65,0.000000000000000,0.000000000000000,0.023809523809500,0.000000000000000,0.000000000000000,0.000000000000000,0.000000000000000,0.000000000000000, ,{3C7D83DD-19D0-4EBD-AB1D-DD97EAE28859},6/07/2025 0:00:00, ,6/07/2025 0:00:00, ,No, ,3.000000000000000,Roy Trustee 2022 Ltd,Proforest
{92B49F61-7F2E-41AF-84E7-9A655F2DD1CC},124.000000000000000,0/11.31,40.000000000000000,1000.000000000000000,Yes,0.000000000000000,0.000000000000000,1.000000000000000,0.000000000000000,0.000000000000000,0.000000000000000,0.000000000000000,0.000000000000000,25/65,0.000000000000000,0.000000000000000,0.025000000000000,0.000000000000000,0.000000000000000,0.000000000000000,0.000000000000000,0.000000000000000, ,{99EAD705-9A26-48EE-9891-E975FA33100A},6/07/2025 0:00:00, ,6/07/2025 0:00:00, ,No, ,3.000000000000000,Roy Trustee 2022 Ltd,Proforest
{83B2E293-6A69-4DCD-8481-AB26B57A1CC6},2574.000000000000000,15/11.48,37.000000000000000,925.000000000000000,Yes,0.000000000000000,1.000000000000000,0.000000000000000,0.000000000000000,0.000000000000000,0.000000000000000,0.000000000000000,0.000000000000000,25/2,0.000000000000000,0.027027027027000,0.000000000000000,0.000000000000000,0.000000000000000,0.000000000000000,0.000000000000000,0.000000000000000, ,{A391D760-8A52-40B6-9161-0FAAAB79D102},6/07/2025 0:00:00, ,6/07/2025 0:00:00, ,No, ,1.000000000000000,Roy Trustee 2022 Ltd,Johnson Forestry Services
{D036D0B2-3028-4848-B4FA-E91A2BF70142},132.000000000000000,5/11.31,39.000000000000000,975.000000000000000,Yes,1.000000000000000,0.000000000000000,0.000000000000000,0.000000000000000,0.000000000000000,0.000000000000000,0.000000000000000,0.000000000000000,25/65,0.025641025641000,0.000000000000000,0.000000000000000,0.000000000000000,0.000000000000000,0.000000000000000,0.000000000000000,0.000000000000000, ,{F8A78C6A-965F-403A-89E6-0EB48B2FD953},7/07/2025 0:00:00, ,7/07/2025 0:00:00, ,No, ,1.000000000000000,Roy Trustee 2022 Ltd,Proforest
{A8D4AB12-3BD1-4789-96EC-18CDE53FEF2E},140.000000000000000,5/11.31,39.000000000000000,975.000000000000000,No,0.000000000000000,0.000000000000000,0.000000000000000,0.000000000000000,0.000000000000000,0.000000000000000,0.000000000000000,0.000000000000000,25/65,0.000000000000000,0.000000000000000,0.000000000000000,0.000000000000000,0.000000000000000,0.000000000000000,0.000000000000000,0.000000000000000,Good plot.,{048E4222-69AD-4654-A926-55DA09ED0B17},7/07/2025 0:00:00, ,7/07/2025 0:00:00, ,No, ,0.000000000000000,Roy Trustee 2022 Ltd,Proforest
{4AB37139-DB3F-4B8D-97E7-4D5CAEAFEC7B},142.000000000000000,5/11.31,39.000000000000000,975.000000000000000,No,0.000000000000000,0.000000000000000,0.000000000000000,0.000000000000000,0.000000000000000,0.000000000000000,0.000000000000000,0.000000000000000,25/65,0.000000000000000,0.000000000000000,0.000000000000000,0.000000000000000,0.000000000000000,0.000000000000000,0.000000000000000,0.000000000000000, ,{AD6B018A-78A1-4C77-8A1C-29B590464D6D},7/07/2025 0:00:00, ,7/07/2025 0:00:00, ,No, ,0.000000000000000,Roy Trustee 2022 Ltd,Proforest
{14EA5276-C66A-4404-AC71-A8E0CFCD3C3B},160.000000000000000,25/11.85,44.000000000000000,1100.000000000000000,Yes,1.000000000000000,0.000000000000000,0.000000000000000,0.000000000000000,0.000000000000000,0.000000000000000,0.000000000000000,0.000000000000000,25/65,0.022727272727300,0.000000000000000,0.000000000000000,0.000000000000000,0.000000000000000,0.000000000000000,0.000000000000000,0.000000000000000,Step face.,{0B3FB1D3-651D-4E42-8754-B509455E6E82},7/07/2025 0:00:00, ,7/07/2025 0:00:00, ,No, ,1.000000000000000,Roy Trustee 2022 Ltd,Proforest
{6BFA8325-FD4D-455D-B3A5-9470C87A772A},174.000000000000000,5/11.31,44.000000000000000,1100.000000000000000,No,0.000000000000000,0.000000000000000,0.000000000000000,0.000000000000000,0.000000000000000,0.000000000000000,0.000000000000000,0.000000000000000,25/65,0.000000000000000,0.000000000000000,0.000000000000000,0.000000000000000,0.000000000000000,0.000000000000000,0.000000000000000,0.000000000000000,On way to plot checked small creek asked them to remive trees. Set back to close.,{526E775E-FB54-4BE0-AC23-8D6573DCB921},7/07/2025 0:00:00, ,7/07/2025 0:00:00, ,No, ,0.000000000000000,Roy Trustee 2022 Ltd,Proforest
{CCFE435C-86D9-4873-938C-DCE1D1FB60E5},172.000000000000000,5/11.31,42.000000000000000,1050.000000000000000,Yes,1.000000000000000,1.000000000000000,0.000000000000000,0.000000000000000,0.000000000000000,0.000000000000000,0.000000000000000,0.000000000000000,25/65,0.023809523809500,0.023809523809500,0.000000000000000,0.000000000000000,0.000000000000000,0.000000000000000,0.000000000000000,0.000000000000000, ,{94AEB049-86E6-4CF8-BD41-AAA1D79A1585},7/07/2025 0:00:00, ,7/07/2025 0:00:00, ,No, ,2.000000000000000,Roy Trustee 2022 Ltd,Proforest
{C0700B2A-E269-4855-87A8-D68B4BB9F39C},1654.000000000000000,15/11.48,36.000000000000000,900.000000000000000,Yes,0.000000000000000,0.000000000000000,1.000000000000000,0.000000000000000,0.000000000000000,0.000000000000000,0.000000000000000,0.000000000000000,25/57,0.000000000000000,0.000000000000000,0.027777777777800,0.000000000000000,0.000000000000000,0.000000000000000,0.000000000000000,0.000000000000000,Some areas requirjng spot planting due to tussock and rocks hence lower stocking,{A9859AF4-8CF8-4E5F-9B36-0D142AB997E8},7/07/2025 0:00:00, ,7/07/2025 0:00:00, ,No, ,3.000000000000000,Roy Trustee 2022 Ltd,Forest View Contracting
{E9210614-3A64-4061-872E-16C267384318},1638.000000000000000,10/11.37,39.000000000000000,975.000000000000000,Yes,0.000000000000000,2.000000000000000,1.000000000000000,0.000000000000000,0.000000000000000,0.000000000000000,0.000000000000000,0.000000000000000,25/57,0.000000000000000,0.051282051282100,0.025641025641000,0.000000000000000,0.000000000000000,0.000000000000000,0.000000000000000,0.000000000000000, ,{A9859AF4-8CF8-4E5F-9B36-0D142AB997E8},7/07/2025 0:00:00, ,7/07/2025 0:00:00, ,No, ,5.000000000000000,Roy Trustee 2022 Ltd,Forest View Contracting
{EF78356A-E866-474E-99F6-4C57FE970422},1644.000000000000000,15/11.48,36.000000000000000,900.000000000000000,Yes,0.000000000000000,0.000000000000000,1.000000000000000,0.000000000000000,0.000000000000000,0.000000000000000,0.000000000000000,0.000000000000000,25/57,0.000000000000000,0.000000000000000,0.027777777777800,0.000000000000000,0.000000000000000,0.000000000000000,0.000000000000000,0.000000000000000,Low stocking due to tussock and rocks,{A9859AF4-8CF8-4E5F-9B36-0D142AB997E8},7/07/2025 0:00:00, ,7/07/2025 0:00:00, ,No, ,3.000000000000000,Roy Trustee 2022 Ltd,Forest View Contracting
{57FC9F61-05BB-4CE2-82B2-1509F4A3A43D},1600.000000000000000,5/11.31,42.000000000000000,1050.000000000000000,Yes,0.000000000000000,1.000000000000000,0.000000000000000,0.000000000000000,0.000000000000000,0.000000000000000,0.000000000000000,0.000000000000000,25/57,0.000000000000000,0.023809523809500,0.000000000000000,0.000000000000000,0.000000000000000,0.000000000000000,0.000000000000000,0.000000000000000, ,{A9859AF4-8CF8-4E5F-9B36-0D142AB997E8},7/07/2025 0:00:00, ,7/07/2025 0:00:00, ,No, ,1.000000000000000,Roy Trustee 2022 Ltd,Forest View Contracting
{097B73AD-D541-45D8-BF06-1DBF13D12368},1190.000000000000000,20/11.64,40.000000000000000,1000.000000000000000,Yes,0.000000000000000,0.000000000000000,1.000000000000000,0.000000000000000,0.000000000000000,0.000000000000000,0.000000000000000,0.000000000000000,25/64,0.000000000000000,0.000000000000000,0.025000000000000,0.000000000000000,0.000000000000000,0.000000000000000,0.000000000000000,0.000000000000000, ,{B23E4CF2-9B96-4278-99F5-3DAFA492C2CC},7/07/2025 0:00:00, ,7/07/2025 0:00:00, ,No, ,3.000000000000000,Roy Trustee 2022 Ltd,Proforest
{25723C38-41AC-488C-A30B-0F579A483335},1220.000000000000000,20/11.64,38.000000000000000,950.000000000000000,Yes,0.000000000000000,3.000000000000000,1.000000000000000,0.000000000000000,0.000000000000000,0.000000000000000,0.000000000000000,0.000000000000000,25/64,0.000000000000000,0.078947368421100,0.026315789473700,0.000000000000000,0.000000000000000,0.000000000000000,0.000000000000000,0.000000000000000, ,{B23E4CF2-9B96-4278-99F5-3DAFA492C2CC},7/07/2025 0:00:00, ,7/07/2025 0:00:00, ,No, ,6.000000000000000,Roy Trustee 2022 Ltd,Proforest
{24B81228-B98B-47DB-A377-2A897988F63B},1204.000000000000000,25/11.85,42.000000000000000,1050.000000000000000,No,0.000000000000000,0.000000000000000,0.000000000000000,0.000000000000000,0.000000000000000,0.000000000000000,0.000000000000000,0.000000000000000,25/64,0.000000000000000,0.000000000000000,0.000000000000000,0.000000000000000,0.000000000000000,0.000000000000000,0.000000000000000,0.000000000000000, ,{B23E4CF2-9B96-4278-99F5-3DAFA492C2CC},7/07/2025 0:00:00, ,7/07/2025 0:00:00, ,No, ,0.000000000000000,Roy Trustee 2022 Ltd,Proforest
{F0B56D97-95AA-4794-B713-DEBF08710D0E},702.100000000000023,10/11.37,40.000000000000000,0.000000000000000,Yes,0.000000000000000,0.000000000000000,1.000000000000000,0.000000000000000,0.000000000000000,0.000000000000000,0.000000000000000,0.000000000000000,25/75,0.000000000000000,0.000000000000000,0.025000000000000,0.000000000000000,0.000000000000000,0.000000000000000,0.000000000000000,0.000000000000000,"Much better planting, a good improvment to see.",{28E12368-4A41-48AF-ADC3-442E9D5EBABC},7/07/2025 0:00:00, ,7/07/2025 0:00:00, ,No, ,3.000000000000000,Roy Trustee 2022 Ltd,Innovair
{9CF5F1DF-49E1-4317-BF80-B6E2AFE79D24},648.000000000000000,15/11.48,44.000000000000000,1100.000000000000000,No,0.000000000000000,0.000000000000000,0.000000000000000,0.000000000000000,0.000000000000000,0.000000000000000,0.000000000000000,0.000000000000000,25/51,0.000000000000000,0.000000000000000,0.000000000000000,0.000000000000000,0.000000000000000,0.000000000000000,0.000000000000000,0.000000000000000, ,{C7DCFC04-EFDF-4356-B912-129730F633DC},7/07/2025 0:00:00, ,7/07/2025 0:00:00, ,No, ,0.000000000000000,Roy Trustee 2022 Ltd,Forest & Harvest Managers
{FBCC70F4-5A7B-4058-B4D3-2A91E01E3557},630.000000000000000,40/12.92,43.000000000000000,1075.000000000000000,Yes,1.000000000000000,1.000000000000000,0.000000000000000,0.000000000000000,0.000000000000000,0.000000000000000,0.000000000000000,1.000000000000000,25/51,0.023255813953500,0.023255813953500,0.000000000000000,0.000000000000000,0.000000000000000,0.000000000000000,0.000000000000000,0.023255813953500,   Spaciing one out of line between rows,{C7DCFC04-EFDF-4356-B912-129730F633DC},7/07/2025 0:00:00, ,7/07/2025 0:00:00, ,No, ,5.000000000000000,Roy Trustee 2022 Ltd,Forest & Harvest Managers
{860CEF8C-5FB2-454E-8DBF-5C137CC97F96},704.000000000000000,15/11.48,40.000000000000000,1000.000000000000000,Yes,1.000000000000000,1.000000000000000,0.000000000000000,0.000000000000000,0.000000000000000,0.000000000000000,0.000000000000000,0.000000000000000,25/75,0.025000000000000,0.025000000000000,0.000000000000000,0.000000000000000,0.000000000000000,0.000000000000000,0.000000000000000,0.000000000000000, ,{1451B435-7E20-4C7F-8F06-DACD14669602},7/07/2025 0:00:00, ,7/07/2025 0:00:00, ,No, ,2.000000000000000,Roy Trustee 2022 Ltd,Innovair
{741A8433-F683-4C0D-B6D5-330AD44DDF4C},678.000000000000000,15/11.48,37.000000000000000,925.000000000000000,Yes,0.000000000000000,0.000000000000000,1.000000000000000,0.000000000000000,0.000000000000000,0.000000000000000,0.000000000000000,0.000000000000000,25/75,0.000000000000000,0.000000000000000,0.027027027027000,0.000000000000000,0.000000000000000,0.000000000000000,0.000000000000000,0.000000000000000, ,{1451B435-7E20-4C7F-8F06-DACD14669602},7/07/2025 0:00:00, ,7/07/2025 0:00:00, ,No, ,3.000000000000000,Roy Trustee 2022 Ltd,Innovair
{2E797817-41AC-4F5C-859B-964DAAEF7D69},658.000000000000000,15/11.48,39.000000000000000,975.000000000000000,Yes,0.000000000000000,0.000000000000000,1.000000000000000,0.000000000000000,0.000000000000000,0.000000000000000,0.000000000000000,0.000000000000000,25/75,0.000000000000000,0.000000000000000,0.025641025641000,0.000000000000000,0.000000000000000,0.000000000000000,0.000000000000000,0.000000000000000, ,{1451B435-7E20-4C7F-8F06-DACD14669602},7/07/2025 0:00:00, ,7/07/2025 0:00:00, ,Yes, ,3.000000000000000,Roy Trustee 2022 Ltd,Innovair
{E6C14BD6-9615-4B28-93B4-F091B96CC1E3},631.000000000000000,25/11.85,43.000000000000000,1075.000000000000000,Yes,0.000000000000000,0.000000000000000,1.000000000000000,0.000000000000000,0.000000000000000,0.000000000000000,0.000000000000000,0.000000000000000,25/51,0.000000000000000,0.000000000000000,0.023255813953500,0.000000000000000,0.000000000000000,0.000000000000000,0.000000000000000,0.000000000000000, ,{CE18366A-4004-4B99-999F-9F33EBE2B83E},7/07/2025 0:00:00, ,7/07/2025 0:00:00, ,No, ,3.000000000000000,Roy Trustee 2022 Ltd,Forest & Harvest Managers
{BF3CA7BE-A1CD-467A-94DD-522E6448044E},617.000000000000000,25/11.85,44.000000000000000,1100.000000000000000,Yes,0.000000000000000,1.000000000000000,0.000000000000000,0.000000000000000,0.000000000000000,0.000000000000000,1.000000000000000,0.000000000000000,25/51,0.000000000000000,0.022727272727300,0.000000000000000,0.000000000000000,0.000000000000000,0.000000000000000,0.022727272727300,0.000000000000000, ,{CE18366A-4004-4B99-999F-9F33EBE2B83E},7/07/2025 0:00:00, ,7/07/2025 0:00:00, ,No, ,4.000000000000000,Roy Trustee 2022 Ltd,Forest & Harvest Managers
{41E4DF8A-CBB8-402A-9137-F743B89BD778},788.000000000000000,25/11.85,42.000000000000000,1050.000000000000000,No,0.000000000000000,0.000000000000000,0.000000000000000,0.000000000000000,0.000000000000000,0.000000000000000,0.000000000000000,0.000000000000000,25/5,0.000000000000000,0.000000000000000,0.000000000000000,0.000000000000000,0.000000000000000,0.000000000000000,0.000000000000000,0.000000000000000, ,{081B2E82-2AB9-4AA3-B4CC-0FB56DD2976C},7/07/2025 0:00:00, ,7/07/2025 0:00:00, ,No, ,0.000000000000000,Roy Trustee 2022 Ltd,Johnson Forestry Services
{61CE308A-D3B6-48C3-8ACC-0E742E097D14},68.000000000000000,15/11.48,40.000000000000000,1000.000000000000000,Yes,1.000000000000000,0.000000000000000,0.000000000000000,0.000000000000000,1.000000000000000,0.000000000000000,0.000000000000000,0.000000000000000,25/5,0.025000000000000,0.000000000000000,0.000000000000000,0.000000000000000,0.025000000000000,0.000000000000000,0.000000000000000,0.000000000000000, ,{081B2E82-2AB9-4AA3-B4CC-0FB56DD2976C},7/07/2025 0:00:00, ,7/07/2025 0:00:00, ,No, ,4.000000000000000,Roy Trustee 2022 Ltd,Johnson Forestry Services
{7ED5E3F8-5D42-47D2-A435-053DE8556849},786.000000000000000,20/11.64,42.000000000000000,1050.000000000000000,Yes,0.000000000000000,0.000000000000000,1.000000000000000,0.000000000000000,0.000000000000000,0.000000000000000,0.000000000000000,0.000000000000000,25/5,0.000000000000000,0.000000000000000,0.023809523809500,0.000000000000000,0.000000000000000,0.000000000000000,0.000000000000000,0.000000000000000,Long roots on most trees in plot,{081B2E82-2AB9-4AA3-B4CC-0FB56DD2976C},7/07/2025 0:00:00, ,7/07/2025 0:00:00, ,No, ,3.000000000000000,Roy Trustee 2022 Ltd,Johnson Forestry Services
{7D1C73FB-DBB1-4910-9015-A04F6790BB95},796.000000000000000,15/11.48,39.000000000000000,0.000000000000000,No,0.000000000000000,0.000000000000000,0.000000000000000,0.000000000000000,0.000000000000000,0.000000000000000,0.000000000000000,0.000000000000000,25/5,0.000000000000000,0.000000000000000,0.000000000000000,0.000000000000000,0.000000000000000,0.000000000000000,0.000000000000000,0.000000000000000, ,{081B2E82-2AB9-4AA3-B4CC-0FB56DD2976C},7/07/2025 0:00:00, ,7/07/2025 0:00:00, ,No, ,0.000000000000000,Roy Trustee 2022 Ltd,Johnson Forestry Services
{76AF431A-4E7B-4EF7-878A-0AA45B5553E5},798.000000000000000,20/11.64,39.000000000000000,975.000000000000000,No,0.000000000000000,0.000000000000000,0.000000000000000,0.000000000000000,0.000000000000000,0.000000000000000,0.000000000000000,0.000000000000000,25/5,0.000000000000000,0.000000000000000,0.000000000000000,0.000000000000000,0.000000000000000,0.000000000000000,0.000000000000000,0.000000000000000, ,{081B2E82-2AB9-4AA3-B4CC-0FB56DD2976C},7/07/2025 0:00:00, ,7/07/2025 0:00:00, ,No, ,0.000000000000000,Roy Trustee 2022 Ltd,Johnson Forestry Services
{A7FDA060-58D1-4DB2-9BF8-A49C6D2C5A61},186.000000000000000,10/11.37,36.000000000000000,900.000000000000000,No,0.000000000000000,0.000000000000000,0.000000000000000,0.000000000000000,0.000000000000000,0.000000000000000,0.000000000000000,0.000000000000000,25/65,0.000000000000000,0.000000000000000,0.000000000000000,0.000000000000000,0.000000000000000,0.000000000000000,0.000000000000000,0.000000000000000,Good plot. Light due to fence along edge.,{F2486CA8-2C4C-42C1-B547-6BA166004FF8},7/07/2025 0:00:00, ,7/07/2025 0:00:00, ,No, ,0.000000000000000,Roy Trustee 2022 Ltd,Proforest
{E1182C27-8D61-49D6-8FA6-425107EEF280},188.000000000000000,5/11.31,42.000000000000000,1050.000000000000000,Yes,0.000000000000000,0.000000000000000,0.000000000000000,0.000000000000000,1.000000000000000,0.000000000000000,0.000000000000000,0.000000000000000,25/65,0.000000000000000,0.000000000000000,0.000000000000000,0.000000000000000,0.023809523809500,0.000000000000000,0.000000000000000,0.000000000000000,Tree had very long roots.,{4512A959-8F5D-4410-BBB5-93FED466F259},7/07/2025 0:00:00, ,7/07/2025 0:00:00, ,No, ,3.000000000000000,Roy Trustee 2022 Ltd,Proforest
{F75FF737-BE4D-43D9-89CE-B548BC9A7BC0},208.000000000000000,0/11.31,44.000000000000000,1100.000000000000000,No,0.000000000000000,0.000000000000000,0.000000000000000,0.000000000000000,0.000000000000000,0.000000000000000,0.000000000000000,0.000000000000000,25/65,0.000000000000000,0.000000000000000,0.000000000000000,0.000000000000000,0.000000000000000,0.000000000000000,0.000000000000000,0.000000000000000, ,{846E1EDE-2CCE-40C2-B312-4BF9D5F5EBC7},7/07/2025 0:00:00, ,7/07/2025 0:00:00, ,No, ,0.000000000000000,Roy Trustee 2022 Ltd,Proforest
{0F9BBB81-BD83-4EA2-86F3-F714F1D574F6},862.000000000000000,15/11.48,37.000000000000000,925.000000000000000,Yes,0.000000000000000,1.000000000000000,1.000000000000000,0.000000000000000,0.000000000000000,0.000000000000000,0.000000000000000,0.000000000000000,25/6,0.000000000000000,0.027027027027000,0.027027027027000,0.000000000000000,0.000000000000000,0.000000000000000,0.000000000000000,0.000000000000000, ,{DAEE0114-DE4F-4DDC-8540-505B7AFB03EC},8/07/2025 0:00:00, ,8/07/2025 0:00:00, ,No, ,4.000000000000000,Roy Trustee 2022 Ltd,Johnson Forestry Services
{6AB15E2D-84A0-4299-90CF-67AA2FEC5F60},862.100000000000023,15/11.48,42.000000000000000,1050.000000000000000,Yes,0.000000000000000,0.000000000000000,1.000000000000000,0.000000000000000,0.000000000000000,0.000000000000000,0.000000000000000,0.000000000000000,25/6,0.000000000000000,0.000000000000000,0.023809523809500,0.000000000000000,0.000000000000000,0.000000000000000,0.000000000000000,0.000000000000000, ,{DAEE0114-DE4F-4DDC-8540-505B7AFB03EC},8/07/2025 0:00:00, ,8/07/2025 0:00:00, ,No, ,3.000000000000000,Roy Trustee 2022 Ltd,Johnson Forestry Services
{A6990770-9508-4332-8E8A-7AF4F6CEC44E},874.000000000000000,15/11.48,42.000000000000000,1050.000000000000000,Yes,0.000000000000000,0.000000000000000,1.000000000000000,0.000000000000000,0.000000000000000,0.000000000000000,0.000000000000000,0.000000000000000,25/6,0.000000000000000,0.000000000000000,0.023809523809500,0.000000000000000,0.000000000000000,0.000000000000000,0.000000000000000,0.000000000000000, ,{DAEE0114-DE4F-4DDC-8540-505B7AFB03EC},8/07/2025 0:00:00, ,8/07/2025 0:00:00, ,No, ,3.000000000000000,Roy Trustee 2022 Ltd,Johnson Forestry Services
{996F9174-5523-4279-AEC7-82737C166B9D},858.000000000000000,15/11.48,42.000000000000000,1050.000000000000000,Yes,0.000000000000000,0.000000000000000,0.000000000000000,0.000000000000000,0.000000000000000,0.000000000000000,2.000000000000000,0.000000000000000,25/6,0.000000000000000,0.000000000000000,0.000000000000000,0.000000000000000,0.000000000000000,0.000000000000000,0.047619047619000,0.000000000000000, ,{DAEE0114-DE4F-4DDC-8540-505B7AFB03EC},8/07/2025 0:00:00, ,8/07/2025 0:00:00, ,No, ,6.000000000000000,Roy Trustee 2022 Ltd,Johnson Forestry Services
{A17C5C74-2CBC-4069-B784-BF9244D9A765},850.000000000000000,15/11.48,42.000000000000000,1050.000000000000000,No,0.000000000000000,0.000000000000000,0.000000000000000,0.000000000000000,0.000000000000000,0.000000000000000,0.000000000000000,0.000000000000000,25/6,0.000000000000000,0.000000000000000,0.000000000000000,0.000000000000000,0.000000000000000,0.000000000000000,0.000000000000000,0.000000000000000, ,{DAEE0114-DE4F-4DDC-8540-505B7AFB03EC},8/07/2025 0:00:00, ,8/07/2025 0:00:00, ,No, ,0.000000000000000,Roy Trustee 2022 Ltd,Johnson Forestry Services
{59D16DF4-4A11-4A30-8171-E833B466282F},836.000000000000000,15/11.48,39.000000000000000,975.000000000000000,Yes,1.000000000000000,0.000000000000000,1.000000000000000,0.000000000000000,0.000000000000000,0.000000000000000,0.000000000000000,0.000000000000000,25/6,0.025641025641000,0.000000000000000,0.025641025641000,0.000000000000000,0.000000000000000,0.000000000000000,0.000000000000000,0.000000000000000, ,{DAEE0114-DE4F-4DDC-8540-505B7AFB03EC},8/07/2025 0:00:00, ,8/07/2025 0:00:00, ,No, ,4.000000000000000,Roy Trustee 2022 Ltd,Johnson Forestry Services
{BA1D7385-FA13-42B4-A511-E2E9F97B2904},16.000000000000000,20/11.64,40.000000000000000,1000.000000000000000,No,0.000000000000000,0.000000000000000,0.000000000000000,0.000000000000000,0.000000000000000,0.000000000000000,0.000000000000000,0.000000000000000,25/6,0.000000000000000,0.000000000000000,0.000000000000000,0.000000000000000,0.000000000000000,0.000000000000000,0.000000000000000,0.000000000000000, ,{DAEE0114-DE4F-4DDC-8540-505B7AFB03EC},8/07/2025 0:00:00, ,8/07/2025 0:00:00, ,No, ,0.000000000000000,Roy Trustee 2022 Ltd,Johnson Forestry Services
{8FD8BC40-2EF1-4988-9300-2B0A8673C370},164.000000000000000,10/11.37,36.000000000000000,900.000000000000000,No,0.000000000000000,0.000000000000000,0.000000000000000,0.000000000000000,0.000000000000000,0.000000000000000,0.000000000000000,0.000000000000000,25/65,0.000000000000000,0.000000000000000,0.000000000000000,0.000000000000000,0.000000000000000,0.000000000000000,0.000000000000000,0.000000000000000,Row change in plot. Will bting back and fill.,{D5136ED5-64D8-484F-9268-4DC0F9CE3D03},8/07/2025 0:00:00, ,8/07/2025 0:00:00, ,No, ,0.000000000000000,Roy Trustee 2022 Ltd,Proforest
{5E239207-9F08-4E5B-8448-7AB2DE2B51E4},162.000000000000000,15/11.48,41.000000000000000,1025.000000000000000,Yes,1.000000000000000,0.000000000000000,1.000000000000000,0.000000000000000,0.000000000000000,0.000000000000000,0.000000000000000,0.000000000000000,25/65,0.024390243902400,0.000000000000000,0.024390243902400,0.000000000000000,0.000000000000000,0.000000000000000,0.000000000000000,0.000000000000000, ,{2D06E6F7-0818-4E6E-A630-343DDFDCD6A7},8/07/2025 0:00:00, ,8/07/2025 0:00:00, ,No, ,4.000000000000000,Roy Trustee 2022 Ltd,Proforest
{702BB17B-E9AF-4E1D-89B8-9A01B32989A0},176.000000000000000,5/11.31,43.000000000000000,1075.000000000000000,Yes,0.000000000000000,1.000000000000000,0.000000000000000,0.000000000000000,0.000000000000000,0.000000000000000,0.000000000000000,0.000000000000000,25/65,0.000000000000000,0.023255813953500,0.000000000000000,0.000000000000000,0.000000000000000,0.000000000000000,0.000000000000000,0.000000000000000, ,{F3B8ED65-BD7E-41AB-BAFA-38A5E2601CAE},8/07/2025 0:00:00, ,8/07/2025 0:00:00, ,No, ,1.000000000000000,Roy Trustee 2022 Ltd,Proforest
{D4BD9D92-13AE-4D30-AA0F-68F3F483041A},190.000000000000000,5/11.31,46.000000000000000,1150.000000000000000,Yes,0.000000000000000,1.000000000000000,0.000000000000000,0.000000000000000,0.000000000000000,0.000000000000000,0.000000000000000,3.000000000000000,25/65,0.000000000000000,0.021739130434800,0.000000000000000,0.000000000000000,0.000000000000000,0.000000000000000,0.000000000000000,0.000000000000000,6 rows to close will need replanted,{5881AFA3-B907-4069-928E-5263DC929FC1},8/07/2025 0:00:00, ,8/07/2025 0:00:00, ,No,Yes,10.000000000000000,Roy Trustee 2022 Ltd,Proforest
{4DB2B992-8981-483A-91BB-59FA56E0758B},1612.000000000000000,10/11.37,41.000000000000000,1025.000000000000000,Yes,0.000000000000000,0.000000000000000,1.000000000000000,0.000000000000000,0.000000000000000,1.000000000000000,0.000000000000000,0.000000000000000,25/57,0.000000000000000,0.000000000000000,0.024390243902400,0.000000000000000,0.000000000000000,0.024390243902400,0.000000000000000,0.000000000000000, ,{35E82D72-FEB3-498D-A175-A25C2182D592},8/07/2025 0:00:00, ,8/07/2025 0:00:00, ,No, ,6.000000000000000,Roy Trustee 2022 Ltd,Forest View Contracting
{6B9FD746-31EB-448F-9D41-455FDCE5E6EC},1598.000000000000000,15/11.48,40.000000000000000,1000.000000000000000,Yes,0.000000000000000,0.000000000000000,0.000000000000000,0.000000000000000,1.000000000000000,0.000000000000000,0.000000000000000,0.000000000000000,25/57,0.000000000000000,0.000000000000000,0.000000000000000,0.000000000000000,0.025000000000000,0.000000000000000,0.000000000000000,0.000000000000000, ,{35E82D72-FEB3-498D-A175-A25C2182D592},8/07/2025 0:00:00, ,8/07/2025 0:00:00, ,No, ,3.000000000000000,Roy Trustee 2022 Ltd,Forest View Contracting
{D2EBD1D9-39F9-4D11-B91C-0B06DC632CCE},1902.000000000000000,20/11.64,44.000000000000000,1100.000000000000000,Yes,0.000000000000000,1.000000000000000,0.000000000000000,0.000000000000000,0.000000000000000,0.000000000000000,0.000000000000000,0.000000000000000,25/57,0.000000000000000,0.022727272727300,0.000000000000000,0.000000000000000,0.000000000000000,0.000000000000000,0.000000000000000,0.000000000000000, ,{35E82D72-FEB3-498D-A175-A25C2182D592},8/07/2025 0:00:00, ,8/07/2025 0:00:00, ,No, ,1.000000000000000,Roy Trustee 2022 Ltd,Forest View Contracting
{E597BB07-C2AC-4659-87E5-8B203F702CDA},1614.000000000000000,20/11.64,43.000000000000000,1075.000000000000000,Yes,0.000000000000000,0.000000000000000,1.000000000000000,0.000000000000000,0.000000000000000,0.000000000000000,0.000000000000000,0.000000000000000,25/57,0.000000000000000,0.000000000000000,0.023255813953500,0.000000000000000,0.000000000000000,0.000000000000000,0.000000000000000,0.000000000000000, ,{35E82D72-FEB3-498D-A175-A25C2182D592},8/07/2025 0:00:00, ,8/07/2025 0:00:00, ,No, ,3.000000000000000,Roy Trustee 2022 Ltd,Forest View Contracting
{A3B7BE98-9664-4B09-8B4D-5EC352EB5BD5},726.100000000000023,15/11.48,36.000000000000000,900.000000000000000,Yes,0.000000000000000,0.000000000000000,0.000000000000000,0.000000000000000,0.000000000000000,3.000000000000000,0.000000000000000,0.000000000000000,25/75,0.000000000000000,0.000000000000000,0.000000000000000,0.000000000000000,0.000000000000000,0.083333333333300,0.000000000000000,0.000000000000000,"Spoke with makea about issue, looks like one planter so will check tomorrow that this is rectified.",{99356A99-8C0D-4CA8-8EC5-46955A2F97E0},8/07/2025 0:00:00, ,8/07/2025 0:00:00, ,No,No,9.000000000000000,Roy Trustee 2022 Ltd,Innovair
{8518AA1F-8F50-4577-BC37-1FB4D8C1F920},790.000000000000000,20/11.64,47.000000000000000,1175.000000000000000,No,0.000000000000000,0.000000000000000,0.000000000000000,0.000000000000000,0.000000000000000,0.000000000000000,0.000000000000000,0.000000000000000,25/5,0.000000000000000,0.000000000000000,0.000000000000000,0.000000000000000,0.000000000000000,0.000000000000000,0.000000000000000,0.000000000000000,Close planting on steep slope. QC been informed to keep the 4m on slopes,{7192898E-1B19-4439-9570-688F75D03173},8/07/2025 0:00:00, ,8/07/2025 0:00:00, ,No,Yes,0.000000000000000,Roy Trustee 2022 Ltd,Johnson Forestry Services
{CDD872F4-AA24-42C9-9DF6-AF1810AFEE1D},794.000000000000000,15/11.48,44.000000000000000,1100.000000000000000,Yes,0.000000000000000,0.000000000000000,0.000000000000000,0.000000000000000,0.000000000000000,0.000000000000000,2.000000000000000,0.000000000000000,25/5,0.000000000000000,0.000000000000000,0.000000000000000,0.000000000000000,0.000000000000000,0.000000000000000,0.045454545454500,0.000000000000000, ,{7192898E-1B19-4439-9570-688F75D03173},8/07/2025 0:00:00, ,8/07/2025 0:00:00, ,No, ,6.000000000000000,Roy Trustee 2022 Ltd,Johnson Forestry Services
{3EE20DF8-4B5F-42B2-8FCF-05F1C9AD847D},798.000000000000000,15/11.48,43.000000000000000,1075.000000000000000,No,0.000000000000000,0.000000000000000,0.000000000000000,0.000000000000000,0.000000000000000,0.000000000000000,0.000000000000000,0.000000000000000,25/5,0.000000000000000,0.000000000000000,0.000000000000000,0.000000000000000,0.000000000000000,0.000000000000000,0.000000000000000,0.000000000000000,Good,{7192898E-1B19-4439-9570-688F75D03173},8/07/2025 0:00:00, ,8/07/2025 0:00:00, ,No, ,0.000000000000000,Roy Trustee 2022 Ltd,Johnson Forestry Services
{C87FFE99-2142-4BB8-8360-DB8D4AE51C80},806.000000000000000,15/11.48,41.000000000000000,1025.000000000000000,Yes,0.000000000000000,0.000000000000000,2.000000000000000,0.000000000000000,0.000000000000000,0.000000000000000,0.000000000000000,0.000000000000000,25/5,0.000000000000000,0.000000000000000,0.048780487804900,0.000000000000000,0.000000000000000,0.000000000000000,0.000000000000000,0.000000000000000,Long roots pointing upward,{7192898E-1B19-4439-9570-688F75D03173},8/07/2025 0:00:00, ,8/07/2025 0:00:00, ,No, ,6.000000000000000,Roy Trustee 2022 Ltd,Johnson Forestry Services
{B4940CD7-BE2F-4B67-AA8F-B8B8593FF745},2540.000000000000000,20/11.64,44.000000000000000,0.000000000000000,Yes,0.000000000000000,0.000000000000000,0.000000000000000,0.000000000000000,0.000000000000000,0.000000000000000,2.000000000000000,0.000000000000000,25/2,0.000000000000000,0.000000000000000,0.000000000000000,0.000000000000000,0.000000000000000,0.000000000000000,0.045454545454500,0.000000000000000, ,{129BEA7F-69B0-4222-907C-956E9121B744},8/07/2025 0:00:00, ,8/07/2025 0:00:00, ,No, ,6.000000000000000,Roy Trustee 2022 Ltd,Johnson Forestry Services
{705D0D91-B83D-4EE6-B002-E7C02869FB5D},2548.000000000000000,20/11.64,48.000000000000000,1200.000000000000000,Yes,2.000000000000000,0.000000000000000,0.000000000000000,0.000000000000000,0.000000000000000,0.000000000000000,1.000000000000000,0.000000000000000,25/2,0.041666666666700,0.000000000000000,0.000000000000000,0.000000000000000,0.000000000000000,0.000000000000000,0.020833333333300,0.000000000000000, ,{129BEA7F-69B0-4222-907C-956E9121B744},8/07/2025 0:00:00, ,8/07/2025 0:00:00, ,No,Yes,5.000000000000000,Roy Trustee 2022 Ltd,Johnson Forestry Services
{B4FECD0C-8A80-4A32-841F-0775E5F6CF06},2564.000000000000000,15/11.48,41.000000000000000,1025.000000000000000,Yes,0.000000000000000,0.000000000000000,0.000000000000000,0.000000000000000,0.000000000000000,0.000000000000000,2.000000000000000,0.000000000000000,25/2,0.000000000000000,0.000000000000000,0.000000000000000,0.000000000000000,0.000000000000000,0.000000000000000,0.048780487804900,0.000000000000000,A few loose popping up. Have notified QC,{129BEA7F-69B0-4222-907C-956E9121B744},8/07/2025 0:00:00, ,8/07/2025 0:00:00, ,No, ,6.000000000000000,Roy Trustee 2022 Ltd,Johnson Forestry Services
{CD3F3E82-5890-475C-84C0-8E9153379F98},2570.000000000000000,15/11.48,44.000000000000000,1100.000000000000000,Yes,0.000000000000000,0.000000000000000,1.000000000000000,0.000000000000000,0.000000000000000,1.000000000000000,0.000000000000000,0.000000000000000,25/2,0.000000000000000,0.000000000000000,0.022727272727300,0.000000000000000,0.000000000000000,0.022727272727300,0.000000000000000,0.000000000000000, ,{129BEA7F-69B0-4222-907C-956E9121B744},8/07/2025 0:00:00, ,8/07/2025 0:00:00, ,No, ,6.000000000000000,Roy Trustee 2022 Ltd,Johnson Forestry Services
{B5E6CDD1-2364-4DF7-940F-A4A16B8623A6},2566.000000000000000,25/11.85,43.000000000000000,1075.000000000000000,Yes,0.000000000000000,0.000000000000000,0.000000000000000,0.000000000000000,0.000000000000000,0.000000000000000,1.000000000000000,0.000000000000000,25/2,0.000000000000000,0.000000000000000,0.000000000000000,0.000000000000000,0.000000000000000,0.000000000000000,0.023255813953500,0.000000000000000,Loose in long grass,{129BEA7F-69B0-4222-907C-956E9121B744},8/07/2025 0:00:00, ,8/07/2025 0:00:00, ,No, ,3.000000000000000,Roy Trustee 2022 Ltd,Johnson Forestry Services
{E8232F84-F83F-4479-B3B7-2CE37684C0ED},2572.000000000000000,20/11.64,42.000000000000000,1050.000000000000000,Yes,0.000000000000000,0.000000000000000,1.000000000000000,0.000000000000000,1.000000000000000,0.000000000000000,2.000000000000000,0.000000000000000,25/2,0.000000000000000,0.000000000000000,0.023809523809500,0.000000000000000,0.023809523809500,0.000000000000000,0.047619047619000,0.000000000000000,Hockeysticks and longroots in area,{129BEA7F-69B0-4222-907C-956E9121B744},8/07/2025 0:00:00, ,8/07/2025 0:00:00, ,No,No,12.000000000000000,Roy Trustee 2022 Ltd,Johnson Forestry Services
{8D888222-2C06-4F68-8570-BE95C7C79D78},2578.000000000000000,20/11.64,38.000000000000000,950.000000000000000,No,0.000000000000000,0.000000000000000,0.000000000000000,0.000000000000000,0.000000000000000,0.000000000000000,0.000000000000000,0.000000000000000,25/2,0.000000000000000,0.000000000000000,0.000000000000000,0.000000000000000,0.000000000000000,0.000000000000000,0.000000000000000,0.000000000000000, ,{129BEA7F-69B0-4222-907C-956E9121B744},8/07/2025 0:00:00, ,8/07/2025 0:00:00, ,No, ,0.000000000000000,Roy Trustee 2022 Ltd,Johnson Forestry Services
{E63EFFDF-C1D3-4546-B434-4325B7E1755E},864.000000000000000,15/11.48,44.000000000000000,1100.000000000000000,Yes,0.000000000000000,0.000000000000000,1.000000000000000,0.000000000000000,0.000000000000000,0.000000000000000,0.000000000000000,0.000000000000000,25/6,0.000000000000000,0.000000000000000,0.022727272727300,0.000000000000000,0.000000000000000,0.000000000000000,0.000000000000000,0.000000000000000, ,{962010AB-6EA9-4218-BFAD-AC118F1ABD5B},8/07/2025 0:00:00, ,8/07/2025 0:00:00, ,No, ,3.000000000000000,Roy Trustee 2022 Ltd,Johnson Forestry Services
{FC8C7451-5072-41AB-8521-F05774CD326B},848.000000000000000,10/11.37,41.000000000000000,1025.000000000000000,No,0.000000000000000,0.000000000000000,0.000000000000000,0.000000000000000,0.000000000000000,0.000000000000000,0.000000000000000,0.000000000000000,25/6,0.000000000000000,0.000000000000000,0.000000000000000,0.000000000000000,0.000000000000000,0.000000000000000,0.000000000000000,0.000000000000000,Good,{962010AB-6EA9-4218-BFAD-AC118F1ABD5B},8/07/2025 0:00:00, ,8/07/2025 0:00:00, ,No, ,0.000000000000000,Roy Trustee 2022 Ltd,Johnson Forestry Services
{6CCE0E0C-77FD-4F9F-9EEA-B2A8D36AC7D4},846.000000000000000,10/11.37,37.000000000000000,925.000000000000000,Yes,0.000000000000000,0.000000000000000,1.000000000000000,0.000000000000000,1.000000000000000,0.000000000000000,0.000000000000000,0.000000000000000,25/6,0.027027027027000,0.000000000000000,0.000000000000000,0.000000000000000,0.000000000000000,0.000000000000000,0.000000000000000,0.000000000000000, ,{962010AB-6EA9-4218-BFAD-AC118F1ABD5B},8/07/2025 0:00:00, ,8/07/2025 0:00:00, ,No, ,6.000000000000000,Roy Trustee 2022 Ltd,Johnson Forestry Services
{9496F9C7-5D50-4166-B79B-E3CBC9156C30},715.000000000000000,20/11.64,41.000000000000000,1025.000000000000000,Yes,0.000000000000000,0.000000000000000,0.000000000000000,0.000000000000000,0.000000000000000,0.000000000000000,1.000000000000000,0.000000000000000,25/51,0.000000000000000,0.000000000000000,0.000000000000000,0.000000000000000,0.000000000000000,0.000000000000000,0.024390243902400,0.000000000000000, ,{87EF0A8C-58E9-4FD6-9E2B-A880594FBECD},9/07/2025 0:00:00, ,9/07/2025 0:00:00, ,No, ,3.000000000000000,Roy Trustee 2022 Ltd,Forest & Harvest Managers
{6CD673CA-56BC-4D0F-8F43-1EE36AD677AD},691.000000000000000,25/11.85,43.000000000000000,1075.000000000000000,Yes,0.000000000000000,2.000000000000000,0.000000000000000,0.000000000000000,0.000000000000000,0.000000000000000,0.000000000000000,0.000000000000000,25/51,0.000000000000000,0.046511627907000,0.000000000000000,0.000000000000000,0.000000000000000,0.000000000000000,0.000000000000000,0.000000000000000, ,{87EF0A8C-58E9-4FD6-9E2B-A880594FBECD},9/07/2025 0:00:00, ,9/07/2025 0:00:00, ,No, ,2.000000000000000,Roy Trustee 2022 Ltd,Forest & Harvest Managers
{3D9EA660-47B5-4D16-B29F-EC6034835514},690.000000000000000,20/11.64,38.000000000000000,950.000000000000000,Yes,1.000000000000000,0.000000000000000,0.000000000000000,0.000000000000000,0.000000000000000,0.000000000000000,0.000000000000000,0.000000000000000,25/51,0.026315789473700,0.000000000000000,0.000000000000000,0.000000000000000,0.000000000000000,0.000000000000000,0.000000000000000,0.000000000000000, ,{87EF0A8C-58E9-4FD6-9E2B-A880594FBECD},9/07/2025 0:00:00, ,9/07/2025 0:00:00, ,No, ,1.000000000000000,Roy Trustee 2022 Ltd,Forest & Harvest Managers
{B6C064FB-2BCB-47FB-BA1B-0283624536FF},689.000000000000000,20/11.64,38.000000000000000,950.000000000000000,Yes,0.000000000000000,0.000000000000000,1.000000000000000,0.000000000000000,0.000000000000000,0.000000000000000,0.000000000000000,0.000000000000000,25/51,0.000000000000000,0.000000000000000,0.026315789473700,0.000000000000000,0.000000000000000,0.000000000000000,0.000000000000000,0.000000000000000, ,{87EF0A8C-58E9-4FD6-9E2B-A880594FBECD},9/07/2025 0:00:00, ,9/07/2025 0:00:00, ,No, ,3.000000000000000,Roy Trustee 2022 Ltd,Forest & Harvest Managers
{06237E57-4470-43DD-A56A-E887970CF30B},666.000000000000000,30/12.13,44.000000000000000,1100.000000000000000,Yes,0.000000000000000,1.000000000000000,0.000000000000000,0.000000000000000,0.000000000000000,0.000000000000000,1.000000000000000,0.000000000000000,25/51,0.000000000000000,0.022727272727300,0.000000000000000,0.000000000000000,0.000000000000000,0.000000000000000,0.022727272727300,0.000000000000000, ,{87EF0A8C-58E9-4FD6-9E2B-A880594FBECD},9/07/2025 0:00:00, ,9/07/2025 0:00:00, ,No, ,4.000000000000000,Roy Trustee 2022 Ltd,Forest & Harvest Managers
{75D1CD4E-7D8C-4593-A146-6CA0D53640EA},708.000000000000000,15/11.48,36.000000000000000,900.000000000000000,Yes,1.000000000000000,0.000000000000000,0.000000000000000,0.000000000000000,0.000000000000000,0.000000000000000,0.000000000000000,0.000000000000000,25/51,0.027777777777800,0.000000000000000,0.000000000000000,0.000000000000000,0.000000000000000,0.000000000000000,0.000000000000000,0.000000000000000, ,{87EF0A8C-58E9-4FD6-9E2B-A880594FBECD},9/07/2025 0:00:00, ,9/07/2025 0:00:00, ,No, ,1.000000000000000,Roy Trustee 2022 Ltd,Forest & Harvest Managers
{6DFD6FD0-D5AD-4397-B4E4-DF3CE209E67E},192.000000000000000,15/11.48,46.000000000000000,1150.000000000000000,Yes,0.000000000000000,0.000000000000000,1.000000000000000,0.000000000000000,0.000000000000000,0.000000000000000,0.000000000000000,0.000000000000000,25/65,0.000000000000000,0.000000000000000,0.021739130434800,0.000000000000000,0.000000000000000,0.000000000000000,0.000000000000000,0.000000000000000,Angle change at plot. In photo rows coming from left to join.,{A22BEB99-C2D7-402E-83F9-6206FD933CFD},9/07/2025 0:00:00, ,9/07/2025 0:00:00, ,No,No,3.000000000000000,Roy Trustee 2022 Ltd,Proforest
{C40FC350-E1AB-4677-9F91-D851082F75E8},144.000000000000000,5/11.31,39.000000000000000,975.000000000000000,Yes,1.000000000000000,1.000000000000000,0.000000000000000,0.000000000000000,0.000000000000000,0.000000000000000,0.000000000000000,0.000000000000000,25/65,0.025641025641000,0.025641025641000,0.000000000000000,0.000000000000000,0.000000000000000,0.000000000000000,0.000000000000000,0.000000000000000, ,{DCC7B7B2-F932-4076-BC6F-661442B14EC2},9/07/2025 0:00:00, ,9/07/2025 0:00:00, ,No, ,2.000000000000000,Roy Trustee 2022 Ltd,Proforest
{F3E360AC-0ADD-472D-A53F-A1D01F0D5502},136.000000000000000,0/11.31,42.000000000000000,1050.000000000000000,No,0.000000000000000,0.000000000000000,0.000000000000000,0.000000000000000,0.000000000000000,0.000000000000000,0.000000000000000,0.000000000000000,25/65,0.000000000000000,0.000000000000000,0.000000000000000,0.000000000000000,0.000000000000000,0.000000000000000,0.000000000000000,0.000000000000000,Very good.,{4B93DDB9-B3A6-4FB7-916B-D0E4CC72057A},9/07/2025 0:00:00, ,9/07/2025 0:00:00, ,No, ,0.000000000000000,Roy Trustee 2022 Ltd,Proforest
{80C372B3-9F56-44DF-9877-3C73E8B2648A},138.000000000000000,0/11.31,39.000000000000000,975.000000000000000,Yes,0.000000000000000,0.000000000000000,1.000000000000000,0.000000000000000,0.000000000000000,0.000000000000000,0.000000000000000,0.000000000000000,25/65,0.000000000000000,0.000000000000000,0.025641025641000,0.000000000000000,0.000000000000000,0.000000000000000,0.000000000000000,0.000000000000000, ,{49795863-BE64-454E-911B-58C94AAA99A6},9/07/2025 0:00:00, ,9/07/2025 0:00:00, ,No, ,3.000000000000000,Roy Trustee 2022 Ltd,Proforest
{93C00829-4868-42F6-AC80-65C1C94A0F51},178.000000000000000,10/11.37,46.000000000000000,1150.000000000000000,No,0.000000000000000,0.000000000000000,0.000000000000000,0.000000000000000,0.000000000000000,0.000000000000000,0.000000000000000,0.000000000000000,25/65,0.000000000000000,0.000000000000000,0.000000000000000,0.000000000000000,0.000000000000000,0.000000000000000,0.000000000000000,0.000000000000000,Reworking between fence and track. Trees to close.,{2062B92B-3EA2-4535-809B-9554A657C3DF},9/07/2025 0:00:00, ,9/07/2025 0:00:00, ,No, ,0.000000000000000,Roy Trustee 2022 Ltd,Proforest
{DA49E26B-7004-4171-A873-8924D5E03E7A},166.000000000000000,15/11.48,37.000000000000000,925.000000000000000,No,0.000000000000000,0.000000000000000,0.000000000000000,0.000000000000000,0.000000000000000,0.000000000000000,0.000000000000000,0.000000000000000,25/65,0.000000000000000,0.000000000000000,0.000000000000000,0.000000000000000,0.000000000000000,0.000000000000000,0.000000000000000,0.000000000000000,Very hard with rock. Difficukt to get trees in why low stocking.,{9E34D807-3251-4382-8A03-230C6B18A6DF},9/07/2025 0:00:00, ,9/07/2025 0:00:00, ,No, ,0.000000000000000,Roy Trustee 2022 Ltd,Proforest
{540DBD71-27E5-476A-AB1D-4A6758BB04EB},216.000000000000000,10/11.37,40.000000000000000,1000.000000000000000,Yes,0.000000000000000,0.000000000000000,1.000000000000000,0.000000000000000,0.000000000000000,0.000000000000000,0.000000000000000,0.000000000000000,25/65,0.000000000000000,0.000000000000000,0.025000000000000,0.000000000000000,0.000000000000000,0.000000000000000,0.000000000000000,0.000000000000000, ,{6734FB43-6DAF-47CA-B58F-A7D9E96E760E},9/07/2025 0:00:00, ,9/07/2025 0:00:00, ,No, ,3.000000000000000,Roy Trustee 2022 Ltd,Proforest
{D07C391A-FA41-416C-B7B7-1A488DB9B989},224.000000000000000,25/11.85,43.000000000000000,1075.000000000000000,Yes,1.000000000000000,0.000000000000000,1.000000000000000,0.000000000000000,0.000000000000000,0.000000000000000,0.000000000000000,0.000000000000000,25/65,0.023255813953500,0.000000000000000,0.023255813953500,0.000000000000000,0.000000000000000,0.000000000000000,0.000000000000000,0.000000000000000, ,{F3B0AD76-AEE2-4194-9EB8-AD7CD869D644},9/07/2025 0:00:00, ,9/07/2025 0:00:00, ,No, ,4.000000000000000,Roy Trustee 2022 Ltd,Proforest
{13008F3C-19F8-4D79-8C76-52468473E3E3},206.000000000000000,10/11.37,40.000000000000000,1000.000000000000000,No,0.000000000000000,0.000000000000000,0.000000000000000,0.000000000000000,0.000000000000000,0.000000000000000,0.000000000000000,0.000000000000000,25/65,0.000000000000000,0.000000000000000,0.000000000000000,0.000000000000000,0.000000000000000,0.000000000000000,0.000000000000000,0.000000000000000, ,{C5BDF3AE-92AE-4060-8D3B-49D7ADC3C39B},9/07/2025 0:00:00, ,9/07/2025 0:00:00, ,No, ,0.000000000000000,Roy Trustee 2022 Ltd,Proforest
{F6F712E7-B1E9-430D-ACE8-B7C1BEAD807B},204.000000000000000,5/11.31,39.000000000000000,975.000000000000000,Yes,0.000000000000000,0.000000000000000,1.000000000000000,0.000000000000000,0.000000000000000,0.000000000000000,0.000000000000000,0.000000000000000,25/65,0.000000000000000,0.000000000000000,0.025641025641000,0.000000000000000,0.000000000000000,0.000000000000000,0.000000000000000,0.000000000000000, ,{BDF0094B-9404-4842-8226-809536971707},9/07/2025 0:00:00, ,9/07/2025 0:00:00, ,No, ,3.000000000000000,Roy Trustee 2022 Ltd,Proforest
{50ADF31E-D5A5-487C-A40A-679269D1F8A1},202.000000000000000,10/11.37,41.000000000000000,1025.000000000000000,No,0.000000000000000,0.000000000000000,0.000000000000000,0.000000000000000,0.000000000000000,0.000000000000000,0.000000000000000,0.000000000000000,25/65 b,0.000000000000000,0.000000000000000,0.000000000000000,0.000000000000000,0.000000000000000,0.000000000000000,0.000000000000000,0.000000000000000, ,{51A16F38-2E34-448E-855D-EABE1ED2D87F},9/07/2025 0:00:00, ,9/07/2025 0:00:00, ,No, ,0.000000000000000,Roy Trustee 2022 Ltd,Proforest
{328A0ACE-5714-439F-BB47-AF33E5BA9D46},230.000000000000000,15/11.48,44.000000000000000,1100.000000000000000,No,0.000000000000000,0.000000000000000,0.000000000000000,0.000000000000000,0.000000000000000,0.000000000000000,0.000000000000000,0.000000000000000,25/65,0.000000000000000,0.000000000000000,0.000000000000000,0.000000000000000,0.000000000000000,0.000000000000000,0.000000000000000,0.000000000000000, ,{61ED1C7B-94A6-41F3-A8D8-06D5CB268ED2},9/07/2025 0:00:00, ,9/07/2025 0:00:00, ,No, ,0.000000000000000,Roy Trustee 2022 Ltd,Proforest
{D6724370-126F-4C37-A6A0-065B1DD8D6AF},228.000000000000000,5/11.31,40.000000000000000,1000.000000000000000,Yes,1.000000000000000,0.000000000000000,0.000000000000000,0.000000000000000,0.000000000000000,0.000000000000000,1.000000000000000,0.000000000000000,25/65,0.025000000000000,0.000000000000000,0.000000000000000,0.000000000000000,0.000000000000000,0.000000000000000,0.025000000000000,0.000000000000000, ,{BE219835-8B57-4752-B1B0-D879B159951A},9/07/2025 0:00:00, ,9/07/2025 0:00:00, ,No, ,4.000000000000000,Roy Trustee 2022 Ltd,Proforest
{64305075-DD88-4543-9E8A-215A3FE90354},214.000000000000000,5/11.31,43.000000000000000,1075.000000000000000,Yes,0.000000000000000,0.000000000000000,1.000000000000000,0.000000000000000,0.000000000000000,0.000000000000000,0.000000000000000,0.000000000000000,25/65,0.000000000000000,0.000000000000000,0.023255813953500,0.000000000000000,0.000000000000000,0.000000000000000,0.000000000000000,0.000000000000000, ,{4C695338-065F-40BC-8206-D89B75BC55D2},9/07/2025 0:00:00, ,9/07/2025 0:00:00, ,No, ,3.000000000000000,Roy Trustee 2022 Ltd,Proforest
{8258ECA6-378A-426E-9782-843E72BF5466},736.000000000000000,15/11.48,43.000000000000000,1075.000000000000000,No,0.000000000000000,0.000000000000000,0.000000000000000,0.000000000000000,0.000000000000000,0.000000000000000,0.000000000000000,0.000000000000000,25/75,0.000000000000000,0.000000000000000,0.000000000000000,0.000000000000000,0.000000000000000,0.000000000000000,0.000000000000000,0.000000000000000, ,{9E94FE33-414C-422B-97BA-94E3DE78F1B4},9/07/2025 0:00:00, ,9/07/2025 0:00:00, ,No, ,0.000000000000000,Roy Trustee 2022 Ltd,Forest & Harvest Managers
{FD5260B4-8DE9-42FB-8C78-A251DE47BCCA},876.000000000000000,10/11.37,37.000000000000000,925.000000000000000,Yes,1.000000000000000,0.000000000000000,1.000000000000000,0.000000000000000,0.000000000000000,0.000000000000000,0.000000000000000,0.000000000000000,25/6,0.027027027027000,0.000000000000000,0.027027027027000,0.000000000000000,0.000000000000000,0.000000000000000,0.000000000000000,0.000000000000000, ,{C21CB9F5-CC26-4666-80FC-3E0EBA35BCE8},9/07/2025 0:00:00, ,9/07/2025 0:00:00, ,No, ,4.000000000000000,Roy Trustee 2022 Ltd,Johnson Forestry Services
{D10DFAD9-7A79-4D57-B19B-BBAFD1C54724},834.000000000000000,15/11.48,36.000000000000000,900.000000000000000,Yes,0.000000000000000,0.000000000000000,0.000000000000000,0.000000000000000,1.000000000000000,0.000000000000000,0.000000000000000,0.000000000000000,25/6,0.000000000000000,0.000000000000000,0.000000000000000,0.000000000000000,0.027777777777800,0.000000000000000,0.000000000000000,0.000000000000000,Long roots on trees dug up in plot,{C21CB9F5-CC26-4666-80FC-3E0EBA35BCE8},9/07/2025 0:00:00, ,9/07/2025 0:00:00, ,No, ,3.000000000000000,Roy Trustee 2022 Ltd,Johnson Forestry Services
{02FF1CEB-A5AC-4BBE-BCB5-636E623F0DBC},828.000000000000000,25/11.85,39.000000000000000,975.000000000000000,Yes,0.000000000000000,0.000000000000000,0.000000000000000,0.000000000000000,0.000000000000000,0.000000000000000,1.000000000000000,0.000000000000000,25/6,0.000000000000000,0.000000000000000,0.000000000000000,0.000000000000000,0.000000000000000,0.000000000000000,0.025641025641000,0.000000000000000, ,{C21CB9F5-CC26-4666-80FC-3E0EBA35BCE8},9/07/2025 0:00:00, ,9/07/2025 0:00:00, ,No, ,3.000000000000000,Roy Trustee 2022 Ltd,Johnson Forestry Services
{0F2B4AC3-03DE-49CC-B388-51BBF73FFFA8},844.000000000000000,10/11.37,39.000000000000000,975.000000000000000,Yes,0.000000000000000,0.000000000000000,0.000000000000000,1.000000000000000,0.000000000000000,0.000000000000000,0.000000000000000,0.000000000000000,25/6,0.000000000000000,0.000000000000000,0.000000000000000,0.025641025641000,0.000000000000000,0.000000000000000,0.000000000000000,0.000000000000000,1 broken tree under ground level,{C21CB9F5-CC26-4666-80FC-3E0EBA35BCE8},9/07/2025 0:00:00, ,9/07/2025 0:00:00, ,No, ,1.000000000000000,Roy Trustee 2022 Ltd,Johnson Forestry Services
{2735FBD2-80C6-4D46-9C97-B82CAA32D8B0},830.000000000000000,10/11.37,36.000000000000000,900.000000000000000,No,0.000000000000000,0.000000000000000,0.000000000000000,0.000000000000000,0.000000000000000,0.000000000000000,0.000000000000000,0.000000000000000,25/6,0.000000000000000,0.000000000000000,0.000000000000000,0.000000000000000,0.000000000000000,0.000000000000000,0.000000000000000,0.000000000000000, ,{C21CB9F5-CC26-4666-80FC-3E0EBA35BCE8},9/07/2025 0:00:00, ,9/07/2025 0:00:00, ,No, ,0.000000000000000,Roy Trustee 2022 Ltd,Johnson Forestry Services
{7D79C9C4-82B4-4275-B5E5-3DD6A9DACED9},860.000000000000000,15/11.48,39.000000000000000,975.000000000000000,Yes,0.000000000000000,0.000000000000000,1.000000000000000,0.000000000000000,1.000000000000000,0.000000000000000,0.000000000000000,0.000000000000000,25/6,0.000000000000000,0.000000000000000,0.025641025641000,0.000000000000000,0.025641025641000,0.000000000000000,0.000000000000000,0.000000000000000,Most trees have long roots,{C21CB9F5-CC26-4666-80FC-3E0EBA35BCE8},9/07/2025 0:00:00, ,9/07/2025 0:00:00, ,No, ,6.000000000000000,Roy Trustee 2022 Ltd,Johnson Forestry Services
{31F91C89-F11C-40BA-9E67-E1E52CD979A5},884.000000000000000,15/11.48,39.000000000000000,975.000000000000000,Yes,0.000000000000000,0.000000000000000,2.000000000000000,0.000000000000000,0.000000000000000,0.000000000000000,0.000000000000000,0.000000000000000,25/6,0.000000000000000,0.000000000000000,0.051282051282100,0.000000000000000,0.000000000000000,0.000000000000000,0.000000000000000,0.000000000000000,Shit roots,{C21CB9F5-CC26-4666-80FC-3E0EBA35BCE8},9/07/2025 0:00:00, ,9/07/2025 0:00:00, ,No, ,6.000000000000000,Roy Trustee 2022 Ltd,Johnson Forestry Services
{7B1291EC-563A-4FAF-A48A-C2B557E2D577},878.000000000000000,10/11.37,41.000000000000000,1025.000000000000000,Yes,0.000000000000000,0.000000000000000,1.000000000000000,0.000000000000000,0.000000000000000,0.000000000000000,0.000000000000000,0.000000000000000,25/6,0.000000000000000,0.000000000000000,0.024390243902400,0.000000000000000,0.000000000000000,0.000000000000000,0.000000000000000,0.000000000000000,Shit roots on trees,{C21CB9F5-CC26-4666-80FC-3E0EBA35BCE8},9/07/2025 0:00:00, ,9/07/2025 0:00:00, ,No, ,3.000000000000000,Roy Trustee 2022 Ltd,Johnson Forestry Services
{363A67FA-5A4A-4C26-B4EF-0D95A871D9DE},820.000000000000000,10/11.37,41.000000000000000,1025.000000000000000,Yes,2.000000000000000,0.000000000000000,1.000000000000000,0.000000000000000,1.000000000000000,0.000000000000000,0.000000000000000,0.000000000000000,25/6,0.048780487804900,0.000000000000000,0.024390243902400,0.000000000000000,0.024390243902400,0.000000000000000,0.000000000000000,0.000000000000000,Shit roots,{C21CB9F5-CC26-4666-80FC-3E0EBA35BCE8},9/07/2025 0:00:00, ,9/07/2025 0:00:00, ,No,No,8.000000000000000,Roy Trustee 2022 Ltd,Johnson Forestry Services
{BC12244F-0FF0-44B7-80D4-53C35C17341A},832.000000000000000,15/11.48,39.000000000000000,975.000000000000000,No,0.000000000000000,0.000000000000000,0.000000000000000,0.000000000000000,0.000000000000000,0.000000000000000,0.000000000000000,0.000000000000000,25/6,0.000000000000000,0.000000000000000,0.000000000000000,0.000000000000000,0.000000000000000,0.000000000000000,0.000000000000000,0.000000000000000, ,{C21CB9F5-CC26-4666-80FC-3E0EBA35BCE8},9/07/2025 0:00:00, ,9/07/2025 0:00:00, ,No, ,0.000000000000000,Roy Trustee 2022 Ltd,Johnson Forestry Services
{624F962B-1EDA-4A2F-BFBB-96B578608920},818.000000000000000,20/11.64,41.000000000000000,1025.000000000000000,Yes,0.000000000000000,0.000000000000000,1.000000000000000,0.000000000000000,0.000000000000000,0.000000000000000,0.000000000000000,0.000000000000000,25/6,0.000000000000000,0.000000000000000,0.024390243902400,0.000000000000000,0.000000000000000,0.000000000000000,0.000000000000000,0.000000000000000,Longer grass,{C21CB9F5-CC26-4666-80FC-3E0EBA35BCE8},9/07/2025 0:00:00, ,9/07/2025 0:00:00, ,No, ,3.000000000000000,Roy Trustee 2022 Ltd,Johnson Forestry Services
{237BBB13-0097-4CAB-99FD-753DA2E45742},1032.000000000000000,20/11.64,41.000000000000000,1025.000000000000000,No,0.000000000000000,0.000000000000000,0.000000000000000,0.000000000000000,0.000000000000000,0.000000000000000,0.000000000000000,0.000000000000000,25/70,0.000000000000000,0.000000000000000,0.000000000000000,0.000000000000000,0.000000000000000,0.000000000000000,0.000000000000000,0.000000000000000, ,{45F14F4E-8B67-463F-A220-10C81ED850DF},9/07/2025 0:00:00, ,9/07/2025 0:00:00, ,No, ,0.000000000000000,Roy Trustee 2022 Ltd,Forest View Contracting
{B0297B2A-6612-439D-9F7F-25C5781655B8},1050.000000000000000,5/11.31,41.000000000000000,1025.000000000000000,Yes,0.000000000000000,1.000000000000000,0.000000000000000,0.000000000000000,0.000000000000000,0.000000000000000,0.000000000000000,0.000000000000000,25/70,0.000000000000000,0.024390243902400,0.000000000000000,0.000000000000000,0.000000000000000,0.000000000000000,0.000000000000000,0.000000000000000, ,{45F14F4E-8B67-463F-A220-10C81ED850DF},9/07/2025 0:00:00, ,9/07/2025 0:00:00, ,No, ,1.000000000000000,Roy Trustee 2022 Ltd,Forest View Contracting
{DFED292A-A6FF-4EC2-86E5-1E7EF2B4CBCB},1052.000000000000000,5/11.31,41.000000000000000,0.000000000000000,Yes,0.000000000000000,2.000000000000000,0.000000000000000,0.000000000000000,0.000000000000000,0.000000000000000,0.000000000000000,0.000000000000000,25/70,0.000000000000000,0.000000000000000,0.000000000000000,0.000000000000000,0.000000000000000,0.000000000000000,0.000000000000000,0.000000000000000, ,{45F14F4E-8B67-463F-A220-10C81ED850DF},9/07/2025 0:00:00, ,9/07/2025 0:00:00, ,No, ,2.000000000000000,Roy Trustee 2022 Ltd,Forest View Contracting
{CCC7AC08-4F95-4D78-B66F-6CB34B2EE189},1054.000000000000000,20/11.64,41.000000000000000,1025.000000000000000,Yes,0.000000000000000,0.000000000000000,0.000000000000000,0.000000000000000,1.000000000000000,0.000000000000000,0.000000000000000,0.000000000000000,25/70,0.000000000000000,0.000000000000000,0.000000000000000,0.000000000000000,0.024390243902400,0.000000000000000,0.000000000000000,0.000000000000000, ,{45F14F4E-8B67-463F-A220-10C81ED850DF},9/07/2025 0:00:00, ,9/07/2025 0:00:00, ,No, ,3.000000000000000,Roy Trustee 2022 Ltd,Forest View Contracting
{C21A80F4-C5F9-446E-B341-9840F7F9174C},1068.000000000000000,10/11.37,36.000000000000000,0.000000000000000,Yes,0.000000000000000,1.000000000000000,0.000000000000000,1.000000000000000,0.000000000000000,0.000000000000000,0.000000000000000,0.000000000000000,25/70,0.000000000000000,0.000000000000000,0.000000000000000,0.000000000000000,0.000000000000000,0.000000000000000,0.000000000000000,0.000000000000000, ,{45F14F4E-8B67-463F-A220-10C81ED850DF},9/07/2025 0:00:00, ,9/07/2025 0:00:00, ,No, ,2.000000000000000,Roy Trustee 2022 Ltd,Forest View Contracting
{52BF4F23-D857-4DD8-82EC-6D398D608586},736.100000000000023,20/11.64,37.000000000000000,925.000000000000000,Yes,0.000000000000000,0.000000000000000,1.000000000000000,0.000000000000000,1.000000000000000,0.000000000000000,0.000000000000000,0.000000000000000,25/75,0.000000000000000,0.000000000000000,0.027027027027000,0.000000000000000,0.027027027027000,0.000000000000000,0.000000000000000,0.000000000000000,Better depth,{44EEC59E-7D57-4F03-821A-C0F68E4833C8},9/07/2025 0:00:00, ,9/07/2025 0:00:00, ,No, ,6.000000000000000,Roy Trustee 2022 Ltd,Innovair
{3DB98575-164F-43A1-8890-01297F7027D5},712.000000000000000,30/12.13,37.000000000000000,925.000000000000000,Yes,0.000000000000000,0.000000000000000,0.000000000000000,0.000000000000000,0.000000000000000,0.000000000000000,2.000000000000000,0.000000000000000,25/51,0.000000000000000,0.000000000000000,0.000000000000000,0.000000000000000,0.000000000000000,0.000000000000000,0.054054054054100,0.000000000000000,Dirt shallow so hard to stick and hold into the little dirt there is hence I guess the 2 non firmed ones,{40C4E0E0-509E-4DD2-94F5-4522326A51DD},10/07/2025 0:00:00, ,10/07/2025 0:00:00, ,No, ,6.000000000000000,Roy Trustee 2022 Ltd,Forest & Harvest Managers
{642B7C6D-B0AE-407B-83BA-03ADBCE0BFAC},711.000000000000000,30/12.13,42.000000000000000,1050.000000000000000,Yes,0.000000000000000,1.000000000000000,0.000000000000000,0.000000000000000,0.000000000000000,0.000000000000000,0.000000000000000,0.000000000000000,25/51,0.000000000000000,0.023809523809500,0.000000000000000,0.000000000000000,0.000000000000000,0.000000000000000,0.000000000000000,0.000000000000000, ,{40C4E0E0-509E-4DD2-94F5-4522326A51DD},10/07/2025 0:00:00, ,10/07/2025 0:00:00, ,No, ,1.000000000000000,Roy Trustee 2022 Ltd,Forest & Harvest Managers
{5CB5D5FE-319F-43C5-9045-71B60AC9156E},710.000000000000000,35/12.50,41.000000000000000,1025.000000000000000,Yes,0.000000000000000,2.000000000000000,0.000000000000000,0.000000000000000,0.000000000000000,0.000000000000000,0.000000000000000,0.000000000000000,25/51,0.000000000000000,0.048780487804900,0.000000000000000,0.000000000000000,0.000000000000000,0.000000000000000,0.000000000000000,0.000000000000000, ,{40C4E0E0-509E-4DD2-94F5-4522326A51DD},10/07/2025 0:00:00, ,10/07/2025 0:00:00, ,No, ,2.000000000000000,Roy Trustee 2022 Ltd,Forest & Harvest Managers
{A7F410A8-992F-4B27-890A-9C250CBF71FF},713.000000000000000,5/11.31,39.000000000000000,975.000000000000000,No,0.000000000000000,0.000000000000000,0.000000000000000,0.000000000000000,0.000000000000000,0.000000000000000,0.000000000000000,0.000000000000000,25/51,0.000000000000000,0.000000000000000,0.000000000000000,0.000000000000000,0.000000000000000,0.000000000000000,0.000000000000000,0.000000000000000, ,{40C4E0E0-509E-4DD2-94F5-4522326A51DD},10/07/2025 0:00:00, ,10/07/2025 0:00:00, ,No, ,0.000000000000000,Roy Trustee 2022 Ltd,Forest & Harvest Managers
{4ED37C8D-168D-419F-98FB-4B8735848C1C},734.000000000000000,25/11.85,44.000000000000000,1100.000000000000000,Yes,0.000000000000000,1.000000000000000,0.000000000000000,0.000000000000000,0.000000000000000,0.000000000000000,0.000000000000000,0.000000000000000,25/75,0.000000000000000,0.022727272727300,0.000000000000000,0.000000000000000,0.000000000000000,0.000000000000000,0.000000000000000,0.000000000000000, ,{DA02796F-C288-40D8-86CF-EE47C8536A6A},10/07/2025 0:00:00, ,10/07/2025 0:00:00, ,No, ,1.000000000000000,Roy Trustee 2022 Ltd,Innovair
{56BABF91-3212-4950-AF85-A95B082C5080},724.000000000000000,30/12.13,43.000000000000000,1075.000000000000000,No,0.000000000000000,0.000000000000000,0.000000000000000,0.000000000000000,0.000000000000000,0.000000000000000,0.000000000000000,0.000000000000000,25/75,0.000000000000000,0.000000000000000,0.000000000000000,0.000000000000000,0.000000000000000,0.000000000000000,0.000000000000000,0.000000000000000, ,{DA02796F-C288-40D8-86CF-EE47C8536A6A},10/07/2025 0:00:00, ,10/07/2025 0:00:00, ,No, ,0.000000000000000,Roy Trustee 2022 Ltd,Innovair
{D1746DB4-1E83-4A8C-9073-B399BFF6C439},734.000000000000000,15/11.48,43.000000000000000,1075.000000000000000,Yes,0.000000000000000,0.000000000000000,3.000000000000000,0.000000000000000,0.000000000000000,0.000000000000000,0.000000000000000,0.000000000000000,25/75,0.000000000000000,0.000000000000000,0.069767441860500,0.000000000000000,0.000000000000000,0.000000000000000,0.000000000000000,0.000000000000000,"It’s been good, first plot where it’s come up again with this overall been good. Extra long roots don’t help -  ( Tim Smith)",{DA02796F-C288-40D8-86CF-EE47C8536A6A},10/07/2025 0:00:00, ,10/07/2025 0:00:00, ,No,No,9.000000000000000,Roy Trustee 2022 Ltd,Innovair
{8D53BDA8-8662-4747-B4E1-BCDB4D5D70E6},886.000000000000000,10/11.37,40.000000000000000,1000.000000000000000,Yes,0.000000000000000,0.000000000000000,2.000000000000000,0.000000000000000,0.000000000000000,0.000000000000000,0.000000000000000,0.000000000000000,25/6,0.000000000000000,0.000000000000000,0.050000000000000,0.000000000000000,0.000000000000000,0.000000000000000,0.000000000000000,0.000000000000000,Poor roots/long,{28569D3C-5FF7-450A-ABAD-BA8C2C26BFDA},10/07/2025 0:00:00, ,10/07/2025 0:00:00, ,No, ,6.000000000000000,Roy Trustee 2022 Ltd,Johnson Forestry Services
{19C84959-03D2-4F80-BC96-59473197CEA8},880.000000000000000,10/11.37,36.000000000000000,900.000000000000000,Yes,1.000000000000000,0.000000000000000,0.000000000000000,0.000000000000000,0.000000000000000,0.000000000000000,0.000000000000000,0.000000000000000,25/6,0.027777777777800,0.000000000000000,0.000000000000000,0.000000000000000,0.000000000000000,0.000000000000000,0.000000000000000,0.000000000000000, ,{28569D3C-5FF7-450A-ABAD-BA8C2C26BFDA},10/07/2025 0:00:00, ,10/07/2025 0:00:00, ,No, ,1.000000000000000,Roy Trustee 2022 Ltd,Johnson Forestry Services
{7B0848C5-2171-4B25-851E-8A2E26A80DE5},882.000000000000000,10/11.37,42.000000000000000,1050.000000000000000,Yes,0.000000000000000,0.000000000000000,1.000000000000000,0.000000000000000,0.000000000000000,0.000000000000000,0.000000000000000,0.000000000000000,25/6,0.000000000000000,0.000000000000000,0.023809523809500,0.000000000000000,0.000000000000000,0.000000000000000,0.000000000000000,0.000000000000000, ,{28569D3C-5FF7-450A-ABAD-BA8C2C26BFDA},10/07/2025 0:00:00, ,10/07/2025 0:00:00, ,No, ,3.000000000000000,Roy Trustee 2022 Ltd,Johnson Forestry Services
{A7780E56-D8F6-4D16-B14C-D4715D44CFBE},866.000000000000000,15/11.48,39.000000000000000,975.000000000000000,Yes,0.000000000000000,0.000000000000000,1.000000000000000,0.000000000000000,0.000000000000000,0.000000000000000,0.000000000000000,0.000000000000000,25/6,0.000000000000000,0.000000000000000,0.025641025641000,0.000000000000000,0.000000000000000,0.000000000000000,0.000000000000000,0.000000000000000, ,{28569D3C-5FF7-450A-ABAD-BA8C2C26BFDA},10/07/2025 0:00:00, ,10/07/2025 0:00:00, ,No, ,3.000000000000000,Roy Trustee 2022 Ltd,Johnson Forestry Services
{C6BF71D2-4738-4BD3-A9F9-C75C5807AB20},868.000000000000000,15/11.48,40.000000000000000,1000.000000000000000,No,0.000000000000000,0.000000000000000,0.000000000000000,0.000000000000000,0.000000000000000,0.000000000000000,0.000000000000000,0.000000000000000,25/6,0.000000000000000,0.000000000000000,0.000000000000000,0.000000000000000,0.000000000000000,0.000000000000000,0.000000000000000,0.000000000000000, ,{28569D3C-5FF7-450A-ABAD-BA8C2C26BFDA},10/07/2025 0:00:00, ,10/07/2025 0:00:00, ,No, ,0.000000000000000,Roy Trustee 2022 Ltd,Johnson Forestry Services
{27EA8312-9AD3-4A1C-81F3-51E528624F0C},952.000000000000000,15/11.48,39.000000000000000,975.000000000000000,No,0.000000000000000,0.000000000000000,0.000000000000000,0.000000000000000,0.000000000000000,0.000000000000000,0.000000000000000,0.000000000000000,25/6,0.000000000000000,0.000000000000000,0.000000000000000,0.000000000000000,0.000000000000000,0.000000000000000,0.000000000000000,0.000000000000000,Scattered tussock,{28569D3C-5FF7-450A-ABAD-BA8C2C26BFDA},10/07/2025 0:00:00, ,10/07/2025 0:00:00, ,No, ,0.000000000000000,Roy Trustee 2022 Ltd,Johnson Forestry Services
{0DC0B7F2-15BE-4FDC-BE3E-1FE0D1CCD243},838.000000000000000,30/12.13,42.000000000000000,1050.000000000000000,No,0.000000000000000,0.000000000000000,0.000000000000000,0.000000000000000,0.000000000000000,0.000000000000000,0.000000000000000,0.000000000000000,25/6,0.000000000000000,0.000000000000000,0.000000000000000,0.000000000000000,0.000000000000000,0.000000000000000,0.000000000000000,0.000000000000000, ,{28569D3C-5FF7-450A-ABAD-BA8C2C26BFDA},10/07/2025 0:00:00, ,10/07/2025 0:00:00, ,No, ,0.000000000000000,Roy Trustee 2022 Ltd,Johnson Forestry Services
{1F92D71C-BFBB-439F-BE28-FB07091B280C},810.000000000000000,20/11.64,49.000000000000000,1225.000000000000000,Yes,0.000000000000000,0.000000000000000,5.000000000000000,0.000000000000000,0.000000000000000,0.000000000000000,0.000000000000000,0.000000000000000,25/6,0.000000000000000,0.000000000000000,0.102040816327000,0.000000000000000,0.000000000000000,0.000000000000000,0.000000000000000,0.000000000000000,Shit planting,{28569D3C-5FF7-450A-ABAD-BA8C2C26BFDA},10/07/2025 0:00:00, ,10/07/2025 0:00:00, ,No,Yes,15.000000000000000,Roy Trustee 2022 Ltd,Johnson Forestry Services
{8F2DB7E6-5A99-4764-B774-0EE8B54FB828},822.000000000000000,15/11.48,38.000000000000000,950.000000000000000,Yes,2.000000000000000,0.000000000000000,1.000000000000000,0.000000000000000,0.000000000000000,0.000000000000000,0.000000000000000,0.000000000000000,25/6,0.052631578947400,0.000000000000000,0.026315789473700,0.000000000000000,0.000000000000000,0.000000000000000,0.000000000000000,0.000000000000000, ,{28569D3C-5FF7-450A-ABAD-BA8C2C26BFDA},10/07/2025 0:00:00, ,10/07/2025 0:00:00, ,No, ,5.000000000000000,Roy Trustee 2022 Ltd,Johnson Forestry Services
{7994507E-A73C-4765-BFFA-1E9E9E7A7A77},814.000000000000000,25/11.85,43.000000000000000,1075.000000000000000,Yes,0.000000000000000,0.000000000000000,1.000000000000000,0.000000000000000,0.000000000000000,0.000000000000000,0.000000000000000,0.000000000000000,25/6,0.000000000000000,0.000000000000000,0.023255813953500,0.000000000000000,0.000000000000000,0.000000000000000,0.000000000000000,0.000000000000000, ,{28569D3C-5FF7-450A-ABAD-BA8C2C26BFDA},10/07/2025 0:00:00, ,10/07/2025 0:00:00, ,No, ,3.000000000000000,Roy Trustee 2022 Ltd,Johnson Forestry Services
{615F1FA5-2322-4734-A33E-EE59B3661237},802.100000000000023,20/11.64,41.000000000000000,1025.000000000000000,Yes,0.000000000000000,0.000000000000000,1.000000000000000,0.000000000000000,0.000000000000000,0.000000000000000,0.000000000000000,0.000000000000000,25/6,0.000000000000000,0.000000000000000,0.024390243902400,0.000000000000000,0.000000000000000,0.000000000000000,0.000000000000000,0.000000000000000,Sprayed area in 25/5,{28569D3C-5FF7-450A-ABAD-BA8C2C26BFDA},10/07/2025 0:00:00, ,10/07/2025 0:00:00, ,No, ,3.000000000000000,Roy Trustee 2022 Ltd,Johnson Forestry Services
{07D31007-72EC-4626-81FA-BE49DC29DAA3},1610.000000000000000,15/11.48,42.000000000000000,1050.000000000000000,Yes,0.000000000000000,0.000000000000000,0.000000000000000,0.000000000000000,0.000000000000000,1.000000000000000,1.000000000000000,0.000000000000000,25/57,0.000000000000000,0.000000000000000,0.000000000000000,0.000000000000000,0.000000000000000,0.023809523809500,0.023809523809500,0.000000000000000, ,{0DE59D79-818F-41C2-8C5A-31BDE6E8F3A3},10/07/2025 0:00:00, ,10/07/2025 0:00:00, ,No, ,6.000000000000000,Roy Trustee 2022 Ltd,Forest View Contracting
{B148AE42-0E16-4DD9-8515-787800B16A48},1622.000000000000000,25/11.85,42.000000000000000,1050.000000000000000,Yes,0.000000000000000,2.000000000000000,0.000000000000000,0.000000000000000,0.000000000000000,0.000000000000000,0.000000000000000,0.000000000000000,25/57,0.000000000000000,0.047619047619000,0.000000000000000,0.000000000000000,0.000000000000000,0.000000000000000,0.000000000000000,0.000000000000000, ,{0DE59D79-818F-41C2-8C5A-31BDE6E8F3A3},10/07/2025 0:00:00, ,10/07/2025 0:00:00, ,No, ,2.000000000000000,Roy Trustee 2022 Ltd,Forest View Contracting
{141DBB3B-0E7C-48C7-B77B-B97BEF5F488A},1630.000000000000000,20/11.64,38.000000000000000,950.000000000000000,No,0.000000000000000,0.000000000000000,0.000000000000000,0.000000000000000,0.000000000000000,0.000000000000000,0.000000000000000,0.000000000000000,25/57,0.000000000000000,0.000000000000000,0.000000000000000,0.000000000000000,0.000000000000000,0.000000000000000,0.000000000000000,0.000000000000000,Good,{0DE59D79-818F-41C2-8C5A-31BDE6E8F3A3},10/07/2025 0:00:00, ,10/07/2025 0:00:00, ,No, ,0.000000000000000,Roy Trustee 2022 Ltd,Forest View Contracting
{0F3204F6-CD1A-4AB5-B8D1-67EBC4D2FBA9},1632.000000000000000,15/11.48,36.000000000000000,900.000000000000000,Yes,0.000000000000000,0.000000000000000,0.000000000000000,0.000000000000000,0.000000000000000,2.000000000000000,0.000000000000000,0.000000000000000,25/57,0.000000000000000,0.000000000000000,0.000000000000000,0.000000000000000,0.000000000000000,0.055555555555600,0.000000000000000,0.000000000000000, ,{0DE59D79-818F-41C2-8C5A-31BDE6E8F3A3},10/07/2025 0:00:00, ,10/07/2025 0:00:00, ,No, ,6.000000000000000,Roy Trustee 2022 Ltd,Forest View Contracting
{09F43B3F-CDE7-4C40-87D3-9F4A87328ADD},1628.000000000000000,20/11.64,34.000000000000000,850.000000000000000,Yes,0.000000000000000,0.000000000000000,0.000000000000000,0.000000000000000,0.000000000000000,1.000000000000000,1.000000000000000,0.000000000000000,25/57,0.000000000000000,0.000000000000000,0.000000000000000,0.000000000000000,0.000000000000000,0.029411764705900,0.029411764705900,0.000000000000000,Patchy area with tussock and rock. Area covered well with trees,{0DE59D79-818F-41C2-8C5A-31BDE6E8F3A3},10/07/2025 0:00:00, ,10/07/2025 0:00:00, ,No,No,6.000000000000000,Roy Trustee 2022 Ltd,Forest View Contracting
{0598A009-C5F2-4BA1-831B-50D3B8423FB9},1626.000000000000000,15/11.48,36.000000000000000,900.000000000000000,No,0.000000000000000,0.000000000000000,0.000000000000000,0.000000000000000,0.000000000000000,0.000000000000000,0.000000000000000,0.000000000000000,25/57,0.000000000000000,0.000000000000000,0.000000000000000,0.000000000000000,0.000000000000000,0.000000000000000,0.000000000000000,0.000000000000000, ,{0DE59D79-818F-41C2-8C5A-31BDE6E8F3A3},10/07/2025 0:00:00, ,10/07/2025 0:00:00, ,No, ,0.000000000000000,Roy Trustee 2022 Ltd,Forest View Contracting
{03EF5827-8E09-49F0-9B07-B39A46E3051E},1616.000000000000000,20/11.64,37.000000000000000,925.000000000000000,Yes,0.000000000000000,2.000000000000000,0.000000000000000,0.000000000000000,0.000000000000000,0.000000000000000,0.000000000000000,0.000000000000000,25/57,0.000000000000000,0.054054054054100,0.000000000000000,0.000000000000000,0.000000000000000,0.000000000000000,0.000000000000000,0.000000000000000, ,{0DE59D79-818F-41C2-8C5A-31BDE6E8F3A3},10/07/2025 0:00:00, ,10/07/2025 0:00:00, ,No, ,2.000000000000000,Roy Trustee 2022 Ltd,Forest View Contracting
{0D4EC6F1-FF61-4E4D-BAD6-A68B7C4E8D24},1604.000000000000000,15/11.48,41.000000000000000,1025.000000000000000,Yes,0.000000000000000,1.000000000000000,1.000000000000000,0.000000000000000,0.000000000000000,0.000000000000000,0.000000000000000,0.000000000000000,25/57,0.000000000000000,0.024390243902400,0.024390243902400,0.000000000000000,0.000000000000000,0.000000000000000,0.000000000000000,0.000000000000000, ,{0DE59D79-818F-41C2-8C5A-31BDE6E8F3A3},10/07/2025 0:00:00, ,10/07/2025 0:00:00, ,No, ,4.000000000000000,Roy Trustee 2022 Ltd,Forest View Contracting
{ED1F7437-A302-48AF-B9EA-9B965D60E913},1624.000000000000000,10/11.37,39.000000000000000,975.000000000000000,Yes,0.000000000000000,0.000000000000000,0.000000000000000,0.000000000000000,0.000000000000000,0.000000000000000,3.000000000000000,0.000000000000000,25/57,0.000000000000000,0.000000000000000,0.000000000000000,0.000000000000000,0.000000000000000,0.000000000000000,0.076923076923100,0.000000000000000,One line of loose planting,{0DE59D79-818F-41C2-8C5A-31BDE6E8F3A3},10/07/2025 0:00:00, ,10/07/2025 0:00:00, ,No,No,9.000000000000000,Roy Trustee 2022 Ltd,Forest View Contracting
{AF2D454C-7A2B-4942-A920-24CCBADF31D7},728.000000000000000,15/11.48,38.000000000000000,950.000000000000000,Yes,0.000000000000000,1.000000000000000,0.000000000000000,0.000000000000000,0.000000000000000,0.000000000000000,0.000000000000000,0.000000000000000,25/51,0.000000000000000,0.026315789473700,0.000000000000000,0.000000000000000,0.000000000000000,0.000000000000000,0.000000000000000,0.000000000000000, ,{19043AC7-43E9-462D-AFA9-A7B00AE1B93B},11/07/2025 0:00:00, ,11/07/2025 0:00:00, ,No, ,1.000000000000000,Roy Trustee 2022 Ltd,Forest & Harvest Managers
{512C4A06-F563-4218-91CA-FF9107080572},729.000000000000000,10/11.37,37.000000000000000,925.000000000000000,Yes,0.000000000000000,0.000000000000000,1.000000000000000,0.000000000000000,0.000000000000000,0.000000000000000,0.000000000000000,0.000000000000000,25/51,0.000000000000000,0.000000000000000,0.027027027027000,0.000000000000000,0.000000000000000,0.000000000000000,0.000000000000000,0.000000000000000, ,{19043AC7-43E9-462D-AFA9-A7B00AE1B93B},11/07/2025 0:00:00, ,11/07/2025 0:00:00, ,No, ,3.000000000000000,Roy Trustee 2022 Ltd,Forest & Harvest Managers
{FF4D1EA5-FA59-4B67-B889-702DC4A22E57},719.000000000000000,15/11.48,37.000000000000000,925.000000000000000,Yes,1.000000000000000,0.000000000000000,0.000000000000000,0.000000000000000,0.000000000000000,0.000000000000000,0.000000000000000,0.000000000000000,25/51,0.027027027027000,0.000000000000000,0.000000000000000,0.000000000000000,0.000000000000000,0.000000000000000,0.000000000000000,0.000000000000000, ,{19043AC7-43E9-462D-AFA9-A7B00AE1B93B},11/07/2025 0:00:00, ,11/07/2025 0:00:00, ,No, ,1.000000000000000,Roy Trustee 2022 Ltd,Forest & Harvest Managers
{F4A3F14D-43F0-47DA-8891-C90224EAC742},718.000000000000000,25/11.85,44.000000000000000,1100.000000000000000,Yes,2.000000000000000,0.000000000000000,0.000000000000000,0.000000000000000,0.000000000000000,0.000000000000000,0.000000000000000,0.000000000000000,25/51,0.045454545454500,0.000000000000000,0.000000000000000,0.000000000000000,0.000000000000000,0.000000000000000,0.000000000000000,0.000000000000000, ,{19043AC7-43E9-462D-AFA9-A7B00AE1B93B},11/07/2025 0:00:00, ,11/07/2025 0:00:00, ,No, ,2.000000000000000,Roy Trustee 2022 Ltd,Forest & Harvest Managers
{7ABFAA08-FDC6-4877-9C8A-823A998F6386},717.000000000000000,25/11.85,42.000000000000000,1050.000000000000000,Yes,0.000000000000000,0.000000000000000,0.000000000000000,0.000000000000000,0.000000000000000,0.000000000000000,0.000000000000000,1.000000000000000,25/51,0.000000000000000,0.000000000000000,0.000000000000000,0.000000000000000,0.000000000000000,0.000000000000000,0.000000000000000,0.023809523809500, ,{19043AC7-43E9-462D-AFA9-A7B00AE1B93B},11/07/2025 0:00:00, ,11/07/2025 0:00:00, ,No, ,3.000000000000000,Roy Trustee 2022 Ltd,Forest & Harvest Managers
{7C896E84-AEA2-4D35-AFB3-F7E19AF18BA0},212.000000000000000,10/11.37,40.000000000000000,1000.000000000000000,Yes,0.000000000000000,0.000000000000000,1.000000000000000,0.000000000000000,0.000000000000000,0.000000000000000,0.000000000000000,0.000000000000000,25/65,0.000000000000000,0.000000000000000,0.025000000000000,0.000000000000000,0.000000000000000,0.000000000000000,0.000000000000000,0.000000000000000,Stocking heavy one side if plot rock area saved them.,{C3FB8550-1CCF-4190-9D1B-846B3A3770B7},11/07/2025 0:00:00, ,11/07/2025 0:00:00, ,No, ,3.000000000000000,Roy Trustee 2022 Ltd,Proforest
{47058EF2-8D03-42E2-8275-9C1DAD6E81B9},198.000000000000000,5/11.31,41.000000000000000,1025.000000000000000,Yes,0.000000000000000,0.000000000000000,0.000000000000000,0.000000000000000,1.000000000000000,0.000000000000000,0.000000000000000,0.000000000000000,25/65,0.000000000000000,0.000000000000000,0.000000000000000,0.000000000000000,0.024390243902400,0.000000000000000,0.000000000000000,0.000000000000000,Tree had very long root. 18cm. Should have been pulled off. Rest of planting very good.,{4DB71491-98F4-462B-BB0D-DEC18BFA22E1},11/07/2025 0:00:00, ,11/07/2025 0:00:00, ,No, ,3.000000000000000,Roy Trustee 2022 Ltd,Proforest
{002BC7F2-5A5A-4D62-B29B-F8A29AB62B1E},426.000000000000000,35/12.50,39.000000000000000,975.000000000000000,No,0.000000000000000,0.000000000000000,0.000000000000000,0.000000000000000,0.000000000000000,0.000000000000000,0.000000000000000,0.000000000000000,25/72,0.000000000000000,0.000000000000000,0.000000000000000,0.000000000000000,0.000000000000000,0.000000000000000,0.000000000000000,0.000000000000000,Bloody steep. Did well to get 975 in. Was the fijian boys.,{9F265A74-4A14-431F-86D1-216F6507985E},11/07/2025 0:00:00, ,11/07/2025 0:00:00, ,No, ,0.000000000000000,Roy Trustee 2022 Ltd,Proforest
{C8DE2C34-2F90-42B8-BFF0-E1DBFE4F89FF},438.000000000000000,25/11.85,46.000000000000000,1150.000000000000000,No,0.000000000000000,0.000000000000000,0.000000000000000,0.000000000000000,0.000000000000000,0.000000000000000,0.000000000000000,0.000000000000000,25/72,0.000000000000000,0.000000000000000,0.000000000000000,0.000000000000000,0.000000000000000,0.000000000000000,0.000000000000000,0.000000000000000,One row stopped. The two either side closed to pi k up his row which made rows to close at plot. This increased stocking at that point.,{5620E38F-C5EC-4119-AEA6-180139FAAFE8},11/07/2025 0:00:00, ,11/07/2025 0:00:00, ,No,No,0.000000000000000,Roy Trustee 2022 Ltd,Proforest
{00A8A595-C8B1-47F9-828B-E3790B263015},436.000000000000000,15/11.48,36.000000000000000,900.000000000000000,No,0.000000000000000,0.000000000000000,0.000000000000000,0.000000000000000,0.000000000000000,0.000000000000000,0.000000000000000,0.000000000000000,25/72,0.000000000000000,0.000000000000000,0.000000000000000,0.000000000000000,0.000000000000000,0.000000000000000,0.000000000000000,0.000000000000000,Same issue planters meeting up and not meshing thecrows properly. This the other direction light.,{DCDC1029-FFA9-46FC-9AE3-5CD85A23F7BE},11/07/2025 0:00:00, ,11/07/2025 0:00:00, ,No, ,0.000000000000000,Roy Trustee 2022 Ltd,Proforest
{3D65DC71-901B-4CD9-A0C0-1314C3EF0B0D},746.100000000000023,15/11.48,41.000000000000000,1025.000000000000000,Yes,1.000000000000000,0.000000000000000,0.000000000000000,0.000000000000000,0.000000000000000,1.000000000000000,0.000000000000000,0.000000000000000,25/75,0.024390243902400,0.000000000000000,0.000000000000000,0.000000000000000,0.000000000000000,0.024390243902400,0.000000000000000,0.000000000000000, ,{7C8EED03-E3E8-49C7-AD22-F22D5461B7BC},13/07/2025 0:00:00, ,13/07/2025 0:00:00, ,No, ,4.000000000000000,Roy Trustee 2022 Ltd,Innovair
{6D01C2A6-0013-4456-92B2-9FABA4376295},738.100000000000023,15/11.48,42.000000000000000,1050.000000000000000,Yes,0.000000000000000,1.000000000000000,0.000000000000000,0.000000000000000,0.000000000000000,1.000000000000000,0.000000000000000,0.000000000000000,25/75,0.000000000000000,0.023809523809500,0.000000000000000,0.000000000000000,0.000000000000000,0.023809523809500,0.000000000000000,0.000000000000000, ,{7C8EED03-E3E8-49C7-AD22-F22D5461B7BC},13/07/2025 0:00:00, ,13/07/2025 0:00:00, ,No, ,4.000000000000000,Roy Trustee 2022 Ltd,Innovair
{EDA76E53-2CB5-424A-A311-1601C8182B7C},392.000000000000000,25/11.85,42.000000000000000,1050.000000000000000,Yes,0.000000000000000,0.000000000000000,1.000000000000000,0.000000000000000,0.000000000000000,0.000000000000000,0.000000000000000,0.000000000000000,25/72,0.000000000000000,0.000000000000000,0.023809523809500,0.000000000000000,0.000000000000000,0.000000000000000,0.000000000000000,0.000000000000000, ,{834DC69C-4B84-4FDD-B874-A471EA4C4F7C},13/07/2025 0:00:00, ,13/07/2025 0:00:00, ,No, ,3.000000000000000,Roy Trustee 2022 Ltd,Proforest
{49E43A9B-DFC1-4B23-A1B0-EEF592D190A2},410.000000000000000,15/11.48,43.000000000000000,1075.000000000000000,Yes,0.000000000000000,2.000000000000000,1.000000000000000,0.000000000000000,0.000000000000000,0.000000000000000,0.000000000000000,0.000000000000000,25/72,0.000000000000000,0.046511627907000,0.023255813953500,0.000000000000000,0.000000000000000,0.000000000000000,0.000000000000000,0.000000000000000, ,{834DC69C-4B84-4FDD-B874-A471EA4C4F7C},13/07/2025 0:00:00, ,13/07/2025 0:00:00, ,No, ,5.000000000000000,Roy Trustee 2022 Ltd,Proforest
{F1394495-3B2C-431E-AA31-250E976C0E55},412.000000000000000,30/12.13,44.000000000000000,1100.000000000000000,Yes,0.000000000000000,1.000000000000000,0.000000000000000,0.000000000000000,0.000000000000000,1.000000000000000,0.000000000000000,0.000000000000000,25/72,0.000000000000000,0.022727272727300,0.000000000000000,0.000000000000000,0.000000000000000,0.022727272727300,0.000000000000000,0.000000000000000, ,{834DC69C-4B84-4FDD-B874-A471EA4C4F7C},13/07/2025 0:00:00, ,13/07/2025 0:00:00, ,No, ,4.000000000000000,Roy Trustee 2022 Ltd,Proforest
{FA21B4A8-DB25-4996-90B7-807A39A96E4A},376.000000000000000,15/11.48,46.000000000000000,1150.000000000000000,Yes,0.000000000000000,2.000000000000000,0.000000000000000,0.000000000000000,0.000000000000000,0.000000000000000,0.000000000000000,0.000000000000000,25/72,0.000000000000000,0.043478260869600,0.000000000000000,0.000000000000000,0.000000000000000,0.000000000000000,0.000000000000000,0.000000000000000,One close line put stocking up,{834DC69C-4B84-4FDD-B874-A471EA4C4F7C},13/07/2025 0:00:00, ,13/07/2025 0:00:00, ,No,No,2.000000000000000,Roy Trustee 2022 Ltd,Proforest
{A9B85142-8964-4A33-A256-6BD84DB2EFCA},394.000000000000000,15/11.48,44.000000000000000,1100.000000000000000,Yes,0.000000000000000,0.000000000000000,1.000000000000000,0.000000000000000,0.000000000000000,1.000000000000000,0.000000000000000,0.000000000000000,25/72,0.000000000000000,0.000000000000000,0.022727272727300,0.000000000000000,0.000000000000000,0.022727272727300,0.000000000000000,0.000000000000000, ,{834DC69C-4B84-4FDD-B874-A471EA4C4F7C},13/07/2025 0:00:00, ,13/07/2025 0:00:00, ,No, ,6.000000000000000,Roy Trustee 2022 Ltd,Proforest
{DF0DA9DE-F41F-4AE2-944F-71019F7235F1},1252.000000000000000,15/11.48,40.000000000000000,1000.000000000000000,Yes,0.000000000000000,0.000000000000000,0.000000000000000,0.000000000000000,1.000000000000000,0.000000000000000,0.000000000000000,0.000000000000000,25/64,0.000000000000000,0.000000000000000,0.000000000000000,0.000000000000000,0.025000000000000,0.000000000000000,0.000000000000000,0.000000000000000,Long roots on tree. Shoukd gave been trimmed.,{F78083BB-ED61-4679-99F2-B989A0390563},13/07/2025 0:00:00, ,13/07/2025 0:00:00, ,No, ,3.000000000000000,Roy Trustee 2022 Ltd,Proforest
{0C2F7E4D-F66E-4FA0-8342-8E5C9B0A6634},1260.000000000000000,15/11.48,41.000000000000000,1025.000000000000000,Yes,0.000000000000000,1.000000000000000,0.000000000000000,0.000000000000000,0.000000000000000,0.000000000000000,1.000000000000000,0.000000000000000,25/64,0.000000000000000,0.024390243902400,0.000000000000000,0.000000000000000,0.000000000000000,0.000000000000000,0.024390243902400,0.000000000000000,Very loose soil from raking. Stocking ok. But not even some close trees and one wide row. Cow in block some were.,{84568409-59C9-4013-9180-D1D54A600F7E},13/07/2025 0:00:00, ,13/07/2025 0:00:00, ,No, ,4.000000000000000,Roy Trustee 2022 Ltd,Proforest
{EA593E4C-C3CF-4A30-8B6D-CD60C828561C},194.000000000000000,0/11.31,42.000000000000000,1050.000000000000000,No,0.000000000000000,0.000000000000000,0.000000000000000,0.000000000000000,0.000000000000000,0.000000000000000,0.000000000000000,0.000000000000000,25/65,0.000000000000000,0.000000000000000,0.000000000000000,0.000000000000000,0.000000000000000,0.000000000000000,0.000000000000000,0.000000000000000, ,{C9651391-59AA-4873-BC78-6A5C54FAC2A4},13/07/2025 0:00:00, ,13/07/2025 0:00:00, ,No, ,0.000000000000000,Roy Trustee 2022 Ltd,Proforest
{E51CEC96-2AE6-4BB1-B1FF-1FCB1D4D452E},742.000000000000000,10/11.37,41.000000000000000,1025.000000000000000,Yes,0.000000000000000,1.000000000000000,0.000000000000000,0.000000000000000,0.000000000000000,0.000000000000000,0.000000000000000,1.000000000000000,25/75,0.000000000000000,0.024390243902400,0.000000000000000,0.000000000000000,0.000000000000000,0.000000000000000,0.000000000000000,0.000000000000000, ,{83188BE5-80A7-4A1E-BF44-F6C94230AEEA},13/07/2025 0:00:00, ,13/07/2025 0:00:00, ,No, ,1.000000000000000,Roy Trustee 2022 Ltd,Innovair
{945DA1F6-E465-48E9-9498-E43A68E9FAD3},1268.000000000000000,15/11.48,41.000000000000000,1025.000000000000000,Yes,0.000000000000000,2.000000000000000,0.000000000000000,0.000000000000000,0.000000000000000,0.000000000000000,0.000000000000000,0.000000000000000,25/64,0.000000000000000,0.048780487804900,0.000000000000000,0.000000000000000,0.000000000000000,0.000000000000000,0.000000000000000,0.000000000000000,Rock and scrub.,{6957213A-8EAD-486B-8E8C-06BF1A2E8B10},14/07/2025 0:00:00, ,14/07/2025 0:00:00, ,No, ,2.000000000000000,Roy Trustee 2022 Ltd,Proforest
{28BB5782-1F16-43FB-B1FD-3D8AD45E6803},810.000000000000000,15/11.48,38.000000000000000,950.000000000000000,No,0.000000000000000,0.000000000000000,0.000000000000000,0.000000000000000,0.000000000000000,0.000000000000000,0.000000000000000,0.000000000000000,25/6,0.000000000000000,0.000000000000000,0.000000000000000,0.000000000000000,0.000000000000000,0.000000000000000,0.000000000000000,0.000000000000000, ,{1CE56F40-CF55-4C57-B024-CBED5DC9FC12},14/07/2025 0:00:00, ,14/07/2025 0:00:00, ,Yes, ,0.000000000000000,Roy Trustee 2022 Ltd,Johnson Forestry Services
{A7046F03-8C17-4DB7-BE27-EA10DF0E77DD},808.000000000000000,15/11.48,42.000000000000000,1050.000000000000000,Yes,0.000000000000000,0.000000000000000,1.000000000000000,0.000000000000000,0.000000000000000,0.000000000000000,0.000000000000000,0.000000000000000,25/6,0.000000000000000,0.000000000000000,0.023809523809500,0.000000000000000,0.000000000000000,0.000000000000000,0.000000000000000,0.000000000000000,Long bushy roots,{1CE56F40-CF55-4C57-B024-CBED5DC9FC12},14/07/2025 0:00:00, ,14/07/2025 0:00:00, ,No, ,3.000000000000000,Roy Trustee 2022 Ltd,Johnson Forestry Services
{505A5733-E5EF-4961-958A-E0B069165881},812.000000000000000,15/11.48,0.000000000000000,0.000000000000000,Yes,1.000000000000000,0.000000000000000,0.000000000000000,0.000000000000000,0.000000000000000,0.000000000000000,1.000000000000000,0.000000000000000,25/6,0.000000000000000,0.000000000000000,0.000000000000000,0.000000000000000,0.000000000000000,0.000000000000000,0.000000000000000,0.000000000000000,I hole 2 trees in it,{1CE56F40-CF55-4C57-B024-CBED5DC9FC12},14/07/2025 0:00:00, ,14/07/2025 0:00:00, ,No, ,4.000000000000000,Roy Trustee 2022 Ltd,Johnson Forestry Services
{D116835C-EE29-43DC-B389-4599CF4A18F3},856.000000000000000,20/11.64,43.000000000000000,1075.000000000000000,Yes,0.000000000000000,0.000000000000000,0.000000000000000,0.000000000000000,0.000000000000000,0.000000000000000,1.000000000000000,0.000000000000000,25/6,0.000000000000000,0.000000000000000,0.000000000000000,0.000000000000000,0.000000000000000,0.000000000000000,0.023255813953500,0.000000000000000, ,{1CE56F40-CF55-4C57-B024-CBED5DC9FC12},14/07/2025 0:00:00, ,14/07/2025 0:00:00, ,No, ,3.000000000000000,Roy Trustee 2022 Ltd,Johnson Forestry Services
{59E57682-FBC1-4C83-AF0B-F6B61809922D},824.000000000000000,25/11.85,39.000000000000000,975.000000000000000,Yes,0.000000000000000,0.000000000000000,1.000000000000000,0.000000000000000,0.000000000000000,0.000000000000000,0.000000000000000,0.000000000000000,25/6,0.000000000000000,0.000000000000000,0.025641025641000,0.000000000000000,0.000000000000000,0.000000000000000,0.000000000000000,0.000000000000000, ,{1CE56F40-CF55-4C57-B024-CBED5DC9FC12},14/07/2025 0:00:00, ,14/07/2025 0:00:00, ,No, ,3.000000000000000,Roy Trustee 2022 Ltd,Johnson Forestry Services
{D2E8F5DF-3820-4B98-8427-0C1B8E9F1418},826.000000000000000,15/11.48,35.000000000000000,875.000000000000000,Yes,0.000000000000000,0.000000000000000,0.000000000000000,0.000000000000000,0.000000000000000,0.000000000000000,2.000000000000000,0.000000000000000,25/6,0.000000000000000,0.000000000000000,0.000000000000000,0.000000000000000,0.000000000000000,0.000000000000000,0.057142857142900,0.000000000000000,Change of contour. Outside plot stocking is ok,{1CE56F40-CF55-4C57-B024-CBED5DC9FC12},14/07/2025 0:00:00, ,14/07/2025 0:00:00, ,No,No,6.000000000000000,Roy Trustee 2022 Ltd,Johnson Forestry Services
{72C3151E-6ACC-475B-8045-42E068C1DBF8},840.000000000000000,15/11.48,42.000000000000000,1050.000000000000000,Yes,0.000000000000000,0.000000000000000,1.000000000000000,0.000000000000000,0.000000000000000,0.000000000000000,0.000000000000000,0.000000000000000,25/6,0.000000000000000,0.000000000000000,0.023809523809500,0.000000000000000,0.000000000000000,0.000000000000000,0.000000000000000,0.000000000000000, ,{1CE56F40-CF55-4C57-B024-CBED5DC9FC12},14/07/2025 0:00:00, ,14/07/2025 0:00:00, ,No, ,3.000000000000000,Roy Trustee 2022 Ltd,Johnson Forestry Services
{A350E90F-91E3-4AFB-B6BA-F8CC9A83CCEE},854.000000000000000,25/11.85,41.000000000000000,0.000000000000000,Yes,1.000000000000000,0.000000000000000,0.000000000000000,0.000000000000000,0.000000000000000,0.000000000000000,0.000000000000000,0.000000000000000,25/6,0.000000000000000,0.000000000000000,0.000000000000000,0.000000000000000,0.000000000000000,0.000000000000000,0.000000000000000,0.000000000000000, ,{1CE56F40-CF55-4C57-B024-CBED5DC9FC12},14/07/2025 0:00:00, ,14/07/2025 0:00:00, ,No, ,1.000000000000000,Roy Trustee 2022 Ltd,Johnson Forestry Services
{1CFE4738-627C-4A7E-8E93-C67C5CA03E92},870.000000000000000,15/11.48,43.000000000000000,1075.000000000000000,Yes,4.000000000000000,0.000000000000000,1.000000000000000,0.000000000000000,0.000000000000000,0.000000000000000,0.000000000000000,0.000000000000000,25/6,0.093023255814000,0.000000000000000,0.023255813953500,0.000000000000000,0.000000000000000,0.000000000000000,0.000000000000000,0.000000000000000,No rework for dropped trees,{1CE56F40-CF55-4C57-B024-CBED5DC9FC12},14/07/2025 0:00:00, ,14/07/2025 0:00:00, ,No,No,7.000000000000000,Roy Trustee 2022 Ltd,Johnson Forestry Services
{0CB53099-2368-4958-A49F-BE3B59B9B944},872.000000000000000,15/11.48,38.000000000000000,950.000000000000000,Yes,0.000000000000000,0.000000000000000,1.000000000000000,0.000000000000000,0.000000000000000,0.000000000000000,0.000000000000000,0.000000000000000,25/6,0.000000000000000,0.000000000000000,0.026315789473700,0.000000000000000,0.000000000000000,0.000000000000000,0.000000000000000,0.000000000000000, ,{1CE56F40-CF55-4C57-B024-CBED5DC9FC12},14/07/2025 0:00:00, ,14/07/2025 0:00:00, ,No, ,3.000000000000000,Roy Trustee 2022 Ltd,Johnson Forestry Services
{F80AF496-40E0-43A7-A27F-7EB1787210F4},714.000000000000000,25/11.85,34.000000000000000,850.000000000000000,Yes,0.000000000000000,2.000000000000000,0.000000000000000,1.000000000000000,0.000000000000000,0.000000000000000,0.000000000000000,0.000000000000000,25/51,0.000000000000000,0.058823529411800,0.000000000000000,0.029411764705900,0.000000000000000,0.000000000000000,0.000000000000000,0.000000000000000,"Hard ground, lots of rocks around",{3A5B48E6-B4FB-4229-B7FE-E8363935F2F2},14/07/2025 0:00:00, ,14/07/2025 0:00:00, ,No,Yes,3.000000000000000,Roy Trustee 2022 Ltd,Forest & Harvest Managers
{0BB51326-D212-4703-B0CB-2F62798FF391},688.000000000000000,10/11.37,43.000000000000000,1075.000000000000000,Yes,0.000000000000000,2.000000000000000,1.000000000000000,0.000000000000000,0.000000000000000,0.000000000000000,0.000000000000000,0.000000000000000,25/51,0.000000000000000,0.046511627907000,0.023255813953500,0.000000000000000,0.000000000000000,0.000000000000000,0.000000000000000,0.000000000000000, ,{3A5B48E6-B4FB-4229-B7FE-E8363935F2F2},14/07/2025 0:00:00, ,14/07/2025 0:00:00, ,No, ,5.000000000000000,Roy Trustee 2022 Ltd,Forest & Harvest Managers
{D12C55E1-B665-4F31-9099-4DB8B4A7D208},625.000000000000000,25/11.85,36.000000000000000,900.000000000000000,Yes,0.000000000000000,1.000000000000000,1.000000000000000,0.000000000000000,0.000000000000000,0.000000000000000,0.000000000000000,0.000000000000000,25/51,0.000000000000000,0.027777777777800,0.027777777777800,0.000000000000000,0.000000000000000,0.000000000000000,0.000000000000000,0.000000000000000, ,{3A5B48E6-B4FB-4229-B7FE-E8363935F2F2},14/07/2025 0:00:00, ,14/07/2025 0:00:00, ,No, ,4.000000000000000,Roy Trustee 2022 Ltd,Forest & Harvest Managers
{596E348F-FABA-4AE5-A4C3-368172ACBD7F},624.000000000000000,20/11.64,36.000000000000000,900.000000000000000,Yes,0.000000000000000,1.000000000000000,0.000000000000000,0.000000000000000,0.000000000000000,0.000000000000000,0.000000000000000,0.000000000000000,25/51,0.000000000000000,0.027777777777800,0.000000000000000,0.000000000000000,0.000000000000000,0.000000000000000,0.000000000000000,0.000000000000000, ,{3A5B48E6-B4FB-4229-B7FE-E8363935F2F2},14/07/2025 0:00:00, ,14/07/2025 0:00:00, ,No, ,1.000000000000000,Roy Trustee 2022 Ltd,Forest & Harvest Managers
{7E44B6AB-9842-47FB-9045-6AE521814B69},623.000000000000000,20/11.64,37.000000000000000,925.000000000000000,Yes,1.000000000000000,1.000000000000000,1.000000000000000,0.000000000000000,0.000000000000000,0.000000000000000,0.000000000000000,0.000000000000000,25/51,0.027027027027000,0.027027027027000,0.027027027027000,0.000000000000000,0.000000000000000,0.000000000000000,0.000000000000000,0.000000000000000, ,{3A5B48E6-B4FB-4229-B7FE-E8363935F2F2},14/07/2025 0:00:00, ,14/07/2025 0:00:00, ,No, ,5.000000000000000,Roy Trustee 2022 Ltd,Forest & Harvest Managers
{980BB28B-2BF1-4BC5-8C2F-C648B496F3BB},608.000000000000000,15/11.48,42.000000000000000,1050.000000000000000,Yes,0.000000000000000,0.000000000000000,0.000000000000000,0.000000000000000,0.000000000000000,0.000000000000000,1.000000000000000,0.000000000000000,25/51,0.000000000000000,0.000000000000000,0.000000000000000,0.000000000000000,0.000000000000000,0.000000000000000,0.023809523809500,0.000000000000000, ,{3A5B48E6-B4FB-4229-B7FE-E8363935F2F2},14/07/2025 0:00:00, ,14/07/2025 0:00:00, ,No, ,3.000000000000000,Roy Trustee 2022 Ltd,Forest & Harvest Managers
{C6E7F741-2169-4DA5-9915-B0435E06CC8A},609.000000000000000,20/11.64,38.000000000000000,950.000000000000000,Yes,0.000000000000000,0.000000000000000,1.000000000000000,0.000000000000000,0.000000000000000,0.000000000000000,0.000000000000000,0.000000000000000,25/51,0.000000000000000,0.000000000000000,0.026315789473700,0.000000000000000,0.000000000000000,0.000000000000000,0.000000000000000,0.000000000000000, ,{3A5B48E6-B4FB-4229-B7FE-E8363935F2F2},14/07/2025 0:00:00, ,14/07/2025 0:00:00, ,No, ,3.000000000000000,Roy Trustee 2022 Ltd,Forest & Harvest Managers
{7264E79B-5057-4B46-B4E4-9BA19FD84DB0},610.000000000000000,20/11.64,46.000000000000000,1150.000000000000000,Yes,0.000000000000000,0.000000000000000,0.000000000000000,0.000000000000000,0.000000000000000,0.000000000000000,0.000000000000000,0.000000000000000,25/51,0.000000000000000,0.000000000000000,0.000000000000000,0.000000000000000,0.000000000000000,0.000000000000000,0.000000000000000,0.000000000000000,Stocking a bit high within plot but overall pretty good as looked outside it and not throughout the whole area so don’t believe it is rework worthy,{3A5B48E6-B4FB-4229-B7FE-E8363935F2F2},14/07/2025 0:00:00, ,14/07/2025 0:00:00, ,No,No,0.000000000000000,Roy Trustee 2022 Ltd,Forest & Harvest Managers
{F6E901FF-3E35-4896-9E87-E0EDD787EA62},2142.000000000000000,15/11.48,40.000000000000000,1000.000000000000000,Yes,0.000000000000000,1.000000000000000,1.000000000000000,0.000000000000000,0.000000000000000,0.000000000000000,0.000000000000000,0.000000000000000,25/7,0.000000000000000,0.025000000000000,0.025000000000000,0.000000000000000,0.000000000000000,0.000000000000000,0.000000000000000,0.000000000000000, ,{A961830A-A3B2-439E-A881-64ED33F20292},14/07/2025 0:00:00, ,14/07/2025 0:00:00, ,No, ,4.000000000000000,Roy Trustee 2022 Ltd,Johnson Forestry Services
{7392E6B1-857E-40F1-94B1-B09FB0677123},2138.000000000000000,30/12.13,39.000000000000000,975.000000000000000,No,0.000000000000000,0.000000000000000,0.000000000000000,0.000000000000000,0.000000000000000,0.000000000000000,0.000000000000000,0.000000000000000,25/7,0.000000000000000,0.000000000000000,0.000000000000000,0.000000000000000,0.000000000000000,0.000000000000000,0.000000000000000,0.000000000000000, ,{A961830A-A3B2-439E-A881-64ED33F20292},14/07/2025 0:00:00, ,14/07/2025 0:00:00, ,No, ,0.000000000000000,Roy Trustee 2022 Ltd,Johnson Forestry Services
{07425199-B74E-40C1-9186-C72B3CABFF66},214.000000000000000,15/11.48,36.000000000000000,900.000000000000000,Yes,0.000000000000000,0.000000000000000,0.000000000000000,0.000000000000000,0.000000000000000,0.000000000000000,1.000000000000000,0.000000000000000,25/7,0.000000000000000,0.000000000000000,0.000000000000000,0.000000000000000,0.000000000000000,0.000000000000000,0.027777777777800,0.000000000000000, ,{A961830A-A3B2-439E-A881-64ED33F20292},14/07/2025 0:00:00, ,14/07/2025 0:00:00, ,No, ,3.000000000000000,Roy Trustee 2022 Ltd,Johnson Forestry Services
{F11B7E06-C25E-462A-9CCF-EE45EE039E86},1618.000000000000000,20/11.64,34.000000000000000,850.000000000000000,No,0.000000000000000,0.000000000000000,0.000000000000000,0.000000000000000,0.000000000000000,0.000000000000000,0.000000000000000,0.000000000000000,25/57,0.000000000000000,0.000000000000000,0.000000000000000,0.000000000000000,0.000000000000000,0.000000000000000,0.000000000000000,0.000000000000000,"Spot planting through bracken and rocks, low stocking understandable in this area",{150FB103-2C15-48B9-BE82-BC2BFD9B4E9F},14/07/2025 0:00:00, ,14/07/2025 0:00:00, ,No,Yes,0.000000000000000,Roy Trustee 2022 Ltd,Forest View Contracting
{F0A2DFD4-1E4B-49F4-B6B3-EFFD48D129CA},1606.000000000000000,10/11.37,38.000000000000000,0.000000000000000,Yes,0.000000000000000,0.000000000000000,1.000000000000000,0.000000000000000,0.000000000000000,0.000000000000000,0.000000000000000,0.000000000000000,25/57,0.000000000000000,0.000000000000000,0.000000000000000,0.000000000000000,0.000000000000000,0.000000000000000,0.000000000000000,0.000000000000000, ,{150FB103-2C15-48B9-BE82-BC2BFD9B4E9F},14/07/2025 0:00:00, ,14/07/2025 0:00:00, ,No, ,0.000000000000000,Roy Trustee 2022 Ltd,Forest View Contracting
{DA7ACA04-D637-49CC-AA8D-01736C0D1F05},1620.000000000000000,20/11.64,41.000000000000000,1025.000000000000000,Yes,0.000000000000000,2.000000000000000,0.000000000000000,0.000000000000000,0.000000000000000,0.000000000000000,0.000000000000000,0.000000000000000,25/57,0.000000000000000,0.048780487804900,0.000000000000000,0.000000000000000,0.000000000000000,0.000000000000000,0.000000000000000,0.000000000000000, ,{150FB103-2C15-48B9-BE82-BC2BFD9B4E9F},14/07/2025 0:00:00, ,14/07/2025 0:00:00, ,No, ,2.000000000000000,Roy Trustee 2022 Ltd,Forest View Contracting
{B59DC911-6727-47FB-9667-C312647315E9},698.000000000000000,25/11.85,45.000000000000000,1125.000000000000000,Yes,0.000000000000000,0.000000000000000,1.000000000000000,0.000000000000000,0.000000000000000,0.000000000000000,0.000000000000000,0.000000000000000,25/75,0.000000000000000,0.000000000000000,0.000000000000000,0.000000000000000,0.000000000000000,0.000000000000000,0.000000000000000,0.000000000000000,"One tight tree section, rework unrequired",{4D68E8CD-2B1F-4EEA-90FF-94F0F07C1737},14/07/2025 0:00:00, ,14/07/2025 0:00:00, ,No,Yes,3.000000000000000,Roy Trustee 2022 Ltd,Innovair
{6C767C2F-2D39-4615-A65A-41C873D2D61A},696.000000000000000,25/11.85,44.000000000000000,1100.000000000000000,Yes,0.000000000000000,1.000000000000000,0.000000000000000,0.000000000000000,0.000000000000000,0.000000000000000,0.000000000000000,0.000000000000000,25/75,0.000000000000000,0.022727272727300,0.000000000000000,0.000000000000000,0.000000000000000,0.000000000000000,0.000000000000000,0.000000000000000, ,{4D68E8CD-2B1F-4EEA-90FF-94F0F07C1737},14/07/2025 0:00:00, ,14/07/2025 0:00:00, ,No, ,1.000000000000000,Roy Trustee 2022 Ltd,Innovair
{B328FD8A-D3B6-4ED5-BAF7-C207C2B7A0FC},674.000000000000000,0/11.31,42.000000000000000,1075.000000000000000,Yes,0.000000000000000,0.000000000000000,1.000000000000000,0.000000000000000,0.000000000000000,0.000000000000000,1.000000000000000,0.000000000000000,25/75,0.000000000000000,0.000000000000000,0.000000000000000,0.000000000000000,0.000000000000000,0.000000000000000,0.000000000000000,0.000000000000000, ,{4D68E8CD-2B1F-4EEA-90FF-94F0F07C1737},14/07/2025 0:00:00, ,14/07/2025 0:00:00, ,No, ,6.000000000000000,Roy Trustee 2022 Ltd,Innovair
{7388BDA5-4FA8-4E42-8E24-4F8E6F1C2021},647.000000000000000,25/11.85,44.000000000000000,1100.000000000000000,Yes,0.000000000000000,1.000000000000000,1.000000000000000,0.000000000000000,0.000000000000000,0.000000000000000,0.000000000000000,0.000000000000000,25/51,0.000000000000000,0.022727272727300,0.022727272727300,0.000000000000000,0.000000000000000,0.000000000000000,0.000000000000000,0.000000000000000, ,{0A548352-CA9A-4496-A661-78EF0580DECB},14/07/2025 0:00:00, ,14/07/2025 0:00:00, ,No, ,4.000000000000000,Roy Trustee 2022 Ltd,Forest & Harvest Managers
{0B5C60C1-533C-42DC-B2E2-491B2F73529E},667.000000000000000,40/12.92,40.000000000000000,1000.000000000000000,Yes,0.000000000000000,3.000000000000000,0.000000000000000,0.000000000000000,0.000000000000000,0.000000000000000,0.000000000000000,1.000000000000000,25/51,0.000000000000000,0.075000000000000,0.000000000000000,0.000000000000000,0.000000000000000,0.000000000000000,0.000000000000000,0.025000000000000, ,{0A548352-CA9A-4496-A661-78EF0580DECB},14/07/2025 0:00:00, ,14/07/2025 0:00:00, ,No, ,6.000000000000000,Roy Trustee 2022 Ltd,Forest & Harvest Managers
{44DDB689-2D9C-43B7-A727-E14813938570},646.000000000000000,25/11.85,44.000000000000000,1100.000000000000000,Yes,0.000000000000000,0.000000000000000,0.000000000000000,0.000000000000000,0.000000000000000,0.000000000000000,0.000000000000000,0.000000000000000,25/75,0.000000000000000,0.000000000000000,0.000000000000000,0.000000000000000,0.000000000000000,0.000000000000000,0.000000000000000,0.000000000000000, ,{0A548352-CA9A-4496-A661-78EF0580DECB},14/07/2025 0:00:00, ,14/07/2025 0:00:00, ,No, ,0.000000000000000,Roy Trustee 2022 Ltd,Forest & Harvest Managers
{F52241C5-F6EB-412E-86A6-308F0468C1C3},668.000000000000000,15/11.48,40.000000000000000,1000.000000000000000,Yes,0.000000000000000,0.000000000000000,0.000000000000000,0.000000000000000,0.000000000000000,0.000000000000000,1.000000000000000,1.000000000000000,25/51,0.000000000000000,0.000000000000000,0.000000000000000,0.000000000000000,0.000000000000000,0.000000000000000,0.025000000000000,0.025000000000000, ,{0A548352-CA9A-4496-A661-78EF0580DECB},14/07/2025 0:00:00, ,14/07/2025 0:00:00, ,No, ,6.000000000000000,Roy Trustee 2022 Ltd,Forest & Harvest Managers
{ABBFC7A6-DCDD-4752-B250-084AA0F32D66},676.000000000000000,15/11.48,36.000000000000000,900.000000000000000,No,0.000000000000000,0.000000000000000,0.000000000000000,0.000000000000000,0.000000000000000,0.000000000000000,0.000000000000000,0.000000000000000,25/75,0.000000000000000,0.000000000000000,0.000000000000000,0.000000000000000,0.000000000000000,0.000000000000000,0.000000000000000,0.000000000000000, ,{F69ACDB5-4DB0-4522-91A0-7C79BE0C706B},14/07/2025 0:00:00, ,14/07/2025 0:00:00, ,No, ,0.000000000000000,Roy Trustee 2022 Ltd,Innovair
{98855871-2389-4B41-9CA2-0F53EA1140E7},700.000000000000000,20/11.64,38.000000000000000,950.000000000000000,Yes,0.000000000000000,1.000000000000000,0.000000000000000,0.000000000000000,0.000000000000000,0.000000000000000,0.000000000000000,0.000000000000000,25/75,0.000000000000000,0.000000000000000,0.000000000000000,0.000000000000000,0.000000000000000,0.000000000000000,0.026315789473700,0.000000000000000, ,{2A796B5D-29BA-4E3C-9AD3-C0FB2D7AB981},14/07/2025 0:00:00, ,14/07/2025 0:00:00, ,No, ,1.000000000000000,Roy Trustee 2022 Ltd,Innovair
{7781E06D-9F5A-4135-9870-B8A684C4EE44},726.000000000000000,20/11.64,36.000000000000000,900.000000000000000,Yes,0.000000000000000,0.000000000000000,0.000000000000000,0.000000000000000,0.000000000000000,0.000000000000000,1.000000000000000,0.000000000000000,25/75,0.000000000000000,0.000000000000000,0.000000000000000,0.000000000000000,0.000000000000000,0.000000000000000,0.027777777777800,0.000000000000000,Natural spring in the middle of plot,{2A796B5D-29BA-4E3C-9AD3-C0FB2D7AB981},14/07/2025 0:00:00, ,14/07/2025 0:00:00, ,No, ,3.000000000000000,Roy Trustee 2022 Ltd,Innovair
{EF6ED5F4-CC6D-4A24-BB96-88F7F1899581},1270.000000000000000,10/11.37,37.000000000000000,925.000000000000000,Yes,0.000000000000000,0.000000000000000,0.000000000000000,0.000000000000000,0.000000000000000,0.000000000000000,1.000000000000000,0.000000000000000,25/64,0.000000000000000,0.000000000000000,0.000000000000000,0.000000000000000,0.000000000000000,0.000000000000000,0.027027027027000,0.000000000000000, ,{4A7B428B-B28E-44CA-A8DB-670297CAF351},14/07/2025 0:00:00, ,14/07/2025 0:00:00, ,No, ,3.000000000000000,Roy Trustee 2022 Ltd,Proforest
{483CFBE4-F199-40EA-8BF2-B0F81FFC63CB},1258.000000000000000,25/11.85,50.000000000000000,1250.000000000000000,Yes,0.000000000000000,2.000000000000000,1.000000000000000,0.000000000000000,0.000000000000000,0.000000000000000,1.000000000000000,0.000000000000000,25/64,0.000000000000000,0.040000000000000,0.020000000000000,0.000000000000000,0.000000000000000,0.000000000000000,0.020000000000000,0.000000000000000,To close between trees and rows. Windrow trees not straight soft rocky ground.,{4BBC5793-A917-4CA3-902D-4069069C4B46},14/07/2025 0:00:00, ,14/07/2025 0:00:00, ,No,Yes,8.000000000000000,Roy Trustee 2022 Ltd,Proforest
{7DA025F3-045B-447D-B750-4FBECB9AC078},1266.000000000000000,30/12.13,52.000000000000000,1300.000000000000000,No,0.000000000000000,0.000000000000000,0.000000000000000,0.000000000000000,0.000000000000000,0.000000000000000,0.000000000000000,0.000000000000000,25/64,0.000000000000000,0.000000000000000,0.000000000000000,0.000000000000000,0.000000000000000,0.000000000000000,0.000000000000000,0.000000000000000,Stocking to high face needs redone.,{575DA38D-AF0C-4647-BC10-068A95888170},14/07/2025 0:00:00, ,14/07/2025 0:00:00, ,No,Yes,0.000000000000000,Roy Trustee 2022 Ltd,Proforest
{B2186949-0DD3-41F2-8101-E6BC7D965B2F},1248.000000000000000,15/11.48,39.000000000000000,975.000000000000000,Yes,0.000000000000000,0.000000000000000,1.000000000000000,0.000000000000000,0.000000000000000,0.000000000000000,0.000000000000000,0.000000000000000,25/64,0.000000000000000,0.000000000000000,0.025641025641000,0.000000000000000,0.000000000000000,0.000000000000000,0.000000000000000,0.000000000000000,Two tree types?,{D806C4B0-7BD1-4358-A51F-9DD6407332D6},14/07/2025 0:00:00, ,14/07/2025 0:00:00, ,Yes, ,3.000000000000000,Roy Trustee 2022 Ltd,Proforest
{40A7298E-945B-4193-8D13-67DE1C36C931},674.100000000000023,20/11.64,41.000000000000000,0.000000000000000,Yes,0.000000000000000,3.000000000000000,1.000000000000000,0.000000000000000,0.000000000000000,1.000000000000000,0.000000000000000,1.000000000000000,25/75,0.000000000000000,0.073170731707300,0.024390243902400,0.000000000000000,0.000000000000000,0.024390243902400,0.000000000000000,0.024390243902400,"Getting reworkd, checked above and below and too many roots not facing dow , taproots bent and roots sideways all facing same way. They are also reworking the plots done by pole above and below as i found same issues in their plots and have advised pole",{55F93C34-E88A-4BD1-94C0-CF03CB0221D4},15/07/2025 0:00:00, ,15/07/2025 0:00:00, ,No,Yes,12.000000000000000,Roy Trustee 2022 Ltd,Innovair
{15A79E32-DC74-4373-87B9-E7025CD24009},645.000000000000000,25/11.85,40.000000000000000,1000.000000000000000,Yes,0.000000000000000,0.000000000000000,0.000000000000000,0.000000000000000,0.000000000000000,3.000000000000000,1.000000000000000,0.000000000000000,25/51,0.000000000000000,0.000000000000000,0.000000000000000,0.000000000000000,0.000000000000000,0.025000000000000,0.025000000000000,0.000000000000000,Reworked completed while QC’s present,{ED13B3EB-CCA1-4EC9-9AC3-C8B2FEBC26BB},15/07/2025 0:00:00, ,15/07/2025 0:00:00, ,No,Yes,12.000000000000000,Roy Trustee 2022 Ltd,Forest & Harvest Managers
{421948F8-6595-49EF-B3D8-E6383C7D0CA8},644.000000000000000,20/11.64,36.000000000000000,900.000000000000000,Yes,0.000000000000000,0.000000000000000,0.000000000000000,0.000000000000000,0.000000000000000,1.000000000000000,1.000000000000000,0.000000000000000,25/51,0.000000000000000,0.000000000000000,0.000000000000000,0.000000000000000,0.000000000000000,0.027777777777800,0.027777777777800,0.000000000000000, ,{ED13B3EB-CCA1-4EC9-9AC3-C8B2FEBC26BB},15/07/2025 0:00:00, ,15/07/2025 0:00:00, ,No, ,6.000000000000000,Roy Trustee 2022 Ltd,Forest & Harvest Managers
{B2032C74-E021-4ED2-BA7C-6591EB6FFB07},643.000000000000000,25/11.85,38.000000000000000,0.000000000000000,Yes,0.000000000000000,1.000000000000000,0.000000000000000,0.000000000000000,0.000000000000000,0.000000000000000,0.000000000000000,0.000000000000000,25/51,0.000000000000000,0.000000000000000,0.000000000000000,0.000000000000000,0.000000000000000,0.000000000000000,0.000000000000000,0.000000000000000, ,{ED13B3EB-CCA1-4EC9-9AC3-C8B2FEBC26BB},15/07/2025 0:00:00, ,15/07/2025 0:00:00, ,No, ,0.000000000000000,Roy Trustee 2022 Ltd,Forest & Harvest Managers
{CD2B51C5-94D7-4C9E-A357-994E12BB7008},642.000000000000000,35/12.50,43.000000000000000,1075.000000000000000,Yes,0.000000000000000,0.000000000000000,2.000000000000000,0.000000000000000,0.000000000000000,0.000000000000000,0.000000000000000,0.000000000000000,25/51,0.000000000000000,0.000000000000000,0.046511627907000,0.000000000000000,0.000000000000000,0.000000000000000,0.000000000000000,0.000000000000000, ,{ED13B3EB-CCA1-4EC9-9AC3-C8B2FEBC26BB},15/07/2025 0:00:00, ,15/07/2025 0:00:00, ,No, ,6.000000000000000,Roy Trustee 2022 Ltd,Forest & Harvest Managers
{FF2AB0FA-433D-4714-8997-97EDA399CAC0},641.000000000000000,35/12.50,41.000000000000000,1025.000000000000000,Yes,0.000000000000000,2.000000000000000,0.000000000000000,0.000000000000000,0.000000000000000,0.000000000000000,0.000000000000000,1.000000000000000,25/51,0.000000000000000,0.048780487804900,0.000000000000000,0.000000000000000,0.000000000000000,0.000000000000000,0.000000000000000,0.024390243902400, ,{ED13B3EB-CCA1-4EC9-9AC3-C8B2FEBC26BB},15/07/2025 0:00:00, ,15/07/2025 0:00:00, ,No, ,5.000000000000000,Roy Trustee 2022 Ltd,Forest & Harvest Managers
{0BDA5F96-80A7-46E1-8D27-23DB5983117B},2624.099999999999909,20/11.64,37.000000000000000,925.000000000000000,No,0.000000000000000,0.000000000000000,0.000000000000000,0.000000000000000,0.000000000000000,0.000000000000000,0.000000000000000,0.000000000000000,25/11,0.000000000000000,0.000000000000000,0.000000000000000,0.000000000000000,0.000000000000000,0.000000000000000,0.000000000000000,0.000000000000000, ,{AEB90A00-674E-4193-8441-292D4E743FA9},15/07/2025 0:00:00, ,15/07/2025 0:00:00, ,No, ,0.000000000000000,Roy Trustee 2022 Ltd,Johnson Forestry Services
{395246A4-90F5-467F-A011-A6D368A49F94},2160.000000000000000,25/11.85,36.000000000000000,900.000000000000000,Yes,0.000000000000000,1.000000000000000,0.000000000000000,0.000000000000000,0.000000000000000,0.000000000000000,1.000000000000000,0.000000000000000,25/11,0.000000000000000,0.027777777777800,0.000000000000000,0.000000000000000,0.000000000000000,0.000000000000000,0.027777777777800,0.000000000000000, ,{AEB90A00-674E-4193-8441-292D4E743FA9},15/07/2025 0:00:00, ,15/07/2025 0:00:00, ,No, ,4.000000000000000,Roy Trustee 2022 Ltd,Johnson Forestry Services
{DCD0D473-8C8D-4CA1-9B3F-640246E3805F},2598.000000000000000,15/11.48,39.000000000000000,975.000000000000000,Yes,0.000000000000000,0.000000000000000,1.000000000000000,0.000000000000000,0.000000000000000,0.000000000000000,1.000000000000000,0.000000000000000,25/11,0.000000000000000,0.000000000000000,0.025641025641000,0.000000000000000,0.000000000000000,0.000000000000000,0.025641025641000,0.000000000000000,Long roots on most trees,{AEB90A00-674E-4193-8441-292D4E743FA9},15/07/2025 0:00:00, ,15/07/2025 0:00:00, ,No, ,6.000000000000000,Roy Trustee 2022 Ltd,Johnson Forestry Services
{0BF1A9CC-7A46-47B5-9F17-B2A87259E02D},2162.000000000000000,25/11.85,39.000000000000000,975.000000000000000,No,0.000000000000000,0.000000000000000,0.000000000000000,0.000000000000000,0.000000000000000,0.000000000000000,0.000000000000000,0.000000000000000,25/11,0.000000000000000,0.000000000000000,0.000000000000000,0.000000000000000,0.000000000000000,0.000000000000000,0.000000000000000,0.000000000000000,Shallow top soil in places. Some trees long roots,{AEB90A00-674E-4193-8441-292D4E743FA9},15/07/2025 0:00:00, ,15/07/2025 0:00:00, ,No, ,0.000000000000000,Roy Trustee 2022 Ltd,Johnson Forestry Services
{36C5B276-937B-4671-AED5-6559FD64610F},2964.000000000000000,20/11.64,40.000000000000000,1000.000000000000000,No,0.000000000000000,0.000000000000000,0.000000000000000,0.000000000000000,0.000000000000000,0.000000000000000,0.000000000000000,0.000000000000000,25/11,0.000000000000000,0.000000000000000,0.000000000000000,0.000000000000000,0.000000000000000,0.000000000000000,0.000000000000000,0.000000000000000,Long roots on most trees,{AEB90A00-674E-4193-8441-292D4E743FA9},15/07/2025 0:00:00, ,15/07/2025 0:00:00, ,No, ,0.000000000000000,Roy Trustee 2022 Ltd,Johnson Forestry Services
{B577B4DA-841C-43CB-8CC0-09D0351910D9},2600.000000000000000,30/12.13,40.000000000000000,1000.000000000000000,Yes,0.000000000000000,0.000000000000000,1.000000000000000,0.000000000000000,0.000000000000000,0.000000000000000,0.000000000000000,0.000000000000000,25/11,0.000000000000000,0.000000000000000,0.025000000000000,0.000000000000000,0.000000000000000,0.000000000000000,0.000000000000000,0.000000000000000,Long roots on most trees dug up,{AEB90A00-674E-4193-8441-292D4E743FA9},15/07/2025 0:00:00, ,15/07/2025 0:00:00, ,No, ,3.000000000000000,Roy Trustee 2022 Ltd,Johnson Forestry Services
{F8E713A0-EB3A-4A7A-B9CF-8134D5B4226D},2588.000000000000000,35/12.50,40.000000000000000,1000.000000000000000,Yes,0.000000000000000,0.000000000000000,0.000000000000000,0.000000000000000,0.000000000000000,0.000000000000000,1.000000000000000,0.000000000000000,25/11,0.000000000000000,0.000000000000000,0.000000000000000,0.000000000000000,0.000000000000000,0.000000000000000,0.025000000000000,0.000000000000000,Some long roots,{AEB90A00-674E-4193-8441-292D4E743FA9},15/07/2025 0:00:00, ,15/07/2025 0:00:00, ,No, ,3.000000000000000,Roy Trustee 2022 Ltd,Johnson Forestry Services
{5EFACF25-5507-4229-8765-EE6D41FD4F58},1608.000000000000000,10/11.37,39.000000000000000,975.000000000000000,Yes,1.000000000000000,0.000000000000000,0.000000000000000,0.000000000000000,0.000000000000000,0.000000000000000,0.000000000000000,1.000000000000000,25/57,0.025641025641000,0.000000000000000,0.025641025641000,0.000000000000000,0.000000000000000,0.000000000000000,0.000000000000000,0.000000000000000,Two found in one hole,{81C003CB-25A9-4298-BD61-AAAE55B823A5},15/07/2025 0:00:00, ,15/07/2025 0:00:00, ,No, ,4.000000000000000,Roy Trustee 2022 Ltd,Forest View Contracting
{30EDBA0E-2196-420C-8E39-0A3359994A80},1642.000000000000000,15/11.48,38.000000000000000,950.000000000000000,Yes,0.000000000000000,0.000000000000000,0.000000000000000,0.000000000000000,0.000000000000000,0.000000000000000,2.000000000000000,2.000000000000000,25/57,0.000000000000000,0.000000000000000,0.026315789473700,0.000000000000000,0.000000000000000,0.000000000000000,0.026315789473700,0.000000000000000,"Two trees in hole again, getting reworked due to spacing issues as well as two trees in hole and firmness. Getting reworkd",{81C003CB-25A9-4298-BD61-AAAE55B823A5},15/07/2025 0:00:00, ,15/07/2025 0:00:00, ,No,Yes,12.000000000000000,Roy Trustee 2022 Ltd,Forest View Contracting
{AB5C959D-B0F6-43D1-9C84-5F8913DFB148},1640.000000000000000,15/11.48,45.000000000000000,1125.000000000000000,Yes,0.000000000000000,4.000000000000000,0.000000000000000,0.000000000000000,1.000000000000000,2.000000000000000,0.000000000000000,0.000000000000000,25/57,0.000000000000000,0.088888888888900,0.000000000000000,0.000000000000000,0.022222222222200,0.044444444444400,0.000000000000000,0.000000000000000,"Really poor planting, getting whole fencline rows reworkd.",{81C003CB-25A9-4298-BD61-AAAE55B823A5},15/07/2025 0:00:00, ,15/07/2025 0:00:00, ,No,Yes,13.000000000000000,Roy Trustee 2022 Ltd,Forest View Contracting
{D90D35B7-07D7-4D4D-BBB0-3EB7F8DF2BB9},1634.000000000000000,20/11.64,43.000000000000000,1075.000000000000000,Yes,0.000000000000000,1.000000000000000,0.000000000000000,0.000000000000000,0.000000000000000,2.000000000000000,0.000000000000000,0.000000000000000,25/57,0.000000000000000,0.023255813953500,0.000000000000000,0.000000000000000,0.000000000000000,0.046511627907000,0.000000000000000,0.000000000000000, ,{81C003CB-25A9-4298-BD61-AAAE55B823A5},15/07/2025 0:00:00, ,15/07/2025 0:00:00, ,No,Yes,7.000000000000000,Roy Trustee 2022 Ltd,Forest View Contracting
{8123B21E-BC42-4046-8F8D-5CFE6D4E156C},1636.000000000000000,15/11.48,36.000000000000000,900.000000000000000,Yes,0.000000000000000,0.000000000000000,1.000000000000000,0.000000000000000,0.000000000000000,0.000000000000000,0.000000000000000,0.000000000000000,25/57,0.000000000000000,0.000000000000000,0.027777777777800,0.000000000000000,0.000000000000000,0.000000000000000,0.000000000000000,0.000000000000000, ,{81C003CB-25A9-4298-BD61-AAAE55B823A5},15/07/2025 0:00:00, ,15/07/2025 0:00:00, ,No, ,3.000000000000000,Roy Trustee 2022 Ltd,Forest View Contracting
{B1521A5E-76A2-4C98-870D-1D059CBB596E},2138.000000000000000,5/11.31,35.000000000000000,875.000000000000000,Yes,0.000000000000000,1.000000000000000,0.000000000000000,0.000000000000000,0.000000000000000,0.000000000000000,0.000000000000000,0.000000000000000,25/7,0.000000000000000,0.028571428571400,0.000000000000000,0.000000000000000,0.000000000000000,0.000000000000000,0.000000000000000,0.000000000000000, ,{202610DD-7371-45B9-B1C9-A3909B423895},15/07/2025 0:00:00, ,15/07/2025 0:00:00, ,No,No,1.000000000000000,Roy Trustee 2022 Ltd,Johnson Forestry Services
{0951C707-4653-49EE-B01B-34F22278C84C},2140.000000000000000,25/11.85,36.000000000000000,900.000000000000000,Yes,0.000000000000000,1.000000000000000,0.000000000000000,0.000000000000000,0.000000000000000,0.000000000000000,1.000000000000000,0.000000000000000,25/7,0.000000000000000,0.027777777777800,0.000000000000000,0.000000000000000,0.000000000000000,0.000000000000000,0.027777777777800,0.000000000000000,Thin layer of top soil here,{202610DD-7371-45B9-B1C9-A3909B423895},15/07/2025 0:00:00, ,15/07/2025 0:00:00, ,No, ,4.000000000000000,Roy Trustee 2022 Ltd,Johnson Forestry Services
{8E5421E3-6291-4903-B7D3-B43670C9965C},2126.000000000000000,20/11.64,37.000000000000000,925.000000000000000,Yes,0.000000000000000,0.000000000000000,0.000000000000000,0.000000000000000,0.000000000000000,1.000000000000000,0.000000000000000,0.000000000000000,25/7,0.000000000000000,0.000000000000000,0.000000000000000,0.000000000000000,0.000000000000000,0.027027027027000,0.000000000000000,0.000000000000000, ,{202610DD-7371-45B9-B1C9-A3909B423895},15/07/2025 0:00:00, ,15/07/2025 0:00:00, ,No, ,3.000000000000000,Roy Trustee 2022 Ltd,Johnson Forestry Services
{90906D8C-7711-44A2-A63B-3E7B3BBE6023},2112.000000000000000,10/11.37,38.000000000000000,950.000000000000000,Yes,0.000000000000000,0.000000000000000,2.000000000000000,0.000000000000000,1.000000000000000,0.000000000000000,0.000000000000000,0.000000000000000,25/7,0.000000000000000,0.000000000000000,0.052631578947400,0.000000000000000,0.026315789473700,0.000000000000000,0.000000000000000,0.000000000000000,One line of roots up planting. Referred to QC. Long roots a factor un roots up planting,{202610DD-7371-45B9-B1C9-A3909B423895},15/07/2025 0:00:00, ,15/07/2025 0:00:00, ,No,No,9.000000000000000,Roy Trustee 2022 Ltd,Johnson Forestry Services
{CCAD4397-D3D3-462F-9E5F-E2603D1C747A},2098.000000000000000,5/11.31,37.000000000000000,925.000000000000000,Yes,0.000000000000000,0.000000000000000,1.000000000000000,0.000000000000000,0.000000000000000,0.000000000000000,1.000000000000000,0.000000000000000,25/7,0.000000000000000,0.000000000000000,0.027027027027000,0.000000000000000,0.000000000000000,0.000000000000000,0.027027027027000,0.000000000000000, ,{202610DD-7371-45B9-B1C9-A3909B423895},15/07/2025 0:00:00, ,15/07/2025 0:00:00, ,No, ,6.000000000000000,Roy Trustee 2022 Ltd,Johnson Forestry Services
{66ED3AFE-1C66-4F49-A597-409EBD475E9A},2110.000000000000000,15/11.48,41.000000000000000,1025.000000000000000,Yes,0.000000000000000,0.000000000000000,1.000000000000000,0.000000000000000,0.000000000000000,0.000000000000000,0.000000000000000,0.000000000000000,25/7,0.000000000000000,0.000000000000000,0.024390243902400,0.000000000000000,0.000000000000000,0.000000000000000,0.000000000000000,0.000000000000000, ,{202610DD-7371-45B9-B1C9-A3909B423895},15/07/2025 0:00:00, ,15/07/2025 0:00:00, ,No, ,3.000000000000000,Roy Trustee 2022 Ltd,Johnson Forestry Services
{FF1A4C06-8067-4325-8D96-AE3E10719577},2096.000000000000000,15/11.48,36.000000000000000,900.000000000000000,Yes,0.000000000000000,0.000000000000000,0.000000000000000,0.000000000000000,0.000000000000000,0.000000000000000,1.000000000000000,0.000000000000000,25/7,0.000000000000000,0.000000000000000,0.000000000000000,0.000000000000000,0.000000000000000,0.000000000000000,0.027777777777800,0.000000000000000, ,{202610DD-7371-45B9-B1C9-A3909B423895},15/07/2025 0:00:00, ,15/07/2025 0:00:00, ,No, ,3.000000000000000,Roy Trustee 2022 Ltd,Johnson Forestry Services
{ADD05B69-3280-4F04-8F6C-A17E52FFA954},2082.000000000000000,10/11.37,37.000000000000000,925.000000000000000,Yes,0.000000000000000,2.000000000000000,0.000000000000000,0.000000000000000,1.000000000000000,0.000000000000000,0.000000000000000,0.000000000000000,25/7,0.000000000000000,0.054054054054100,0.000000000000000,0.000000000000000,0.027027027027000,0.000000000000000,0.000000000000000,0.000000000000000, ,{202610DD-7371-45B9-B1C9-A3909B423895},15/07/2025 0:00:00, ,15/07/2025 0:00:00, ,No, ,5.000000000000000,Roy Trustee 2022 Ltd,Johnson Forestry Services
{9D10A693-2068-422D-8DC1-7451DA53016E},310.000000000000000,15/11.48,45.000000000000000,1125.000000000000000,No,0.000000000000000,0.000000000000000,0.000000000000000,0.000000000000000,0.000000000000000,0.000000000000000,0.000000000000000,0.000000000000000,25/72,0.000000000000000,0.000000000000000,0.000000000000000,0.000000000000000,0.000000000000000,0.000000000000000,0.000000000000000,0.000000000000000,A close line in plot area. General area looks good,{CCE50DD5-D7E5-4957-AB79-773E128D4763},15/07/2025 0:00:00, ,15/07/2025 0:00:00, ,No,Yes,0.000000000000000,Roy Trustee 2022 Ltd,Proforest
{1065C41F-8699-4E52-A3CF-EED05D9741EC},288.000000000000000,15/11.48,44.000000000000000,1100.000000000000000,Yes,0.000000000000000,0.000000000000000,0.000000000000000,0.000000000000000,0.000000000000000,0.000000000000000,1.000000000000000,0.000000000000000,25/72,0.000000000000000,0.000000000000000,0.000000000000000,0.000000000000000,0.000000000000000,0.000000000000000,0.022727272727300,0.000000000000000, ,{CCE50DD5-D7E5-4957-AB79-773E128D4763},15/07/2025 0:00:00, ,15/07/2025 0:00:00, ,No, ,3.000000000000000,Roy Trustee 2022 Ltd,Proforest
{026E7778-C7A6-465E-B59D-68BDFA826D68},312.000000000000000,20/11.64,44.000000000000000,1100.000000000000000,Yes,2.000000000000000,0.000000000000000,0.000000000000000,0.000000000000000,0.000000000000000,0.000000000000000,1.000000000000000,0.000000000000000,25/72,0.045454545454500,0.000000000000000,0.000000000000000,0.000000000000000,0.000000000000000,0.000000000000000,0.022727272727300,0.000000000000000, ,{CCE50DD5-D7E5-4957-AB79-773E128D4763},15/07/2025 0:00:00, ,15/07/2025 0:00:00, ,No, ,5.000000000000000,Roy Trustee 2022 Ltd,Proforest
{F1C8A6D5-8355-4536-9B2D-946F332CF012},296.000000000000000,20/11.64,44.000000000000000,1100.000000000000000,Yes,1.000000000000000,1.000000000000000,0.000000000000000,0.000000000000000,0.000000000000000,0.000000000000000,1.000000000000000,0.000000000000000,25/72,0.022727272727300,0.022727272727300,0.000000000000000,0.000000000000000,0.000000000000000,0.000000000000000,0.022727272727300,0.000000000000000,Consistently on top end of stocking. Have passed on to QC,{CCE50DD5-D7E5-4957-AB79-773E128D4763},15/07/2025 0:00:00, ,15/07/2025 0:00:00, ,No, ,5.000000000000000,Roy Trustee 2022 Ltd,Proforest
{81B9E5D8-8DA8-44B9-85EA-A90F96EF2EAC},298.000000000000000,20/11.64,44.000000000000000,1100.000000000000000,Yes,0.000000000000000,1.000000000000000,0.000000000000000,0.000000000000000,0.000000000000000,0.000000000000000,1.000000000000000,0.000000000000000,25/72,0.000000000000000,0.022727272727300,0.000000000000000,0.000000000000000,0.000000000000000,0.000000000000000,0.022727272727300,0.000000000000000, ,{CCE50DD5-D7E5-4957-AB79-773E128D4763},15/07/2025 0:00:00, ,15/07/2025 0:00:00, ,No, ,4.000000000000000,Roy Trustee 2022 Ltd,Proforest
{226166A8-495D-44C1-A346-7BA8424D941E},300.000000000000000,20/11.64,43.000000000000000,1075.000000000000000,Yes,1.000000000000000,1.000000000000000,0.000000000000000,0.000000000000000,0.000000000000000,0.000000000000000,0.000000000000000,0.000000000000000,25/72,0.023255813953500,0.023255813953500,0.000000000000000,0.000000000000000,0.000000000000000,0.000000000000000,0.000000000000000,0.000000000000000, ,{CCE50DD5-D7E5-4957-AB79-773E128D4763},15/07/2025 0:00:00, ,15/07/2025 0:00:00, ,No, ,2.000000000000000,Roy Trustee 2022 Ltd,Proforest
{6B3196D2-DC9F-4929-A44C-2975E3A08621},292.000000000000000,20/11.64,41.000000000000000,1025.000000000000000,Yes,0.000000000000000,0.000000000000000,0.000000000000000,0.000000000000000,0.000000000000000,1.000000000000000,1.000000000000000,0.000000000000000,25/72,0.000000000000000,0.000000000000000,0.000000000000000,0.000000000000000,0.000000000000000,0.024390243902400,0.024390243902400,0.000000000000000, ,{CCE50DD5-D7E5-4957-AB79-773E128D4763},15/07/2025 0:00:00, ,15/07/2025 0:00:00, ,No, ,6.000000000000000,Roy Trustee 2022 Ltd,Proforest
{50334880-9F7E-4853-A323-E9614FE3046F},286.000000000000000,20/11.64,39.000000000000000,975.000000000000000,Yes,0.000000000000000,3.000000000000000,0.000000000000000,0.000000000000000,0.000000000000000,1.000000000000000,0.000000000000000,0.000000000000000,25/72,0.000000000000000,0.076923076923100,0.000000000000000,0.000000000000000,0.000000000000000,0.025641025641000,0.000000000000000,0.000000000000000,A few non verticals in the steeper end of plot,{CCE50DD5-D7E5-4957-AB79-773E128D4763},15/07/2025 0:00:00, ,15/07/2025 0:00:00, ,No, ,6.000000000000000,Roy Trustee 2022 Ltd,Proforest
{0A8878AE-C254-4D88-BB79-4EC0A7F98F4D},290.000000000000000,30/12.13,39.000000000000000,975.000000000000000,Yes,0.000000000000000,0.000000000000000,0.000000000000000,0.000000000000000,0.000000000000000,2.000000000000000,0.000000000000000,0.000000000000000,25/72,0.000000000000000,0.000000000000000,0.000000000000000,0.000000000000000,0.000000000000000,0.051282051282100,0.000000000000000,0.000000000000000,Shallow trees in rocky places,{CCE50DD5-D7E5-4957-AB79-773E128D4763},15/07/2025 0:00:00, ,15/07/2025 0:00:00, ,No, ,6.000000000000000,Roy Trustee 2022 Ltd,Proforest
{AF277C23-D053-42C4-AF9F-F10ED3CEA358},302.000000000000000,15/11.48,44.000000000000000,1100.000000000000000,Yes,0.000000000000000,0.000000000000000,0.000000000000000,0.000000000000000,0.000000000000000,2.000000000000000,0.000000000000000,0.000000000000000,25/72,0.000000000000000,0.000000000000000,0.000000000000000,0.000000000000000,0.000000000000000,0.045454545454500,0.000000000000000,0.000000000000000, ,{CCE50DD5-D7E5-4957-AB79-773E128D4763},15/07/2025 0:00:00, ,15/07/2025 0:00:00, ,No, ,6.000000000000000,Roy Trustee 2022 Ltd,Proforest
{444C8578-8B69-4A48-8A5C-1FBF15700E22},314.000000000000000,15/11.48,40.000000000000000,1000.000000000000000,Yes,0.000000000000000,2.000000000000000,1.000000000000000,0.000000000000000,0.000000000000000,0.000000000000000,0.000000000000000,0.000000000000000,25/72,0.000000000000000,0.050000000000000,0.025000000000000,0.000000000000000,0.000000000000000,0.000000000000000,0.000000000000000,0.000000000000000, ,{CCE50DD5-D7E5-4957-AB79-773E128D4763},15/07/2025 0:00:00, ,15/07/2025 0:00:00, ,No, ,5.000000000000000,Roy Trustee 2022 Ltd,Proforest
{E4FD1BC1-4956-4A30-9ECB-4BDB59751266},316.000000000000000,10/11.37,43.000000000000000,1075.000000000000000,Yes,0.000000000000000,3.000000000000000,0.000000000000000,0.000000000000000,0.000000000000000,0.000000000000000,0.000000000000000,0.000000000000000,25/72,0.000000000000000,0.069767441860500,0.000000000000000,0.000000000000000,0.000000000000000,0.000000000000000,0.000000000000000,0.000000000000000, ,{CCE50DD5-D7E5-4957-AB79-773E128D4763},15/07/2025 0:00:00, ,15/07/2025 0:00:00, ,No, ,3.000000000000000,Roy Trustee 2022 Ltd,Proforest
{B69F4828-54B2-4194-86AF-6A641CF86489},1142.099999999999909,5/11.31,36.000000000000000,900.000000000000000,No,0.000000000000000,0.000000000000000,0.000000000000000,0.000000000000000,0.000000000000000,0.000000000000000,0.000000000000000,0.000000000000000,25/71,0.000000000000000,0.000000000000000,0.000000000000000,0.000000000000000,0.000000000000000,0.000000000000000,0.000000000000000,0.000000000000000, ,{76FCCB0F-041E-44D1-BD80-8847DD1D9F9B},15/07/2025 0:00:00, ,15/07/2025 0:00:00, ,No, ,0.000000000000000,Roy Trustee 2022 Ltd,Forest View Contracting
{C1382DAC-7853-46B6-B924-75DD512B294C},1144.000000000000000,5/11.31,38.000000000000000,950.000000000000000,No,0.000000000000000,0.000000000000000,0.000000000000000,0.000000000000000,0.000000000000000,0.000000000000000,0.000000000000000,0.000000000000000,25/71,0.000000000000000,0.000000000000000,0.000000000000000,0.000000000000000,0.000000000000000,0.000000000000000,0.000000000000000,0.000000000000000, ,{6A5D0F18-9398-4FBC-81CB-DB19CDAEDFCC},15/07/2025 0:00:00, ,15/07/2025 0:00:00, ,No, ,0.000000000000000,Roy Trustee 2022 Ltd,Forest View Contracting
{09EA4BD1-12CE-4880-B099-15BABA31D8D0},1142.000000000000000,5/11.31,39.000000000000000,975.000000000000000,No,0.000000000000000,0.000000000000000,0.000000000000000,0.000000000000000,0.000000000000000,0.000000000000000,0.000000000000000,0.000000000000000,25/71,0.000000000000000,0.000000000000000,0.000000000000000,0.000000000000000,0.000000000000000,0.000000000000000,0.000000000000000,0.000000000000000, ,{28946CD5-DBC9-430A-A57D-D35A3FCC4AD6},15/07/2025 0:00:00, ,15/07/2025 0:00:00, ,No, ,0.000000000000000,Roy Trustee 2022 Ltd,Forest View Contracting
{BC724D4D-D782-4BD6-A37C-3C6934D8069E},1156.000000000000000,5/11.31,39.000000000000000,975.000000000000000,Yes,0.000000000000000,1.000000000000000,0.000000000000000,0.000000000000000,0.000000000000000,0.000000000000000,0.000000000000000,0.000000000000000,25/71,0.000000000000000,0.025641025641000,0.000000000000000,0.000000000000000,0.000000000000000,0.000000000000000,0.000000000000000,0.000000000000000, ,{5CC527EF-E0CE-4DE3-B7DC-BE17597D25C3},15/07/2025 0:00:00, ,15/07/2025 0:00:00, ,No, ,1.000000000000000,Roy Trustee 2022 Ltd,Forest View Contracting
{A247203A-3B26-44B5-92E8-5CBCC6D47812},1146.000000000000000,5/11.31,37.000000000000000,925.000000000000000,No,0.000000000000000,0.000000000000000,0.000000000000000,0.000000000000000,0.000000000000000,0.000000000000000,0.000000000000000,0.000000000000000,25/71,0.000000000000000,0.000000000000000,0.000000000000000,0.000000000000000,0.000000000000000,0.000000000000000,0.000000000000000,0.000000000000000, ,{261AA1D3-0C66-440F-BF02-08CD31294A2D},16/07/2025 0:00:00, ,16/07/2025 0:00:00, ,No, ,0.000000000000000,Roy Trustee 2022 Ltd,Forest View Contracting
{1A595081-D0C5-4A72-BAEE-7E10F02AE099},1104.000000000000000,5/11.31,36.000000000000000,900.000000000000000,Yes,1.000000000000000,0.000000000000000,0.000000000000000,0.000000000000000,0.000000000000000,0.000000000000000,0.000000000000000,0.000000000000000,25/71,0.027777777777800,0.000000000000000,0.000000000000000,0.000000000000000,0.000000000000000,0.000000000000000,0.000000000000000,0.000000000000000, ,{C5E160B7-9328-4D8A-9882-60E19D205C0B},16/07/2025 0:00:00, ,16/07/2025 0:00:00, ,No, ,1.000000000000000,Roy Trustee 2022 Ltd,Forest View Contracting
{7887BFED-C78D-48A7-85BA-7AE20804F164},1148.000000000000000,10/11.37,41.000000000000000,1025.000000000000000,Yes,0.000000000000000,0.000000000000000,1.000000000000000,0.000000000000000,0.000000000000000,0.000000000000000,0.000000000000000,0.000000000000000,25/71,0.000000000000000,0.000000000000000,0.024390243902400,0.000000000000000,0.000000000000000,0.000000000000000,0.000000000000000,0.000000000000000, ,{86D30996-03C1-4591-90B1-7847BD8B36C8},16/07/2025 0:00:00, ,16/07/2025 0:00:00, ,No, ,3.000000000000000,Roy Trustee 2022 Ltd,Forest View Contracting
{6484D55D-B689-4FD2-BDBA-4FA71BAB2DC6},1162.000000000000000,15/11.48,37.000000000000000,925.000000000000000,No,0.000000000000000,0.000000000000000,0.000000000000000,0.000000000000000,0.000000000000000,0.000000000000000,0.000000000000000,0.000000000000000,25/71,0.000000000000000,0.000000000000000,0.000000000000000,0.000000000000000,0.000000000000000,0.000000000000000,0.000000000000000,0.000000000000000, ,{483B6ED6-1C0E-4900-88E9-1A107B75D44C},16/07/2025 0:00:00, ,16/07/2025 0:00:00, ,No, ,0.000000000000000,Roy Trustee 2022 Ltd,Forest View Contracting
{F28AC101-1B3C-4437-BA83-4B0542C881B8},1160.000000000000000,0/11.31,40.000000000000000,1000.000000000000000,No,0.000000000000000,0.000000000000000,0.000000000000000,0.000000000000000,0.000000000000000,0.000000000000000,0.000000000000000,0.000000000000000,25/71,0.000000000000000,0.000000000000000,0.000000000000000,0.000000000000000,0.000000000000000,0.000000000000000,0.000000000000000,0.000000000000000, ,{CCC11072-530D-4FA8-8961-62DA27A66F7D},16/07/2025 0:00:00, ,16/07/2025 0:00:00, ,No, ,0.000000000000000,Roy Trustee 2022 Ltd,Forest View Contracting
{7B69C41D-F3B9-4FBF-A476-AA321AF41E66},687.000000000000000,15/11.48,43.000000000000000,1075.000000000000000,Yes,1.000000000000000,2.000000000000000,0.000000000000000,0.000000000000000,0.000000000000000,0.000000000000000,0.000000000000000,0.000000000000000,25/51,0.023255813953500,0.046511627907000,0.000000000000000,0.000000000000000,0.000000000000000,0.000000000000000,0.000000000000000,0.000000000000000, ,{8A4317BA-E12B-4D59-A7C8-CAEED8327716},16/07/2025 0:00:00, ,16/07/2025 0:00:00, ,No, ,3.000000000000000,Roy Trustee 2022 Ltd,Forest & Harvest Managers
{FB1C682A-FD20-4904-BBE9-1BE225479227},686.000000000000000,25/11.85,22.000000000000000,550.000000000000000,Yes,0.000000000000000,1.000000000000000,0.000000000000000,0.000000000000000,0.000000000000000,0.000000000000000,1.000000000000000,0.000000000000000,25/51,0.000000000000000,0.045454545454500,0.000000000000000,0.000000000000000,0.000000000000000,0.000000000000000,0.045454545454500,0.000000000000000,Extremely rocky with not much soil on top around the place so have had to spot plant around/ through it.,{8A4317BA-E12B-4D59-A7C8-CAEED8327716},16/07/2025 0:00:00, ,16/07/2025 0:00:00, ,No,No,4.000000000000000,Roy Trustee 2022 Ltd,Forest & Harvest Managers
{B142D139-35EB-4603-86DF-FAD403CB6520},685.000000000000000,25/11.85,44.000000000000000,1100.000000000000000,Yes,1.000000000000000,0.000000000000000,0.000000000000000,0.000000000000000,0.000000000000000,1.000000000000000,0.000000000000000,0.000000000000000,25/51,0.022727272727300,0.000000000000000,0.000000000000000,0.000000000000000,0.000000000000000,0.022727272727300,0.000000000000000,0.000000000000000, ,{8A4317BA-E12B-4D59-A7C8-CAEED8327716},16/07/2025 0:00:00, ,16/07/2025 0:00:00, ,No, ,4.000000000000000,Roy Trustee 2022 Ltd,Forest & Harvest Managers
{9BA2F274-F34D-4170-B7FB-600169358E68},684.000000000000000,30/12.13,40.000000000000000,0.000000000000000,Yes,0.000000000000000,0.000000000000000,1.000000000000000,0.000000000000000,0.000000000000000,0.000000000000000,0.000000000000000,0.000000000000000,25/51,0.000000000000000,0.000000000000000,0.000000000000000,0.000000000000000,0.000000000000000,0.000000000000000,0.000000000000000,0.000000000000000, ,{8A4317BA-E12B-4D59-A7C8-CAEED8327716},16/07/2025 0:00:00, ,16/07/2025 0:00:00, ,No, ,3.000000000000000,Roy Trustee 2022 Ltd,Forest & Harvest Managers
{567BD0F9-3CBC-4177-A187-C9913C00F8F8},661.000000000000000,25/11.85,44.000000000000000,1100.000000000000000,Yes,0.000000000000000,1.000000000000000,0.000000000000000,0.000000000000000,0.000000000000000,1.000000000000000,0.000000000000000,0.000000000000000,25/51,0.000000000000000,0.022727272727300,0.000000000000000,0.000000000000000,0.000000000000000,0.022727272727300,0.000000000000000,0.000000000000000, ,{8A4317BA-E12B-4D59-A7C8-CAEED8327716},16/07/2025 0:00:00, ,16/07/2025 0:00:00, ,No, ,4.000000000000000,Roy Trustee 2022 Ltd,Forest & Harvest Managers
{E9397CF3-50EC-487D-A877-C05FC9EDA007},662.000000000000000,30/12.13,39.000000000000000,975.000000000000000,Yes,0.000000000000000,0.000000000000000,1.000000000000000,0.000000000000000,0.000000000000000,0.000000000000000,0.000000000000000,0.000000000000000,25/51,0.000000000000000,0.000000000000000,0.025641025641000,0.000000000000000,0.000000000000000,0.000000000000000,0.000000000000000,0.000000000000000, ,{8A4317BA-E12B-4D59-A7C8-CAEED8327716},16/07/2025 0:00:00, ,16/07/2025 0:00:00, ,No, ,3.000000000000000,Roy Trustee 2022 Ltd,Forest & Harvest Managers
{CD1EE689-9BA1-4394-A234-614AB41BB275},663.000000000000000,30/12.13,40.000000000000000,1000.000000000000000,Yes,0.000000000000000,2.000000000000000,0.000000000000000,0.000000000000000,0.000000000000000,0.000000000000000,0.000000000000000,0.000000000000000,25/51,0.000000000000000,0.050000000000000,0.000000000000000,0.000000000000000,0.000000000000000,0.000000000000000,0.000000000000000,0.000000000000000, ,{8A4317BA-E12B-4D59-A7C8-CAEED8327716},16/07/2025 0:00:00, ,16/07/2025 0:00:00, ,No, ,2.000000000000000,Roy Trustee 2022 Ltd,Forest & Harvest Managers
{F3B2A212-AEF1-4687-8AFB-A289FA7945CC},660.000000000000000,25/11.85,37.000000000000000,925.000000000000000,No,0.000000000000000,0.000000000000000,0.000000000000000,0.000000000000000,0.000000000000000,0.000000000000000,0.000000000000000,0.000000000000000,25/51,0.000000000000000,0.000000000000000,0.000000000000000,0.000000000000000,0.000000000000000,0.000000000000000,0.000000000000000,0.000000000000000, ,{8A4317BA-E12B-4D59-A7C8-CAEED8327716},16/07/2025 0:00:00, ,16/07/2025 0:00:00, ,No, ,0.000000000000000,Roy Trustee 2022 Ltd,Forest & Harvest Managers
{BC9AE056-1563-4DEF-A54A-F5A0C1E27791},709.000000000000000,25/11.85,41.000000000000000,1025.000000000000000,Yes,0.000000000000000,0.000000000000000,1.000000000000000,0.000000000000000,0.000000000000000,1.000000000000000,0.000000000000000,0.000000000000000,25/51,0.000000000000000,0.000000000000000,0.024390243902400,0.000000000000000,0.000000000000000,0.024390243902400,0.000000000000000,0.000000000000000, ,{8A4317BA-E12B-4D59-A7C8-CAEED8327716},16/07/2025 0:00:00, ,16/07/2025 0:00:00, ,No, ,6.000000000000000,Roy Trustee 2022 Ltd,Forest & Harvest Managers
{C84882C8-1A4C-4525-9F45-D1DE186B3CDE},706.000000000000000,10/11.37,41.000000000000000,1025.000000000000000,Yes,1.000000000000000,2.000000000000000,1.000000000000000,0.000000000000000,0.000000000000000,0.000000000000000,0.000000000000000,0.000000000000000,25/51,0.024390243902400,0.048780487804900,0.024390243902400,0.000000000000000,0.000000000000000,0.000000000000000,0.000000000000000,0.000000000000000, ,{8A4317BA-E12B-4D59-A7C8-CAEED8327716},16/07/2025 0:00:00, ,16/07/2025 0:00:00, ,No, ,6.000000000000000,Roy Trustee 2022 Ltd,Forest & Harvest Managers
{113018F8-274F-4D65-AA02-AD9A36C8CDFF},330.000000000000000,15/11.48,36.000000000000000,900.000000000000000,Yes,0.000000000000000,1.000000000000000,0.000000000000000,0.000000000000000,0.000000000000000,0.000000000000000,0.000000000000000,0.000000000000000,25/72,0.000000000000000,0.027777777777800,0.000000000000000,0.000000000000000,0.000000000000000,0.000000000000000,0.000000000000000,0.000000000000000, ,{35F1DD49-F9F1-4577-A12C-3634D843B5F0},16/07/2025 0:00:00, ,16/07/2025 0:00:00, ,No, ,1.000000000000000,Roy Trustee 2022 Ltd,Proforest
{B17DFE14-9528-4328-9653-5D04521FC805},332.000000000000000,15/11.48,40.000000000000000,1000.000000000000000,Yes,1.000000000000000,1.000000000000000,1.000000000000000,0.000000000000000,0.000000000000000,0.000000000000000,0.000000000000000,0.000000000000000,25/72,0.025000000000000,0.025000000000000,0.025000000000000,0.000000000000000,0.000000000000000,0.000000000000000,0.000000000000000,0.000000000000000, ,{35F1DD49-F9F1-4577-A12C-3634D843B5F0},16/07/2025 0:00:00, ,16/07/2025 0:00:00, ,No, ,5.000000000000000,Roy Trustee 2022 Ltd,Proforest
{7867C663-ED54-4BDB-A940-1D725F687DDA},350.000000000000000,15/11.48,45.000000000000000,1125.000000000000000,Yes,0.000000000000000,0.000000000000000,0.000000000000000,0.000000000000000,0.000000000000000,0.000000000000000,2.000000000000000,0.000000000000000,25/72,0.000000000000000,0.000000000000000,0.000000000000000,0.000000000000000,0.000000000000000,0.000000000000000,0.044444444444400,0.000000000000000,One close planter in middle of plot. Passed om to QC,{35F1DD49-F9F1-4577-A12C-3634D843B5F0},16/07/2025 0:00:00, ,16/07/2025 0:00:00, ,No,No,6.000000000000000,Roy Trustee 2022 Ltd,Proforest
{60A37AB8-C166-46BE-B1E1-21776C41B1CB},648.000000000000000,25/11.85,44.000000000000000,1100.000000000000000,Yes,0.000000000000000,0.000000000000000,0.000000000000000,0.000000000000000,0.000000000000000,1.000000000000000,1.000000000000000,0.000000000000000,25/72,0.000000000000000,0.000000000000000,0.000000000000000,0.000000000000000,0.000000000000000,0.022727272727300,0.022727272727300,0.000000000000000, ,{35F1DD49-F9F1-4577-A12C-3634D843B5F0},16/07/2025 0:00:00, ,16/07/2025 0:00:00, ,No, ,6.000000000000000,Roy Trustee 2022 Ltd,Proforest
{1B6A7B76-D5B8-4A01-B1EE-D371B5393870},368.000000000000000,15/11.48,40.000000000000000,1000.000000000000000,Yes,0.000000000000000,1.000000000000000,0.000000000000000,0.000000000000000,0.000000000000000,0.000000000000000,0.000000000000000,0.000000000000000,25/72,0.000000000000000,0.025000000000000,0.000000000000000,0.000000000000000,0.000000000000000,0.000000000000000,0.000000000000000,0.000000000000000, ,{35F1DD49-F9F1-4577-A12C-3634D843B5F0},16/07/2025 0:00:00, ,16/07/2025 0:00:00, ,No, ,1.000000000000000,Roy Trustee 2022 Ltd,Proforest
{47E76D3F-45FD-43DF-8E5E-D7823FFB027F},366.000000000000000,15/11.48,42.000000000000000,1050.000000000000000,Yes,1.000000000000000,0.000000000000000,0.000000000000000,0.000000000000000,0.000000000000000,0.000000000000000,0.000000000000000,0.000000000000000,25/72,0.023809523809500,0.000000000000000,0.000000000000000,0.000000000000000,0.000000000000000,0.000000000000000,0.000000000000000,0.000000000000000, ,{35F1DD49-F9F1-4577-A12C-3634D843B5F0},16/07/2025 0:00:00, ,16/07/2025 0:00:00, ,No, ,1.000000000000000,Roy Trustee 2022 Ltd,Proforest
{5166B1E4-3E8D-4232-8DA2-8F9641851FCA},382.000000000000000,10/11.37,38.000000000000000,950.000000000000000,Yes,0.000000000000000,1.000000000000000,1.000000000000000,0.000000000000000,0.000000000000000,0.000000000000000,0.000000000000000,0.000000000000000,25/72,0.000000000000000,0.026315789473700,0.026315789473700,0.000000000000000,0.000000000000000,0.000000000000000,0.000000000000000,0.000000000000000, ,{35F1DD49-F9F1-4577-A12C-3634D843B5F0},16/07/2025 0:00:00, ,16/07/2025 0:00:00, ,No, ,4.000000000000000,Roy Trustee 2022 Ltd,Proforest
{EC2C77CB-FAFC-4496-B276-22D35D3EE49B},384.000000000000000,20/11.64,42.000000000000000,1050.000000000000000,Yes,0.000000000000000,0.000000000000000,0.000000000000000,0.000000000000000,0.000000000000000,0.000000000000000,1.000000000000000,0.000000000000000,25/72,0.000000000000000,0.000000000000000,0.000000000000000,0.000000000000000,0.000000000000000,0.000000000000000,0.023809523809500,0.000000000000000,Loose in thick grass. QC notified,{35F1DD49-F9F1-4577-A12C-3634D843B5F0},16/07/2025 0:00:00, ,16/07/2025 0:00:00, ,No, ,3.000000000000000,Roy Trustee 2022 Ltd,Proforest
{80B1C02B-F94A-4AFF-95D8-D8AFF7F2CBA8},386.000000000000000,15/11.48,44.000000000000000,1100.000000000000000,Yes,1.000000000000000,1.000000000000000,0.000000000000000,0.000000000000000,0.000000000000000,1.000000000000000,0.000000000000000,0.000000000000000,25/72,0.022727272727300,0.022727272727300,0.000000000000000,0.000000000000000,0.000000000000000,0.022727272727300,0.000000000000000,0.000000000000000, ,{35F1DD49-F9F1-4577-A12C-3634D843B5F0},16/07/2025 0:00:00, ,16/07/2025 0:00:00, ,No, ,5.000000000000000,Roy Trustee 2022 Ltd,Proforest
{1C233298-4134-44B1-86D8-A7DD6B0D416A},2606.000000000000000,20/11.64,38.000000000000000,950.000000000000000,Yes,0.000000000000000,2.000000000000000,1.000000000000000,0.000000000000000,0.000000000000000,0.000000000000000,0.000000000000000,0.000000000000000,25/11,0.000000000000000,0.052631578947400,0.026315789473700,0.000000000000000,0.000000000000000,0.000000000000000,0.000000000000000,0.000000000000000, ,{ABA5860E-BE35-497B-82ED-F8ADDCFD7B53},16/07/2025 0:00:00, ,16/07/2025 0:00:00, ,No, ,5.000000000000000,Roy Trustee 2022 Ltd,Johnson Forestry Services
{4B922416-33DC-407D-8B1A-BBE1DA0E86CB},2604.000000000000000,15/11.48,42.000000000000000,1050.000000000000000,Yes,0.000000000000000,0.000000000000000,1.000000000000000,0.000000000000000,0.000000000000000,0.000000000000000,0.000000000000000,0.000000000000000,25/11,0.000000000000000,0.000000000000000,0.023809523809500,0.000000000000000,0.000000000000000,0.000000000000000,0.000000000000000,0.000000000000000, ,{ABA5860E-BE35-497B-82ED-F8ADDCFD7B53},16/07/2025 0:00:00, ,16/07/2025 0:00:00, ,No, ,3.000000000000000,Roy Trustee 2022 Ltd,Johnson Forestry Services
{58D76250-FBB3-4AD6-AA81-636BA491AC49},2596.000000000000000,15/11.48,39.000000000000000,975.000000000000000,No,0.000000000000000,0.000000000000000,0.000000000000000,0.000000000000000,0.000000000000000,0.000000000000000,0.000000000000000,0.000000000000000,25/11,0.000000000000000,0.000000000000000,0.000000000000000,0.000000000000000,0.000000000000000,0.000000000000000,0.000000000000000,0.000000000000000, ,{ABA5860E-BE35-497B-82ED-F8ADDCFD7B53},16/07/2025 0:00:00, ,16/07/2025 0:00:00, ,No, ,0.000000000000000,Roy Trustee 2022 Ltd,Johnson Forestry Services
{05354AFE-DAA5-4B4C-B76A-1A3C64457969},618.000000000000000,15/11.48,36.000000000000000,900.000000000000000,Yes,0.000000000000000,0.000000000000000,2.000000000000000,0.000000000000000,0.000000000000000,0.000000000000000,0.000000000000000,0.000000000000000,25/11,0.000000000000000,0.000000000000000,0.055555555555600,0.000000000000000,0.000000000000000,0.000000000000000,0.000000000000000,0.000000000000000, ,{ABA5860E-BE35-497B-82ED-F8ADDCFD7B53},16/07/2025 0:00:00, ,16/07/2025 0:00:00, ,No, ,6.000000000000000,Roy Trustee 2022 Ltd,Johnson Forestry Services
{463233BD-892D-4119-8CD3-D1EA49EAAA21},2626.000000000000000,20/11.64,39.000000000000000,975.000000000000000,Yes,1.000000000000000,0.000000000000000,0.000000000000000,0.000000000000000,0.000000000000000,0.000000000000000,1.000000000000000,0.000000000000000,25/11,0.025641025641000,0.000000000000000,0.000000000000000,0.000000000000000,0.000000000000000,0.000000000000000,0.025641025641000,0.000000000000000, ,{ABA5860E-BE35-497B-82ED-F8ADDCFD7B53},16/07/2025 0:00:00, ,16/07/2025 0:00:00, ,No, ,4.000000000000000,Roy Trustee 2022 Ltd,Johnson Forestry Services
{AF2FCFC9-E185-4F39-B88B-3F8B64E13E2E},2616.000000000000000,25/11.85,42.000000000000000,1050.000000000000000,Yes,0.000000000000000,0.000000000000000,1.000000000000000,0.000000000000000,0.000000000000000,0.000000000000000,0.000000000000000,0.000000000000000,25/11,0.000000000000000,0.000000000000000,0.023809523809500,0.000000000000000,0.000000000000000,0.000000000000000,0.000000000000000,0.000000000000000, ,{ABA5860E-BE35-497B-82ED-F8ADDCFD7B53},16/07/2025 0:00:00, ,16/07/2025 0:00:00, ,No, ,3.000000000000000,Roy Trustee 2022 Ltd,Johnson Forestry Services
{62FD5A73-D545-4854-8570-11E31C311D50},609.100000000000023,20/11.64,36.000000000000000,900.000000000000000,Yes,0.000000000000000,2.000000000000000,2.000000000000000,0.000000000000000,1.000000000000000,1.000000000000000,0.000000000000000,0.000000000000000,25/51,0.000000000000000,0.055555555555600,0.055555555555600,0.000000000000000,0.055555555555600,0.027777777777800,0.000000000000000,0.000000000000000,"Poor planting in good ground, getting reworked.",{AE6D128A-501B-4910-B7F9-E04252A90472},16/07/2025 0:00:00, ,16/07/2025 0:00:00, ,No,Yes,14.000000000000000,Roy Trustee 2022 Ltd,Forest & Harvest Managers
{EA996425-BD57-455B-8E8A-CA0036572934},1266.000000000000000,30/12.13,40.000000000000000,1000.000000000000000,No,0.000000000000000,0.000000000000000,0.000000000000000,0.000000000000000,0.000000000000000,0.000000000000000,0.000000000000000,0.000000000000000,25/64,0.000000000000000,0.000000000000000,0.000000000000000,0.000000000000000,0.000000000000000,0.000000000000000,0.000000000000000,0.000000000000000,"Rework plot for stocking, put in middle of 1258 and 1266 to confirm area is acceptsble which it now is.",{E03EF3DB-1F23-401B-A67B-3161CD761829},16/07/2025 0:00:00, ,16/07/2025 0:00:00, ,Yes, ,0.000000000000000,Roy Trustee 2022 Ltd,Proforest
{24956641-C4D6-4FC0-975D-595FAC57D932},1238.000000000000000,15/11.48,39.000000000000000,975.000000000000000,Yes,0.000000000000000,1.000000000000000,0.000000000000000,0.000000000000000,0.000000000000000,1.000000000000000,0.000000000000000,1.000000000000000,25/64,0.000000000000000,0.025641025641000,0.000000000000000,0.000000000000000,0.000000000000000,0.025641025641000,0.000000000000000,0.025641025641000, ,{E03EF3DB-1F23-401B-A67B-3161CD761829},16/07/2025 0:00:00, ,16/07/2025 0:00:00, ,No,No,7.000000000000000,Roy Trustee 2022 Ltd,Proforest
{643469F0-6BC7-4FFD-BAD7-51FF6978244B},1258.000000000000000,25/11.85,44.000000000000000,1100.000000000000000,Yes,1.000000000000000,3.000000000000000,0.000000000000000,0.000000000000000,0.000000000000000,0.000000000000000,0.000000000000000,0.000000000000000,25/64,0.022727272727300,0.068181818181800,0.000000000000000,0.000000000000000,0.000000000000000,0.000000000000000,0.000000000000000,0.000000000000000,Cuttings in this plot,{E03EF3DB-1F23-401B-A67B-3161CD761829},16/07/2025 0:00:00, ,16/07/2025 0:00:00, ,No, ,4.000000000000000,Roy Trustee 2022 Ltd,Proforest
{3196CCAB-DE5C-4983-9376-48F83DEC8704},136.000000000000000,15/11.48,44.000000000000000,1100.000000000000000,Yes,0.000000000000000,2.000000000000000,0.000000000000000,0.000000000000000,0.000000000000000,0.000000000000000,0.000000000000000,0.000000000000000,25/64,0.000000000000000,0.045454545454500,0.000000000000000,0.000000000000000,0.000000000000000,0.000000000000000,0.000000000000000,0.000000000000000, ,{E03EF3DB-1F23-401B-A67B-3161CD761829},16/07/2025 0:00:00, ,16/07/2025 0:00:00, ,No, ,2.000000000000000,Roy Trustee 2022 Ltd,Proforest
{3C470D44-2AF6-4C9C-B7E1-9280B00B220B},705.000000000000000,20/11.64,44.000000000000000,1100.000000000000000,Yes,0.000000000000000,0.000000000000000,0.000000000000000,0.000000000000000,0.000000000000000,0.000000000000000,2.000000000000000,0.000000000000000,25/51,0.000000000000000,0.000000000000000,0.000000000000000,0.000000000000000,0.000000000000000,0.000000000000000,0.045454545454500,0.000000000000000, ,{0F81C6F0-465A-4733-A6B9-BBA33D58B3AD},17/07/2025 0:00:00, ,17/07/2025 0:00:00, ,No, ,6.000000000000000,Roy Trustee 2022 Ltd,Forest & Harvest Managers
{85F1ED85-0303-41B3-96CE-931CFA5B01CE},683.000000000000000,30/12.13,44.000000000000000,1100.000000000000000,Yes,0.000000000000000,0.000000000000000,1.000000000000000,0.000000000000000,0.000000000000000,0.000000000000000,1.000000000000000,0.000000000000000,25/51,0.000000000000000,0.000000000000000,0.022727272727300,0.000000000000000,0.000000000000000,0.000000000000000,0.022727272727300,0.000000000000000, ,{0F81C6F0-465A-4733-A6B9-BBA33D58B3AD},17/07/2025 0:00:00, ,17/07/2025 0:00:00, ,No, ,6.000000000000000,Roy Trustee 2022 Ltd,Forest & Harvest Managers
{8F12A6D6-7A85-4189-8266-14F6ACC06112},707.000000000000000,20/11.64,37.000000000000000,925.000000000000000,Yes,0.000000000000000,0.000000000000000,0.000000000000000,0.000000000000000,0.000000000000000,0.000000000000000,2.000000000000000,0.000000000000000,25/51,0.000000000000000,0.000000000000000,0.000000000000000,0.000000000000000,0.000000000000000,0.000000000000000,0.054054054054100,0.000000000000000, ,{0F81C6F0-465A-4733-A6B9-BBA33D58B3AD},17/07/2025 0:00:00, ,17/07/2025 0:00:00, ,No, ,6.000000000000000,Roy Trustee 2022 Ltd,Forest & Harvest Managers
{B48C834F-C77A-4D54-ADC2-A9C9446EA522},682.000000000000000,25/11.85,36.000000000000000,900.000000000000000,Yes,0.000000000000000,0.000000000000000,1.000000000000000,0.000000000000000,0.000000000000000,0.000000000000000,0.000000000000000,0.000000000000000,25/51,0.000000000000000,0.000000000000000,0.027777777777800,0.000000000000000,0.000000000000000,0.000000000000000,0.000000000000000,0.000000000000000, ,{0F81C6F0-465A-4733-A6B9-BBA33D58B3AD},17/07/2025 0:00:00, ,17/07/2025 0:00:00, ,No, ,3.000000000000000,Roy Trustee 2022 Ltd,Forest & Harvest Managers
{FA4B4EA4-8A8D-48F7-919A-640EEACA5238},640.000000000000000,35/12.50,41.000000000000000,1025.000000000000000,Yes,0.000000000000000,0.000000000000000,0.000000000000000,0.000000000000000,0.000000000000000,0.000000000000000,2.000000000000000,0.000000000000000,25/51,0.000000000000000,0.000000000000000,0.000000000000000,0.000000000000000,0.000000000000000,0.000000000000000,0.048780487804900,0.000000000000000, ,{0F81C6F0-465A-4733-A6B9-BBA33D58B3AD},17/07/2025 0:00:00, ,17/07/2025 0:00:00, ,No, ,6.000000000000000,Roy Trustee 2022 Ltd,Forest & Harvest Managers
{2A7BBF79-D255-4876-8968-8900D7711D10},628.000000000000000,5/11.31,36.000000000000000,900.000000000000000,Yes,0.000000000000000,1.000000000000000,0.000000000000000,0.000000000000000,0.000000000000000,0.000000000000000,1.000000000000000,0.000000000000000,25/51,0.000000000000000,0.027777777777800,0.000000000000000,0.000000000000000,0.000000000000000,0.000000000000000,0.027777777777800,0.000000000000000, ,{0F81C6F0-465A-4733-A6B9-BBA33D58B3AD},17/07/2025 0:00:00, ,17/07/2025 0:00:00, ,No, ,4.000000000000000,Roy Trustee 2022 Ltd,Forest & Harvest Managers
{CF157FE9-BC54-4CD8-AC55-015195295C58},627.000000000000000,15/11.48,36.000000000000000,900.000000000000000,Yes,0.000000000000000,2.000000000000000,0.000000000000000,0.000000000000000,0.000000000000000,0.000000000000000,0.000000000000000,0.000000000000000,25/51,0.000000000000000,0.055555555555600,0.000000000000000,0.000000000000000,0.000000000000000,0.000000000000000,0.000000000000000,0.000000000000000, ,{0F81C6F0-465A-4733-A6B9-BBA33D58B3AD},17/07/2025 0:00:00, ,17/07/2025 0:00:00, ,No, ,2.000000000000000,Roy Trustee 2022 Ltd,Forest & Harvest Managers
{7DEE4206-CB13-41AF-AA20-CA3F785B75C8},626.000000000000000,20/11.64,38.000000000000000,950.000000000000000,Yes,0.000000000000000,1.000000000000000,0.000000000000000,0.000000000000000,0.000000000000000,0.000000000000000,1.000000000000000,0.000000000000000,25/51,0.000000000000000,0.026315789473700,0.000000000000000,0.000000000000000,0.000000000000000,0.000000000000000,0.026315789473700,0.000000000000000,Moved plot location out a bit due to rock and scrub,{0F81C6F0-465A-4733-A6B9-BBA33D58B3AD},17/07/2025 0:00:00, ,17/07/2025 0:00:00, ,No, ,4.000000000000000,Roy Trustee 2022 Ltd,Forest & Harvest Managers
{8AA6D54F-D46E-44B8-B2A1-71D09C75BAD7},629.000000000000000,15/11.48,38.000000000000000,950.000000000000000,Yes,0.000000000000000,0.000000000000000,1.000000000000000,0.000000000000000,0.000000000000000,0.000000000000000,1.000000000000000,0.000000000000000,25/51,0.000000000000000,0.000000000000000,0.026315789473700,0.000000000000000,0.000000000000000,0.000000000000000,0.026315789473700,0.000000000000000, ,{0F81C6F0-465A-4733-A6B9-BBA33D58B3AD},17/07/2025 0:00:00, ,17/07/2025 0:00:00, ,No, ,6.000000000000000,Roy Trustee 2022 Ltd,Forest & Harvest Managers
{BCFF6926-49E7-4083-9A5B-BAC134CD71DA},1088.000000000000000,5/11.31,35.000000000000000,875.000000000000000,No,0.000000000000000,0.000000000000000,0.000000000000000,0.000000000000000,0.000000000000000,0.000000000000000,0.000000000000000,0.000000000000000,25/71,0.000000000000000,0.000000000000000,0.000000000000000,0.000000000000000,0.000000000000000,0.000000000000000,0.000000000000000,0.000000000000000, ,{32BB08F6-9DFD-4E84-A9D3-EAD2C75668B7},17/07/2025 0:00:00, ,17/07/2025 0:00:00, ,No,Yes,0.000000000000000,Roy Trustee 2022 Ltd,Forest View Contracting
{E321CA95-D5C9-42DB-9E2C-F2F42A5ED55F},1090.000000000000000,10/11.37,37.000000000000000,925.000000000000000,No,0.000000000000000,0.000000000000000,0.000000000000000,0.000000000000000,0.000000000000000,0.000000000000000,0.000000000000000,0.000000000000000,25/71,0.000000000000000,0.000000000000000,0.000000000000000,0.000000000000000,0.000000000000000,0.000000000000000,0.000000000000000,0.000000000000000, ,{2F3B5D1F-8616-4950-8AB1-56DBC6EF76E4},17/07/2025 0:00:00, ,17/07/2025 0:00:00, ,No, ,0.000000000000000,Roy Trustee 2022 Ltd,Forest View Contracting
{DE037C12-D80B-47E2-AE11-72F49E4FD9C7},1118.000000000000000,20/11.64,42.000000000000000,1050.000000000000000,No,0.000000000000000,0.000000000000000,0.000000000000000,0.000000000000000,0.000000000000000,0.000000000000000,0.000000000000000,0.000000000000000,25/71,0.000000000000000,0.000000000000000,0.000000000000000,0.000000000000000,0.000000000000000,0.000000000000000,0.000000000000000,0.000000000000000,Good plot trees deep and straight.,{EAF42135-A424-4132-B0C6-C00632F1B220},17/07/2025 0:00:00, ,17/07/2025 0:00:00, ,No, ,0.000000000000000,Roy Trustee 2022 Ltd,Forest View Contracting
{8D019497-B243-4F85-ADE9-649F6DDDEECA},1130.000000000000000,5/11.31,39.000000000000000,975.000000000000000,No,0.000000000000000,0.000000000000000,0.000000000000000,0.000000000000000,0.000000000000000,0.000000000000000,0.000000000000000,0.000000000000000,25/71,0.000000000000000,0.000000000000000,0.000000000000000,0.000000000000000,0.000000000000000,0.000000000000000,0.000000000000000,0.000000000000000, ,{45BC221C-4E3E-466C-B12F-DB1DAB643CD6},17/07/2025 0:00:00, ,17/07/2025 0:00:00, ,No, ,0.000000000000000,Roy Trustee 2022 Ltd,Forest View Contracting
{0552966F-ED46-444E-9394-A2B6DAB87B58},1150.000000000000000,15/11.48,40.000000000000000,1000.000000000000000,No,0.000000000000000,0.000000000000000,0.000000000000000,0.000000000000000,0.000000000000000,0.000000000000000,0.000000000000000,0.000000000000000,25/71,0.000000000000000,0.000000000000000,0.000000000000000,0.000000000000000,0.000000000000000,0.000000000000000,0.000000000000000,0.000000000000000,Some wet area so plantingvwas more to suit the dryet biys of a face swamp.,{D868DC9E-3BDE-47AD-A219-CCC84AEA0E05},17/07/2025 0:00:00, ,17/07/2025 0:00:00, ,No, ,0.000000000000000,Roy Trustee 2022 Ltd,Forest View Contracting
{24824F9E-1424-4FFB-925C-D7133C05EE4A},1120.000000000000000,10/11.37,40.000000000000000,1000.000000000000000,Yes,1.000000000000000,1.000000000000000,0.000000000000000,0.000000000000000,0.000000000000000,0.000000000000000,0.000000000000000,0.000000000000000,25/71,0.025000000000000,0.025000000000000,0.000000000000000,0.000000000000000,0.000000000000000,0.000000000000000,0.000000000000000,0.000000000000000, ,{414EE883-85C1-433D-A0BE-1409A6D767EB},17/07/2025 0:00:00, ,17/07/2025 0:00:00, ,No, ,2.000000000000000,Roy Trustee 2022 Ltd,Forest View Contracting
{752E94DD-CF76-45D8-B862-773FB3607252},1152.000000000000000,20/11.64,44.000000000000000,1100.000000000000000,No,0.000000000000000,0.000000000000000,0.000000000000000,0.000000000000000,0.000000000000000,0.000000000000000,0.000000000000000,0.000000000000000,25/71,0.000000000000000,0.000000000000000,0.000000000000000,0.000000000000000,0.000000000000000,0.000000000000000,0.000000000000000,0.000000000000000,"Small row change lifted thevstocking. Isolated location
",{28303000-7B06-40FD-BE65-E4ED8B77594B},17/07/2025 0:00:00, ,17/07/2025 0:00:00, ,No, ,0.000000000000000,Roy Trustee 2022 Ltd,Forest View Contracting
{90ECA002-26AE-4054-A3A7-E48CFDA4D9A5},364.000000000000000,15/11.48,39.000000000000000,975.000000000000000,Yes,0.000000000000000,1.000000000000000,0.000000000000000,0.000000000000000,0.000000000000000,0.000000000000000,0.000000000000000,0.000000000000000,25/,0.000000000000000,0.025641025641000,0.000000000000000,0.000000000000000,0.000000000000000,0.000000000000000,0.000000000000000,0.000000000000000, ,{1E84DC99-BF6A-4563-B78F-FC6061310F4C},17/07/2025 0:00:00, ,17/07/2025 0:00:00, ,No, ,1.000000000000000,Roy Trustee 2022 Ltd,Proforest
{3C4A1C86-D9A1-4CAE-89ED-8964C3EEBE7E},402.000000000000000,20/11.64,50.000000000000000,1250.000000000000000,Yes,0.000000000000000,2.000000000000000,0.000000000000000,0.000000000000000,0.000000000000000,1.000000000000000,0.000000000000000,0.000000000000000,25/,0.000000000000000,0.040000000000000,0.000000000000000,0.000000000000000,0.000000000000000,0.020000000000000,0.000000000000000,0.000000000000000,"Getting reworkee, spacing way too high",{1E84DC99-BF6A-4563-B78F-FC6061310F4C},17/07/2025 0:00:00, ,17/07/2025 0:00:00, ,No,Yes,5.000000000000000,Roy Trustee 2022 Ltd,Proforest
{18CBAEEF-C32F-4A28-ABA6-32F035E34F90},404.000000000000000,20/11.64,41.000000000000000,1025.000000000000000,No,0.000000000000000,0.000000000000000,0.000000000000000,0.000000000000000,0.000000000000000,0.000000000000000,0.000000000000000,0.000000000000000,25/,0.000000000000000,0.000000000000000,0.000000000000000,0.000000000000000,0.000000000000000,0.000000000000000,0.000000000000000,0.000000000000000, ,{1E84DC99-BF6A-4563-B78F-FC6061310F4C},17/07/2025 0:00:00, ,17/07/2025 0:00:00, ,No, ,0.000000000000000,Roy Trustee 2022 Ltd,Proforest
{61F7BDA7-66EF-4FC7-8543-75B5927C95D4},420.000000000000000,5/11.31,45.000000000000000,1125.000000000000000,Yes,0.000000000000000,7.000000000000000,0.000000000000000,0.000000000000000,0.000000000000000,0.000000000000000,0.000000000000000,0.000000000000000,25/72,0.000000000000000,0.155555555556000,0.000000000000000,0.000000000000000,0.000000000000000,0.000000000000000,0.000000000000000,0.000000000000000,Getting them to rework this area as stocking high close by also,{1E84DC99-BF6A-4563-B78F-FC6061310F4C},17/07/2025 0:00:00, ,17/07/2025 0:00:00, ,No,Yes,7.000000000000000,Roy Trustee 2022 Ltd,Proforest
{0E54BA1A-DE00-4C54-8D41-C9A5C8B12F20},418.000000000000000,5/11.31,41.000000000000000,1025.000000000000000,Yes,0.000000000000000,2.000000000000000,0.000000000000000,0.000000000000000,0.000000000000000,1.000000000000000,0.000000000000000,1.000000000000000,25/72,0.000000000000000,0.048780487804900,0.000000000000000,0.000000000000000,0.000000000000000,0.024390243902400,0.000000000000000,0.024390243902400, ,{1E84DC99-BF6A-4563-B78F-FC6061310F4C},17/07/2025 0:00:00, ,17/07/2025 0:00:00, ,No,Yes,8.000000000000000,Roy Trustee 2022 Ltd,Proforest
{C2CF8998-D884-4E28-8D67-58B4A2E1E7EC},2582.000000000000000,15/11.48,39.000000000000000,975.000000000000000,Yes,0.000000000000000,0.000000000000000,2.000000000000000,0.000000000000000,0.000000000000000,0.000000000000000,0.000000000000000,0.000000000000000,25/11,0.000000000000000,0.000000000000000,0.051282051282100,0.000000000000000,0.000000000000000,0.000000000000000,0.000000000000000,0.000000000000000, ,{62567F9E-5A55-4ACA-A865-AE51819E9196},17/07/2025 0:00:00, ,17/07/2025 0:00:00, ,No, ,6.000000000000000,Roy Trustee 2022 Ltd,Johnson Forestry Services
{DF6C0254-CB47-4366-BE09-1189CE36B063},584.000000000000000,20/11.64,37.000000000000000,925.000000000000000,Yes,1.000000000000000,0.000000000000000,0.000000000000000,0.000000000000000,0.000000000000000,0.000000000000000,0.000000000000000,0.000000000000000,25/11,0.027027027027000,0.000000000000000,0.000000000000000,0.000000000000000,0.000000000000000,0.000000000000000,0.000000000000000,0.000000000000000, ,{62567F9E-5A55-4ACA-A865-AE51819E9196},17/07/2025 0:00:00, ,17/07/2025 0:00:00, ,No, ,1.000000000000000,Roy Trustee 2022 Ltd,Johnson Forestry Services
{242F7E12-A0BF-45B2-B905-E170404AC29D},2634.000000000000000,15/11.48,36.000000000000000,900.000000000000000,No,0.000000000000000,0.000000000000000,0.000000000000000,0.000000000000000,0.000000000000000,0.000000000000000,0.000000000000000,0.000000000000000,25/11,0.000000000000000,0.000000000000000,0.000000000000000,0.000000000000000,0.000000000000000,0.000000000000000,0.000000000000000,0.000000000000000,Rows a bit wide,{62567F9E-5A55-4ACA-A865-AE51819E9196},17/07/2025 0:00:00, ,17/07/2025 0:00:00, ,No, ,0.000000000000000,Roy Trustee 2022 Ltd,Johnson Forestry Services
{BA8590AB-7E34-44BB-A2ED-F9CB33DEAB37},2630.000000000000000,15/11.48,36.000000000000000,900.000000000000000,No,0.000000000000000,0.000000000000000,0.000000000000000,0.000000000000000,0.000000000000000,0.000000000000000,0.000000000000000,0.000000000000000,25/11,0.000000000000000,0.000000000000000,0.000000000000000,0.000000000000000,0.000000000000000,0.000000000000000,0.000000000000000,0.000000000000000, ,{62567F9E-5A55-4ACA-A865-AE51819E9196},17/07/2025 0:00:00, ,17/07/2025 0:00:00, ,No, ,0.000000000000000,Roy Trustee 2022 Ltd,Johnson Forestry Services
{CDB204D3-DB18-4452-BD4F-1DE235B9901A},2594.000000000000000,15/11.48,41.000000000000000,1025.000000000000000,No,0.000000000000000,0.000000000000000,0.000000000000000,0.000000000000000,0.000000000000000,0.000000000000000,0.000000000000000,0.000000000000000,25/11,0.000000000000000,0.000000000000000,0.000000000000000,0.000000000000000,0.000000000000000,0.000000000000000,0.000000000000000,0.000000000000000, ,{62567F9E-5A55-4ACA-A865-AE51819E9196},17/07/2025 0:00:00, ,17/07/2025 0:00:00, ,No, ,0.000000000000000,Roy Trustee 2022 Ltd,Johnson Forestry Services
{31AEA030-C336-408B-B8E4-6E6181D1F75C},2602.000000000000000,30/12.13,42.000000000000000,1050.000000000000000,Yes,0.000000000000000,0.000000000000000,2.000000000000000,0.000000000000000,0.000000000000000,0.000000000000000,0.000000000000000,0.000000000000000,25/11,0.000000000000000,0.000000000000000,0.047619047619000,0.000000000000000,0.000000000000000,0.000000000000000,0.000000000000000,0.000000000000000,Shit roots on some trees,{62567F9E-5A55-4ACA-A865-AE51819E9196},17/07/2025 0:00:00, ,17/07/2025 0:00:00, ,No, ,6.000000000000000,Roy Trustee 2022 Ltd,Johnson Forestry Services
{D7DBE9A2-5BD8-4DDB-9F59-815DA9B91C6F},2592.000000000000000,30/12.13,40.000000000000000,1000.000000000000000,Yes,1.000000000000000,1.000000000000000,0.000000000000000,0.000000000000000,0.000000000000000,0.000000000000000,0.000000000000000,0.000000000000000,25/11,0.025000000000000,0.025000000000000,0.000000000000000,0.000000000000000,0.000000000000000,0.000000000000000,0.000000000000000,0.000000000000000, ,{62567F9E-5A55-4ACA-A865-AE51819E9196},17/07/2025 0:00:00, ,17/07/2025 0:00:00, ,No, ,2.000000000000000,Roy Trustee 2022 Ltd,Johnson Forestry Services
{4BCAC30A-2A85-4ADC-9FAC-0EB95AE1C524},2586.000000000000000,15/11.48,39.000000000000000,975.000000000000000,No,0.000000000000000,0.000000000000000,0.000000000000000,0.000000000000000,0.000000000000000,0.000000000000000,0.000000000000000,0.000000000000000,25/11,0.000000000000000,0.000000000000000,0.000000000000000,0.000000000000000,0.000000000000000,0.000000000000000,0.000000000000000,0.000000000000000, ,{62567F9E-5A55-4ACA-A865-AE51819E9196},17/07/2025 0:00:00, ,17/07/2025 0:00:00, ,No, ,0.000000000000000,Roy Trustee 2022 Ltd,Johnson Forestry Services
{581B2A8A-15B7-40B7-97BE-1735F4FDE546},2702.000000000000000,15/11.48,36.000000000000000,900.000000000000000,Yes,0.000000000000000,0.000000000000000,0.000000000000000,0.000000000000000,1.000000000000000,0.000000000000000,0.000000000000000,0.000000000000000,25/10,0.000000000000000,0.000000000000000,0.000000000000000,0.000000000000000,0.027777777777800,0.000000000000000,0.000000000000000,0.000000000000000, ,{4B58C1A6-CCCE-44CC-856A-2001ADFD7C80},17/07/2025 0:00:00, ,17/07/2025 0:00:00, ,No, ,3.000000000000000,Roy Trustee 2022 Ltd,Johnson Forestry Services
{F21C9C7F-4E3B-4669-8BD1-D9F4D3AF744E},2708.000000000000000,15/11.48,36.000000000000000,900.000000000000000,No,0.000000000000000,0.000000000000000,0.000000000000000,0.000000000000000,0.000000000000000,0.000000000000000,0.000000000000000,0.000000000000000,25/10,0.000000000000000,0.000000000000000,0.000000000000000,0.000000000000000,0.000000000000000,0.000000000000000,0.000000000000000,0.000000000000000, ,{4B58C1A6-CCCE-44CC-856A-2001ADFD7C80},17/07/2025 0:00:00, ,17/07/2025 0:00:00, ,No, ,0.000000000000000,Roy Trustee 2022 Ltd,Johnson Forestry Services
{5D9B8F0B-9A4D-4F08-BD68-3E6895F33DD2},1106.000000000000000,5/11.31,38.000000000000000,950.000000000000000,No,0.000000000000000,0.000000000000000,0.000000000000000,0.000000000000000,0.000000000000000,0.000000000000000,0.000000000000000,0.000000000000000,25/71,0.000000000000000,0.000000000000000,0.000000000000000,0.000000000000000,0.000000000000000,0.000000000000000,0.000000000000000,0.000000000000000,Angle change. For once could have been tighter.,{980CA9B0-1C2D-4F66-8EAE-F0279F0DBE3F},18/07/2025 0:00:00, ,18/07/2025 0:00:00, ,No, ,0.000000000000000,Roy Trustee 2022 Ltd,Forest View Contracting
{EA874749-57FA-4A1F-BFF8-1522C5B78942},1108.000000000000000,5/11.31,36.000000000000000,900.000000000000000,No,0.000000000000000,0.000000000000000,0.000000000000000,0.000000000000000,0.000000000000000,0.000000000000000,0.000000000000000,0.000000000000000,25/71,0.000000000000000,0.000000000000000,0.000000000000000,0.000000000000000,0.000000000000000,0.000000000000000,0.000000000000000,0.000000000000000, ,{8E71F610-C0E4-418C-9B38-FB7E6CE64FEA},18/07/2025 0:00:00, ,18/07/2025 0:00:00, ,No, ,0.000000000000000,Roy Trustee 2022 Ltd,Forest View Contracting
{B354B190-870C-47AF-9063-3A409F114496},1138.000000000000000,0/11.31,45.000000000000000,1125.000000000000000,No,0.000000000000000,0.000000000000000,0.000000000000000,0.000000000000000,0.000000000000000,0.000000000000000,0.000000000000000,0.000000000000000,25/71,0.000000000000000,0.000000000000000,0.000000000000000,0.000000000000000,0.000000000000000,0.000000000000000,0.000000000000000,0.000000000000000,One row to close at the point of the plot.,{2FEC18BC-A18F-4713-A859-723FB719936F},18/07/2025 0:00:00, ,18/07/2025 0:00:00, ,No,No,0.000000000000000,Roy Trustee 2022 Ltd,Forest View Contracting
{D8D29F84-4ACD-4BB6-91EC-7F3A40C0DE81},1140.000000000000000,0/11.31,40.000000000000000,1000.000000000000000,Yes,0.000000000000000,1.000000000000000,0.000000000000000,0.000000000000000,0.000000000000000,0.000000000000000,0.000000000000000,0.000000000000000,25/71,0.000000000000000,0.025000000000000,0.000000000000000,0.000000000000000,0.000000000000000,0.000000000000000,0.000000000000000,0.000000000000000, ,{F55E29B5-F697-472E-8027-4EAC992E29FD},18/07/2025 0:00:00, ,18/07/2025 0:00:00, ,No, ,1.000000000000000,Roy Trustee 2022 Ltd,Forest View Contracting
{E8B5F639-0345-42C1-94C9-20D2C9B41C02},112202.000000000000000,5/11.31,41.000000000000000,1025.000000000000000,Yes,0.000000000000000,1.000000000000000,0.000000000000000,0.000000000000000,0.000000000000000,0.000000000000000,0.000000000000000,0.000000000000000,25/71,0.000000000000000,0.024390243902400,0.000000000000000,0.000000000000000,0.000000000000000,0.000000000000000,0.000000000000000,0.000000000000000, ,{7A92E18E-C5EA-4E32-866C-8BBBFE70D425},18/07/2025 0:00:00, ,18/07/2025 0:00:00, ,No, ,1.000000000000000,Roy Trustee 2022 Ltd,Forest View Contracting
{C95D7EC2-B267-4139-90FC-FF7096C08F67},1092.000000000000000,10/11.37,45.000000000000000,1125.000000000000000,No,0.000000000000000,0.000000000000000,0.000000000000000,0.000000000000000,0.000000000000000,0.000000000000000,0.000000000000000,0.000000000000000,25/71,0.000000000000000,0.000000000000000,0.000000000000000,0.000000000000000,0.000000000000000,0.000000000000000,0.000000000000000,0.000000000000000,The plot was effected by row change due to fence. Shoukd havebput further into stand.,{F80DF4AF-A749-44D8-B01E-1C359106D8BE},18/07/2025 0:00:00, ,18/07/2025 0:00:00, ,No,No,0.000000000000000,Roy Trustee 2022 Ltd,Forest View Contracting
{086E5CD9-55A3-49EA-9AF6-C04013AC1C0C},1114.000000000000000,0/11.31,36.000000000000000,-900.000000000000000,No,0.000000000000000,0.000000000000000,0.000000000000000,0.000000000000000,0.000000000000000,0.000000000000000,0.000000000000000,0.000000000000000,25/71,0.000000000000000,0.000000000000000,0.000000000000000,0.000000000000000,0.000000000000000,0.000000000000000,0.000000000000000,0.000000000000000, ,{B4C4C3EA-6707-4ADD-8221-A04D9E98BEBC},18/07/2025 0:00:00, ,24/07/2025 0:00:00,ScarlettMichelle,No,No,0.000000000000000,Roy Trustee 2022 Ltd,Forest View Contracting
{106E8620-1ECD-4338-AA6D-DBFFF307C3E0},613.000000000000000,40/12.92,0.000000000000000,0.000000000000000,No,0.000000000000000,0.000000000000000,0.000000000000000,0.000000000000000,0.000000000000000,0.000000000000000,0.000000000000000,0.000000000000000,25/51,0.000000000000000,0.000000000000000,0.000000000000000,0.000000000000000,0.000000000000000,0.000000000000000,0.000000000000000,0.000000000000000,"A big rock garden, no dirt to be found. Been mapped out I think but not plantable and nowhere close enough to bring the plot down to that does have trees.",{F0D49821-0ACD-4FBB-86C5-305CE618B5D3},18/07/2025 0:00:00, ,18/07/2025 0:00:00, ,No,No,0.000000000000000,Roy Trustee 2022 Ltd,Forest & Harvest Managers
{6156537B-6CBF-4EE2-88F5-A394B0204A32},614.000000000000000,30/12.13,34.000000000000000,850.000000000000000,Yes,1.000000000000000,1.000000000000000,0.000000000000000,0.000000000000000,0.000000000000000,0.000000000000000,0.000000000000000,0.000000000000000,25/51,0.029411764705900,0.029411764705900,0.000000000000000,0.000000000000000,0.000000000000000,0.000000000000000,0.000000000000000,0.000000000000000,Really rocky. done their best with the terrain on offer in regards to tree numbers,{F0D49821-0ACD-4FBB-86C5-305CE618B5D3},18/07/2025 0:00:00, ,18/07/2025 0:00:00, ,No,No,2.000000000000000,Roy Trustee 2022 Ltd,Forest & Harvest Managers
{35B9F06F-9624-4714-B6DA-2126EEEC067D},615.000000000000000,25/11.85,39.000000000000000,975.000000000000000,Yes,0.000000000000000,1.000000000000000,0.000000000000000,0.000000000000000,0.000000000000000,0.000000000000000,1.000000000000000,0.000000000000000,25/51,0.000000000000000,0.025641025641000,0.000000000000000,0.000000000000000,0.000000000000000,0.000000000000000,0.000000000000000,0.000000000000000, ,{F0D49821-0ACD-4FBB-86C5-305CE618B5D3},18/07/2025 0:00:00, ,18/07/2025 0:00:00, ,No, ,4.000000000000000,Roy Trustee 2022 Ltd,Forest & Harvest Managers
{F28E3EFB-8CBF-4F16-BD75-7B9CBA7528AC},616.000000000000000,20/11.64,38.000000000000000,950.000000000000000,Yes,0.000000000000000,0.000000000000000,2.000000000000000,0.000000000000000,0.000000000000000,0.000000000000000,0.000000000000000,0.000000000000000,25/51,0.000000000000000,0.000000000000000,0.052631578947400,0.000000000000000,0.000000000000000,0.000000000000000,0.000000000000000,0.000000000000000, ,{F0D49821-0ACD-4FBB-86C5-305CE618B5D3},18/07/2025 0:00:00, ,18/07/2025 0:00:00, ,No, ,6.000000000000000,Roy Trustee 2022 Ltd,Forest & Harvest Managers
{1B707671-425E-4CC6-8465-8D92276CC2C2},612.000000000000000,25/11.85,37.000000000000000,925.000000000000000,Yes,1.000000000000000,0.000000000000000,0.000000000000000,0.000000000000000,0.000000000000000,1.000000000000000,0.000000000000000,0.000000000000000,25/51,0.027027027027000,0.000000000000000,0.000000000000000,0.000000000000000,0.000000000000000,0.027027027027000,0.000000000000000,0.000000000000000,Plot moved slightly away from the rocks and scrub,{F0D49821-0ACD-4FBB-86C5-305CE618B5D3},18/07/2025 0:00:00, ,18/07/2025 0:00:00, ,No, ,4.000000000000000,Roy Trustee 2022 Ltd,Forest & Harvest Managers
{70E6BBFD-C1D9-4B03-BAD2-6D785660E66F},665.000000000000000,30/12.13,39.000000000000000,975.000000000000000,No,0.000000000000000,0.000000000000000,0.000000000000000,0.000000000000000,0.000000000000000,0.000000000000000,0.000000000000000,0.000000000000000,25/51,0.000000000000000,0.000000000000000,0.000000000000000,0.000000000000000,0.000000000000000,0.000000000000000,0.000000000000000,0.000000000000000, ,{F0D49821-0ACD-4FBB-86C5-305CE618B5D3},18/07/2025 0:00:00, ,18/07/2025 0:00:00, ,No, ,0.000000000000000,Roy Trustee 2022 Ltd,Forest & Harvest Managers
{56892356-1444-478C-939F-6F71B417A2F6},664.000000000000000,25/11.85,41.000000000000000,1025.000000000000000,Yes,0.000000000000000,2.000000000000000,0.000000000000000,0.000000000000000,0.000000000000000,1.000000000000000,0.000000000000000,0.000000000000000,25/51,0.000000000000000,0.048780487804900,0.000000000000000,0.000000000000000,0.000000000000000,0.024390243902400,0.000000000000000,0.000000000000000, ,{F0D49821-0ACD-4FBB-86C5-305CE618B5D3},18/07/2025 0:00:00, ,18/07/2025 0:00:00, ,No, ,5.000000000000000,Roy Trustee 2022 Ltd,Forest & Harvest Managers
{C84F0583-0F2F-43CE-8476-97ED3C135CA5},400.000000000000000,25/11.85,39.000000000000000,975.000000000000000,Yes,0.000000000000000,0.000000000000000,0.000000000000000,0.000000000000000,0.000000000000000,1.000000000000000,0.000000000000000,0.000000000000000,25/72,0.000000000000000,0.000000000000000,0.000000000000000,0.000000000000000,0.000000000000000,0.025641025641000,0.000000000000000,0.000000000000000, ,{654430AD-B1E7-40CB-A0C0-59D1CDEBAAC3},18/07/2025 0:00:00, ,18/07/2025 0:00:00, ,No, ,3.000000000000000,Roy Trustee 2022 Ltd,Proforest
{677C5A11-6181-4AD3-98AA-B8A48AA8AE01},416.000000000000000,15/11.48,43.000000000000000,1075.000000000000000,Yes,1.000000000000000,3.000000000000000,0.000000000000000,0.000000000000000,0.000000000000000,0.000000000000000,0.000000000000000,0.000000000000000,25/72,0.023255813953500,0.069767441860500,0.000000000000000,0.000000000000000,0.000000000000000,0.000000000000000,0.000000000000000,0.000000000000000, ,{654430AD-B1E7-40CB-A0C0-59D1CDEBAAC3},18/07/2025 0:00:00, ,18/07/2025 0:00:00, ,No, ,4.000000000000000,Roy Trustee 2022 Ltd,Proforest
{A1CB179E-0294-41BD-B26D-246EFF9B4E17},430.000000000000000,10/11.37,42.000000000000000,1050.000000000000000,Yes,0.000000000000000,3.000000000000000,1.000000000000000,0.000000000000000,1.000000000000000,0.000000000000000,0.000000000000000,0.000000000000000,25/72,0.000000000000000,0.071428571428600,0.023809523809500,0.000000000000000,0.023809523809500,0.000000000000000,0.000000000000000,0.000000000000000,"Some poor planting, getting reworked.",{654430AD-B1E7-40CB-A0C0-59D1CDEBAAC3},18/07/2025 0:00:00, ,18/07/2025 0:00:00, ,No,Yes,9.000000000000000,Roy Trustee 2022 Ltd,Proforest
{2121E577-1D60-433F-8CB1-ABFE0D1AAA89},428.000000000000000,15/11.48,43.000000000000000,1075.000000000000000,Yes,1.000000000000000,0.000000000000000,0.000000000000000,1.000000000000000,0.000000000000000,1.000000000000000,0.000000000000000,0.000000000000000,25/72,0.023255813953500,0.000000000000000,0.000000000000000,0.023255813953500,0.000000000000000,0.023255813953500,0.000000000000000,0.000000000000000, ,{654430AD-B1E7-40CB-A0C0-59D1CDEBAAC3},18/07/2025 0:00:00, ,18/07/2025 0:00:00, ,No, ,5.000000000000000,Roy Trustee 2022 Ltd,Proforest
{9DBAE608-C028-4191-883D-986DDE50FA5C},414.000000000000000,10/11.37,39.000000000000000,975.000000000000000,Yes,0.000000000000000,1.000000000000000,0.000000000000000,1.000000000000000,0.000000000000000,1.000000000000000,0.000000000000000,0.000000000000000,25/72,0.000000000000000,0.025641025641000,0.000000000000000,0.025641025641000,0.000000000000000,0.025641025641000,0.000000000000000,0.000000000000000, ,{654430AD-B1E7-40CB-A0C0-59D1CDEBAAC3},18/07/2025 0:00:00, ,18/07/2025 0:00:00, ,No, ,5.000000000000000,Roy Trustee 2022 Ltd,Proforest
{0D90BF2F-ACA6-4ECB-AB96-B5CC32FBE80C},398.000000000000000,10/11.37,38.000000000000000,950.000000000000000,No,0.000000000000000,0.000000000000000,0.000000000000000,0.000000000000000,0.000000000000000,0.000000000000000,0.000000000000000,0.000000000000000,25/72,0.000000000000000,0.000000000000000,0.000000000000000,0.000000000000000,0.000000000000000,0.000000000000000,0.000000000000000,0.000000000000000,Good planting.,{654430AD-B1E7-40CB-A0C0-59D1CDEBAAC3},18/07/2025 0:00:00, ,18/07/2025 0:00:00, ,No, ,0.000000000000000,Roy Trustee 2022 Ltd,Proforest
{969493C4-6C22-4134-B9B7-68BEFC3469F4},380.000000000000000,25/11.85,44.000000000000000,1100.000000000000000,Yes,1.000000000000000,1.000000000000000,0.000000000000000,0.000000000000000,0.000000000000000,0.000000000000000,0.000000000000000,0.000000000000000,25/72,0.022727272727300,0.022727272727300,0.000000000000000,0.000000000000000,0.000000000000000,0.000000000000000,0.000000000000000,0.000000000000000, ,{654430AD-B1E7-40CB-A0C0-59D1CDEBAAC3},18/07/2025 0:00:00, ,18/07/2025 0:00:00, ,No, ,2.000000000000000,Roy Trustee 2022 Ltd,Proforest
{012A5AF3-1CBF-4293-ADB6-A7AA9688CD17},2000.099999999999909,5/11.31,44.000000000000000,1100.000000000000000,Yes,0.000000000000000,1.000000000000000,0.000000000000000,1.000000000000000,0.000000000000000,0.000000000000000,0.000000000000000,0.000000000000000,25/76,0.000000000000000,0.022727272727300,0.000000000000000,0.022727272727300,0.000000000000000,0.000000000000000,0.000000000000000,0.000000000000000, ,{7BA00260-56A0-415F-B883-DCF095531290},20/07/2025 0:00:00, ,20/07/2025 0:00:00, ,No, ,2.000000000000000,Roy Trustee 2022 Ltd,Proforest
{6457B87F-508E-4750-8FA5-5EEC72EBB602},2000.200000000000045,5/11.31,38.000000000000000,950.000000000000000,Yes,0.000000000000000,1.000000000000000,1.000000000000000,0.000000000000000,0.000000000000000,0.000000000000000,0.000000000000000,0.000000000000000,25/76,0.000000000000000,0.026315789473700,0.026315789473700,0.000000000000000,0.000000000000000,0.000000000000000,0.000000000000000,0.000000000000000, ,{7BA00260-56A0-415F-B883-DCF095531290},20/07/2025 0:00:00, ,20/07/2025 0:00:00, ,No, ,4.000000000000000,Roy Trustee 2022 Ltd,Proforest
{6BF86E59-DE78-4DD8-876B-F091E6EAECD5},2034.000000000000000,15/11.48,37.000000000000000,925.000000000000000,Yes,0.000000000000000,1.000000000000000,0.000000000000000,0.000000000000000,0.000000000000000,1.000000000000000,0.000000000000000,0.000000000000000,25/73,0.000000000000000,0.027027027027000,0.000000000000000,0.000000000000000,0.000000000000000,0.027027027027000,0.000000000000000,0.000000000000000, ,{507F25E7-6C0F-487B-868E-2772DB587FF4},20/07/2025 0:00:00, ,20/07/2025 0:00:00, ,No, ,4.000000000000000,Roy Trustee 2022 Ltd,Proforest
{95381709-59D8-4985-96B4-9D27BBD22817},2682.000000000000000,15/11.48,40.000000000000000,1000.000000000000000,No,0.000000000000000,0.000000000000000,0.000000000000000,0.000000000000000,0.000000000000000,0.000000000000000,0.000000000000000,0.000000000000000,25/10,0.000000000000000,0.000000000000000,0.000000000000000,0.000000000000000,0.000000000000000,0.000000000000000,0.000000000000000,0.000000000000000, ,{BB25F7B9-328A-4199-9B1A-9D6C364D7B34},21/07/2025 0:00:00, ,21/07/2025 0:00:00, ,No, ,0.000000000000000,Roy Trustee 2022 Ltd,Johnson Forestry Services
{83F5DB94-CA68-47B3-95A8-05D502E84677},680.000000000000000,15/11.48,38.000000000000000,950.000000000000000,No,0.000000000000000,0.000000000000000,0.000000000000000,0.000000000000000,0.000000000000000,0.000000000000000,0.000000000000000,0.000000000000000,25/10,0.000000000000000,0.000000000000000,0.000000000000000,0.000000000000000,0.000000000000000,0.000000000000000,0.000000000000000,0.000000000000000, ,{BB25F7B9-328A-4199-9B1A-9D6C364D7B34},21/07/2025 0:00:00, ,21/07/2025 0:00:00, ,No, ,0.000000000000000,Roy Trustee 2022 Ltd,Johnson Forestry Services
{F58DD241-9134-42FA-968D-B6BB0770C1F6},2678.000000000000000,10/11.37,44.000000000000000,1100.000000000000000,No,0.000000000000000,0.000000000000000,0.000000000000000,0.000000000000000,0.000000000000000,0.000000000000000,0.000000000000000,0.000000000000000,25/10,0.000000000000000,0.000000000000000,0.000000000000000,0.000000000000000,0.000000000000000,0.000000000000000,0.000000000000000,0.000000000000000, ,{BB25F7B9-328A-4199-9B1A-9D6C364D7B34},21/07/2025 0:00:00, ,21/07/2025 0:00:00, ,No, ,0.000000000000000,Roy Trustee 2022 Ltd,Johnson Forestry Services
{B5F4F89F-8B18-41D4-B549-39536470C4A9},2696.000000000000000,20/11.64,40.000000000000000,1000.000000000000000,No,0.000000000000000,0.000000000000000,0.000000000000000,0.000000000000000,0.000000000000000,0.000000000000000,0.000000000000000,0.000000000000000,25/10,0.000000000000000,0.000000000000000,0.000000000000000,0.000000000000000,0.000000000000000,0.000000000000000,0.000000000000000,0.000000000000000, ,{BB25F7B9-328A-4199-9B1A-9D6C364D7B34},21/07/2025 0:00:00, ,21/07/2025 0:00:00, ,No, ,0.000000000000000,Roy Trustee 2022 Ltd,Johnson Forestry Services
{21920826-9164-4F1E-A24E-8003058BDD90},2688.000000000000000,15/11.48,36.000000000000000,900.000000000000000,No,0.000000000000000,0.000000000000000,0.000000000000000,0.000000000000000,0.000000000000000,0.000000000000000,0.000000000000000,0.000000000000000,25/10,0.000000000000000,0.000000000000000,0.000000000000000,0.000000000000000,0.000000000000000,0.000000000000000,0.000000000000000,0.000000000000000, ,{BB25F7B9-328A-4199-9B1A-9D6C364D7B34},21/07/2025 0:00:00, ,21/07/2025 0:00:00, ,No, ,0.000000000000000,Roy Trustee 2022 Ltd,Johnson Forestry Services
{850CB740-F539-461C-B2B8-75CC9C34D398},2686.000000000000000,15/11.48,41.000000000000000,1025.000000000000000,No,0.000000000000000,0.000000000000000,0.000000000000000,0.000000000000000,0.000000000000000,0.000000000000000,0.000000000000000,0.000000000000000,25/10,0.000000000000000,0.000000000000000,0.000000000000000,0.000000000000000,0.000000000000000,0.000000000000000,0.000000000000000,0.000000000000000, ,{BB25F7B9-328A-4199-9B1A-9D6C364D7B34},21/07/2025 0:00:00, ,21/07/2025 0:00:00, ,No, ,0.000000000000000,Roy Trustee 2022 Ltd,Johnson Forestry Services
{D70F9549-4DFC-4DB6-B692-C3753211CFED},3056.000000000000000,15/11.48,41.000000000000000,1025.000000000000000,Yes,0.000000000000000,0.000000000000000,1.000000000000000,0.000000000000000,0.000000000000000,0.000000000000000,0.000000000000000,0.000000000000000,25/9,0.000000000000000,0.000000000000000,0.024390243902400,0.000000000000000,0.000000000000000,0.000000000000000,0.000000000000000,0.000000000000000, ,{FB070FD6-8096-4D44-831F-8F06E4862AFB},21/07/2025 0:00:00, ,21/07/2025 0:00:00, ,No, ,3.000000000000000,Roy Trustee 2022 Ltd,Johnson Forestry Services
{41643BC3-27A2-46DA-8D95-F9ABB112157C},3085.000000000000000,15/11.48,39.000000000000000,975.000000000000000,No,0.000000000000000,0.000000000000000,0.000000000000000,0.000000000000000,0.000000000000000,0.000000000000000,0.000000000000000,0.000000000000000,25/9,0.000000000000000,0.000000000000000,0.000000000000000,0.000000000000000,0.000000000000000,0.000000000000000,0.000000000000000,0.000000000000000, ,{FB070FD6-8096-4D44-831F-8F06E4862AFB},21/07/2025 0:00:00, ,21/07/2025 0:00:00, ,No, ,0.000000000000000,Roy Trustee 2022 Ltd,Johnson Forestry Services
{622BF33E-6315-4A78-9D99-2DDD44C6DD0C},2692.000000000000000,30/12.13,46.000000000000000,1150.000000000000000,Yes,0.000000000000000,0.000000000000000,0.000000000000000,0.000000000000000,0.000000000000000,0.000000000000000,1.000000000000000,0.000000000000000,25/9,0.000000000000000,0.000000000000000,0.000000000000000,0.000000000000000,0.000000000000000,0.000000000000000,0.021739130434800,0.000000000000000,Short row by creek fell in plot area,{FB070FD6-8096-4D44-831F-8F06E4862AFB},21/07/2025 0:00:00, ,21/07/2025 0:00:00, ,No,No,3.000000000000000,Roy Trustee 2022 Ltd,Johnson Forestry Services
{AFAE2FF5-450D-4689-AD99-77983192905C},2690.000000000000000,15/11.48,41.000000000000000,1025.000000000000000,No,0.000000000000000,0.000000000000000,0.000000000000000,0.000000000000000,0.000000000000000,0.000000000000000,0.000000000000000,0.000000000000000,25/9,0.000000000000000,0.000000000000000,0.000000000000000,0.000000000000000,0.000000000000000,0.000000000000000,0.000000000000000,0.000000000000000, ,{FB070FD6-8096-4D44-831F-8F06E4862AFB},21/07/2025 0:00:00, ,21/07/2025 0:00:00, ,No, ,0.000000000000000,Roy Trustee 2022 Ltd,Johnson Forestry Services
{85AB7B85-F80A-407F-8CA0-5FB2555BFCB9},1116.000000000000000,0/11.31,43.000000000000000,1075.000000000000000,No,0.000000000000000,0.000000000000000,0.000000000000000,0.000000000000000,0.000000000000000,0.000000000000000,0.000000000000000,0.000000000000000,25/71,0.000000000000000,0.000000000000000,0.000000000000000,0.000000000000000,0.000000000000000,0.000000000000000,0.000000000000000,0.000000000000000, ,{5E2BAF13-7CC2-4E41-85BE-8D75922AABB1},21/07/2025 0:00:00, ,21/07/2025 0:00:00, ,No, ,0.000000000000000,Roy Trustee 2022 Ltd,Forest View Contracting
{1C942F36-C324-4EA3-93FE-C2C0464953E3},1102.000000000000000,5/11.31,42.000000000000000,1050.000000000000000,No,0.000000000000000,0.000000000000000,0.000000000000000,0.000000000000000,0.000000000000000,0.000000000000000,0.000000000000000,0.000000000000000,25/71,0.000000000000000,0.000000000000000,0.000000000000000,0.000000000000000,0.000000000000000,0.000000000000000,0.000000000000000,0.000000000000000,Great plot.,{9865C0A7-8478-49B9-ADEE-97039ED9A59C},21/07/2025 0:00:00, ,21/07/2025 0:00:00, ,No, ,0.000000000000000,Roy Trustee 2022 Ltd,Forest View Contracting
{15E82FF5-75DA-404A-AC28-5B3ADDA5382C},1086.000000000000000,10/11.37,40.000000000000000,1000.000000000000000,No,0.000000000000000,0.000000000000000,0.000000000000000,0.000000000000000,0.000000000000000,0.000000000000000,0.000000000000000,0.000000000000000,25/71,0.000000000000000,0.000000000000000,0.000000000000000,0.000000000000000,0.000000000000000,0.000000000000000,0.000000000000000,0.000000000000000,Spacing coming good,{4134F22D-254F-40AF-B2CD-C8D27BAD1289},21/07/2025 0:00:00, ,21/07/2025 0:00:00, ,No, ,0.000000000000000,Roy Trustee 2022 Ltd,Forest View Contracting
{B7AF9097-AB26-41FA-B9BF-51B9DB3DB22F},1088.000000000000000,0/11.31,34.000000000000000,850.000000000000000,No,0.000000000000000,0.000000000000000,0.000000000000000,0.000000000000000,0.000000000000000,0.000000000000000,0.000000000000000,0.000000000000000,25/71,0.000000000000000,0.000000000000000,0.000000000000000,0.000000000000000,0.000000000000000,0.000000000000000,0.000000000000000,0.000000000000000, ,{52500E80-3E2B-413B-B111-320D7F860C9E},21/07/2025 0:00:00, ,21/07/2025 0:00:00, ,No,Yes,0.000000000000000,Roy Trustee 2022 Ltd,Forest View Contracting
{2E8247BD-9217-44DE-A99E-7A408AAE0C85},1110.000000000000000,10/11.37,42.000000000000000,1050.000000000000000,Yes,0.000000000000000,0.000000000000000,1.000000000000000,0.000000000000000,1.000000000000000,0.000000000000000,0.000000000000000,0.000000000000000,25/71,0.000000000000000,0.000000000000000,0.023809523809500,0.000000000000000,0.023809523809500,0.000000000000000,0.000000000000000,0.000000000000000,Two trees  had long lateral roots. Dug 10 trees these the only two found. With rootd up ir exsposed.,{0E9D6CFE-BC5A-4E9C-94A4-8AEE467575EB},21/07/2025 0:00:00, ,21/07/2025 0:00:00, ,No, ,6.000000000000000,Roy Trustee 2022 Ltd,Forest View Contracting
{E9FA0A19-C3E0-41BC-B677-F450206FC37F},1094.000000000000000,10/11.37,41.000000000000000,1025.000000000000000,Yes,0.000000000000000,0.000000000000000,1.000000000000000,0.000000000000000,0.000000000000000,0.000000000000000,0.000000000000000,0.000000000000000,25/71,0.000000000000000,0.000000000000000,0.024390243902400,0.000000000000000,0.000000000000000,0.000000000000000,0.000000000000000,0.000000000000000, ,{E54ECAAA-CE75-4535-9D30-76E9AD06C231},21/07/2025 0:00:00, ,21/07/2025 0:00:00, ,No, ,3.000000000000000,Roy Trustee 2022 Ltd,Forest View Contracting
{968D22BB-7121-4A04-B187-2E11F9F73E7F},1112.000000000000000,15/11.48,40.000000000000000,1000.000000000000000,No,0.000000000000000,0.000000000000000,0.000000000000000,0.000000000000000,0.000000000000000,0.000000000000000,0.000000000000000,0.000000000000000,25/71,0.000000000000000,0.000000000000000,0.000000000000000,0.000000000000000,0.000000000000000,0.000000000000000,0.000000000000000,0.000000000000000, ,{4DF92B04-0B56-4F0C-8495-66AA1593FB40},21/07/2025 0:00:00, ,21/07/2025 0:00:00, ,No, ,0.000000000000000,Roy Trustee 2022 Ltd,Forest View Contracting
{73EABFF3-04F9-4278-BD4A-6EBFF0BB522F},1122.000000000000000,5/11.31,41.000000000000000,1025.000000000000000,No,0.000000000000000,0.000000000000000,0.000000000000000,0.000000000000000,0.000000000000000,0.000000000000000,0.000000000000000,0.000000000000000,25/71,0.000000000000000,0.000000000000000,0.000000000000000,0.000000000000000,0.000000000000000,0.000000000000000,0.000000000000000,0.000000000000000, ,{93C869D5-B9AF-4FC3-AFAB-66DBACB2C261},21/07/2025 0:00:00, ,21/07/2025 0:00:00, ,No, ,0.000000000000000,Roy Trustee 2022 Ltd,Forest View Contracting
{3D01B184-DD0E-4D1C-A062-CF6843D7DEA1},1122.000000000000000,5/11.31,41.000000000000000,1025.000000000000000,No,0.000000000000000,0.000000000000000,0.000000000000000,0.000000000000000,0.000000000000000,0.000000000000000,0.000000000000000,0.000000000000000,25/71,0.000000000000000,0.000000000000000,0.000000000000000,0.000000000000000,0.000000000000000,0.000000000000000,0.000000000000000,0.000000000000000, ,{91BE2A57-D56E-436D-BB1C-F232A991F8D0},21/07/2025 0:00:00, ,21/07/2025 0:00:00, ,No, ,0.000000000000000,Roy Trustee 2022 Ltd,Forest View Contracting
{1654FEE4-2C7C-4536-A530-7F92E097FB35},1084.000000000000000,5/11.31,41.000000000000000,1025.000000000000000,Yes,0.000000000000000,0.000000000000000,1.000000000000000,0.000000000000000,0.000000000000000,0.000000000000000,0.000000000000000,0.000000000000000,25/71,0.000000000000000,0.000000000000000,0.024390243902400,0.000000000000000,0.000000000000000,0.000000000000000,0.000000000000000,0.000000000000000,K9kluhhh,{07F5FF80-C542-4724-9CFD-676F5FDC01CA},21/07/2025 0:00:00, ,21/07/2025 0:00:00, ,No, ,3.000000000000000,Roy Trustee 2022 Ltd,Forest View Contracting
{60684682-7D43-478D-AC7B-B625A9B1B7BC},10701.000000000000000,0/11.31,38.000000000000000,950.000000000000000,No,0.000000000000000,0.000000000000000,0.000000000000000,0.000000000000000,0.000000000000000,0.000000000000000,0.000000000000000,0.000000000000000,25/71,0.000000000000000,0.000000000000000,0.000000000000000,0.000000000000000,0.000000000000000,0.000000000000000,0.000000000000000,0.000000000000000,Reworkbvisiable in plot zone but not sure outside fringe put this plot to the south 20metres but was acceptable.,{5A7534B4-2984-4548-9395-01630650B5E6},21/07/2025 0:00:00, ,21/07/2025 0:00:00, ,Yes, ,0.000000000000000,Roy Trustee 2022 Ltd,Forest View Contracting
{9A3E9E88-4ECD-43BA-97D2-4C4C0C7A5B4E},1100.000000000000000,10/11.37,40.000000000000000,1000.000000000000000,Yes,1.000000000000000,0.000000000000000,0.000000000000000,0.000000000000000,0.000000000000000,0.000000000000000,0.000000000000000,0.000000000000000,25/71,0.025000000000000,0.000000000000000,0.000000000000000,0.000000000000000,0.000000000000000,0.000000000000000,0.000000000000000,0.000000000000000, ,{42FCD967-9C9C-4337-9AA9-16E16FA20030},21/07/2025 0:00:00, ,21/07/2025 0:00:00, ,No, ,1.000000000000000,Roy Trustee 2022 Ltd,Forest View Contracting
{959B4708-6E5B-4DBC-A788-2462B9C04E27},1992.000000000000000,15/11.48,40.000000000000000,1000.000000000000000,Yes,0.000000000000000,3.000000000000000,0.000000000000000,0.000000000000000,0.000000000000000,0.000000000000000,0.000000000000000,0.000000000000000,25/73,0.000000000000000,0.075000000000000,0.000000000000000,0.000000000000000,0.000000000000000,0.000000000000000,0.000000000000000,0.000000000000000, ,{69366C1B-5C2B-49F6-AE4A-6CF4B3038F39},21/07/2025 0:00:00, ,21/07/2025 0:00:00, ,No, ,3.000000000000000,Roy Trustee 2022 Ltd,Proforest
{82CC916D-C058-4BD0-A111-D77BD25B67AA},2006.000000000000000,20/11.64,37.000000000000000,925.000000000000000,Yes,0.000000000000000,2.000000000000000,0.000000000000000,0.000000000000000,0.000000000000000,0.000000000000000,0.000000000000000,0.000000000000000,25/73,0.000000000000000,0.054054054054100,0.000000000000000,0.000000000000000,0.000000000000000,0.000000000000000,0.000000000000000,0.000000000000000, ,{69366C1B-5C2B-49F6-AE4A-6CF4B3038F39},21/07/2025 0:00:00, ,21/07/2025 0:00:00, ,No, ,2.000000000000000,Roy Trustee 2022 Ltd,Proforest
{86CC4B10-BE44-425E-B0BA-255C0D2C0635},2020.000000000000000,25/11.85,42.000000000000000,1050.000000000000000,Yes,0.000000000000000,0.000000000000000,1.000000000000000,0.000000000000000,0.000000000000000,0.000000000000000,0.000000000000000,0.000000000000000,25/73,0.000000000000000,0.000000000000000,0.023809523809500,0.000000000000000,0.000000000000000,0.000000000000000,0.000000000000000,0.000000000000000, ,{69366C1B-5C2B-49F6-AE4A-6CF4B3038F39},21/07/2025 0:00:00, ,21/07/2025 0:00:00, ,No, ,3.000000000000000,Roy Trustee 2022 Ltd,Proforest
{38B857E6-BC74-478E-9088-55F70620A326},2036.000000000000000,20/11.64,39.000000000000000,975.000000000000000,No,0.000000000000000,0.000000000000000,0.000000000000000,0.000000000000000,0.000000000000000,0.000000000000000,0.000000000000000,0.000000000000000,25/73,0.000000000000000,0.000000000000000,0.000000000000000,0.000000000000000,0.000000000000000,0.000000000000000,0.000000000000000,0.000000000000000, ,{69366C1B-5C2B-49F6-AE4A-6CF4B3038F39},21/07/2025 0:00:00, ,21/07/2025 0:00:00, ,No, ,0.000000000000000,Roy Trustee 2022 Ltd,Proforest
{7F3D8A7C-EF4B-4C5E-8F8F-43DC6092A6FA},2022.000000000000000,15/11.48,35.000000000000000,875.000000000000000,Yes,0.000000000000000,1.000000000000000,0.000000000000000,0.000000000000000,0.000000000000000,0.000000000000000,0.000000000000000,0.000000000000000,25/73,0.000000000000000,0.028571428571400,0.000000000000000,0.000000000000000,0.000000000000000,0.000000000000000,0.000000000000000,0.000000000000000,Gwtting crew to throw in some more trees.,{69366C1B-5C2B-49F6-AE4A-6CF4B3038F39},21/07/2025 0:00:00, ,21/07/2025 0:00:00, ,No,Yes,1.000000000000000,Roy Trustee 2022 Ltd,Proforest
{A1EE5FBD-765B-4F86-AB52-222775574F4F},720.000000000000000,25/11.85,46.000000000000000,1150.000000000000000,Yes,0.000000000000000,2.000000000000000,0.000000000000000,0.000000000000000,1.000000000000000,2.000000000000000,0.000000000000000,0.000000000000000,25/75,0.000000000000000,0.043478260869600,0.000000000000000,0.000000000000000,0.021739130434800,0.043478260869600,0.000000000000000,0.000000000000000,Bent taproots on incorrect depths. Getting reworked.,{57EB4A7E-F5D8-441B-986E-3458FCD7138A},21/07/2025 0:00:00, ,21/07/2025 0:00:00, ,No,Yes,11.000000000000000,Roy Trustee 2022 Ltd,Innovair
{B802E934-2BD4-44CE-A2A3-3C8BFF1C511D},730.000000000000000,25/11.85,41.000000000000000,1025.000000000000000,Yes,0.000000000000000,3.000000000000000,1.000000000000000,0.000000000000000,0.000000000000000,1.000000000000000,0.000000000000000,0.000000000000000,25/75,0.000000000000000,0.073170731707300,0.024390243902400,0.000000000000000,0.000000000000000,0.024390243902400,0.000000000000000,0.000000000000000,Depth issues again.,{57EB4A7E-F5D8-441B-986E-3458FCD7138A},21/07/2025 0:00:00, ,21/07/2025 0:00:00, ,No,Yes,9.000000000000000,Roy Trustee 2022 Ltd,Innovair
{1BEAF669-03B8-4DA7-8B9C-90A6ECDFB413},732.000000000000000,25/11.85,42.000000000000000,1050.000000000000000,Yes,0.000000000000000,0.000000000000000,0.000000000000000,0.000000000000000,0.000000000000000,4.000000000000000,0.000000000000000,0.000000000000000,25/75,0.000000000000000,0.000000000000000,0.000000000000000,0.000000000000000,0.000000000000000,0.095238095238100,0.000000000000000,0.000000000000000, ,{57EB4A7E-F5D8-441B-986E-3458FCD7138A},21/07/2025 0:00:00, ,21/07/2025 0:00:00, ,No,Yes,12.000000000000000,Roy Trustee 2022 Ltd,Innovair
{6F6D1F69-7CAC-467E-AA52-36684238315C},722.000000000000000,25/11.85,38.000000000000000,950.000000000000000,Yes,0.000000000000000,0.000000000000000,1.000000000000000,0.000000000000000,0.000000000000000,2.000000000000000,0.000000000000000,0.000000000000000,25/75,0.000000000000000,0.000000000000000,0.026315789473700,0.000000000000000,0.000000000000000,0.052631578947400,0.000000000000000,0.000000000000000, ,{57EB4A7E-F5D8-441B-986E-3458FCD7138A},21/07/2025 0:00:00, ,21/07/2025 0:00:00, ,No,Yes,9.000000000000000,Roy Trustee 2022 Ltd,Innovair
{E0E55A54-9D34-4730-8361-56A7797F0AB9},740.000000000000000,15/11.48,37.000000000000000,925.000000000000000,Yes,0.000000000000000,0.000000000000000,0.000000000000000,0.000000000000000,0.000000000000000,1.000000000000000,0.000000000000000,0.000000000000000,25/75,0.000000000000000,0.000000000000000,0.000000000000000,0.000000000000000,0.000000000000000,0.027027027027000,0.000000000000000,0.000000000000000,Much better than previous planting.,{5AC9B0DD-827D-4571-B115-E64A38FC2A67},22/07/2025 0:00:00, ,22/07/2025 0:00:00, ,No, ,3.000000000000000,Roy Trustee 2022 Ltd,Innovair
{DA866DE0-5AEF-4711-BC3F-1BA1361CD5B2},378.000000000000000,10/11.37,39.000000000000000,975.000000000000000,Yes,2.000000000000000,0.000000000000000,1.000000000000000,0.000000000000000,1.000000000000000,0.000000000000000,0.000000000000000,0.000000000000000,25/72,0.051282051282100,0.000000000000000,0.025641025641000,0.000000000000000,0.025641025641000,0.000000000000000,0.000000000000000,0.000000000000000, ,{452C92BE-64C0-4513-8649-8F6A13EC55DE},22/07/2025 0:00:00, ,22/07/2025 0:00:00, ,No,Yes,8.000000000000000,Roy Trustee 2022 Ltd,Proforest
{4D568142-30DE-475B-A556-C54C762EFA05},396.000000000000000,10/11.37,39.000000000000000,975.000000000000000,Yes,0.000000000000000,0.000000000000000,0.000000000000000,0.000000000000000,1.000000000000000,1.000000000000000,0.000000000000000,0.000000000000000,25/72,0.000000000000000,0.000000000000000,0.000000000000000,0.000000000000000,0.025641025641000,0.025641025641000,0.000000000000000,0.000000000000000, ,{452C92BE-64C0-4513-8649-8F6A13EC55DE},22/07/2025 0:00:00, ,22/07/2025 0:00:00, ,No, ,6.000000000000000,Roy Trustee 2022 Ltd,Proforest
{F998A033-5231-4B9C-88EB-C38D6DB28902},362.000000000000000,15/11.48,40.000000000000000,1000.000000000000000,No,0.000000000000000,0.000000000000000,0.000000000000000,0.000000000000000,0.000000000000000,0.000000000000000,0.000000000000000,0.000000000000000,25/72,0.000000000000000,0.000000000000000,0.000000000000000,0.000000000000000,0.000000000000000,0.000000000000000,0.000000000000000,0.000000000000000,Really good planting especially since its rocky,{452C92BE-64C0-4513-8649-8F6A13EC55DE},22/07/2025 0:00:00, ,22/07/2025 0:00:00, ,No, ,0.000000000000000,Roy Trustee 2022 Ltd,Proforest
{15556E52-027B-4AB7-9117-0433EC27F567},2032.000000000000000,20/11.64,41.000000000000000,1025.000000000000000,Yes,0.000000000000000,1.000000000000000,1.000000000000000,0.000000000000000,0.000000000000000,0.000000000000000,0.000000000000000,0.000000000000000,25/73,0.000000000000000,0.024390243902400,0.024390243902400,0.000000000000000,0.000000000000000,0.000000000000000,0.000000000000000,0.000000000000000, ,{BC12D29A-86F4-44B6-BFCD-8D9F40DC36D8},22/07/2025 0:00:00, ,22/07/2025 0:00:00, ,No, ,4.000000000000000,Roy Trustee 2022 Ltd,Proforest
{82674F5D-864A-4944-987F-368D9546D8AC},3054.000000000000000,5/11.31,29.000000000000000,725.000000000000000,No,0.000000000000000,0.000000000000000,0.000000000000000,0.000000000000000,0.000000000000000,0.000000000000000,0.000000000000000,0.000000000000000,25/9,0.000000000000000,0.000000000000000,0.000000000000000,0.000000000000000,0.000000000000000,0.000000000000000,0.000000000000000,0.000000000000000, ,{36073324-4E96-457C-B8D6-E75150CD4DEC},22/07/2025 0:00:00, ,22/07/2025 0:00:00, ,No,Yes,0.000000000000000,Roy Trustee 2022 Ltd,Johnson Forestry Services
{16BF41C0-BDF6-489F-89D3-A1DCE6ED8396},3068.000000000000000,35/12.50,44.000000000000000,1100.000000000000000,Yes,0.000000000000000,0.000000000000000,0.000000000000000,0.000000000000000,0.000000000000000,0.000000000000000,2.000000000000000,0.000000000000000,25/9,0.000000000000000,0.000000000000000,0.000000000000000,0.000000000000000,0.000000000000000,0.000000000000000,0.045454545454500,0.000000000000000,Rocky ground,{36073324-4E96-457C-B8D6-E75150CD4DEC},22/07/2025 0:00:00, ,22/07/2025 0:00:00, ,No, ,6.000000000000000,Roy Trustee 2022 Ltd,Johnson Forestry Services
{B5350D6B-2264-468B-A1F7-0D3A981E4F5B},3062.000000000000000,30/12.13,42.000000000000000,1050.000000000000000,Yes,1.000000000000000,0.000000000000000,0.000000000000000,0.000000000000000,0.000000000000000,0.000000000000000,1.000000000000000,0.000000000000000,25/9,0.023809523809500,0.000000000000000,0.000000000000000,0.000000000000000,0.000000000000000,0.000000000000000,0.023809523809500,0.000000000000000,Rocky and not much top soil,{36073324-4E96-457C-B8D6-E75150CD4DEC},22/07/2025 0:00:00, ,22/07/2025 0:00:00, ,No, ,4.000000000000000,Roy Trustee 2022 Ltd,Johnson Forestry Services
{47319D00-16B0-49BA-A05C-F820426259B3},3060.000000000000000,15/11.48,40.000000000000000,1000.000000000000000,No,0.000000000000000,0.000000000000000,0.000000000000000,0.000000000000000,0.000000000000000,0.000000000000000,0.000000000000000,0.000000000000000,25/9,0.000000000000000,0.000000000000000,0.000000000000000,0.000000000000000,0.000000000000000,0.000000000000000,0.000000000000000,0.000000000000000, ,{36073324-4E96-457C-B8D6-E75150CD4DEC},22/07/2025 0:00:00, ,22/07/2025 0:00:00, ,No, ,0.000000000000000,Roy Trustee 2022 Ltd,Johnson Forestry Services
{C9A6318F-B093-48EE-A8A9-413745D8D19A},3064.000000000000000,15/11.48,40.000000000000000,1000.000000000000000,No,0.000000000000000,0.000000000000000,0.000000000000000,0.000000000000000,0.000000000000000,0.000000000000000,0.000000000000000,0.000000000000000,25/9,0.000000000000000,0.000000000000000,0.000000000000000,0.000000000000000,0.000000000000000,0.000000000000000,0.000000000000000,0.000000000000000,Grazed tussock sprayed,{36073324-4E96-457C-B8D6-E75150CD4DEC},22/07/2025 0:00:00, ,22/07/2025 0:00:00, ,No, ,0.000000000000000,Roy Trustee 2022 Ltd,Johnson Forestry Services
{B3572F1F-7596-406B-B6D8-BFC03DFB620F},3074.000000000000000,15/11.48,43.000000000000000,1075.000000000000000,Yes,0.000000000000000,0.000000000000000,1.000000000000000,0.000000000000000,0.000000000000000,0.000000000000000,0.000000000000000,0.000000000000000,25/9,0.000000000000000,0.000000000000000,0.023255813953500,0.000000000000000,0.000000000000000,0.000000000000000,0.000000000000000,0.000000000000000,Sprayed area,{36073324-4E96-457C-B8D6-E75150CD4DEC},22/07/2025 0:00:00, ,22/07/2025 0:00:00, ,No, ,3.000000000000000,Roy Trustee 2022 Ltd,Johnson Forestry Services
{2362D239-C2F6-4278-AD89-AF63EBA33040},3072.000000000000000,30/12.13,42.000000000000000,1050.000000000000000,Yes,0.000000000000000,2.000000000000000,0.000000000000000,0.000000000000000,0.000000000000000,0.000000000000000,0.000000000000000,0.000000000000000,25/9,0.000000000000000,0.047619047619000,0.000000000000000,0.000000000000000,0.000000000000000,0.000000000000000,0.000000000000000,0.000000000000000,Sprayed and tussock,{36073324-4E96-457C-B8D6-E75150CD4DEC},22/07/2025 0:00:00, ,22/07/2025 0:00:00, ,No, ,2.000000000000000,Roy Trustee 2022 Ltd,Johnson Forestry Services
{5439C364-6A7C-4971-921B-B07808658159},2684.000000000000000,25/11.85,40.000000000000000,1000.000000000000000,No,0.000000000000000,0.000000000000000,0.000000000000000,0.000000000000000,0.000000000000000,0.000000000000000,0.000000000000000,0.000000000000000,25/10,0.000000000000000,0.000000000000000,0.000000000000000,0.000000000000000,0.000000000000000,0.000000000000000,0.000000000000000,0.000000000000000, ,{B24319D5-6C1D-436A-9BFF-83EA25BA429E},22/07/2025 0:00:00, ,22/07/2025 0:00:00, ,No, ,0.000000000000000,Roy Trustee 2022 Ltd,Johnson Forestry Services
{E4A60316-DE2A-4618-9B03-F64FF2E4C737},2094.000000000000000,20/11.64,37.000000000000000,925.000000000000000,Yes,0.000000000000000,0.000000000000000,1.000000000000000,0.000000000000000,0.000000000000000,0.000000000000000,0.000000000000000,0.000000000000000,25/10,0.000000000000000,0.000000000000000,0.027027027027000,0.000000000000000,0.000000000000000,0.000000000000000,0.000000000000000,0.000000000000000, ,{B24319D5-6C1D-436A-9BFF-83EA25BA429E},22/07/2025 0:00:00, ,22/07/2025 0:00:00, ,No, ,3.000000000000000,Roy Trustee 2022 Ltd,Johnson Forestry Services
{8AC939B5-179C-4AAB-88A0-ED55D104F618},2700.000000000000000,20/11.64,41.000000000000000,0.000000000000000,Yes,0.000000000000000,0.000000000000000,1.000000000000000,0.000000000000000,0.000000000000000,0.000000000000000,0.000000000000000,0.000000000000000,25/10,0.000000000000000,0.000000000000000,0.000000000000000,0.000000000000000,0.000000000000000,0.000000000000000,0.000000000000000,0.000000000000000, ,{B24319D5-6C1D-436A-9BFF-83EA25BA429E},22/07/2025 0:00:00, ,22/07/2025 0:00:00, ,No, ,3.000000000000000,Roy Trustee 2022 Ltd,Johnson Forestry Services
{D3506D40-577E-4ECE-93C8-2C4B01A7FE8C},2076.000000000000000,20/11.64,36.000000000000000,900.000000000000000,No,0.000000000000000,0.000000000000000,0.000000000000000,0.000000000000000,0.000000000000000,0.000000000000000,0.000000000000000,0.000000000000000,25/10,0.000000000000000,0.000000000000000,0.000000000000000,0.000000000000000,0.000000000000000,0.000000000000000,0.000000000000000,0.000000000000000, ,{B24319D5-6C1D-436A-9BFF-83EA25BA429E},22/07/2025 0:00:00, ,22/07/2025 0:00:00, ,No, ,0.000000000000000,Roy Trustee 2022 Ltd,Johnson Forestry Services
{547FDA7E-1952-4783-8FE2-415BD8FB911A},2710.000000000000000,25/11.85,41.000000000000000,1025.000000000000000,No,0.000000000000000,0.000000000000000,0.000000000000000,0.000000000000000,0.000000000000000,0.000000000000000,0.000000000000000,0.000000000000000,25/10,0.000000000000000,0.000000000000000,0.000000000000000,0.000000000000000,0.000000000000000,0.000000000000000,0.000000000000000,0.000000000000000, ,{B24319D5-6C1D-436A-9BFF-83EA25BA429E},22/07/2025 0:00:00, ,22/07/2025 0:00:00, ,No, ,0.000000000000000,Roy Trustee 2022 Ltd,Johnson Forestry Services
{83D1E2B5-041E-4E6D-A6E0-6A9B9F69FD67},2074.000000000000000,25/11.85,44.000000000000000,1100.000000000000000,No,0.000000000000000,0.000000000000000,0.000000000000000,0.000000000000000,0.000000000000000,0.000000000000000,0.000000000000000,0.000000000000000,25/10,0.000000000000000,0.000000000000000,0.000000000000000,0.000000000000000,0.000000000000000,0.000000000000000,0.000000000000000,0.000000000000000, ,{B24319D5-6C1D-436A-9BFF-83EA25BA429E},22/07/2025 0:00:00, ,22/07/2025 0:00:00, ,No, ,0.000000000000000,Roy Trustee 2022 Ltd,Johnson Forestry Services
{E96839EB-0FCD-4869-AC07-9B187B1BCCA6},2698.000000000000000,25/11.85,42.000000000000000,1050.000000000000000,Yes,0.000000000000000,0.000000000000000,0.000000000000000,0.000000000000000,0.000000000000000,0.000000000000000,2.000000000000000,0.000000000000000,25/10,0.000000000000000,0.000000000000000,0.000000000000000,0.000000000000000,0.000000000000000,0.000000000000000,0.047619047619000,0.000000000000000, ,{B24319D5-6C1D-436A-9BFF-83EA25BA429E},22/07/2025 0:00:00, ,22/07/2025 0:00:00, ,No, ,6.000000000000000,Roy Trustee 2022 Ltd,Johnson Forestry Services
{8762E3EE-6D06-4A10-99F5-91C66B83F6BD},3076.000000000000000,30/12.13,43.000000000000000,1075.000000000000000,Yes,0.000000000000000,0.000000000000000,0.000000000000000,0.000000000000000,1.000000000000000,0.000000000000000,1.000000000000000,0.000000000000000,25/17,0.000000000000000,0.000000000000000,0.000000000000000,0.000000000000000,0.023255813953500,0.000000000000000,0.023255813953500,0.000000000000000,Shallow top soil. Hard planting,{7569990B-5D85-4496-B54D-2F61EB73371A},22/07/2025 0:00:00, ,22/07/2025 0:00:00, ,No, ,6.000000000000000,Roy Trustee 2022 Ltd,Johnson Forestry Services
{5CB45CCA-C6C1-4761-95A1-A9CFBB777C2C},3078.000000000000000,15/11.48,42.000000000000000,1050.000000000000000,No,0.000000000000000,0.000000000000000,0.000000000000000,0.000000000000000,0.000000000000000,0.000000000000000,0.000000000000000,0.000000000000000,25/17,0.000000000000000,0.000000000000000,0.000000000000000,0.000000000000000,0.000000000000000,0.000000000000000,0.000000000000000,0.000000000000000,Sprayed and tussock,{7569990B-5D85-4496-B54D-2F61EB73371A},22/07/2025 0:00:00, ,22/07/2025 0:00:00, ,No, ,0.000000000000000,Roy Trustee 2022 Ltd,Johnson Forestry Services
{1A012A5E-1EA1-4124-9694-B7ABCA18239B},1126.000000000000000,5/11.31,38.000000000000000,950.000000000000000,No,0.000000000000000,0.000000000000000,0.000000000000000,0.000000000000000,0.000000000000000,0.000000000000000,0.000000000000000,0.000000000000000,25/71,0.000000000000000,0.000000000000000,0.000000000000000,0.000000000000000,0.000000000000000,0.000000000000000,0.000000000000000,0.000000000000000, ,{AD66F76C-8693-4601-990F-C9BC8437D353},23/07/2025 0:00:00, ,23/07/2025 0:00:00, ,No, ,0.000000000000000,Roy Trustee 2022 Ltd,Forest View Contracting
{9984B975-1D47-4E10-B6CF-F8DBCE646A53},1132.000000000000000,5/11.31,38.000000000000000,950.000000000000000,Yes,0.000000000000000,0.000000000000000,1.000000000000000,0.000000000000000,0.000000000000000,0.000000000000000,0.000000000000000,0.000000000000000,25/71,0.000000000000000,0.000000000000000,0.026315789473700,0.000000000000000,0.000000000000000,0.000000000000000,0.000000000000000,0.000000000000000,Boulders. Row change in plot.,{39ACE63A-F219-4E0A-970E-C354E2A10C7A},23/07/2025 0:00:00, ,23/07/2025 0:00:00, ,No, ,3.000000000000000,Roy Trustee 2022 Ltd,Forest View Contracting
{5AC4F784-B279-434D-A36F-FC734ECC8E71},1134.000000000000000,5/11.31,42.000000000000000,1050.000000000000000,Yes,0.000000000000000,0.000000000000000,0.000000000000000,0.000000000000000,1.000000000000000,0.000000000000000,0.000000000000000,0.000000000000000,25/71,0.000000000000000,0.000000000000000,0.000000000000000,0.000000000000000,0.023809523809500,0.000000000000000,0.000000000000000,0.000000000000000, ,{190F6DFE-BA82-457F-9488-8C55827D500A},23/07/2025 0:00:00, ,23/07/2025 0:00:00, ,No, ,3.000000000000000,Roy Trustee 2022 Ltd,Forest View Contracting
{82559BCF-AC3E-456D-906B-915B5A8B9C85},1124.000000000000000,10/11.37,45.000000000000000,1125.000000000000000,Yes,0.000000000000000,0.000000000000000,1.000000000000000,0.000000000000000,0.000000000000000,0.000000000000000,0.000000000000000,0.000000000000000,25/71,0.000000000000000,0.000000000000000,0.000888888888889,0.000000000000000,0.000000000000000,0.000000000000000,0.000000000000000,0.000000000000000,Plot on change from flats to rock ridge stocking close along that edge best to leave as is.,{2E6AF5F5-14DC-4807-B7E0-C965642A6C12},23/07/2025 0:00:00, ,24/07/2025 0:00:00,ScarlettMichelle,No,No,3.000000000000000,Roy Trustee 2022 Ltd,Forest View Contracting
{E6E8DD16-4E5F-4C16-927B-35B69832F931},1096.000000000000000,20/11.64,41.000000000000000,1025.000000000000000,Yes,0.000000000000000,0.000000000000000,1.000000000000000,0.000000000000000,0.000000000000000,0.000000000000000,0.000000000000000,0.000000000000000,25/71,0.000000000000000,0.000000000000000,0.024390243902400,0.000000000000000,0.000000000000000,0.000000000000000,0.000000000000000,0.000000000000000, ,{BC5B059F-9B5B-43C6-B49B-859AF1D604D6},23/07/2025 0:00:00, ,23/07/2025 0:00:00, ,No, ,3.000000000000000,Roy Trustee 2022 Ltd,Forest View Contracting
{8F8A5B3C-CC5D-40E0-8C76-D0CF9D067B8F},1074.000000000000000,15/11.48,43.000000000000000,1075.000000000000000,No,0.000000000000000,0.000000000000000,0.000000000000000,0.000000000000000,0.000000000000000,0.000000000000000,0.000000000000000,0.000000000000000,25/71,0.000000000000000,0.000000000000000,0.000000000000000,0.000000000000000,0.000000000000000,0.000000000000000,0.000000000000000,0.000000000000000,0,{034E05A7-00C9-4E0C-9412-28A2371E7135},23/07/2025 0:00:00, ,23/07/2025 0:00:00, ,No, ,0.000000000000000,Roy Trustee 2022 Ltd,Forest View Contracting
{8A81A6C3-B214-42AC-AC31-9623C2FD62F5},1136.000000000000000,10/11.37,44.000000000000000,1100.000000000000000,Yes,0.000000000000000,2.000000000000000,1.000000000000000,0.000000000000000,0.000000000000000,0.000000000000000,0.000000000000000,0.000000000000000,25/71,0.000000000000000,0.045454545454500,0.022727272727300,0.000000000000000,0.000000000000000,0.000000000000000,0.000000000000000,0.000000000000000, ,{977F5E84-A01B-413F-B609-782473D1878B},23/07/2025 0:00:00, ,23/07/2025 0:00:00, ,No, ,5.000000000000000,Roy Trustee 2022 Ltd,Forest View Contracting
{A1B987F8-179E-4365-B64A-24C6FA6FF5AC},1098.000000000000000,10/11.37,38.000000000000000,950.000000000000000,Yes,0.000000000000000,0.000000000000000,0.000000000000000,0.000000000000000,0.000000000000000,0.000000000000000,0.000000000000000,1.000000000000000,25/71,0.000000000000000,0.000000000000000,0.000000000000000,0.000000000000000,0.000000000000000,0.000000000000000,0.000000000000000,0.026315789473700,Look at pic. Did not count.,{CB28E6A5-F304-4777-BE31-6E5792E6D5B7},23/07/2025 0:00:00, ,23/07/2025 0:00:00, ,No, ,3.000000000000000,Roy Trustee 2022 Ltd,Forest View Contracting
{0258E488-6AEF-470E-A773-53E4D8467E72},1076.000000000000000,0/11.31,41.000000000000000,1025.000000000000000,No,0.000000000000000,0.000000000000000,0.000000000000000,0.000000000000000,0.000000000000000,0.000000000000000,0.000000000000000,0.000000000000000,25/71,0.000000000000000,0.000000000000000,0.000000000000000,0.000000000000000,0.000000000000000,0.000000000000000,0.000000000000000,0.000000000000000, ,{AF4B5843-C356-4587-AEEB-C0238E98B203},23/07/2025 0:00:00, ,23/07/2025 0:00:00, ,No, ,0.000000000000000,Roy Trustee 2022 Ltd,Forest View Contracting
{E87B1687-D885-4695-B80C-CECEA7FCF960},1950.000000000000000,10/11.37,43.000000000000000,1075.000000000000000,Yes,2.000000000000000,1.000000000000000,1.000000000000000,0.000000000000000,0.000000000000000,0.000000000000000,0.000000000000000,0.000000000000000,25/68,0.046511627907000,0.023255813953500,0.023255813953500,0.000000000000000,0.000000000000000,0.000000000000000,0.000000000000000,0.000000000000000, ,{8B21A7DA-D4DD-48C6-B682-14A80A661758},23/07/2025 0:00:00, ,23/07/2025 0:00:00, ,No, ,6.000000000000000,Roy Trustee 2022 Ltd,Proforest
{EC0A4E83-10A8-4F70-BF4C-C2C2599A019A},1938.000000000000000,10/11.37,39.000000000000000,975.000000000000000,Yes,0.000000000000000,2.000000000000000,0.000000000000000,0.000000000000000,0.000000000000000,0.000000000000000,0.000000000000000,0.000000000000000,25/68,0.000000000000000,0.051282051282100,0.000000000000000,0.000000000000000,0.000000000000000,0.000000000000000,0.000000000000000,0.000000000000000, ,{8B21A7DA-D4DD-48C6-B682-14A80A661758},23/07/2025 0:00:00, ,23/07/2025 0:00:00, ,No, ,2.000000000000000,Roy Trustee 2022 Ltd,Proforest
{00A10DBB-D4D3-41DF-AE8C-E0D8AAD71C7F},1924.000000000000000,25/11.85,44.000000000000000,1100.000000000000000,Yes,1.000000000000000,0.000000000000000,1.000000000000000,0.000000000000000,1.000000000000000,0.000000000000000,0.000000000000000,0.000000000000000,25/68,0.022727272727300,0.000000000000000,0.022727272727300,0.000000000000000,0.022727272727300,0.000000000000000,0.000000000000000,0.000000000000000, ,{8B21A7DA-D4DD-48C6-B682-14A80A661758},23/07/2025 0:00:00, ,23/07/2025 0:00:00, ,No,Yes,7.000000000000000,Roy Trustee 2022 Ltd,Proforest
{EB1D7F86-E8AF-4A75-8DC6-DABA540A93DB},636.000000000000000,25/11.85,48.000000000000000,1200.000000000000000,Yes,0.000000000000000,0.000000000000000,1.000000000000000,0.000000000000000,0.000000000000000,2.000000000000000,0.000000000000000,0.000000000000000,25/75,0.000000000000000,0.000000000000000,0.020833333333300,0.000000000000000,0.000000000000000,0.041666666666700,0.000000000000000,0.000000000000000, ,{0FC21395-02EB-4E63-8545-8F17458D15A0},23/07/2025 0:00:00, ,23/07/2025 0:00:00, ,No,No,9.000000000000000,Roy Trustee 2022 Ltd,Innovair
{4BC7A7DC-B167-4977-99AE-22045E832AD3},638.000000000000000,20/11.64,43.000000000000000,1075.000000000000000,Yes,0.000000000000000,1.000000000000000,0.000000000000000,0.000000000000000,0.000000000000000,0.000000000000000,0.000000000000000,0.000000000000000,25/75,0.000000000000000,0.023255813953500,0.000000000000000,0.000000000000000,0.000000000000000,0.000000000000000,0.000000000000000,0.000000000000000, ,{0FC21395-02EB-4E63-8545-8F17458D15A0},23/07/2025 0:00:00, ,23/07/2025 0:00:00, ,No, ,1.000000000000000,Roy Trustee 2022 Ltd,Innovair
{6D5566FE-4059-4D84-8E66-3B1E6C8C40C8},1082.000000000000000,5/11.31,40.000000000000000,1000.000000000000000,No,0.000000000000000,0.000000000000000,0.000000000000000,0.000000000000000,0.000000000000000,0.000000000000000,0.000000000000000,0.000000000000000,25/71,0.000000000000000,0.000000000000000,0.000000000000000,0.000000000000000,0.000000000000000,0.000000000000000,0.000000000000000,0.000000000000000,Good plot.,{F129F310-81C1-4D29-9B5B-84DFCE1964D3},24/07/2025 0:00:00, ,24/07/2025 0:00:00, ,No, ,0.000000000000000,Roy Trustee 2022 Ltd,Forest View Contracting
{91E20662-498E-4CEA-8BEE-0142768428D5},1048.000000000000000,20/11.64,45.000000000000000,1125.000000000000000,No,0.000000000000000,0.000000000000000,0.000000000000000,0.000000000000000,0.000000000000000,0.000000000000000,0.000000000000000,0.000000000000000,25/72,0.000000000000000,0.000000000000000,0.000000000000000,0.000000000000000,0.000000000000000,0.000000000000000,0.000000000000000,0.000000000000000,Row joining. Caused  two extra in plot.,{9F96F3D3-40CA-4AAA-BB23-3F0B51460DF3},24/07/2025 0:00:00, ,24/07/2025 0:00:00, ,No,No,0.000000000000000,Roy Trustee 2022 Ltd,Forest View Contracting
{66730D77-5243-444A-A566-2CC2DE41A754},166499.000000000000000,15/11.48,42.000000000000000,1050.000000000000000,No,0.000000000000000,0.000000000000000,0.000000000000000,0.000000000000000,0.000000000000000,0.000000000000000,0.000000000000000,0.000000000000000,25/5,0.000000000000000,0.000000000000000,0.000000000000000,0.000000000000000,0.000000000000000,0.000000000000000,0.000000000000000,0.000000000000000,Extra plot as a stocking plot ground frozen yesterdays planting.,{963E95E7-DE6E-4613-A5F9-187C6C3A4D49},24/07/2025 0:00:00, ,24/07/2025 0:00:00, ,No, ,0.000000000000000,Roy Trustee 2022 Ltd,Forest View Contracting
{DE6D2B79-49D4-420D-9C6D-BF571657658A},1698.000000000000000,15/11.48,34.000000000000000,850.000000000000000,No,0.000000000000000,0.000000000000000,0.000000000000000,0.000000000000000,0.000000000000000,0.000000000000000,0.000000000000000,0.000000000000000,25/59,0.000000000000000,0.000000000000000,0.000000000000000,0.000000000000000,0.000000000000000,0.000000000000000,0.000000000000000,0.000000000000000,Windrow in oart if plot. Spacing looks good.,{3A15D084-939F-43CE-AE45-97C72E405FD0},24/07/2025 0:00:00, ,24/07/2025 0:00:00, ,No,No,0.000000000000000,Roy Trustee 2022 Ltd,Forest View Contracting
{7BC1A927-760A-49CE-8F2B-6BC50F6E6FF5},1692.000000000000000,20/11.64,39.000000000000000,975.000000000000000,Yes,0.000000000000000,1.000000000000000,0.000000000000000,0.000000000000000,0.000000000000000,0.000000000000000,0.000000000000000,0.000000000000000,25/59,0.000000000000000,0.025641025641000,0.000000000000000,0.000000000000000,0.000000000000000,0.000000000000000,0.000000000000000,0.000000000000000,"Difficult site with tussock and such. 
",{E1437ABD-BB98-4FB1-97A5-1F83A726E380},24/07/2025 0:00:00, ,24/07/2025 0:00:00, ,No, ,1.000000000000000,Roy Trustee 2022 Ltd,Forest View Contracting
{76BE0E96-0BE9-4977-8BB6-C56B4E3B5885},1700.000000000000000,10/11.37,43.000000000000000,1075.000000000000000,Yes,0.000000000000000,0.000000000000000,1.000000000000000,0.000000000000000,0.000000000000000,0.000000000000000,0.000000000000000,0.000000000000000,25/59,0.000000000000000,0.000000000000000,0.023255813953500,0.000000000000000,0.000000000000000,0.000000000000000,0.000000000000000,0.000000000000000, ,{85B52784-9F84-411A-AA0A-BACBDCBD1096},24/07/2025 0:00:00, ,24/07/2025 0:00:00, ,No, ,3.000000000000000,Roy Trustee 2022 Ltd,Forest View Contracting
{0B66BE31-2A3E-463A-9FB1-88377E55D0FE},1666.000000000000000,10/11.37,40.000000000000000,1000.000000000000000,No,0.000000000000000,0.000000000000000,0.000000000000000,0.000000000000000,0.000000000000000,0.000000000000000,0.000000000000000,0.000000000000000,25/59,0.000000000000000,0.000000000000000,0.000000000000000,0.000000000000000,0.000000000000000,0.000000000000000,0.000000000000000,0.000000000000000, ,{733E3CCD-763A-4471-967A-257BE06D31A3},24/07/2025 0:00:00, ,1/08/2025 0:00:00,VentureF,No,No,0.000000000000000,Roy Trustee 2022 Ltd,Forest View Contracting
{EEED2178-6EF2-46FA-8D47-2790ED2A55AB},1664.000000000000000,30/12.13,42.000000000000000,1050.000000000000000,No,0.000000000000000,0.000000000000000,0.000000000000000,0.000000000000000,0.000000000000000,0.000000000000000,0.000000000000000,0.000000000000000,25/59,0.000000000000000,0.000000000000000,0.000000000000000,0.000000000000000,0.000000000000000,0.000000000000000,0.000000000000000,0.000000000000000, ,{613964B5-A4F3-4F8D-9624-DF2958F82342},24/07/2025 0:00:00, ,24/07/2025 0:00:00, ,No, ,0.000000000000000,Roy Trustee 2022 Ltd,Forest View Contracting
{4BB22A82-C19B-47B1-A99E-47A1B701D657},3086.000000000000000,25/11.85,42.000000000000000,1050.000000000000000,No,0.000000000000000,0.000000000000000,0.000000000000000,0.000000000000000,0.000000000000000,0.000000000000000,0.000000000000000,0.000000000000000,25/17,0.000000000000000,0.000000000000000,0.000000000000000,0.000000000000000,0.000000000000000,0.000000000000000,0.000000000000000,0.000000000000000,Shallow top soil,{E3C5B1E5-15A2-4841-9A0F-EBA2A3025CF9},24/07/2025 0:00:00, ,24/07/2025 0:00:00, ,No, ,0.000000000000000,Roy Trustee 2022 Ltd,Johnson Forestry Services
{C8878C8F-2526-464F-9457-E7861E6FD6B6},3092.000000000000000,20/11.64,42.000000000000000,1050.000000000000000,No,0.000000000000000,0.000000000000000,0.000000000000000,0.000000000000000,0.000000000000000,0.000000000000000,0.000000000000000,0.000000000000000,25/17,0.000000000000000,0.000000000000000,0.000000000000000,0.000000000000000,0.000000000000000,0.000000000000000,0.000000000000000,0.000000000000000, ,{E3C5B1E5-15A2-4841-9A0F-EBA2A3025CF9},24/07/2025 0:00:00, ,24/07/2025 0:00:00, ,No, ,0.000000000000000,Roy Trustee 2022 Ltd,Johnson Forestry Services
{63FD5D33-B467-43A5-B054-D27F60A33943},3096.000000000000000,20/11.64,40.000000000000000,1000.000000000000000,No,0.000000000000000,0.000000000000000,0.000000000000000,0.000000000000000,0.000000000000000,0.000000000000000,0.000000000000000,0.000000000000000,25/17,0.000000000000000,0.000000000000000,0.000000000000000,0.000000000000000,0.000000000000000,0.000000000000000,0.000000000000000,0.000000000000000, ,{E3C5B1E5-15A2-4841-9A0F-EBA2A3025CF9},24/07/2025 0:00:00, ,24/07/2025 0:00:00, ,No, ,0.000000000000000,Roy Trustee 2022 Ltd,Johnson Forestry Services
{99C5C902-DA22-4A74-BB9E-4F009418EDAD},3098.000000000000000,15/11.48,39.000000000000000,975.000000000000000,Yes,1.000000000000000,0.000000000000000,0.000000000000000,0.000000000000000,0.000000000000000,0.000000000000000,0.000000000000000,0.000000000000000,25/17,0.025641025641000,0.000000000000000,0.000000000000000,0.000000000000000,0.000000000000000,0.000000000000000,0.000000000000000,0.000000000000000, ,{E3C5B1E5-15A2-4841-9A0F-EBA2A3025CF9},24/07/2025 0:00:00, ,24/07/2025 0:00:00, ,No, ,1.000000000000000,Roy Trustee 2022 Ltd,Johnson Forestry Services
{1333037C-541D-400C-A670-42C3ED62D081},3084.000000000000000,25/11.85,42.000000000000000,1050.000000000000000,No,0.000000000000000,0.000000000000000,0.000000000000000,0.000000000000000,0.000000000000000,0.000000000000000,0.000000000000000,0.000000000000000,25/17,0.000000000000000,0.000000000000000,0.000000000000000,0.000000000000000,0.000000000000000,0.000000000000000,0.000000000000000,0.000000000000000,Shallow top soil,{E3C5B1E5-15A2-4841-9A0F-EBA2A3025CF9},24/07/2025 0:00:00, ,24/07/2025 0:00:00, ,No, ,0.000000000000000,Roy Trustee 2022 Ltd,Johnson Forestry Services
{4961713F-5E0E-4E46-B67A-103F854A0A84},3080.000000000000000,15/11.48,41.000000000000000,1025.000000000000000,No,0.000000000000000,0.000000000000000,0.000000000000000,0.000000000000000,0.000000000000000,0.000000000000000,0.000000000000000,0.000000000000000,25/17,0.000000000000000,0.000000000000000,0.000000000000000,0.000000000000000,0.000000000000000,0.000000000000000,0.000000000000000,0.000000000000000, ,{E3C5B1E5-15A2-4841-9A0F-EBA2A3025CF9},24/07/2025 0:00:00, ,24/07/2025 0:00:00, ,No, ,0.000000000000000,Roy Trustee 2022 Ltd,Johnson Forestry Services
{4E5AD93A-FDCA-4328-9633-96ED1B248813},3082.000000000000000,20/11.64,41.000000000000000,1025.000000000000000,Yes,0.000000000000000,0.000000000000000,0.000000000000000,0.000000000000000,0.000000000000000,1.000000000000000,1.000000000000000,0.000000000000000,25/17,0.000000000000000,0.000000000000000,0.000000000000000,0.000000000000000,0.000000000000000,0.024390243902400,0.024390243902400,0.000000000000000, ,{E3C5B1E5-15A2-4841-9A0F-EBA2A3025CF9},24/07/2025 0:00:00, ,24/07/2025 0:00:00, ,No, ,6.000000000000000,Roy Trustee 2022 Ltd,Johnson Forestry Services
{8E7141B0-941C-4DEE-9129-B9676A1DEC43},3042.000000000000000,15/11.48,36.000000000000000,0.000000000000000,Yes,0.000000000000000,0.000000000000000,0.000000000000000,0.000000000000000,0.000000000000000,0.000000000000000,1.000000000000000,0.000000000000000,25/,0.000000000000000,0.000000000000000,0.000000000000000,0.000000000000000,0.000000000000000,0.000000000000000,0.027777777777800,0.000000000000000, ,{EFA82732-7B66-4043-9FFD-732015646369},24/07/2025 0:00:00, ,24/07/2025 0:00:00, ,No, ,3.000000000000000,Roy Trustee 2022 Ltd,Johnson Forestry Services
{5EC0CAC4-499E-4B46-BA1E-3E1B07968C85},306.000000000000000,15/11.48,38.000000000000000,950.000000000000000,Yes,0.000000000000000,0.000000000000000,1.000000000000000,0.000000000000000,0.000000000000000,0.000000000000000,0.000000000000000,0.000000000000000,25/17,0.000000000000000,0.000000000000000,0.026315789473700,0.000000000000000,0.000000000000000,0.000000000000000,0.000000000000000,0.000000000000000, ,{EFA82732-7B66-4043-9FFD-732015646369},24/07/2025 0:00:00, ,24/07/2025 0:00:00, ,No, ,3.000000000000000,Roy Trustee 2022 Ltd,Johnson Forestry Services
{7CF10423-F670-4F51-8AC9-2A60F0260E09},306.100000000000023,15/11.48,41.000000000000000,1025.000000000000000,Yes,0.000000000000000,1.000000000000000,0.000000000000000,0.000000000000000,0.000000000000000,0.000000000000000,1.000000000000000,0.000000000000000,25/17,0.000000000000000,0.024390243902400,0.000000000000000,0.000000000000000,0.000000000000000,0.000000000000000,0.024390243902400,0.000000000000000, ,{EFA82732-7B66-4043-9FFD-732015646369},24/07/2025 0:00:00, ,24/07/2025 0:00:00, ,No, ,4.000000000000000,Roy Trustee 2022 Ltd,Johnson Forestry Services
{DB26BA83-81CF-4C8D-87B4-391BF3291D6E},3046.000000000000000,15/11.48,40.000000000000000,1000.000000000000000,Yes,0.000000000000000,0.000000000000000,2.000000000000000,0.000000000000000,0.000000000000000,0.000000000000000,0.000000000000000,0.000000000000000,25/8,0.000000000000000,0.000000000000000,0.050000000000000,0.000000000000000,0.000000000000000,0.000000000000000,0.000000000000000,0.000000000000000, ,{EFA82732-7B66-4043-9FFD-732015646369},24/07/2025 0:00:00, ,24/07/2025 0:00:00, ,No, ,6.000000000000000,Roy Trustee 2022 Ltd,Johnson Forestry Services
{4AFBFC48-84D1-4BCF-981D-0B0482FC3A5D},3408.000000000000000,15/11.48,38.000000000000000,950.000000000000000,Yes,2.000000000000000,0.000000000000000,0.000000000000000,0.000000000000000,0.000000000000000,0.000000000000000,0.000000000000000,0.000000000000000,25/8,0.052631578947400,0.000000000000000,0.000000000000000,0.000000000000000,0.000000000000000,0.000000000000000,0.000000000000000,0.000000000000000, ,{EFA82732-7B66-4043-9FFD-732015646369},24/07/2025 0:00:00, ,24/07/2025 0:00:00, ,No, ,2.000000000000000,Roy Trustee 2022 Ltd,Johnson Forestry Services
{815A48BF-D327-4058-8B10-A9461C1AAA7B},3032.000000000000000,15/11.48,39.000000000000000,975.000000000000000,Yes,0.000000000000000,0.000000000000000,2.000000000000000,0.000000000000000,0.000000000000000,0.000000000000000,0.000000000000000,0.000000000000000,25/8,0.000000000000000,0.000000000000000,0.051282051282100,0.000000000000000,0.000000000000000,0.000000000000000,0.000000000000000,0.000000000000000, ,{EFA82732-7B66-4043-9FFD-732015646369},24/07/2025 0:00:00, ,24/07/2025 0:00:00, ,No, ,6.000000000000000,Roy Trustee 2022 Ltd,Johnson Forestry Services
{5F72BF11-8504-41B1-8666-7FBDB887A969},3028.000000000000000,15/11.48,43.000000000000000,1075.000000000000000,No,0.000000000000000,0.000000000000000,0.000000000000000,0.000000000000000,0.000000000000000,0.000000000000000,0.000000000000000,0.000000000000000,25/8,0.000000000000000,0.000000000000000,0.000000000000000,0.000000000000000,0.000000000000000,0.000000000000000,0.000000000000000,0.000000000000000, ,{EFA82732-7B66-4043-9FFD-732015646369},24/07/2025 0:00:00, ,24/07/2025 0:00:00, ,No, ,0.000000000000000,Roy Trustee 2022 Ltd,Johnson Forestry Services
{4FE98AA4-9B8F-43C9-B3DD-32637DBB80C8},3034.000000000000000,15/11.48,40.000000000000000,1000.000000000000000,Yes,0.000000000000000,0.000000000000000,0.000000000000000,0.000000000000000,0.000000000000000,0.000000000000000,1.000000000000000,0.000000000000000,25/8,0.000000000000000,0.000000000000000,0.000000000000000,0.000000000000000,0.000000000000000,0.000000000000000,0.025000000000000,0.000000000000000, ,{EFA82732-7B66-4043-9FFD-732015646369},24/07/2025 0:00:00, ,24/07/2025 0:00:00, ,No, ,3.000000000000000,Roy Trustee 2022 Ltd,Johnson Forestry Services
{7A028378-BCE8-4031-BD6F-6303C4998DED},3052.199999999999818,15/11.48,39.000000000000000,975.000000000000000,Yes,0.000000000000000,0.000000000000000,1.000000000000000,0.000000000000000,0.000000000000000,0.000000000000000,0.000000000000000,0.000000000000000,25/8,0.000000000000000,0.000000000000000,0.025641025641000,0.000000000000000,0.000000000000000,0.000000000000000,0.000000000000000,0.000000000000000, ,{EFA82732-7B66-4043-9FFD-732015646369},24/07/2025 0:00:00, ,24/07/2025 0:00:00, ,No, ,3.000000000000000,Roy Trustee 2022 Ltd,Johnson Forestry Services
{E5A55437-FB2E-4404-A5BB-26AF133638E6},3052.000000000000000,20/11.64,39.000000000000000,975.000000000000000,Yes,0.000000000000000,1.000000000000000,0.000000000000000,0.000000000000000,0.000000000000000,0.000000000000000,1.000000000000000,0.000000000000000,25/8,0.000000000000000,0.025641025641000,0.000000000000000,0.000000000000000,0.000000000000000,0.000000000000000,0.025641025641000,0.000000000000000, ,{EFA82732-7B66-4043-9FFD-732015646369},24/07/2025 0:00:00, ,24/07/2025 0:00:00, ,No, ,4.000000000000000,Roy Trustee 2022 Ltd,Johnson Forestry Services
{91C7B1E9-1EB4-4D1D-AC99-A7F8B0DFF196},0.000000000000000,25/11.85,43.000000000000000,1075.000000000000000,No,0.000000000000000,0.000000000000000,0.000000000000000,0.000000000000000,0.000000000000000,0.000000000000000,0.000000000000000,0.000000000000000,25/8,0.000000000000000,0.000000000000000,0.000000000000000,0.000000000000000,0.000000000000000,0.000000000000000,0.000000000000000,0.000000000000000, ,{EFA82732-7B66-4043-9FFD-732015646369},24/07/2025 0:00:00, ,24/07/2025 0:00:00, ,No, ,0.000000000000000,Roy Trustee 2022 Ltd,Johnson Forestry Services
{8A25FE87-46CC-4D2F-8810-72B2EF6A25A3},44.000000000000000,20/11.64,41.000000000000000,1025.000000000000000,Yes,0.000000000000000,0.000000000000000,0.000000000000000,0.000000000000000,1.000000000000000,0.000000000000000,0.000000000000000,0.000000000000000,25/8,0.000000000000000,0.000000000000000,0.000000000000000,0.000000000000000,0.024390243902400,0.000000000000000,0.000000000000000,0.000000000000000,1 tree plucked by planters being rough,{EFA82732-7B66-4043-9FFD-732015646369},24/07/2025 0:00:00, ,24/07/2025 0:00:00, ,No, ,3.000000000000000,Roy Trustee 2022 Ltd,Johnson Forestry Services
{DD94A9FB-1F9A-4B2E-88CF-F7F3F7902C39},3040.000000000000000,25/11.85,40.000000000000000,1000.000000000000000,No,0.000000000000000,0.000000000000000,0.000000000000000,0.000000000000000,0.000000000000000,0.000000000000000,0.000000000000000,0.000000000000000,25/8,0.000000000000000,0.000000000000000,0.000000000000000,0.000000000000000,0.000000000000000,0.000000000000000,0.000000000000000,0.000000000000000,Half plot very wet,{EFA82732-7B66-4043-9FFD-732015646369},24/07/2025 0:00:00, ,24/07/2025 0:00:00, ,No, ,0.000000000000000,Roy Trustee 2022 Ltd,Johnson Forestry Services
{86508D99-13C8-45E8-8AE1-760F2B781890},3026.000000000000000,15/11.48,43.000000000000000,1075.000000000000000,Yes,0.000000000000000,0.000000000000000,0.000000000000000,1.000000000000000,1.000000000000000,0.000000000000000,0.000000000000000,0.000000000000000,25/8,0.000000000000000,0.000000000000000,0.000000000000000,0.023255813953500,0.023255813953500,0.000000000000000,0.000000000000000,0.000000000000000, ,{EFA82732-7B66-4043-9FFD-732015646369},24/07/2025 0:00:00, ,24/07/2025 0:00:00, ,No, ,4.000000000000000,Roy Trustee 2022 Ltd,Johnson Forestry Services
{B29910AC-4B4B-490E-8DFB-6BE22005134E},2042.000000000000000,15/11.48,45.000000000000000,1125.000000000000000,Yes,0.000000000000000,0.000000000000000,0.000000000000000,0.000000000000000,0.000000000000000,0.000000000000000,2.000000000000000,0.000000000000000,25/73,0.000000000000000,0.000000000000000,0.000000000000000,0.000000000000000,0.000000000000000,0.000000000000000,0.044444444444400,0.000000000000000,Loose in long grass,{B926C73C-CD04-4784-8784-65E9BCFC6F98},24/07/2025 0:00:00, ,24/07/2025 0:00:00, ,No,Yes,6.000000000000000,Roy Trustee 2022 Ltd,Proforest
{67A47E8A-8098-46D7-83E2-141FEC1D1B53},2040.000000000000000,20/11.64,38.000000000000000,950.000000000000000,Yes,1.000000000000000,2.000000000000000,0.000000000000000,0.000000000000000,0.000000000000000,0.000000000000000,0.000000000000000,0.000000000000000,25/73,0.026315789473700,0.052631578947400,0.000000000000000,0.000000000000000,0.000000000000000,0.000000000000000,0.000000000000000,0.000000000000000, ,{B926C73C-CD04-4784-8784-65E9BCFC6F98},24/07/2025 0:00:00, ,24/07/2025 0:00:00, ,No, ,3.000000000000000,Roy Trustee 2022 Ltd,Proforest
{79C46509-E007-4BDD-BCC7-C59BBFF1B6FC},2046.000000000000000,5/11.31,38.000000000000000,950.000000000000000,Yes,0.000000000000000,3.000000000000000,0.000000000000000,0.000000000000000,0.000000000000000,0.000000000000000,0.000000000000000,0.000000000000000,25/73,0.000000000000000,0.078947368421100,0.000000000000000,0.000000000000000,0.000000000000000,0.000000000000000,0.000000000000000,0.000000000000000, ,{B926C73C-CD04-4784-8784-65E9BCFC6F98},24/07/2025 0:00:00, ,24/07/2025 0:00:00, ,No, ,3.000000000000000,Roy Trustee 2022 Ltd,Proforest
{001CF49A-B40A-48CE-8243-1903F00226C7},2008.000000000000000,15/11.48,44.000000000000000,1100.000000000000000,Yes,0.000000000000000,1.000000000000000,1.000000000000000,0.000000000000000,0.000000000000000,0.000000000000000,0.000000000000000,0.000000000000000,25/73,0.000000000000000,0.022727272727300,0.022727272727300,0.000000000000000,0.000000000000000,0.000000000000000,0.000000000000000,0.000000000000000, ,{B926C73C-CD04-4784-8784-65E9BCFC6F98},24/07/2025 0:00:00, ,24/07/2025 0:00:00, ,No, ,4.000000000000000,Roy Trustee 2022 Ltd,Proforest
{2A3923D0-44FD-4AC4-A7D5-BED4077885E0},2024.000000000000000,15/11.48,36.000000000000000,900.000000000000000,Yes,0.000000000000000,1.000000000000000,0.000000000000000,0.000000000000000,0.000000000000000,1.000000000000000,0.000000000000000,0.000000000000000,25/73,0.000000000000000,0.027777777777800,0.000000000000000,0.000000000000000,0.000000000000000,0.027777777777800,0.000000000000000,0.000000000000000, ,{B926C73C-CD04-4784-8784-65E9BCFC6F98},24/07/2025 0:00:00, ,24/07/2025 0:00:00, ,No, ,4.000000000000000,Roy Trustee 2022 Ltd,Proforest
{2FF65991-8047-46E1-956E-9601346D8D0E},2038.000000000000000,25/11.85,46.000000000000000,1150.000000000000000,Yes,1.000000000000000,1.000000000000000,0.000000000000000,0.000000000000000,0.000000000000000,0.000000000000000,0.000000000000000,0.000000000000000,25/73,0.021739130434800,0.021739130434800,0.000000000000000,0.000000000000000,0.000000000000000,0.000000000000000,0.000000000000000,0.000000000000000,Close line in the steeper going,{B926C73C-CD04-4784-8784-65E9BCFC6F98},24/07/2025 0:00:00, ,24/07/2025 0:00:00, ,No,No,2.000000000000000,Roy Trustee 2022 Ltd,Proforest
{FE18DEEF-FB71-483D-833B-47A588E78A2C},2026.000000000000000,20/11.64,42.000000000000000,1050.000000000000000,No,0.000000000000000,0.000000000000000,0.000000000000000,0.000000000000000,0.000000000000000,0.000000000000000,0.000000000000000,0.000000000000000,25/73,0.000000000000000,0.000000000000000,0.000000000000000,0.000000000000000,0.000000000000000,0.000000000000000,0.000000000000000,0.000000000000000, ,{B926C73C-CD04-4784-8784-65E9BCFC6F98},24/07/2025 0:00:00, ,24/07/2025 0:00:00, ,No, ,0.000000000000000,Roy Trustee 2022 Ltd,Proforest
{5DCE0685-9826-4258-AF06-9B9800E1E29E},2048.000000000000000,25/11.85,38.000000000000000,950.000000000000000,Yes,0.000000000000000,0.000000000000000,0.000000000000000,0.000000000000000,0.000000000000000,0.000000000000000,1.000000000000000,0.000000000000000,25/73,0.000000000000000,0.000000000000000,0.000000000000000,0.000000000000000,0.000000000000000,0.000000000000000,0.026315789473700,0.000000000000000, ,{B926C73C-CD04-4784-8784-65E9BCFC6F98},24/07/2025 0:00:00, ,24/07/2025 0:00:00, ,No, ,3.000000000000000,Roy Trustee 2022 Ltd,Proforest
{A4ACBCA4-A258-42E5-A3BF-122B8C73139A},2052.000000000000000,10/11.37,43.000000000000000,1075.000000000000000,Yes,0.000000000000000,2.000000000000000,0.000000000000000,0.000000000000000,1.000000000000000,0.000000000000000,0.000000000000000,0.000000000000000,25/73,0.000000000000000,0.046511627907000,0.000000000000000,0.000000000000000,0.023255813953500,0.000000000000000,0.000000000000000,0.000000000000000, ,{B926C73C-CD04-4784-8784-65E9BCFC6F98},24/07/2025 0:00:00, ,24/07/2025 0:00:00, ,No, ,5.000000000000000,Roy Trustee 2022 Ltd,Proforest
{3FCAB1E4-D6DE-4403-86F8-CA4DA40FC80A},2056.000000000000000,15/11.48,38.000000000000000,950.000000000000000,Yes,0.000000000000000,0.000000000000000,0.000000000000000,0.000000000000000,0.000000000000000,2.000000000000000,0.000000000000000,0.000000000000000,25/73,0.000000000000000,0.000000000000000,0.000000000000000,0.000000000000000,0.000000000000000,0.052631578947400,0.000000000000000,0.000000000000000, ,{B926C73C-CD04-4784-8784-65E9BCFC6F98},24/07/2025 0:00:00, ,24/07/2025 0:00:00, ,No, ,6.000000000000000,Roy Trustee 2022 Ltd,Proforest
{39B1756E-61A5-4397-B7B7-45A922DF2500},2058.000000000000000,20/11.64,40.000000000000000,1000.000000000000000,No,0.000000000000000,0.000000000000000,0.000000000000000,0.000000000000000,0.000000000000000,0.000000000000000,0.000000000000000,0.000000000000000,25/73,0.000000000000000,0.000000000000000,0.000000000000000,0.000000000000000,0.000000000000000,0.000000000000000,0.000000000000000,0.000000000000000, ,{B926C73C-CD04-4784-8784-65E9BCFC6F98},24/07/2025 0:00:00, ,24/07/2025 0:00:00, ,No, ,0.000000000000000,Roy Trustee 2022 Ltd,Proforest
{297DBA25-2CA4-4DEC-BECD-B9D173161817},2054.000000000000000,20/11.64,38.000000000000000,950.000000000000000,Yes,0.000000000000000,0.000000000000000,1.000000000000000,0.000000000000000,0.000000000000000,1.000000000000000,0.000000000000000,0.000000000000000,25/73,0.000000000000000,0.000000000000000,0.026315789473700,0.000000000000000,0.000000000000000,0.026315789473700,0.000000000000000,0.000000000000000, ,{B926C73C-CD04-4784-8784-65E9BCFC6F98},24/07/2025 0:00:00, ,24/07/2025 0:00:00, ,No, ,6.000000000000000,Roy Trustee 2022 Ltd,Proforest
{927143A0-E71D-4FA9-9119-BD89FB82F5F5},2050.000000000000000,20/11.64,44.000000000000000,1100.000000000000000,Yes,1.000000000000000,0.000000000000000,0.000000000000000,0.000000000000000,0.000000000000000,1.000000000000000,0.000000000000000,0.000000000000000,25/73,0.022727272727300,0.000000000000000,0.000000000000000,0.000000000000000,0.000000000000000,0.022727272727300,0.000000000000000,0.000000000000000, ,{B926C73C-CD04-4784-8784-65E9BCFC6F98},24/07/2025 0:00:00, ,24/07/2025 0:00:00, ,No, ,4.000000000000000,Roy Trustee 2022 Ltd,Proforest
{D071231C-9847-41B8-82F0-52C88D65DF1B},2044.000000000000000,15/11.48,42.000000000000000,1050.000000000000000,Yes,1.000000000000000,0.000000000000000,1.000000000000000,0.000000000000000,0.000000000000000,0.000000000000000,1.000000000000000,0.000000000000000,25/73,0.023809523809500,0.000000000000000,0.023809523809500,0.000000000000000,0.000000000000000,0.000000000000000,0.023809523809500,0.000000000000000,General area not too bad,{B926C73C-CD04-4784-8784-65E9BCFC6F98},24/07/2025 0:00:00, ,24/07/2025 0:00:00, ,No,No,7.000000000000000,Roy Trustee 2022 Ltd,Proforest
{AC52419A-7727-489E-BC38-755AD96A7F7C},1940.000000000000000,25/11.85,43.000000000000000,1075.000000000000000,No,0.000000000000000,0.000000000000000,0.000000000000000,0.000000000000000,0.000000000000000,0.000000000000000,0.000000000000000,0.000000000000000,25/68,0.000000000000000,0.000000000000000,0.000000000000000,0.000000000000000,0.000000000000000,0.000000000000000,0.000000000000000,0.000000000000000, ,{13D643E8-6D36-4AA0-8717-7B2D861DC4AA},24/07/2025 0:00:00, ,24/07/2025 0:00:00, ,No, ,0.000000000000000,Roy Trustee 2022 Ltd,Proforest
{C815F2C5-B05D-435B-9442-A4F4F06E3125},1926.000000000000000,15/11.48,42.000000000000000,1050.000000000000000,Yes,1.000000000000000,1.000000000000000,0.000000000000000,0.000000000000000,0.000000000000000,1.000000000000000,0.000000000000000,0.000000000000000,25/68,0.023809523809500,0.023809523809500,0.000000000000000,0.000000000000000,0.000000000000000,0.023809523809500,0.000000000000000,0.000000000000000, ,{13D643E8-6D36-4AA0-8717-7B2D861DC4AA},24/07/2025 0:00:00, ,24/07/2025 0:00:00, ,No, ,5.000000000000000,Roy Trustee 2022 Ltd,Proforest
{D55ABF54-C1A6-4E1F-BED4-B6335FB66D67},1966.099999999999909,5/11.31,37.000000000000000,0.000000000000000,Yes,0.000000000000000,0.000000000000000,1.000000000000000,0.000000000000000,1.000000000000000,0.000000000000000,0.000000000000000,0.000000000000000,25/73,0.027027027027000,0.000000000000000,0.027027027027000,0.000000000000000,0.027027027027000,0.054054054054100,0.000000000000000,0.000000000000000,Been reworked.,{1C468834-AD9E-4CF6-881D-001859585844},24/07/2025 0:00:00, ,24/07/2025 0:00:00, ,No, ,6.000000000000000,Roy Trustee 2022 Ltd,Proforest
{25E2D4AD-5131-405B-ADFD-830CBFCEFFFA},1972.000000000000000,20/11.64,36.000000000000000,900.000000000000000,No,0.000000000000000,0.000000000000000,0.000000000000000,0.000000000000000,0.000000000000000,0.000000000000000,0.000000000000000,0.000000000000000,25/73,0.000000000000000,0.000000000000000,0.000000000000000,0.000000000000000,0.000000000000000,0.000000000000000,0.000000000000000,0.000000000000000, ,{1C468834-AD9E-4CF6-881D-001859585844},24/07/2025 0:00:00, ,24/07/2025 0:00:00, ,No, ,0.000000000000000,Roy Trustee 2022 Ltd,Proforest
{CF4CB1E4-7B5D-49EE-9B50-F7FA08CEA2AE},1968.000000000000000,20/11.64,38.000000000000000,950.000000000000000,Yes,0.000000000000000,0.000000000000000,0.000000000000000,0.000000000000000,0.000000000000000,1.000000000000000,0.000000000000000,0.000000000000000,25/73,0.000000000000000,0.000000000000000,0.000000000000000,0.000000000000000,0.000000000000000,0.026315789473700,0.000000000000000,0.000000000000000, ,{1C468834-AD9E-4CF6-881D-001859585844},24/07/2025 0:00:00, ,24/07/2025 0:00:00, ,No, ,3.000000000000000,Roy Trustee 2022 Ltd,Proforest
{809759C4-C3CF-46A7-BC72-AA1A4F104EFF},1966.000000000000000,20/11.64,39.000000000000000,975.000000000000000,Yes,0.000000000000000,1.000000000000000,1.000000000000000,0.000000000000000,0.000000000000000,0.000000000000000,0.000000000000000,0.000000000000000,25/73,0.000000000000000,0.025641025641000,0.025641025641000,0.000000000000000,0.000000000000000,0.000000000000000,0.000000000000000,0.000000000000000, ,{1C468834-AD9E-4CF6-881D-001859585844},24/07/2025 0:00:00, ,24/07/2025 0:00:00, ,No, ,4.000000000000000,Roy Trustee 2022 Ltd,Proforest
{9065A5E2-E263-426D-81E2-9B1CCC11A256},1978.000000000000000,10/11.37,36.000000000000000,900.000000000000000,No,0.000000000000000,0.000000000000000,0.000000000000000,0.000000000000000,0.000000000000000,0.000000000000000,0.000000000000000,0.000000000000000,25/73,0.000000000000000,0.000000000000000,0.000000000000000,0.000000000000000,0.000000000000000,0.000000000000000,0.000000000000000,0.000000000000000,"Low stocking where the plot lands as line moving in and out, not consistent further along",{1C468834-AD9E-4CF6-881D-001859585844},24/07/2025 0:00:00, ,24/07/2025 0:00:00, ,No, ,0.000000000000000,Roy Trustee 2022 Ltd,Proforest
{7616366A-347C-4C9A-949F-DF4A10BEC8FF},1980.000000000000000,15/11.48,40.000000000000000,1000.000000000000000,Yes,0.000000000000000,0.000000000000000,1.000000000000000,0.000000000000000,1.000000000000000,0.000000000000000,0.000000000000000,0.000000000000000,25/73,0.000000000000000,0.000000000000000,0.025000000000000,0.000000000000000,0.025000000000000,0.000000000000000,0.000000000000000,0.000000000000000, ,{1C468834-AD9E-4CF6-881D-001859585844},24/07/2025 0:00:00, ,24/07/2025 0:00:00, ,No, ,6.000000000000000,Roy Trustee 2022 Ltd,Proforest
{C9C5F21F-4AE1-4E9A-9BDF-0C2EA6926BC4},1970.000000000000000,20/11.64,0.000000000000000,0.000000000000000,Yes,0.000000000000000,2.000000000000000,2.000000000000000,0.000000000000000,1.000000000000000,0.000000000000000,0.000000000000000,0.000000000000000,25/73,0.000000000000000,0.000000000000000,0.000000000000000,0.000000000000000,0.000000000000000,0.000000000000000,0.000000000000000,0.000000000000000, ,{1C468834-AD9E-4CF6-881D-001859585844},24/07/2025 0:00:00, ,24/07/2025 0:00:00, ,No,Yes,11.000000000000000,Roy Trustee 2022 Ltd,Proforest
{B23E2F98-DD82-478E-B37F-AB1FFBCEE5ED},1910.000000000000000,15/11.48,43.000000000000000,1075.000000000000000,Yes,0.000000000000000,0.000000000000000,1.000000000000000,0.000000000000000,0.000000000000000,0.000000000000000,0.000000000000000,0.000000000000000,25/68,0.000000000000000,0.000000000000000,0.023255813953500,0.000000000000000,0.000000000000000,0.000000000000000,0.000000000000000,0.000000000000000, ,{6DE02179-9121-4A48-86BE-843F2F2FF12D},24/07/2025 0:00:00, ,24/07/2025 0:00:00, ,No, ,3.000000000000000,Roy Trustee 2022 Ltd,Proforest
{FEDEBD4B-6D90-4822-A73C-CCD8ADBEAF65},1908.000000000000000,15/11.48,39.000000000000000,975.000000000000000,Yes,0.000000000000000,0.000000000000000,0.000000000000000,0.000000000000000,0.000000000000000,2.000000000000000,0.000000000000000,0.000000000000000,25/68,0.000000000000000,0.000000000000000,0.000000000000000,0.000000000000000,0.000000000000000,0.051282051282100,0.000000000000000,0.000000000000000, ,{6DE02179-9121-4A48-86BE-843F2F2FF12D},24/07/2025 0:00:00, ,24/07/2025 0:00:00, ,No, ,6.000000000000000,Roy Trustee 2022 Ltd,Proforest
{ECAAEEA8-176D-4531-9044-F9E78BA369E7},402.000000000000000,20/11.64,41.000000000000000,1025.000000000000000,No,0.000000000000000,0.000000000000000,0.000000000000000,0.000000000000000,0.000000000000000,0.000000000000000,0.000000000000000,0.000000000000000,25/,0.000000000000000,0.000000000000000,0.000000000000000,0.000000000000000,0.000000000000000,0.000000000000000,0.000000000000000,0.000000000000000, ,{551054C0-2063-488A-8AB4-253D8C58C060},24/07/2025 0:00:00, ,24/07/2025 0:00:00, ,Yes, ,0.000000000000000,Roy Trustee 2022 Ltd,Proforest
{EA346234-20D0-45F3-8414-D3887639463C},656.000000000000000,15/11.48,36.000000000000000,900.000000000000000,Yes,0.000000000000000,1.000000000000000,0.000000000000000,0.000000000000000,0.000000000000000,4.000000000000000,0.000000000000000,0.000000000000000,25/75,0.000000000000000,0.027777777777800,0.000000000000000,0.000000000000000,0.000000000000000,0.111111111111000,0.000000000000000,0.000000000000000, ,{AD41FAB1-4C82-43EC-A004-6F01BC5A65C0},25/07/2025 0:00:00, ,25/07/2025 0:00:00, ,No,Yes,13.000000000000000,Roy Trustee 2022 Ltd,Innovair
{6BE2CAED-D150-4E64-929B-4E5DF9FF5BE8},654.000000000000000,10/11.37,38.000000000000000,950.000000000000000,Yes,0.000000000000000,0.000000000000000,2.000000000000000,0.000000000000000,0.000000000000000,0.000000000000000,0.000000000000000,0.000000000000000,25/75,0.000000000000000,0.000000000000000,0.052631578947400,0.000000000000000,0.000000000000000,0.000000000000000,0.000000000000000,0.000000000000000, ,{AD41FAB1-4C82-43EC-A004-6F01BC5A65C0},25/07/2025 0:00:00, ,25/07/2025 0:00:00, ,No, ,6.000000000000000,Roy Trustee 2022 Ltd,Innovair
{85051D1D-3DBC-4F3B-B731-D4A879D2F62C},744.000000000000000,20/11.64,42.000000000000000,1050.000000000000000,Yes,0.000000000000000,0.000000000000000,1.000000000000000,0.000000000000000,0.000000000000000,1.000000000000000,0.000000000000000,0.000000000000000,25/75,0.000000000000000,0.000000000000000,0.023809523809500,0.000000000000000,0.000000000000000,0.023809523809500,0.000000000000000,0.000000000000000, ,{AD41FAB1-4C82-43EC-A004-6F01BC5A65C0},25/07/2025 0:00:00, ,25/07/2025 0:00:00, ,No, ,6.000000000000000,Roy Trustee 2022 Ltd,Innovair
{F317C562-D5AD-43E8-95E8-512AADBB0E59},2210.000000000000000,10/11.37,42.000000000000000,1050.000000000000000,No,0.000000000000000,0.000000000000000,0.000000000000000,0.000000000000000,0.000000000000000,0.000000000000000,0.000000000000000,0.000000000000000,25/31,0.000000000000000,0.000000000000000,0.000000000000000,0.000000000000000,0.000000000000000,0.000000000000000,0.000000000000000,0.000000000000000, ,{F96679C9-E8F8-41DF-BAAA-4603FD757A21},25/07/2025 0:00:00, ,25/07/2025 0:00:00, ,No, ,0.000000000000000,Roy Trustee 2022 Ltd,Johnson Forestry Services
{FCF966D0-898E-4E98-A2FE-E7C4C765BEDF},2144.000000000000000,15/11.48,40.000000000000000,1000.000000000000000,No,0.000000000000000,0.000000000000000,0.000000000000000,0.000000000000000,0.000000000000000,0.000000000000000,0.000000000000000,0.000000000000000,25/31,0.000000000000000,0.000000000000000,0.000000000000000,0.000000000000000,0.000000000000000,0.000000000000000,0.000000000000000,0.000000000000000, ,{F96679C9-E8F8-41DF-BAAA-4603FD757A21},25/07/2025 0:00:00, ,25/07/2025 0:00:00, ,No, ,0.000000000000000,Roy Trustee 2022 Ltd,Johnson Forestry Services
{7646C6E4-914A-4185-B9B3-B067989B88BE},2208.000000000000000,15/11.48,45.000000000000000,1125.000000000000000,No,0.000000000000000,0.000000000000000,0.000000000000000,0.000000000000000,0.000000000000000,0.000000000000000,0.000000000000000,0.000000000000000,25/31,0.000000000000000,0.000000000000000,0.000000000000000,0.000000000000000,0.000000000000000,0.000000000000000,0.000000000000000,0.000000000000000, ,{F96679C9-E8F8-41DF-BAAA-4603FD757A21},25/07/2025 0:00:00, ,25/07/2025 0:00:00, ,No,No,0.000000000000000,Roy Trustee 2022 Ltd,Johnson Forestry Services
{B8A68B5F-7144-4884-A95F-722A79C9B8F8},2204.000000000000000,15/11.48,39.000000000000000,975.000000000000000,No,0.000000000000000,0.000000000000000,0.000000000000000,0.000000000000000,0.000000000000000,0.000000000000000,0.000000000000000,0.000000000000000,25/31,0.000000000000000,0.000000000000000,0.000000000000000,0.000000000000000,0.000000000000000,0.000000000000000,0.000000000000000,0.000000000000000, ,{F96679C9-E8F8-41DF-BAAA-4603FD757A21},25/07/2025 0:00:00, ,25/07/2025 0:00:00, ,No, ,0.000000000000000,Roy Trustee 2022 Ltd,Johnson Forestry Services
{7AF8A264-3960-47FF-BA4B-C7D8D0B7CA84},2162.000000000000000,15/11.48,41.000000000000000,1025.000000000000000,No,0.000000000000000,0.000000000000000,0.000000000000000,0.000000000000000,0.000000000000000,0.000000000000000,0.000000000000000,0.000000000000000,25/31,0.000000000000000,0.000000000000000,0.000000000000000,0.000000000000000,0.000000000000000,0.000000000000000,0.000000000000000,0.000000000000000, ,{F96679C9-E8F8-41DF-BAAA-4603FD757A21},25/07/2025 0:00:00, ,25/07/2025 0:00:00, ,No, ,0.000000000000000,Roy Trustee 2022 Ltd,Johnson Forestry Services
{446B4E4C-9304-44D8-80B0-72F08BCB0294},2158.000000000000000,15/11.48,41.000000000000000,1025.000000000000000,Yes,0.000000000000000,1.000000000000000,0.000000000000000,0.000000000000000,0.000000000000000,0.000000000000000,0.000000000000000,0.000000000000000,25/31,0.000000000000000,0.024390243902400,0.000000000000000,0.000000000000000,0.000000000000000,0.000000000000000,0.000000000000000,0.000000000000000, ,{F96679C9-E8F8-41DF-BAAA-4603FD757A21},25/07/2025 0:00:00, ,25/07/2025 0:00:00, ,No, ,1.000000000000000,Roy Trustee 2022 Ltd,Johnson Forestry Services
{242521D7-F981-4AAB-A4C0-49E46F240689},2186.000000000000000,20/11.64,42.000000000000000,1050.000000000000000,Yes,0.000000000000000,1.000000000000000,0.000000000000000,0.000000000000000,0.000000000000000,0.000000000000000,0.000000000000000,0.000000000000000,25/31,0.000000000000000,0.023809523809500,0.000000000000000,0.000000000000000,0.000000000000000,0.000000000000000,0.000000000000000,0.000000000000000, ,{F96679C9-E8F8-41DF-BAAA-4603FD757A21},25/07/2025 0:00:00, ,25/07/2025 0:00:00, ,No, ,1.000000000000000,Roy Trustee 2022 Ltd,Johnson Forestry Services
{EFC962F2-3478-462F-BFA4-E1C43D6324E0},2176.000000000000000,15/11.48,40.000000000000000,1000.000000000000000,Yes,0.000000000000000,1.000000000000000,0.000000000000000,0.000000000000000,0.000000000000000,0.000000000000000,0.000000000000000,0.000000000000000,25/31,0.000000000000000,0.025000000000000,0.000000000000000,0.000000000000000,0.000000000000000,0.000000000000000,0.000000000000000,0.000000000000000, ,{F96679C9-E8F8-41DF-BAAA-4603FD757A21},25/07/2025 0:00:00, ,25/07/2025 0:00:00, ,No, ,1.000000000000000,Roy Trustee 2022 Ltd,Johnson Forestry Services
{905CDB4B-FDED-4AE5-AA00-1B16C8200707},2170.000000000000000,20/11.64,40.000000000000000,1000.000000000000000,Yes,0.000000000000000,1.000000000000000,0.000000000000000,0.000000000000000,0.000000000000000,0.000000000000000,1.000000000000000,0.000000000000000,25/31,0.000000000000000,0.025000000000000,0.000000000000000,0.000000000000000,0.000000000000000,0.000000000000000,0.025000000000000,0.000000000000000, ,{F96679C9-E8F8-41DF-BAAA-4603FD757A21},25/07/2025 0:00:00, ,25/07/2025 0:00:00, ,No, ,4.000000000000000,Roy Trustee 2022 Ltd,Johnson Forestry Services
{C7D79425-0F12-4B57-B521-B678113ED8A9},2164.000000000000000,20/11.64,41.000000000000000,1025.000000000000000,No,0.000000000000000,0.000000000000000,0.000000000000000,0.000000000000000,0.000000000000000,0.000000000000000,0.000000000000000,0.000000000000000,25/31,0.000000000000000,0.000000000000000,0.000000000000000,0.000000000000000,0.000000000000000,0.000000000000000,0.000000000000000,0.000000000000000, ,{F96679C9-E8F8-41DF-BAAA-4603FD757A21},25/07/2025 0:00:00, ,25/07/2025 0:00:00, ,No, ,0.000000000000000,Roy Trustee 2022 Ltd,Johnson Forestry Services
{4F29100B-A592-4130-A982-1E253517D278},2128.000000000000000,10/11.37,42.000000000000000,1050.000000000000000,No,0.000000000000000,0.000000000000000,0.000000000000000,0.000000000000000,0.000000000000000,0.000000000000000,0.000000000000000,0.000000000000000,25/30,0.000000000000000,0.000000000000000,0.000000000000000,0.000000000000000,0.000000000000000,0.000000000000000,0.000000000000000,0.000000000000000, ,{2EC88A37-00C0-4B16-B858-9DF61050F337},25/07/2025 0:00:00, ,25/07/2025 0:00:00, ,No, ,0.000000000000000,Roy Trustee 2022 Ltd,Johnson Forestry Services
{06AB83DD-F4DF-485F-A527-3F28EDA4CBFC},2252.000000000000000,20/11.64,42.000000000000000,1050.000000000000000,No,0.000000000000000,0.000000000000000,0.000000000000000,0.000000000000000,0.000000000000000,0.000000000000000,0.000000000000000,0.000000000000000,25/30,0.000000000000000,0.000000000000000,0.000000000000000,0.000000000000000,0.000000000000000,0.000000000000000,0.000000000000000,0.000000000000000, ,{2EC88A37-00C0-4B16-B858-9DF61050F337},25/07/2025 0:00:00, ,25/07/2025 0:00:00, ,No, ,0.000000000000000,Roy Trustee 2022 Ltd,Johnson Forestry Services
{9B0E7F2A-EC0E-4083-A24A-45C8FD9A9A82},2250.000000000000000,20/11.64,46.000000000000000,1150.000000000000000,Yes,0.000000000000000,1.000000000000000,0.000000000000000,0.000000000000000,0.000000000000000,0.000000000000000,0.000000000000000,0.000000000000000,25/30,0.000000000000000,0.021739130434800,0.000000000000000,0.000000000000000,0.000000000000000,0.000000000000000,0.000000000000000,0.000000000000000,Track edge had closer line,{2EC88A37-00C0-4B16-B858-9DF61050F337},25/07/2025 0:00:00, ,25/07/2025 0:00:00, ,No, ,1.000000000000000,Roy Trustee 2022 Ltd,Johnson Forestry Services
{155062A7-DAC9-46C7-8FF9-705FE7F5325C},2326.000000000000000,20/11.64,40.000000000000000,1000.000000000000000,Yes,0.000000000000000,0.000000000000000,0.000000000000000,0.000000000000000,0.000000000000000,0.000000000000000,2.000000000000000,0.000000000000000,25/30,0.000000000000000,0.000000000000000,0.000000000000000,0.000000000000000,0.000000000000000,0.000000000000000,0.050000000000000,0.000000000000000, ,{2EC88A37-00C0-4B16-B858-9DF61050F337},25/07/2025 0:00:00, ,25/07/2025 0:00:00, ,No, ,6.000000000000000,Roy Trustee 2022 Ltd,Johnson Forestry Services
{693B839D-4846-430D-83F9-20825639E4DF},2328.000000000000000,20/11.64,43.000000000000000,1075.000000000000000,Yes,0.000000000000000,0.000000000000000,0.000000000000000,0.000000000000000,1.000000000000000,0.000000000000000,0.000000000000000,0.000000000000000,25/30,0.000000000000000,0.000000000000000,0.000000000000000,0.000000000000000,0.023255813953500,0.000000000000000,0.000000000000000,0.000000000000000, ,{2EC88A37-00C0-4B16-B858-9DF61050F337},25/07/2025 0:00:00, ,25/07/2025 0:00:00, ,No, ,3.000000000000000,Roy Trustee 2022 Ltd,Johnson Forestry Services
{E2D63364-3356-4E64-B551-6F2732F3DDBD},2342.000000000000000,15/11.48,39.000000000000000,975.000000000000000,Yes,0.000000000000000,1.000000000000000,0.000000000000000,0.000000000000000,0.000000000000000,0.000000000000000,0.000000000000000,0.000000000000000,25/30,0.000000000000000,0.025641025641000,0.000000000000000,0.000000000000000,0.000000000000000,0.000000000000000,0.000000000000000,0.000000000000000,Sprayed,{2EC88A37-00C0-4B16-B858-9DF61050F337},25/07/2025 0:00:00, ,25/07/2025 0:00:00, ,No, ,1.000000000000000,Roy Trustee 2022 Ltd,Johnson Forestry Services
{EAEB6198-6778-4FF6-A1B0-F735F1F72902},2346.000000000000000,15/11.48,37.000000000000000,925.000000000000000,Yes,1.000000000000000,0.000000000000000,0.000000000000000,0.000000000000000,0.000000000000000,1.000000000000000,0.000000000000000,0.000000000000000,25/30,0.027027027027000,0.000000000000000,0.000000000000000,0.000000000000000,0.000000000000000,0.027027027027000,0.000000000000000,0.000000000000000,Boney on ridge,{2EC88A37-00C0-4B16-B858-9DF61050F337},25/07/2025 0:00:00, ,25/07/2025 0:00:00, ,No, ,4.000000000000000,Roy Trustee 2022 Ltd,Johnson Forestry Services
{2043FF1A-4DB3-4AE1-A31E-89CD97281400},1668.000000000000000,15/11.48,42.000000000000000,1050.000000000000000,Yes,0.000000000000000,0.000000000000000,1.000000000000000,0.000000000000000,0.000000000000000,0.000000000000000,0.000000000000000,0.000000000000000,25/59,0.000000000000000,0.000000000000000,0.023809523809500,0.000000000000000,0.000000000000000,0.000000000000000,0.000000000000000,0.000000000000000,Ground very shallow in places.,{94E82B1E-874F-41F4-9742-4DCBAA04AD1D},25/07/2025 0:00:00, ,25/07/2025 0:00:00, ,No, ,3.000000000000000,Roy Trustee 2022 Ltd,Forest View Contracting
{558465BB-C921-4AFA-87C4-18CA7EEB6106},1672.000000000000000,10/11.37,40.000000000000000,1000.000000000000000,No,0.000000000000000,0.000000000000000,0.000000000000000,0.000000000000000,0.000000000000000,0.000000000000000,0.000000000000000,0.000000000000000,25/59,0.000000000000000,0.000000000000000,0.000000000000000,0.000000000000000,0.000000000000000,0.000000000000000,0.000000000000000,0.000000000000000,Nice deep soil in small valley. Planting very good. But should be on this specific site.,{8A21F509-8F56-4F72-91C5-5E82BB0D913B},25/07/2025 0:00:00, ,25/07/2025 0:00:00, ,No, ,0.000000000000000,Roy Trustee 2022 Ltd,Forest View Contracting
{6107EA4B-E58F-4FB8-8828-DF057E0962B6},1682.000000000000000,20/11.64,37.000000000000000,925.000000000000000,Yes,0.000000000000000,1.000000000000000,2.000000000000000,0.000000000000000,1.000000000000000,0.000000000000000,0.000000000000000,0.000000000000000,25/59,0.000000000000000,0.027027027027000,0.054054054054100,0.000000000000000,0.027027027027000,0.000000000000000,0.000000000000000,0.000000000000000,Will berework faults on three rows,{5747F4D9-3E61-4FE6-BBBD-01DF7C78B87C},25/07/2025 0:00:00, ,25/07/2025 0:00:00, ,No,Yes,10.000000000000000,Roy Trustee 2022 Ltd,Forest View Contracting
{1FED7669-5307-4857-BF6D-7756CC30341C},2002.000000000000000,20/11.64,46.000000000000000,1150.000000000000000,No,0.000000000000000,0.000000000000000,0.000000000000000,0.000000000000000,0.000000000000000,1.000000000000000,1.000000000000000,0.000000000000000,25/73,0.000000000000000,0.000000000000000,0.000000000000000,0.000000000000000,0.000000000000000,0.021739130434800,0.021739130434800,0.000000000000000, ,{579CDFE3-EE13-45BC-B0D7-EECEC2886E6A},27/07/2025 0:00:00, ,27/07/2025 0:00:00, ,No,Yes,6.000000000000000,Roy Trustee 2022 Ltd,Proforest
{3A3BBD7F-6FB6-4D43-BFB5-6B093002CEB3},1986.000000000000000,15/11.48,39.000000000000000,975.000000000000000,No,0.000000000000000,0.000000000000000,0.000000000000000,0.000000000000000,0.000000000000000,1.000000000000000,0.000000000000000,0.000000000000000,25/73,0.000000000000000,0.000000000000000,0.000000000000000,0.000000000000000,0.000000000000000,0.025641025641000,0.000000000000000,0.000000000000000, ,{579CDFE3-EE13-45BC-B0D7-EECEC2886E6A},27/07/2025 0:00:00, ,27/07/2025 0:00:00, ,No, ,3.000000000000000,Roy Trustee 2022 Ltd,Proforest
{1D225468-1074-4D3D-AF8D-0E6823108FF1},1984.000000000000000,20/11.64,39.000000000000000,975.000000000000000,Yes,0.000000000000000,0.000000000000000,0.000000000000000,0.000000000000000,0.000000000000000,1.000000000000000,0.000000000000000,0.000000000000000,25/73,0.000000000000000,0.000000000000000,0.000000000000000,0.000000000000000,0.000000000000000,0.025641025641000,0.000000000000000,0.000000000000000, ,{579CDFE3-EE13-45BC-B0D7-EECEC2886E6A},27/07/2025 0:00:00, ,27/07/2025 0:00:00, ,No, ,3.000000000000000,Roy Trustee 2022 Ltd,Proforest
{CC186C62-A135-43F7-B9E6-75B9720BD997},1982.000000000000000,30/12.13,46.000000000000000,1150.000000000000000,Yes,0.000000000000000,0.000000000000000,0.000000000000000,0.000000000000000,0.000000000000000,1.000000000000000,1.000000000000000,0.000000000000000,25/73,0.000000000000000,0.000000000000000,0.000000000000000,0.000000000000000,0.000000000000000,0.021739130434800,0.021739130434800,0.000000000000000, ,{579CDFE3-EE13-45BC-B0D7-EECEC2886E6A},27/07/2025 0:00:00, ,27/07/2025 0:00:00, ,No,No,6.000000000000000,Roy Trustee 2022 Ltd,Proforest
{04F68BD1-7FE3-4223-8433-3E409A679A8F},1998.000000000000000,25/11.85,47.000000000000000,1175.000000000000000,Yes,0.000000000000000,0.000000000000000,0.000000000000000,0.000000000000000,0.000000000000000,1.000000000000000,0.000000000000000,0.000000000000000,25/73,0.000000000000000,0.000000000000000,0.000000000000000,0.000000000000000,0.000000000000000,0.021276595744700,0.000000000000000,0.000000000000000,Let QC know that stocking getting high,{579CDFE3-EE13-45BC-B0D7-EECEC2886E6A},27/07/2025 0:00:00, ,27/07/2025 0:00:00, ,No,No,3.000000000000000,Roy Trustee 2022 Ltd,Proforest
{2E318CF7-6EE3-4788-B3EF-64E9E524C54C},2016.000000000000000,15/11.48,40.000000000000000,1000.000000000000000,Yes,1.000000000000000,0.000000000000000,0.000000000000000,0.000000000000000,0.000000000000000,0.000000000000000,1.000000000000000,0.000000000000000,25/73,0.025000000000000,0.000000000000000,0.000000000000000,0.000000000000000,0.000000000000000,0.000000000000000,0.025000000000000,0.000000000000000, ,{579CDFE3-EE13-45BC-B0D7-EECEC2886E6A},27/07/2025 0:00:00, ,27/07/2025 0:00:00, ,No, ,4.000000000000000,Roy Trustee 2022 Ltd,Proforest
{C8BE8BA8-B67B-4A42-B6CF-F88689090260},2000.000000000000000,20/11.64,40.000000000000000,1000.000000000000000,Yes,0.000000000000000,1.000000000000000,0.000000000000000,0.000000000000000,0.000000000000000,1.000000000000000,0.000000000000000,0.000000000000000,25/73,0.000000000000000,0.025000000000000,0.000000000000000,0.000000000000000,0.000000000000000,0.025000000000000,0.000000000000000,0.000000000000000, ,{579CDFE3-EE13-45BC-B0D7-EECEC2886E6A},27/07/2025 0:00:00, ,27/07/2025 0:00:00, ,No, ,4.000000000000000,Roy Trustee 2022 Ltd,Proforest
{E4A5E686-A086-4F1D-A87E-8A522D0685C1},1994.000000000000000,5/11.31,38.000000000000000,950.000000000000000,Yes,0.000000000000000,0.000000000000000,0.000000000000000,0.000000000000000,0.000000000000000,2.000000000000000,0.000000000000000,0.000000000000000,25/73,0.000000000000000,0.000000000000000,0.000000000000000,0.000000000000000,0.000000000000000,0.052631578947400,0.000000000000000,0.000000000000000, ,{579CDFE3-EE13-45BC-B0D7-EECEC2886E6A},27/07/2025 0:00:00, ,27/07/2025 0:00:00, ,No, ,6.000000000000000,Roy Trustee 2022 Ltd,Proforest
{789A1DFF-14AF-4759-BB07-761F4E9FE03C},1996.000000000000000,15/11.48,43.000000000000000,1075.000000000000000,Yes,0.000000000000000,0.000000000000000,0.000000000000000,0.000000000000000,0.000000000000000,1.000000000000000,0.000000000000000,0.000000000000000,25/73,0.000000000000000,0.000000000000000,0.000000000000000,0.000000000000000,0.000000000000000,0.023255813953500,0.000000000000000,0.000000000000000, ,{579CDFE3-EE13-45BC-B0D7-EECEC2886E6A},27/07/2025 0:00:00, ,27/07/2025 0:00:00, ,No, ,3.000000000000000,Roy Trustee 2022 Ltd,Proforest
{E0E8504E-8EAE-4988-8E03-18F1361B6BF6},2010.000000000000000,15/11.48,44.000000000000000,1100.000000000000000,No,0.000000000000000,0.000000000000000,0.000000000000000,0.000000000000000,0.000000000000000,0.000000000000000,0.000000000000000,0.000000000000000,25/73,0.000000000000000,0.000000000000000,0.000000000000000,0.000000000000000,0.000000000000000,0.000000000000000,0.000000000000000,0.000000000000000, ,{579CDFE3-EE13-45BC-B0D7-EECEC2886E6A},27/07/2025 0:00:00, ,27/07/2025 0:00:00, ,No, ,0.000000000000000,Roy Trustee 2022 Ltd,Proforest
{41735439-AC0E-4796-8EF1-6BA740696797},2030.000000000000000,15/11.48,36.000000000000000,900.000000000000000,Yes,0.000000000000000,0.000000000000000,0.000000000000000,0.000000000000000,0.000000000000000,0.000000000000000,2.000000000000000,0.000000000000000,25/73,0.000000000000000,0.000000000000000,0.000000000000000,0.000000000000000,0.000000000000000,0.000000000000000,0.055555555555600,0.000000000000000,Wet ground,{579CDFE3-EE13-45BC-B0D7-EECEC2886E6A},27/07/2025 0:00:00, ,27/07/2025 0:00:00, ,No, ,6.000000000000000,Roy Trustee 2022 Ltd,Proforest
{5E82ACB3-ADF7-4D2A-8EB4-A1879B645C33},2028.000000000000000,25/11.85,39.000000000000000,975.000000000000000,Yes,0.000000000000000,2.000000000000000,0.000000000000000,0.000000000000000,0.000000000000000,1.000000000000000,0.000000000000000,0.000000000000000,25/73,0.000000000000000,0.051282051282100,0.000000000000000,0.000000000000000,0.000000000000000,0.025641025641000,0.000000000000000,0.000000000000000, ,{579CDFE3-EE13-45BC-B0D7-EECEC2886E6A},27/07/2025 0:00:00, ,27/07/2025 0:00:00, ,No, ,5.000000000000000,Roy Trustee 2022 Ltd,Proforest
{7E4E9C2A-6758-42F7-BF04-65FB84B80053},1974.000000000000000,20/11.64,38.000000000000000,950.000000000000000,Yes,0.000000000000000,2.000000000000000,0.000000000000000,0.000000000000000,0.000000000000000,0.000000000000000,0.000000000000000,0.000000000000000,25/73,0.000000000000000,0.052631578947400,0.000000000000000,0.000000000000000,0.000000000000000,0.000000000000000,0.000000000000000,0.000000000000000, ,{579CDFE3-EE13-45BC-B0D7-EECEC2886E6A},27/07/2025 0:00:00, ,27/07/2025 0:00:00, ,No, ,2.000000000000000,Roy Trustee 2022 Ltd,Proforest
{E98C6831-01DF-4B5F-9839-810D92855B4D},1702.000000000000000,5/11.31,41.000000000000000,1025.000000000000000,No,0.000000000000000,0.000000000000000,0.000000000000000,0.000000000000000,0.000000000000000,0.000000000000000,0.000000000000000,0.000000000000000,25/59,0.000000000000000,0.000000000000000,0.000000000000000,0.000000000000000,0.000000000000000,0.000000000000000,0.000000000000000,0.000000000000000,Moved plot away from fence.,{1D1FF2BF-9742-4ED2-9200-4794BBD04CA8},27/07/2025 0:00:00, ,27/07/2025 0:00:00, ,No, ,0.000000000000000,Roy Trustee 2022 Ltd,Forest View Contracting
{AACA40EA-B79A-4B06-A217-F779EC8CBE92},1694.000000000000000,5/11.31,38.000000000000000,950.000000000000000,Yes,0.000000000000000,0.000000000000000,0.000000000000000,0.000000000000000,0.000000000000000,0.000000000000000,0.000000000000000,1.000000000000000,25/59,0.000000000000000,0.000000000000000,0.000000000000000,0.000000000000000,0.000000000000000,0.000000000000000,0.000000000000000,0.026315789473700,Three trees missed in row. Fixed.,{BFAC8780-64FA-4DA8-A957-B35CFCF533EC},27/07/2025 0:00:00, ,27/07/2025 0:00:00, ,No, ,3.000000000000000,Roy Trustee 2022 Ltd,Forest View Contracting
{0EE455EA-CE84-41F3-BDF7-BABFC696ECD6},1680.000000000000000,25/11.85,35.000000000000000,875.000000000000000,No,0.000000000000000,0.000000000000000,0.000000000000000,0.000000000000000,0.000000000000000,0.000000000000000,0.000000000000000,0.000000000000000,25/59,0.000000000000000,0.000000000000000,0.000000000000000,0.000000000000000,0.000000000000000,0.000000000000000,0.000000000000000,0.000000000000000,Large areas of fern. I could have missed 1 or 2 but areas not plantable.,{4583F54E-9B25-4EDD-B96B-EC89A03E604C},27/07/2025 0:00:00, ,27/07/2025 0:00:00, ,No,No,0.000000000000000,Roy Trustee 2022 Ltd,Forest View Contracting
{BAE09768-902C-49B9-BBE9-EE16BC327F11},1690.000000000000000,15/11.48,42.000000000000000,1050.000000000000000,Yes,1.000000000000000,0.000000000000000,0.000000000000000,0.000000000000000,0.000000000000000,0.000000000000000,0.000000000000000,0.000000000000000,25/59,0.023809523809500,0.000000000000000,0.000000000000000,0.000000000000000,0.000000000000000,0.000000000000000,0.000000000000000,0.000000000000000,4 deer on way to plot. Been camoed here awhile. Planters had not been on plit licatuon so did liwer down.,{A2680B5E-072C-451F-897C-5F114D3AC084},27/07/2025 0:00:00, ,27/07/2025 0:00:00, ,No, ,1.000000000000000,Roy Trustee 2022 Ltd,Forest View Contracting
{AB296595-D9CE-47F9-83F2-48E459ED861D},2306.000000000000000,25/11.85,42.000000000000000,1050.000000000000000,Yes,0.000000000000000,0.000000000000000,0.000000000000000,0.000000000000000,0.000000000000000,0.000000000000000,4.000000000000000,0.000000000000000,25/30,0.000000000000000,0.000000000000000,0.000000000000000,0.000000000000000,0.000000000000000,0.000000000000000,0.095238095238100,0.000000000000000, ,{BCD86110-04D2-402A-8E1F-BA02E56A4A87},28/07/2025 0:00:00, ,28/07/2025 0:00:00, ,No,Yes,12.000000000000000,Roy Trustee 2022 Ltd,Johnson Forestry Services
{879119C0-4BAA-4181-8BA8-1946A44723CA},2282.099999999999909,20/11.64,37.000000000000000,925.000000000000000,Yes,0.000000000000000,0.000000000000000,1.000000000000000,0.000000000000000,1.000000000000000,0.000000000000000,0.000000000000000,0.000000000000000,25/30,0.000000000000000,0.000000000000000,0.027027027027000,0.000000000000000,0.027027027027000,0.000000000000000,0.000000000000000,0.000000000000000, ,{BCD86110-04D2-402A-8E1F-BA02E56A4A87},28/07/2025 0:00:00, ,28/07/2025 0:00:00, ,No, ,6.000000000000000,Roy Trustee 2022 Ltd,Johnson Forestry Services
{9D6A1E10-513B-45FF-9F75-37429A60427F},2304.000000000000000,15/11.48,47.000000000000000,1175.000000000000000,No,0.000000000000000,0.000000000000000,0.000000000000000,0.000000000000000,0.000000000000000,0.000000000000000,0.000000000000000,0.000000000000000,25/30,0.000000000000000,0.000000000000000,0.000000000000000,0.000000000000000,0.000000000000000,0.000000000000000,0.000000000000000,0.000000000000000, ,{BCD86110-04D2-402A-8E1F-BA02E56A4A87},28/07/2025 0:00:00, ,28/07/2025 0:00:00, ,No,No,0.000000000000000,Roy Trustee 2022 Ltd,Johnson Forestry Services
{DCC70882-5C18-4948-8623-BD99798DD9BF},284.000000000000000,25/11.85,42.000000000000000,1050.000000000000000,Yes,0.000000000000000,3.000000000000000,0.000000000000000,0.000000000000000,0.000000000000000,0.000000000000000,0.000000000000000,0.000000000000000,25/30,0.000000000000000,0.071428571428600,0.000000000000000,0.000000000000000,0.000000000000000,0.000000000000000,0.000000000000000,0.000000000000000, ,{BCD86110-04D2-402A-8E1F-BA02E56A4A87},28/07/2025 0:00:00, ,28/07/2025 0:00:00, ,No, ,3.000000000000000,Roy Trustee 2022 Ltd,Johnson Forestry Services
{51189921-32BA-49B0-AABE-164D65700701},2268.000000000000000,15/11.48,43.000000000000000,1075.000000000000000,Yes,0.000000000000000,0.000000000000000,1.000000000000000,0.000000000000000,0.000000000000000,0.000000000000000,0.000000000000000,0.000000000000000,25/30,0.000000000000000,0.000000000000000,0.023255813953500,0.000000000000000,0.000000000000000,0.000000000000000,0.000000000000000,0.000000000000000, ,{BCD86110-04D2-402A-8E1F-BA02E56A4A87},28/07/2025 0:00:00, ,28/07/2025 0:00:00, ,No, ,3.000000000000000,Roy Trustee 2022 Ltd,Johnson Forestry Services
{2A07579E-BA01-440C-A37A-97BC285C4217},2226.000000000000000,15/11.48,39.000000000000000,975.000000000000000,No,0.000000000000000,0.000000000000000,0.000000000000000,0.000000000000000,0.000000000000000,0.000000000000000,0.000000000000000,0.000000000000000,25/30,0.000000000000000,0.000000000000000,0.000000000000000,0.000000000000000,0.000000000000000,0.000000000000000,0.000000000000000,0.000000000000000, ,{BCD86110-04D2-402A-8E1F-BA02E56A4A87},28/07/2025 0:00:00, ,28/07/2025 0:00:00, ,No, ,0.000000000000000,Roy Trustee 2022 Ltd,Johnson Forestry Services
{CA725FC6-A6B2-4443-855F-7FF2EF7DCD8A},2224.000000000000000,20/11.64,40.000000000000000,1000.000000000000000,No,0.000000000000000,0.000000000000000,0.000000000000000,0.000000000000000,0.000000000000000,0.000000000000000,0.000000000000000,0.000000000000000,25/30,0.000000000000000,0.000000000000000,0.000000000000000,0.000000000000000,0.000000000000000,0.000000000000000,0.000000000000000,0.000000000000000, ,{BCD86110-04D2-402A-8E1F-BA02E56A4A87},28/07/2025 0:00:00, ,28/07/2025 0:00:00, ,No, ,0.000000000000000,Roy Trustee 2022 Ltd,Johnson Forestry Services
{F4534F3F-3E44-47C5-B41F-35F397BEC957},2266.000000000000000,25/11.85,43.000000000000000,1075.000000000000000,Yes,0.000000000000000,0.000000000000000,1.000000000000000,0.000000000000000,0.000000000000000,0.000000000000000,0.000000000000000,0.000000000000000,25/30,0.000000000000000,0.000000000000000,0.023255813953500,0.000000000000000,0.000000000000000,0.000000000000000,0.000000000000000,0.000000000000000, ,{BCD86110-04D2-402A-8E1F-BA02E56A4A87},28/07/2025 0:00:00, ,28/07/2025 0:00:00, ,No, ,3.000000000000000,Roy Trustee 2022 Ltd,Johnson Forestry Services
{06ED9445-C7E3-40C1-96B7-EF4E9A791569},2248.000000000000000,20/11.64,40.000000000000000,1000.000000000000000,Yes,0.000000000000000,0.000000000000000,1.000000000000000,0.000000000000000,1.000000000000000,0.000000000000000,0.000000000000000,0.000000000000000,25/30,0.000000000000000,0.000000000000000,0.025000000000000,0.000000000000000,0.025000000000000,0.000000000000000,0.000000000000000,0.000000000000000, ,{BCD86110-04D2-402A-8E1F-BA02E56A4A87},28/07/2025 0:00:00, ,28/07/2025 0:00:00, ,No, ,6.000000000000000,Roy Trustee 2022 Ltd,Johnson Forestry Services
{A2534DCC-6949-488A-8037-41AD527AA9B1},2224.000000000000000,15/11.48,42.000000000000000,1050.000000000000000,No,0.000000000000000,0.000000000000000,0.000000000000000,0.000000000000000,0.000000000000000,0.000000000000000,0.000000000000000,0.000000000000000,25/30,0.000000000000000,0.000000000000000,0.000000000000000,0.000000000000000,0.000000000000000,0.000000000000000,0.000000000000000,0.000000000000000, ,{BCD86110-04D2-402A-8E1F-BA02E56A4A87},28/07/2025 0:00:00, ,28/07/2025 0:00:00, ,No, ,0.000000000000000,Roy Trustee 2022 Ltd,Johnson Forestry Services
{1EA8A210-1332-4177-A9F2-B015CE0619CF},1952.000000000000000,25/11.85,46.000000000000000,1150.000000000000000,Yes,0.000000000000000,1.000000000000000,3.000000000000000,0.000000000000000,0.000000000000000,0.000000000000000,0.000000000000000,0.000000000000000,25/68,0.000000000000000,0.021739130434800,0.065217391304300,0.000000000000000,0.000000000000000,0.000000000000000,0.000000000000000,0.000000000000000,Reworked,{E829D9B0-68CE-4F9A-8339-6D7C070BF9D3},28/07/2025 0:00:00, ,28/07/2025 0:00:00, ,No,Yes,10.000000000000000,Roy Trustee 2022 Ltd,Proforest
{D78ABB4A-5A71-4D97-B735-98E67DE9E245},1942.000000000000000,15/11.48,37.000000000000000,925.000000000000000,Yes,0.000000000000000,1.000000000000000,1.000000000000000,0.000000000000000,2.000000000000000,0.000000000000000,0.000000000000000,0.000000000000000,25/68,0.000000000000000,0.027027027027000,0.027027027027000,0.000000000000000,0.054054054054100,0.000000000000000,0.000000000000000,0.000000000000000,Reworked,{E829D9B0-68CE-4F9A-8339-6D7C070BF9D3},28/07/2025 0:00:00, ,28/07/2025 0:00:00, ,No,Yes,10.000000000000000,Roy Trustee 2022 Ltd,Proforest
{3F3882FF-0565-423B-BF62-DC4FF4728D14},1960.000000000000000,15/11.48,37.000000000000000,0.000000000000000,Yes,0.000000000000000,0.000000000000000,1.000000000000000,0.000000000000000,0.000000000000000,0.000000000000000,0.000000000000000,0.000000000000000,25/68,0.000000000000000,0.000000000000000,0.000000000000000,0.000000000000000,0.000000000000000,0.000000000000000,0.000000000000000,0.000000000000000, ,{E829D9B0-68CE-4F9A-8339-6D7C070BF9D3},28/07/2025 0:00:00, ,28/07/2025 0:00:00, ,No, ,3.000000000000000,Roy Trustee 2022 Ltd,Proforest
{F2A21404-5C71-412D-9835-E2C5B7DC222C},1962.000000000000000,10/11.37,40.000000000000000,1000.000000000000000,Yes,0.000000000000000,1.000000000000000,1.000000000000000,0.000000000000000,0.000000000000000,0.000000000000000,0.000000000000000,0.000000000000000,25/68,0.000000000000000,0.025000000000000,0.025000000000000,0.000000000000000,0.000000000000000,0.000000000000000,0.000000000000000,0.000000000000000, ,{E829D9B0-68CE-4F9A-8339-6D7C070BF9D3},28/07/2025 0:00:00, ,28/07/2025 0:00:00, ,No, ,4.000000000000000,Roy Trustee 2022 Ltd,Proforest
{32E3EF46-C0FA-4522-9D73-6D6251F7B7EB},1930.000000000000000,15/11.48,36.000000000000000,900.000000000000000,Yes,0.000000000000000,0.000000000000000,1.000000000000000,0.000000000000000,0.000000000000000,1.000000000000000,0.000000000000000,0.000000000000000,25/68,0.000000000000000,0.000000000000000,0.027777777777800,0.000000000000000,0.000000000000000,0.027777777777800,0.000000000000000,0.000000000000000, ,{E829D9B0-68CE-4F9A-8339-6D7C070BF9D3},28/07/2025 0:00:00, ,28/07/2025 0:00:00, ,No, ,6.000000000000000,Roy Trustee 2022 Ltd,Proforest
{5147DEA7-376C-433E-8D4C-6610429838B2},2366.000000000000000,0/11.31,40.000000000000000,1000.000000000000000,Yes,0.000000000000000,2.000000000000000,0.000000000000000,0.000000000000000,0.000000000000000,0.000000000000000,0.000000000000000,0.000000000000000,25/30,0.000000000000000,0.050000000000000,0.000000000000000,0.000000000000000,0.000000000000000,0.000000000000000,0.000000000000000,0.000000000000000, ,{AABFAF92-E5DA-4846-B0D2-2D03CD025DEC},28/07/2025 0:00:00, ,28/07/2025 0:00:00, ,No, ,2.000000000000000,Roy Trustee 2022 Ltd,Johnson Forestry Services
{AACCBEF5-9FE6-4BE8-9420-272FE0EA3406},2534.000000000000000,0/11.31,36.000000000000000,900.000000000000000,Yes,0.000000000000000,0.000000000000000,0.000000000000000,0.000000000000000,1.000000000000000,0.000000000000000,0.000000000000000,0.000000000000000,25/30,0.000000000000000,0.000000000000000,0.000000000000000,0.000000000000000,0.027777777777800,0.000000000000000,0.000000000000000,0.000000000000000, ,{AABFAF92-E5DA-4846-B0D2-2D03CD025DEC},28/07/2025 0:00:00, ,28/07/2025 0:00:00, ,No, ,3.000000000000000,Roy Trustee 2022 Ltd,Johnson Forestry Services
{6DCEFB68-9B02-4710-B9D6-E56B097541AB},2340.000000000000000,0/11.31,36.000000000000000,900.000000000000000,Yes,0.000000000000000,0.000000000000000,0.000000000000000,0.000000000000000,0.000000000000000,1.000000000000000,0.000000000000000,0.000000000000000,25/30,0.000000000000000,0.000000000000000,0.000000000000000,0.000000000000000,0.000000000000000,0.027777777777800,0.000000000000000,0.000000000000000, ,{AABFAF92-E5DA-4846-B0D2-2D03CD025DEC},28/07/2025 0:00:00, ,28/07/2025 0:00:00, ,No, ,3.000000000000000,Roy Trustee 2022 Ltd,Johnson Forestry Services
{C71DF9AB-A71B-4C13-8420-DAEDEB764724},2324.000000000000000,10/11.37,41.000000000000000,1025.000000000000000,Yes,1.000000000000000,0.000000000000000,0.000000000000000,0.000000000000000,0.000000000000000,0.000000000000000,1.000000000000000,0.000000000000000,25/30,0.024390243902400,0.000000000000000,0.000000000000000,0.000000000000000,0.000000000000000,0.000000000000000,0.024390243902400,0.000000000000000, ,{AABFAF92-E5DA-4846-B0D2-2D03CD025DEC},28/07/2025 0:00:00, ,28/07/2025 0:00:00, ,No, ,4.000000000000000,Roy Trustee 2022 Ltd,Johnson Forestry Services
{6A9A2B57-1804-45D4-90E8-D778B8473096},2352.000000000000000,5/11.31,39.000000000000000,975.000000000000000,No,0.000000000000000,0.000000000000000,0.000000000000000,0.000000000000000,0.000000000000000,0.000000000000000,0.000000000000000,0.000000000000000,25/30,0.000000000000000,0.000000000000000,0.000000000000000,0.000000000000000,0.000000000000000,0.000000000000000,0.000000000000000,0.000000000000000, ,{43953576-A21D-4BC1-8BFF-6101A49BC60A},28/07/2025 0:00:00, ,28/07/2025 0:00:00, ,No, ,0.000000000000000,Roy Trustee 2022 Ltd,Johnson Forestry Services
{D3988073-DD5A-404D-ADE8-60DA21FDC9F2},2362.000000000000000,10/11.37,41.000000000000000,1025.000000000000000,Yes,0.000000000000000,0.000000000000000,1.000000000000000,0.000000000000000,0.000000000000000,0.000000000000000,0.000000000000000,0.000000000000000,25/30,0.000000000000000,0.000000000000000,0.024390243902400,0.000000000000000,0.000000000000000,0.000000000000000,0.000000000000000,0.000000000000000, ,{8ED432A9-843E-494E-9E01-5373BDDCDF3E},29/07/2025 0:00:00, ,29/07/2025 0:00:00, ,No, ,3.000000000000000,Roy Trustee 2022 Ltd,Johnson Forestry Services
{4DA09AD8-7488-4A50-81F3-430B68F67430},2368.000000000000000,5/11.31,37.000000000000000,925.000000000000000,Yes,0.000000000000000,0.000000000000000,0.000000000000000,0.000000000000000,0.000000000000000,0.000000000000000,1.000000000000000,0.000000000000000,25/30,0.000000000000000,0.000000000000000,0.000000000000000,0.000000000000000,0.000000000000000,0.000000000000000,0.027027027027000,0.000000000000000,Anglw of rows joining,{8ED432A9-843E-494E-9E01-5373BDDCDF3E},29/07/2025 0:00:00, ,29/07/2025 0:00:00, ,No, ,3.000000000000000,Roy Trustee 2022 Ltd,Johnson Forestry Services
{4CBBD92D-2908-4D05-98FA-1D1C6A4ABF00},2364.000000000000000,10/11.37,43.000000000000000,1075.000000000000000,Yes,2.000000000000000,0.000000000000000,0.000000000000000,0.000000000000000,0.000000000000000,0.000000000000000,0.000000000000000,0.000000000000000,25/30,0.046511627907000,0.000000000000000,0.000000000000000,0.000000000000000,0.000000000000000,0.000000000000000,0.000000000000000,0.000000000000000, ,{8ED432A9-843E-494E-9E01-5373BDDCDF3E},29/07/2025 0:00:00, ,29/07/2025 0:00:00, ,No, ,2.000000000000000,Roy Trustee 2022 Ltd,Johnson Forestry Services
{EA155D5A-DB40-4E62-9737-A1351B42A41B},0.000000000000000,0/11.31,0.000000000000000,0.000000000000000,No,0.000000000000000,0.000000000000000,0.000000000000000,0.000000000000000,0.000000000000000,0.000000000000000,0.000000000000000,0.000000000000000,25/30,0.000000000000000,0.000000000000000,0.000000000000000,0.000000000000000,0.000000000000000,0.000000000000000,0.000000000000000,0.000000000000000,Not a plot .bumped device,{8ED432A9-843E-494E-9E01-5373BDDCDF3E},29/07/2025 0:00:00, ,29/07/2025 0:00:00, ,No,Yes,0.000000000000000,Roy Trustee 2022 Ltd,Johnson Forestry Services
{F19C7695-7C1F-45DA-BED5-C739FC8A6EF6},1064.000000000000000,15/11.48,42.000000000000000,1050.000000000000000,No,0.000000000000000,0.000000000000000,0.000000000000000,0.000000000000000,0.000000000000000,0.000000000000000,0.000000000000000,0.000000000000000,25/70,0.000000000000000,0.000000000000000,0.000000000000000,0.000000000000000,0.000000000000000,0.000000000000000,0.000000000000000,0.000000000000000, ,{1C2378E9-51C8-449A-B553-C5AED986A4BD},29/07/2025 0:00:00, ,29/07/2025 0:00:00, ,No, ,0.000000000000000,Roy Trustee 2022 Ltd,Forest View Contracting
{DF1D8C0E-6B8C-4D3D-8110-F7619ABE628E},1062.000000000000000,15/11.48,36.000000000000000,900.000000000000000,Yes,0.000000000000000,1.000000000000000,1.000000000000000,0.000000000000000,0.000000000000000,0.000000000000000,0.000000000000000,0.000000000000000,25/70,0.000000000000000,0.027777777777800,0.027777777777800,0.000000000000000,0.000000000000000,0.000000000000000,0.000000000000000,0.000000000000000, ,{1C2378E9-51C8-449A-B553-C5AED986A4BD},29/07/2025 0:00:00, ,29/07/2025 0:00:00, ,No, ,4.000000000000000,Roy Trustee 2022 Ltd,Forest View Contracting
{1D15CD51-7674-4E5D-A4FB-F1ABD254BBB9},1044.000000000000000,15/11.48,43.000000000000000,1075.000000000000000,No,0.000000000000000,0.000000000000000,0.000000000000000,0.000000000000000,0.000000000000000,0.000000000000000,0.000000000000000,0.000000000000000,25/70,0.000000000000000,0.000000000000000,0.000000000000000,0.000000000000000,0.000000000000000,0.000000000000000,0.000000000000000,0.000000000000000, ,{1C2378E9-51C8-449A-B553-C5AED986A4BD},29/07/2025 0:00:00, ,29/07/2025 0:00:00, ,No, ,0.000000000000000,Roy Trustee 2022 Ltd,Forest View Contracting
{11F5EA76-BA75-470F-840C-50097CACE4F7},1046.000000000000000,15/11.48,42.000000000000000,1050.000000000000000,No,0.000000000000000,0.000000000000000,0.000000000000000,0.000000000000000,0.000000000000000,0.000000000000000,0.000000000000000,0.000000000000000,25/70,0.000000000000000,0.000000000000000,0.000000000000000,0.000000000000000,0.000000000000000,0.000000000000000,0.000000000000000,0.000000000000000,"Rocky ground, good planting",{1C2378E9-51C8-449A-B553-C5AED986A4BD},29/07/2025 0:00:00, ,29/07/2025 0:00:00, ,No, ,0.000000000000000,Roy Trustee 2022 Ltd,Forest View Contracting
{5493E4C2-81D8-4A2D-9B67-098F87C2EE24},1928.000000000000000,15/11.48,42.000000000000000,1050.000000000000000,Yes,0.000000000000000,0.000000000000000,0.000000000000000,0.000000000000000,1.000000000000000,0.000000000000000,0.000000000000000,0.000000000000000,25/68,0.000000000000000,0.000000000000000,0.000000000000000,0.000000000000000,0.023809523809500,0.000000000000000,0.000000000000000,0.000000000000000, ,{1FB4D0E3-6561-4E86-B0AA-DF79B07D03AE},29/07/2025 0:00:00, ,29/07/2025 0:00:00, ,No, ,3.000000000000000,Roy Trustee 2022 Ltd,Proforest
{709DB2DF-73D3-4F77-9531-0843EDC892AA},1914.000000000000000,15/11.48,42.000000000000000,1050.000000000000000,Yes,0.000000000000000,0.000000000000000,2.000000000000000,0.000000000000000,0.000000000000000,0.000000000000000,0.000000000000000,0.000000000000000,25/68,0.000000000000000,0.000000000000000,0.047619047619000,0.000000000000000,0.000000000000000,0.000000000000000,0.000000000000000,0.000000000000000, ,{1FB4D0E3-6561-4E86-B0AA-DF79B07D03AE},29/07/2025 0:00:00, ,29/07/2025 0:00:00, ,No, ,6.000000000000000,Roy Trustee 2022 Ltd,Proforest
{8C0B49A2-D1CE-4278-9B74-C8ED4C9A874A},1912.000000000000000,10/11.37,39.000000000000000,975.000000000000000,Yes,0.000000000000000,3.000000000000000,0.000000000000000,0.000000000000000,0.000000000000000,1.000000000000000,0.000000000000000,0.000000000000000,25/68,0.000000000000000,0.076923076923100,0.000000000000000,0.000000000000000,0.000000000000000,0.025641025641000,0.000000000000000,0.000000000000000, ,{1FB4D0E3-6561-4E86-B0AA-DF79B07D03AE},29/07/2025 0:00:00, ,29/07/2025 0:00:00, ,No, ,6.000000000000000,Roy Trustee 2022 Ltd,Proforest
{B12D992E-2F2B-4C7D-84F3-365AB4408199},1954.000000000000000,15/11.48,44.000000000000000,1100.000000000000000,Yes,1.000000000000000,0.000000000000000,1.000000000000000,0.000000000000000,0.000000000000000,0.000000000000000,0.000000000000000,0.000000000000000,25/68,0.022727272727300,0.000000000000000,0.022727272727300,0.000000000000000,0.000000000000000,0.000000000000000,0.000000000000000,0.000000000000000, ,{1FB4D0E3-6561-4E86-B0AA-DF79B07D03AE},29/07/2025 0:00:00, ,29/07/2025 0:00:00, ,No, ,4.000000000000000,Roy Trustee 2022 Ltd,Proforest
{88192419-78B4-4099-8EF7-6DE66673FEDF},1946.000000000000000,15/11.48,39.000000000000000,975.000000000000000,Yes,0.000000000000000,0.000000000000000,1.000000000000000,0.000000000000000,0.000000000000000,0.000000000000000,0.000000000000000,0.000000000000000,25/68,0.000000000000000,0.000000000000000,0.025641025641000,0.000000000000000,0.000000000000000,0.000000000000000,0.000000000000000,0.000000000000000, ,{1FB4D0E3-6561-4E86-B0AA-DF79B07D03AE},29/07/2025 0:00:00, ,29/07/2025 0:00:00, ,No, ,3.000000000000000,Roy Trustee 2022 Ltd,Proforest
{2FD2EB2C-713A-4E61-9B20-4F0ED23AB3C3},1944.000000000000000,15/11.48,38.000000000000000,950.000000000000000,Yes,0.000000000000000,0.000000000000000,2.000000000000000,0.000000000000000,1.000000000000000,0.000000000000000,0.000000000000000,0.000000000000000,25/68,0.000000000000000,0.000000000000000,0.052631578947400,0.000000000000000,0.026315789473700,0.000000000000000,0.000000000000000,0.000000000000000, ,{1FB4D0E3-6561-4E86-B0AA-DF79B07D03AE},29/07/2025 0:00:00, ,29/07/2025 0:00:00, ,No,Yes,9.000000000000000,Roy Trustee 2022 Ltd,Proforest
{6A4929C8-49EB-4291-A699-A7EF3A4A570E},1684.000000000000000,10/11.37,36.000000000000000,900.000000000000000,No,0.000000000000000,0.000000000000000,0.000000000000000,0.000000000000000,0.000000000000000,0.000000000000000,0.000000000000000,0.000000000000000,25/59,0.000000000000000,0.000000000000000,0.000000000000000,0.000000000000000,0.000000000000000,0.000000000000000,0.000000000000000,0.000000000000000, ,{09CB7741-EE6C-4834-92A8-3195A11DF84A},29/07/2025 0:00:00, ,29/07/2025 0:00:00, ,No, ,0.000000000000000,Roy Trustee 2022 Ltd,Forest View Contracting
{F16ED9B5-C713-4962-A4B9-199315FA4C12},1696.000000000000000,15/11.48,36.000000000000000,900.000000000000000,No,0.000000000000000,0.000000000000000,0.000000000000000,0.000000000000000,0.000000000000000,0.000000000000000,0.000000000000000,0.000000000000000,25/59,0.000000000000000,0.000000000000000,0.000000000000000,0.000000000000000,0.000000000000000,0.000000000000000,0.000000000000000,0.000000000000000,Hard to find trees in this stuff could have missed some.,{678F2944-69E6-4BF4-99C8-21A9A7264956},29/07/2025 0:00:00, ,29/07/2025 0:00:00, ,No, ,0.000000000000000,Roy Trustee 2022 Ltd,Forest View Contracting
{3F31738F-B5D5-4E0D-9407-F4CE9DCC0E99},1688.000000000000000,10/11.37,39.000000000000000,975.000000000000000,Yes,0.000000000000000,0.000000000000000,1.000000000000000,0.000000000000000,0.000000000000000,0.000000000000000,0.000000000000000,0.000000000000000,25/59,0.000000000000000,0.000000000000000,0.025641025641000,0.000000000000000,0.000000000000000,0.000000000000000,0.000000000000000,0.000000000000000, ,{5F7B6C40-E1E1-4966-A23A-33A8E1A8DAEF},29/07/2025 0:00:00, ,29/07/2025 0:00:00, ,No, ,3.000000000000000,Roy Trustee 2022 Ltd,Forest View Contracting
{A6C5342B-88FC-4957-99B6-3325A49870D6},1686.000000000000000,10/11.37,44.000000000000000,1100.000000000000000,Yes,0.000000000000000,0.000000000000000,1.000000000000000,0.000000000000000,0.000000000000000,0.000000000000000,0.000000000000000,0.000000000000000,25/59,0.000000000000000,0.000000000000000,0.022727272727300,0.000000000000000,0.000000000000000,0.000000000000000,0.000000000000000,0.000000000000000, ,{250F3D8D-6DF2-451B-8564-9FF1C33560FA},29/07/2025 0:00:00, ,29/07/2025 0:00:00, ,No, ,3.000000000000000,Roy Trustee 2022 Ltd,Forest View Contracting
{05BAF04E-C7DC-4801-A69E-F871FE43F854},1674.000000000000000,10/11.37,40.000000000000000,1000.000000000000000,No,0.000000000000000,0.000000000000000,0.000000000000000,0.000000000000000,0.000000000000000,0.000000000000000,0.000000000000000,0.000000000000000,25/59,0.000000000000000,0.000000000000000,0.000000000000000,0.000000000000000,0.000000000000000,0.000000000000000,0.000000000000000,0.000000000000000,Good plot.,{348D89F4-799C-431E-AA4B-B09CC4A94F76},29/07/2025 0:00:00, ,29/07/2025 0:00:00, ,No, ,0.000000000000000,Roy Trustee 2022 Ltd,Forest View Contracting
{4DE8634C-7786-4ABE-BA91-9AECA89EA619},1676.000000000000000,10/11.37,40.000000000000000,1000.000000000000000,No,0.000000000000000,0.000000000000000,0.000000000000000,0.000000000000000,0.000000000000000,0.000000000000000,0.000000000000000,0.000000000000000,25/59,0.000000000000000,0.000000000000000,0.000000000000000,0.000000000000000,0.000000000000000,0.000000000000000,0.000000000000000,0.000000000000000,Good plot withbsome tussock area,{475EF1D8-4839-496C-8636-5D7D2D72CCD0},29/07/2025 0:00:00, ,29/07/2025 0:00:00, ,No, ,0.000000000000000,Roy Trustee 2022 Ltd,Forest View Contracting
{698F2416-3784-42D4-B9D9-0DF691DA50BB},1678.000000000000000,5/11.31,42.000000000000000,1050.000000000000000,Yes,0.000000000000000,0.000000000000000,1.000000000000000,0.000000000000000,1.000000000000000,0.000000000000000,0.000000000000000,0.000000000000000,25/59,0.000000000000000,0.000000000000000,0.023809523809500,0.000000000000000,0.023809523809500,0.000000000000000,0.000000000000000,0.000000000000000, ,{7E128F3E-37B2-40D7-AC91-08964EB5EA6D},29/07/2025 0:00:00, ,29/07/2025 0:00:00, ,No, ,6.000000000000000,Roy Trustee 2022 Ltd,Forest View Contracting
{67D503F6-9FB0-4201-8CB7-790B2AE0A45A},1990.000000000000000,20/11.64,41.000000000000000,1025.000000000000000,Yes,0.000000000000000,0.000000000000000,1.000000000000000,0.000000000000000,0.000000000000000,0.000000000000000,1.000000000000000,0.000000000000000,25/73,0.000000000000000,0.000000000000000,0.024390243902400,0.000000000000000,0.000000000000000,0.000000000000000,0.024390243902400,0.000000000000000, ,{3B504651-8BD5-486B-A8AA-FD0B9FA84718},29/07/2025 0:00:00, ,29/07/2025 0:00:00, ,No, ,6.000000000000000,Roy Trustee 2022 Ltd,Proforest
{2E2ECBE2-1FAA-4EDD-B152-C1EFA15903E4},1988.000000000000000,20/11.64,44.000000000000000,1100.000000000000000,Yes,0.000000000000000,0.000000000000000,1.000000000000000,0.000000000000000,0.000000000000000,0.000000000000000,0.000000000000000,0.000000000000000,25/73,0.000000000000000,0.000000000000000,0.022727272727300,0.000000000000000,0.000000000000000,0.000000000000000,0.000000000000000,0.000000000000000, ,{3B504651-8BD5-486B-A8AA-FD0B9FA84718},29/07/2025 0:00:00, ,29/07/2025 0:00:00, ,No, ,3.000000000000000,Roy Trustee 2022 Ltd,Proforest
{F2828AFD-A796-4118-839B-C3C5C0578CD8},1976.000000000000000,20/11.64,42.000000000000000,1050.000000000000000,Yes,0.000000000000000,1.000000000000000,0.000000000000000,0.000000000000000,0.000000000000000,0.000000000000000,0.000000000000000,0.000000000000000,25/73,0.000000000000000,0.023809523809500,0.000000000000000,0.000000000000000,0.000000000000000,0.000000000000000,0.000000000000000,0.000000000000000, ,{3B504651-8BD5-486B-A8AA-FD0B9FA84718},29/07/2025 0:00:00, ,29/07/2025 0:00:00, ,No, ,1.000000000000000,Roy Trustee 2022 Ltd,Proforest
{09FC4457-6A61-4318-9AA6-6990703D4DCE},3158.000000000000000,5/11.31,38.000000000000000,950.000000000000000,Yes,0.000000000000000,0.000000000000000,1.000000000000000,0.000000000000000,0.000000000000000,0.000000000000000,0.000000000000000,0.000000000000000,25/50,0.000000000000000,0.000000000000000,0.026315789473700,0.000000000000000,0.000000000000000,0.000000000000000,0.000000000000000,0.000000000000000, ,{2C88DD8C-7D88-4358-A23E-A7FBF297415E},29/07/2025 0:00:00, ,29/07/2025 0:00:00, ,No, ,3.000000000000000,Roy Trustee 2022 Ltd,Forest View Contracting
{C39A9378-0F1D-43D8-9AFE-ABA646984403},3156.000000000000000,5/11.31,39.000000000000000,975.000000000000000,Yes,0.000000000000000,0.000000000000000,1.000000000000000,0.000000000000000,0.000000000000000,0.000000000000000,0.000000000000000,0.000000000000000,25/50,0.000000000000000,0.000000000000000,0.025641025641000,0.000000000000000,0.000000000000000,0.000000000000000,0.000000000000000,0.000000000000000, ,{8AC08F5D-ECC8-4EA8-9B79-F7D7D1201706},29/07/2025 0:00:00, ,29/07/2025 0:00:00, ,No, ,3.000000000000000,Roy Trustee 2022 Ltd,Forest View Contracting
{25809A0B-E0B6-4FBE-94F5-BD8B537AC70F},3150.000000000000000,5/11.31,40.000000000000000,1000.000000000000000,Yes,0.000000000000000,0.000000000000000,0.000000000000000,0.000000000000000,1.000000000000000,0.000000000000000,0.000000000000000,0.000000000000000,25/50,0.000000000000000,0.000000000000000,0.000000000000000,0.000000000000000,0.025000000000000,0.000000000000000,0.000000000000000,0.000000000000000,Roots up seems to be an issue. Finding at least one a plot. Will discuss but feel would be worse if getting exsposed roots. Like this plot.,{CDF58AB6-70F4-4E73-B28B-5986448FD1E3},29/07/2025 0:00:00, ,29/07/2025 0:00:00, ,No, ,3.000000000000000,Roy Trustee 2022 Ltd,Forest View Contracting
{A94DC1E7-9C22-417D-B99F-F590D4F5CACA},3144.000000000000000,5/11.31,40.000000000000000,1000.000000000000000,Yes,0.000000000000000,0.000000000000000,1.000000000000000,0.000000000000000,0.000000000000000,0.000000000000000,0.000000000000000,0.000000000000000,25/50,0.000000000000000,0.000000000000000,0.025000000000000,0.000000000000000,0.000000000000000,0.000000000000000,0.000000000000000,0.000000000000000,One root up again talked to leo and crew. Trying to nip in bud.,{AC61953E-9B90-4586-A197-99810B422032},29/07/2025 0:00:00, ,29/07/2025 0:00:00, ,No, ,3.000000000000000,Roy Trustee 2022 Ltd,Forest View Contracting
{E8D4E724-56B5-4E42-9611-382872E4794C},3144.000000000000000,5/11.31,39.000000000000000,975.000000000000000,No,0.000000000000000,0.000000000000000,0.000000000000000,0.000000000000000,0.000000000000000,0.000000000000000,0.000000000000000,0.000000000000000,25/50,0.000000000000000,0.000000000000000,0.000000000000000,0.000000000000000,0.000000000000000,0.000000000000000,0.000000000000000,0.000000000000000, ,{0D6AAE6B-86BC-43E7-9018-CCD63680263D},29/07/2025 0:00:00, ,29/07/2025 0:00:00, ,No, ,0.000000000000000,Roy Trustee 2022 Ltd,Forest View Contracting
{85D7F7BA-C91A-452A-9831-80B8C1BBC195},3154.000000000000000,5/11.31,39.000000000000000,975.000000000000000,No,0.000000000000000,0.000000000000000,0.000000000000000,0.000000000000000,0.000000000000000,0.000000000000000,0.000000000000000,0.000000000000000,25/50,0.000000000000000,0.000000000000000,0.000000000000000,0.000000000000000,0.000000000000000,0.000000000000000,0.000000000000000,0.000000000000000, ,{F9891D54-D238-4FC4-88EB-F99708B611C8},29/07/2025 0:00:00, ,29/07/2025 0:00:00, ,No, ,0.000000000000000,Roy Trustee 2022 Ltd,Forest View Contracting
{127BA198-B261-4C0F-9F56-DA3B08619746},3168.000000000000000,5/11.31,40.000000000000000,1000.000000000000000,Yes,0.000000000000000,0.000000000000000,0.000000000000000,0.000000000000000,1.000000000000000,0.000000000000000,0.000000000000000,0.000000000000000,25/50,0.000000000000000,0.000000000000000,0.000000000000000,0.000000000000000,0.025000000000000,0.000000000000000,0.000000000000000,0.000000000000000,Roots very long on a lot if seedlings. Have discussed with leo. This could be the root up or exsposed issue. Plantersgoing to take more care.,{9BCC87E0-C368-4BD1-B54D-3CEACF74A5A2},29/07/2025 0:00:00, ,29/07/2025 0:00:00, ,No, ,3.000000000000000,Roy Trustee 2022 Ltd,Forest View Contracting
{CA7E6D3D-6B4D-4383-B6A4-AF44945EE4E9},3170.000000000000000,15/11.48,36.000000000000000,900.000000000000000,Yes,0.000000000000000,0.000000000000000,0.000000000000000,0.000000000000000,0.000000000000000,0.000000000000000,0.000000000000000,1.000000000000000,25/50,0.000000000000000,0.000000000000000,0.000000000000000,0.000000000000000,0.000000000000000,0.000000000000000,0.000000000000000,0.027777777777800,Spacing between trees just getting a bit wide for someone.,{3FA132D6-936A-4C90-AE1C-32C346B06712},29/07/2025 0:00:00, ,29/07/2025 0:00:00, ,No, ,3.000000000000000,Roy Trustee 2022 Ltd,Forest View Contracting
{971D7208-E0C2-4E44-B99C-BDC1B5BB9ADE},3172.000000000000000,5/11.31,41.000000000000000,1025.000000000000000,Yes,0.000000000000000,0.000000000000000,1.000000000000000,0.000000000000000,0.000000000000000,0.000000000000000,0.000000000000000,0.000000000000000,25/50,0.000000000000000,0.000000000000000,0.024390243902400,0.000000000000000,0.000000000000000,0.000000000000000,0.000000000000000,0.000000000000000, ,{784E4AF3-36AF-4436-A09C-BF0F1C3E57EF},29/07/2025 0:00:00, ,29/07/2025 0:00:00, ,No, ,3.000000000000000,Roy Trustee 2022 Ltd,Forest View Contracting
{671586AA-A474-4435-8538-18205E36F042},3182.000000000000000,5/11.31,38.000000000000000,950.000000000000000,No,0.000000000000000,0.000000000000000,0.000000000000000,0.000000000000000,0.000000000000000,0.000000000000000,0.000000000000000,0.000000000000000,25/50,0.000000000000000,0.000000000000000,0.000000000000000,0.000000000000000,0.000000000000000,0.000000000000000,0.000000000000000,0.000000000000000, ,{B216C4D1-5D64-4D88-9125-5C582975B222},29/07/2025 0:00:00, ,29/07/2025 0:00:00, ,No, ,0.000000000000000,Roy Trustee 2022 Ltd,Forest View Contracting
{60DA708B-551A-4B92-8AE9-BF5F6C234791},3190.000000000000000,10/11.37,40.000000000000000,1000.000000000000000,No,0.000000000000000,0.000000000000000,0.000000000000000,0.000000000000000,0.000000000000000,0.000000000000000,0.000000000000000,0.000000000000000,25/50,0.000000000000000,0.000000000000000,0.000000000000000,0.000000000000000,0.000000000000000,0.000000000000000,0.000000000000000,0.000000000000000, ,{23FC61B4-52B3-4628-AAE9-30B5CAAC3B46},29/07/2025 0:00:00, ,29/07/2025 0:00:00, ,No, ,0.000000000000000,Roy Trustee 2022 Ltd,Forest View Contracting
{F7FD3339-4681-4913-B538-2E247D6DE3DF},3192.000000000000000,5/11.31,40.000000000000000,1000.000000000000000,No,0.000000000000000,0.000000000000000,0.000000000000000,0.000000000000000,0.000000000000000,0.000000000000000,0.000000000000000,0.000000000000000,25/50,0.000000000000000,0.000000000000000,0.000000000000000,0.000000000000000,0.000000000000000,0.000000000000000,0.000000000000000,0.000000000000000, ,{EA52C861-2A80-41E9-A680-6AE84C441D21},29/07/2025 0:00:00, ,29/07/2025 0:00:00, ,No, ,0.000000000000000,Roy Trustee 2022 Ltd,Forest View Contracting
{3E2C491F-F45F-45ED-80F9-B10B09954226},3226.000000000000000,5/11.31,36.000000000000000,900.000000000000000,Yes,0.000000000000000,0.000000000000000,0.000000000000000,0.000000000000000,0.000000000000000,1.000000000000000,0.000000000000000,0.000000000000000,25/74,0.000000000000000,0.000000000000000,0.000000000000000,0.000000000000000,0.000000000000000,0.027777777777800,0.000000000000000,0.000000000000000, ,{03EA0078-319F-41B1-8560-32DA642E32AE},30/07/2025 0:00:00, ,30/07/2025 0:00:00, ,No, ,3.000000000000000,Roy Trustee 2022 Ltd,Proforest
{54AD004B-1B71-49A0-8341-1FA344757459},3230.000000000000000,5/11.31,38.000000000000000,950.000000000000000,Yes,0.000000000000000,0.000000000000000,0.000000000000000,0.000000000000000,0.000000000000000,1.000000000000000,0.000000000000000,0.000000000000000,25/74,0.000000000000000,0.000000000000000,0.000000000000000,0.000000000000000,0.000000000000000,0.026315789473700,0.000000000000000,0.000000000000000, ,{03EA0078-319F-41B1-8560-32DA642E32AE},30/07/2025 0:00:00, ,30/07/2025 0:00:00, ,No, ,3.000000000000000,Roy Trustee 2022 Ltd,Proforest
{6AC2535A-5D3B-46F3-ABEF-2BF307C62A74},3234.000000000000000,5/11.31,39.000000000000000,975.000000000000000,Yes,0.000000000000000,2.000000000000000,0.000000000000000,0.000000000000000,0.000000000000000,0.000000000000000,0.000000000000000,0.000000000000000,25/74,0.000000000000000,0.051282051282100,0.000000000000000,0.000000000000000,0.000000000000000,0.000000000000000,0.000000000000000,0.000000000000000, ,{03EA0078-319F-41B1-8560-32DA642E32AE},30/07/2025 0:00:00, ,30/07/2025 0:00:00, ,No, ,2.000000000000000,Roy Trustee 2022 Ltd,Proforest
{FFB4ED7F-7257-4053-BC30-BE82B26DF004},3232.000000000000000,20/11.64,37.000000000000000,925.000000000000000,No,0.000000000000000,0.000000000000000,0.000000000000000,0.000000000000000,0.000000000000000,0.000000000000000,0.000000000000000,0.000000000000000,25/74,0.000000000000000,0.000000000000000,0.000000000000000,0.000000000000000,0.000000000000000,0.000000000000000,0.000000000000000,0.000000000000000, ,{03EA0078-319F-41B1-8560-32DA642E32AE},30/07/2025 0:00:00, ,30/07/2025 0:00:00, ,No, ,0.000000000000000,Roy Trustee 2022 Ltd,Proforest
{79F87266-1E4E-4069-9445-76342666049F},3218.000000000000000,5/11.31,36.000000000000000,900.000000000000000,No,0.000000000000000,0.000000000000000,0.000000000000000,0.000000000000000,0.000000000000000,0.000000000000000,0.000000000000000,0.000000000000000,25/74,0.000000000000000,0.000000000000000,0.000000000000000,0.000000000000000,0.000000000000000,0.000000000000000,0.000000000000000,0.000000000000000, ,{03EA0078-319F-41B1-8560-32DA642E32AE},30/07/2025 0:00:00, ,30/07/2025 0:00:00, ,No, ,0.000000000000000,Roy Trustee 2022 Ltd,Proforest
{E83F960F-0558-4B6E-A1FF-2D8AFB717A9B},3222.000000000000000,10/11.37,36.000000000000000,900.000000000000000,No,0.000000000000000,0.000000000000000,0.000000000000000,0.000000000000000,0.000000000000000,0.000000000000000,0.000000000000000,0.000000000000000,25/74,0.000000000000000,0.000000000000000,0.000000000000000,0.000000000000000,0.000000000000000,0.000000000000000,0.000000000000000,0.000000000000000,Good planting,{03EA0078-319F-41B1-8560-32DA642E32AE},30/07/2025 0:00:00, ,30/07/2025 0:00:00, ,No, ,0.000000000000000,Roy Trustee 2022 Ltd,Proforest
{CC47422D-D9BA-4CC6-B435-53C45EBEC6A1},3216.000000000000000,10/11.37,39.000000000000000,975.000000000000000,Yes,0.000000000000000,1.000000000000000,0.000000000000000,0.000000000000000,0.000000000000000,1.000000000000000,0.000000000000000,0.000000000000000,25/74,0.000000000000000,0.025641025641000,0.000000000000000,0.000000000000000,0.000000000000000,0.025641025641000,0.000000000000000,0.000000000000000, ,{03EA0078-319F-41B1-8560-32DA642E32AE},30/07/2025 0:00:00, ,30/07/2025 0:00:00, ,No, ,4.000000000000000,Roy Trustee 2022 Ltd,Proforest
{E33946D1-9583-4094-8C88-A70D5BD7AC3A},3508.000000000000000,5/11.31,38.000000000000000,950.000000000000000,Yes,0.000000000000000,0.000000000000000,1.000000000000000,0.000000000000000,0.000000000000000,0.000000000000000,0.000000000000000,0.000000000000000,25/74,0.000000000000000,0.000000000000000,0.000000000000000,0.000000000000000,0.000000000000000,0.000000000000000,0.000000000000000,0.000000000000000, ,{03EA0078-319F-41B1-8560-32DA642E32AE},30/07/2025 0:00:00, ,30/07/2025 0:00:00, ,No, ,0.000000000000000,Roy Trustee 2022 Ltd,Proforest
{21F97EA6-1BD2-4346-B242-3ED2B0B5453A},3228.000000000000000,15/11.48,40.000000000000000,1000.000000000000000,Yes,0.000000000000000,1.000000000000000,1.000000000000000,0.000000000000000,0.000000000000000,0.000000000000000,0.000000000000000,0.000000000000000,25/74,0.000000000000000,0.025000000000000,0.025000000000000,0.000000000000000,0.000000000000000,0.000000000000000,0.000000000000000,0.000000000000000, ,{03EA0078-319F-41B1-8560-32DA642E32AE},30/07/2025 0:00:00, ,30/07/2025 0:00:00, ,No, ,4.000000000000000,Roy Trustee 2022 Ltd,Proforest
{F127472B-FEB9-477C-AEF2-B76FABD4EAA0},3200.000000000000000,5/11.31,42.000000000000000,1050.000000000000000,No,0.000000000000000,0.000000000000000,0.000000000000000,0.000000000000000,0.000000000000000,0.000000000000000,0.000000000000000,0.000000000000000,25/74,0.000000000000000,0.000000000000000,0.000000000000000,0.000000000000000,0.000000000000000,0.000000000000000,0.000000000000000,0.000000000000000, ,{03EA0078-319F-41B1-8560-32DA642E32AE},30/07/2025 0:00:00, ,30/07/2025 0:00:00, ,No, ,0.000000000000000,Roy Trustee 2022 Ltd,Proforest
{199901C0-36EC-4EE7-B32D-DF7961B94551},3204.000000000000000,5/11.31,39.000000000000000,975.000000000000000,No,0.000000000000000,0.000000000000000,0.000000000000000,0.000000000000000,0.000000000000000,0.000000000000000,0.000000000000000,0.000000000000000,25/74,0.000000000000000,0.000000000000000,0.000000000000000,0.000000000000000,0.000000000000000,0.000000000000000,0.000000000000000,0.000000000000000, ,{03EA0078-319F-41B1-8560-32DA642E32AE},30/07/2025 0:00:00, ,30/07/2025 0:00:00, ,No, ,0.000000000000000,Roy Trustee 2022 Ltd,Proforest
{825F142F-5335-46F4-9030-C1CF4B5D29B2},2266.000000000000000,5/11.31,37.000000000000000,925.000000000000000,No,0.000000000000000,0.000000000000000,0.000000000000000,0.000000000000000,0.000000000000000,0.000000000000000,0.000000000000000,0.000000000000000,25/30,0.000000000000000,0.000000000000000,0.000000000000000,0.000000000000000,0.000000000000000,0.000000000000000,0.000000000000000,0.000000000000000, ,{11EDC6EA-AF87-4A65-A8BE-9F1D6829FDD7},30/07/2025 0:00:00, ,30/07/2025 0:00:00, ,No, ,0.000000000000000,Roy Trustee 2022 Ltd,Johnson Forestry Services
{CDCB58B7-AA4E-4597-8EB9-871EAD7AE3CA},2222.000000000000000,5/11.31,30.000000000000000,750.000000000000000,Yes,0.000000000000000,0.000000000000000,0.000000000000000,0.000000000000000,0.000000000000000,1.000000000000000,0.000000000000000,0.000000000000000,25/30,0.000000000000000,0.000000000000000,0.000000000000000,0.000000000000000,0.000000000000000,0.033333333333300,0.000000000000000,0.000000000000000,Rows too wide,{11EDC6EA-AF87-4A65-A8BE-9F1D6829FDD7},30/07/2025 0:00:00, ,30/07/2025 0:00:00, ,No,Yes,3.000000000000000,Roy Trustee 2022 Ltd,Johnson Forestry Services
{1BD48A34-E444-4184-A360-79B247458D86},2246.000000000000000,10/11.37,42.000000000000000,1050.000000000000000,No,0.000000000000000,0.000000000000000,0.000000000000000,0.000000000000000,0.000000000000000,0.000000000000000,0.000000000000000,0.000000000000000,25/30,0.000000000000000,0.000000000000000,0.000000000000000,0.000000000000000,0.000000000000000,0.000000000000000,0.000000000000000,0.000000000000000, ,{11EDC6EA-AF87-4A65-A8BE-9F1D6829FDD7},30/07/2025 0:00:00, ,30/07/2025 0:00:00, ,No, ,0.000000000000000,Roy Trustee 2022 Ltd,Johnson Forestry Services
{2B9EFF28-989B-40F7-A3EA-ED89141CCFD3},2264.000000000000000,20/11.64,42.000000000000000,1050.000000000000000,No,0.000000000000000,0.000000000000000,0.000000000000000,0.000000000000000,0.000000000000000,0.000000000000000,0.000000000000000,0.000000000000000,25/30,0.000000000000000,0.000000000000000,0.000000000000000,0.000000000000000,0.000000000000000,0.000000000000000,0.000000000000000,0.000000000000000, ,{11EDC6EA-AF87-4A65-A8BE-9F1D6829FDD7},30/07/2025 0:00:00, ,30/07/2025 0:00:00, ,No, ,0.000000000000000,Roy Trustee 2022 Ltd,Johnson Forestry Services
{8E9AB40B-5C9A-4EC1-B42C-57B90E0F8AFB},2242.000000000000000,15/11.48,45.000000000000000,1125.000000000000000,No,0.000000000000000,0.000000000000000,0.000000000000000,0.000000000000000,0.000000000000000,0.000000000000000,0.000000000000000,0.000000000000000,25/30,0.000000000000000,0.000000000000000,0.000000000000000,0.000000000000000,0.000000000000000,0.000000000000000,0.000000000000000,0.000000000000000, ,{11EDC6EA-AF87-4A65-A8BE-9F1D6829FDD7},30/07/2025 0:00:00, ,30/07/2025 0:00:00, ,No,No,0.000000000000000,Roy Trustee 2022 Ltd,Johnson Forestry Services
{51F43729-E959-4981-B1B4-FA078B55AE68},2302.000000000000000,0/11.31,39.000000000000000,975.000000000000000,No,0.000000000000000,0.000000000000000,0.000000000000000,0.000000000000000,0.000000000000000,0.000000000000000,0.000000000000000,0.000000000000000,25/30,0.000000000000000,0.000000000000000,0.000000000000000,0.000000000000000,0.000000000000000,0.000000000000000,0.000000000000000,0.000000000000000, ,{11EDC6EA-AF87-4A65-A8BE-9F1D6829FDD7},30/07/2025 0:00:00, ,30/07/2025 0:00:00, ,No, ,0.000000000000000,Roy Trustee 2022 Ltd,Johnson Forestry Services
{3B325654-23A1-4E28-948C-92E5207EC139},2260.000000000000000,10/11.37,45.000000000000000,1125.000000000000000,No,0.000000000000000,0.000000000000000,0.000000000000000,0.000000000000000,0.000000000000000,0.000000000000000,0.000000000000000,0.000000000000000,25/30,0.000000000000000,0.000000000000000,0.000000000000000,0.000000000000000,0.000000000000000,0.000000000000000,0.000000000000000,0.000000000000000, ,{11EDC6EA-AF87-4A65-A8BE-9F1D6829FDD7},30/07/2025 0:00:00, ,30/07/2025 0:00:00, ,No,No,0.000000000000000,Roy Trustee 2022 Ltd,Johnson Forestry Services
{FFFDE2CC-700A-42EF-884E-E2F06086A275},2262.000000000000000,5/11.31,41.000000000000000,1025.000000000000000,Yes,0.000000000000000,0.000000000000000,1.000000000000000,0.000000000000000,0.000000000000000,0.000000000000000,0.000000000000000,0.000000000000000,25/30,0.000000000000000,0.000000000000000,0.024390243902400,0.000000000000000,0.000000000000000,0.000000000000000,0.000000000000000,0.000000000000000, ,{11EDC6EA-AF87-4A65-A8BE-9F1D6829FDD7},30/07/2025 0:00:00, ,30/07/2025 0:00:00, ,No, ,3.000000000000000,Roy Trustee 2022 Ltd,Johnson Forestry Services
{7300EC83-AE4F-44EF-8370-7746225F9DC7},2220.000000000000000,5/11.31,37.000000000000000,925.000000000000000,No,0.000000000000000,0.000000000000000,0.000000000000000,0.000000000000000,0.000000000000000,0.000000000000000,0.000000000000000,0.000000000000000,25/30,0.000000000000000,0.000000000000000,0.000000000000000,0.000000000000000,0.000000000000000,0.000000000000000,0.000000000000000,0.000000000000000, ,{11EDC6EA-AF87-4A65-A8BE-9F1D6829FDD7},30/07/2025 0:00:00, ,30/07/2025 0:00:00, ,No, ,0.000000000000000,Roy Trustee 2022 Ltd,Johnson Forestry Services
{5AE5A01B-F795-408E-935F-3CF065026FF1},3196.000000000000000,15/11.48,40.000000000000000,1000.000000000000000,Yes,0.000000000000000,0.000000000000000,1.000000000000000,0.000000000000000,0.000000000000000,0.000000000000000,0.000000000000000,0.000000000000000,25/50,0.000000000000000,0.000000000000000,0.025000000000000,0.000000000000000,0.000000000000000,0.000000000000000,0.000000000000000,0.000000000000000,Bushy trees with big root clusters.,{B1CDAAC1-EB48-4D97-9635-E39249A84169},30/07/2025 0:00:00, ,30/07/2025 0:00:00, ,No, ,3.000000000000000,Roy Trustee 2022 Ltd,Forest View Contracting
{FAF4A245-38E7-443A-B74D-98476F9CCCD2},3180.000000000000000,10/11.37,42.000000000000000,1050.000000000000000,Yes,0.000000000000000,1.000000000000000,0.000000000000000,0.000000000000000,0.000000000000000,0.000000000000000,0.000000000000000,0.000000000000000,25/50,0.000000000000000,0.023809523809500,0.000000000000000,0.000000000000000,0.000000000000000,0.000000000000000,0.000000000000000,0.000000000000000, ,{BBB1A44A-77C3-45CD-BE4F-5497C811570B},30/07/2025 0:00:00, ,30/07/2025 0:00:00, ,No, ,1.000000000000000,Roy Trustee 2022 Ltd,Forest View Contracting
{600BC50B-C625-49EC-B5F8-817C454DA383},3166.000000000000000,5/11.31,40.000000000000000,1000.000000000000000,No,0.000000000000000,0.000000000000000,0.000000000000000,0.000000000000000,0.000000000000000,0.000000000000000,0.000000000000000,0.000000000000000,25/50,0.000000000000000,0.000000000000000,0.000000000000000,0.000000000000000,0.000000000000000,0.000000000000000,0.000000000000000,0.000000000000000, ,{49496E6F-6E93-4C14-BA77-5E019D345043},30/07/2025 0:00:00, ,30/07/2025 0:00:00, ,No, ,0.000000000000000,Roy Trustee 2022 Ltd,Forest View Contracting
{BB000D16-E07B-4C44-8238-47DC1FB341C8},3198.000000000000000,20/11.64,42.000000000000000,1050.000000000000000,No,0.000000000000000,0.000000000000000,0.000000000000000,0.000000000000000,0.000000000000000,0.000000000000000,0.000000000000000,0.000000000000000,25/59,0.000000000000000,0.000000000000000,0.000000000000000,0.000000000000000,0.000000000000000,0.000000000000000,0.000000000000000,0.000000000000000, ,{1B66FF6A-F814-453B-BBA3-A72D1B63EF91},30/07/2025 0:00:00, ,30/07/2025 0:00:00, ,No, ,0.000000000000000,Roy Trustee 2022 Ltd,Forest View Contracting
{7DEB63CE-A8C2-4088-A5E9-10CE07EACE93},3188.000000000000000,5/11.31,39.000000000000000,975.000000000000000,Yes,0.000000000000000,1.000000000000000,0.000000000000000,0.000000000000000,0.000000000000000,0.000000000000000,0.000000000000000,0.000000000000000,25/59,0.000000000000000,0.025641025641000,0.000000000000000,0.000000000000000,0.000000000000000,0.000000000000000,0.000000000000000,0.000000000000000, ,{E8CD0294-0C44-4E2D-9452-7BC04B775CBE},30/07/2025 0:00:00, ,30/07/2025 0:00:00, ,No, ,1.000000000000000,Roy Trustee 2022 Ltd,Forest View Contracting
{22304302-55AF-4871-AC24-A072EDBA57CD},3164.000000000000000,10/11.37,38.000000000000000,950.000000000000000,No,0.000000000000000,0.000000000000000,0.000000000000000,0.000000000000000,0.000000000000000,0.000000000000000,0.000000000000000,0.000000000000000,25/59,0.000000000000000,0.000000000000000,0.000000000000000,0.000000000000000,0.000000000000000,0.000000000000000,0.000000000000000,0.000000000000000, ,{AAD142DE-9B18-4F82-BE56-5D75948253F2},30/07/2025 0:00:00, ,30/07/2025 0:00:00, ,No, ,0.000000000000000,Roy Trustee 2022 Ltd,Forest View Contracting
{E19A3901-44FD-4830-9B81-C5A8908E401E},3146.000000000000000,5/11.31,40.000000000000000,1000.000000000000000,Yes,0.000000000000000,0.000000000000000,0.000000000000000,0.000000000000000,1.000000000000000,0.000000000000000,0.000000000000000,0.000000000000000,25/59,0.000000000000000,0.000000000000000,0.000000000000000,0.000000000000000,0.025000000000000,0.000000000000000,0.000000000000000,0.000000000000000, ,{7112492F-8056-48EC-99D2-16EDD6384D87},30/07/2025 0:00:00, ,30/07/2025 0:00:00, ,No, ,3.000000000000000,Roy Trustee 2022 Ltd,Forest View Contracting
{6A2644C5-1655-4015-AF6E-B6165EEE6211},3152.000000000000000,5/11.31,39.000000000000000,975.000000000000000,Yes,0.000000000000000,1.000000000000000,0.000000000000000,0.000000000000000,0.000000000000000,0.000000000000000,0.000000000000000,0.000000000000000,25/59,0.000000000000000,0.025641025641000,0.000000000000000,0.000000000000000,0.000000000000000,0.000000000000000,0.000000000000000,0.000000000000000, ,{311585F5-6E09-4050-B920-9DE38517919B},30/07/2025 0:00:00, ,30/07/2025 0:00:00, ,No, ,1.000000000000000,Roy Trustee 2022 Ltd,Forest View Contracting
{9273846E-93E1-475E-88B8-FBBE77AE2280},3160.000000000000000,5/11.31,37.000000000000000,925.000000000000000,No,0.000000000000000,0.000000000000000,0.000000000000000,0.000000000000000,0.000000000000000,0.000000000000000,0.000000000000000,0.000000000000000,25/59,0.000000000000000,0.000000000000000,0.000000000000000,0.000000000000000,0.000000000000000,0.000000000000000,0.000000000000000,0.000000000000000, ,{AA9C6761-7081-4F44-BBD8-F9B3DF7BC81A},30/07/2025 0:00:00, ,30/07/2025 0:00:00, ,No, ,0.000000000000000,Roy Trustee 2022 Ltd,Forest View Contracting
{0782D67F-DA00-4439-8E5A-FBE9A4A250B1},2254.000000000000000,25/11.85,39.000000000000000,0.000000000000000,Yes,0.000000000000000,0.000000000000000,1.000000000000000,0.000000000000000,0.000000000000000,0.000000000000000,0.000000000000000,0.000000000000000,25/30,0.000000000000000,0.000000000000000,0.025641025641000,0.000000000000000,0.000000000000000,0.000000000000000,0.000000000000000,0.000000000000000, ,{E42DF7DD-A46C-42F3-9EB9-41059EC307DE},31/07/2025 0:00:00, ,31/07/2025 0:00:00, ,No, ,0.000000000000000,Roy Trustee 2022 Ltd,Johnson Forestry Services
{D77A6A20-1513-4ABF-B634-62D324897CBE},2278.000000000000000,15/11.48,49.000000000000000,1225.000000000000000,Yes,1.000000000000000,0.000000000000000,0.000000000000000,0.000000000000000,0.000000000000000,0.000000000000000,0.000000000000000,1.000000000000000,25/30,0.020408163265300,0.000000000000000,0.000000000000000,0.000000000000000,0.000000000000000,0.000000000000000,0.000000000000000,0.020408163265300, ,{E42DF7DD-A46C-42F3-9EB9-41059EC307DE},31/07/2025 0:00:00, ,31/07/2025 0:00:00, ,No,Yes,4.000000000000000,Roy Trustee 2022 Ltd,Johnson Forestry Services
{8CEC07E7-D167-4CCE-A5BD-45CB26562792},2556.000000000000000,25/11.85,37.000000000000000,925.000000000000000,No,0.000000000000000,0.000000000000000,0.000000000000000,0.000000000000000,0.000000000000000,0.000000000000000,0.000000000000000,0.000000000000000,25/30,0.000000000000000,0.000000000000000,0.000000000000000,0.000000000000000,0.000000000000000,0.000000000000000,0.000000000000000,0.000000000000000, ,{E42DF7DD-A46C-42F3-9EB9-41059EC307DE},31/07/2025 0:00:00, ,31/07/2025 0:00:00, ,No, ,0.000000000000000,Roy Trustee 2022 Ltd,Johnson Forestry Services
{EF43B534-D412-418E-BCA3-9F846747146E},2238.000000000000000,25/11.85,40.000000000000000,1000.000000000000000,No,0.000000000000000,0.000000000000000,0.000000000000000,0.000000000000000,0.000000000000000,0.000000000000000,0.000000000000000,0.000000000000000,25/30,0.000000000000000,0.000000000000000,0.000000000000000,0.000000000000000,0.000000000000000,0.000000000000000,0.000000000000000,0.000000000000000, ,{E42DF7DD-A46C-42F3-9EB9-41059EC307DE},31/07/2025 0:00:00, ,31/07/2025 0:00:00, ,No, ,0.000000000000000,Roy Trustee 2022 Ltd,Johnson Forestry Services
{F7579370-E10F-48A5-AF74-10ACEF982FC6},2296.000000000000000,15/11.48,43.000000000000000,1075.000000000000000,No,0.000000000000000,0.000000000000000,0.000000000000000,0.000000000000000,0.000000000000000,0.000000000000000,0.000000000000000,0.000000000000000,25/30,0.000000000000000,0.000000000000000,0.000000000000000,0.000000000000000,0.000000000000000,0.000000000000000,0.000000000000000,0.000000000000000, ,{E42DF7DD-A46C-42F3-9EB9-41059EC307DE},31/07/2025 0:00:00, ,31/07/2025 0:00:00, ,No, ,0.000000000000000,Roy Trustee 2022 Ltd,Johnson Forestry Services
{F16C8326-D380-4B94-A9A5-0D0346E80844},1080.000000000000000,15/11.48,41.000000000000000,0.000000000000000,Yes,0.000000000000000,1.000000000000000,0.000000000000000,0.000000000000000,0.000000000000000,0.000000000000000,0.000000000000000,0.000000000000000,25/71,0.000000000000000,0.024390243902400,0.000000000000000,0.000000000000000,0.000000000000000,0.000000000000000,0.000000000000000,0.000000000000000, ,{695EFA65-2511-4001-9ACE-012FEA273314},31/07/2025 0:00:00, ,31/07/2025 0:00:00, ,No, ,1.000000000000000,Roy Trustee 2022 Ltd,Forest View Contracting
{62B97ECC-7D2E-4413-9D1F-6B528721C8F8},2012.000000000000000,15/11.48,42.000000000000000,1050.000000000000000,Yes,0.000000000000000,1.000000000000000,1.000000000000000,0.000000000000000,0.000000000000000,0.000000000000000,0.000000000000000,0.000000000000000,25/73,0.000000000000000,0.023809523809500,0.023809523809500,0.000000000000000,0.000000000000000,0.000000000000000,0.000000000000000,0.000000000000000, ,{370FFBA0-FA02-4153-89AE-BEEE50747649},31/07/2025 0:00:00, ,31/07/2025 0:00:00, ,No, ,4.000000000000000,Roy Trustee 2022 Ltd,Proforest
{EFC96A72-8EA9-412D-807A-18591F4576D6},138.000000000000000,5/11.31,42.000000000000000,0.000000000000000,Yes,0.000000000000000,0.000000000000000,1.000000000000000,0.000000000000000,0.000000000000000,0.000000000000000,0.000000000000000,0.000000000000000,25/65,0.000000000000000,0.000000000000000,0.023809523809500,0.000000000000000,0.000000000000000,0.000000000000000,0.000000000000000,0.000000000000000, ,{E55EFC82-3E70-42DE-83BE-5B1CA8098C7F},31/07/2025 0:00:00, ,31/07/2025 0:00:00, ,No, ,3.000000000000000,Roy Trustee 2022 Ltd,Proforest
{970D84F4-0AD4-4C2E-9863-D18C76C62C59},156.000000000000000,10/11.37,39.000000000000000,975.000000000000000,Yes,0.000000000000000,1.000000000000000,0.000000000000000,0.000000000000000,0.000000000000000,0.000000000000000,1.000000000000000,0.000000000000000,25/65,0.000000000000000,0.000000000000000,0.000000000000000,0.000000000000000,0.000000000000000,0.000000000000000,0.025641025641000,0.000000000000000, ,{E55EFC82-3E70-42DE-83BE-5B1CA8098C7F},31/07/2025 0:00:00, ,31/07/2025 0:00:00, ,No, ,3.000000000000000,Roy Trustee 2022 Ltd,Proforest
{9CBC34CA-162C-4B0A-AE5C-6C8E212987D9},3176.000000000000000,5/11.31,39.000000000000000,975.000000000000000,Yes,0.000000000000000,0.000000000000000,2.000000000000000,0.000000000000000,0.000000000000000,0.000000000000000,0.000000000000000,0.000000000000000,25/59,0.000000000000000,0.000000000000000,0.051282051282100,0.000000000000000,0.000000000000000,0.000000000000000,0.000000000000000,0.000000000000000,Long roots on the two tree faulted. Checked some extra's on rows effected no faults.,{ED891FF4-BF33-449C-AF6D-08725C0EEE81},31/07/2025 0:00:00, ,31/07/2025 0:00:00, ,No, ,6.000000000000000,Roy Trustee 2022 Ltd,Forest View Contracting
{953E9FFC-5BCE-48DA-86ED-830FF2AACCC7},3174.000000000000000,10/11.37,38.000000000000000,950.000000000000000,Yes,0.000000000000000,1.000000000000000,0.000000000000000,0.000000000000000,0.000000000000000,0.000000000000000,0.000000000000000,0.000000000000000,25/59,0.000000000000000,0.026315789473700,0.000000000000000,0.000000000000000,0.000000000000000,0.000000000000000,0.000000000000000,0.000000000000000, ,{F3F8F4E6-10C4-4FA3-817F-3C8FB413014B},31/07/2025 0:00:00, ,31/07/2025 0:00:00, ,No, ,1.000000000000000,Roy Trustee 2022 Ltd,Forest View Contracting
{4605B1AB-C1CF-4E35-8AB6-AD9FF6B85DE1},3162.000000000000000,10/11.37,41.000000000000000,1025.000000000000000,Yes,0.000000000000000,0.000000000000000,1.000000000000000,0.000000000000000,0.000000000000000,1.000000000000000,0.000000000000000,0.000000000000000,25/59,0.000000000000000,0.000000000000000,0.024390243902400,0.000000000000000,0.000000000000000,0.024390243902400,0.000000000000000,0.000000000000000, ,{CB91DB68-E8D0-4DA2-A8D6-D95D8AA4EE17},31/07/2025 0:00:00, ,31/07/2025 0:00:00, ,No, ,6.000000000000000,Roy Trustee 2022 Ltd,Forest View Contracting
{5E0B54A7-1704-4B5B-8062-1798E3853EFE},3178.000000000000000,20/11.64,41.000000000000000,1025.000000000000000,Yes,0.000000000000000,0.000000000000000,1.000000000000000,0.000000000000000,0.000000000000000,0.000000000000000,0.000000000000000,0.000000000000000,25/59,0.000000000000000,0.000000000000000,0.024390243902400,0.000000000000000,0.000000000000000,0.000000000000000,0.000000000000000,0.000000000000000,One bloody gorse bush by plot but seven live bush's along face east of plot,{C75C8374-1E4C-4E13-8891-E5602839270C},31/07/2025 0:00:00, ,31/07/2025 0:00:00, ,No, ,3.000000000000000,Roy Trustee 2022 Ltd,Forest View Contracting
{89486CA0-4627-4C51-8BB5-6C56D085F939},3186.000000000000000,15/11.48,39.000000000000000,975.000000000000000,No,0.000000000000000,0.000000000000000,0.000000000000000,0.000000000000000,0.000000000000000,0.000000000000000,0.000000000000000,0.000000000000000,25/59,0.000000000000000,0.000000000000000,0.000000000000000,0.000000000000000,0.000000000000000,0.000000000000000,0.000000000000000,0.000000000000000, ,{1CD6C181-0BEF-4E8E-858F-529E2E94600F},31/07/2025 0:00:00, ,31/07/2025 0:00:00, ,No, ,0.000000000000000,Roy Trustee 2022 Ltd,Forest View Contracting
{58232B41-3A62-4A27-9226-4FBE93DD755B},3194.000000000000000,15/11.48,37.000000000000000,925.000000000000000,No,0.000000000000000,0.000000000000000,0.000000000000000,0.000000000000000,0.000000000000000,0.000000000000000,0.000000000000000,0.000000000000000,25/59,0.000000000000000,0.000000000000000,0.000000000000000,0.000000000000000,0.000000000000000,0.000000000000000,0.000000000000000,0.000000000000000, ,{CAD573DC-022A-43B7-A836-8F50E8CA85AC},31/07/2025 0:00:00, ,31/07/2025 0:00:00, ,No, ,0.000000000000000,Roy Trustee 2022 Ltd,Forest View Contracting
{BBE390CB-C64B-4306-B7CD-3847A8B58F5B},3184.000000000000000,30/12.13,43.000000000000000,1075.000000000000000,Yes,0.000000000000000,0.000000000000000,1.000000000000000,0.000000000000000,1.000000000000000,0.000000000000000,0.000000000000000,0.000000000000000,25/59,0.000000000000000,0.000000000000000,0.023255813953500,0.000000000000000,0.023255813953500,0.000000000000000,0.000000000000000,0.000000000000000, ,{02F80953-35F1-47C7-B7F6-6F54826F3FA4},31/07/2025 0:00:00, ,31/07/2025 0:00:00, ,No, ,6.000000000000000,Roy Trustee 2022 Ltd,Forest View Contracting
{B345398D-33AE-47AF-8316-B828C1BDEB4D},1964.000000000000000,25/11.85,41.000000000000000,1025.000000000000000,Yes,1.000000000000000,0.000000000000000,0.000000000000000,0.000000000000000,0.000000000000000,1.000000000000000,0.000000000000000,0.000000000000000,25/69,0.024390243902400,0.000000000000000,0.000000000000000,0.000000000000000,0.000000000000000,0.024390243902400,0.000000000000000,0.000000000000000, ,{6D96E6CB-ED4B-43AA-AC5F-38EC2B677B6B},2/08/2025 0:00:00, ,2/08/2025 0:00:00, ,No, ,4.000000000000000,Roy Trustee 2022 Ltd,Proforest
{EE3F5614-1587-4A5E-8F37-AC46B41A22FD},1956.000000000000000,20/11.64,46.000000000000000,1150.000000000000000,Yes,0.000000000000000,0.000000000000000,0.000000000000000,0.000000000000000,0.000000000000000,1.000000000000000,0.000000000000000,0.000000000000000,25/69,0.000000000000000,0.000000000000000,0.000000000000000,0.000000000000000,0.000000000000000,0.021739130434800,0.000000000000000,0.000000000000000, ,{6D96E6CB-ED4B-43AA-AC5F-38EC2B677B6B},2/08/2025 0:00:00, ,2/08/2025 0:00:00, ,No,No,3.000000000000000,Roy Trustee 2022 Ltd,Proforest
{F8C534F0-1D4F-4940-B255-D966925F148E},1956.000000000000000,20/11.64,36.000000000000000,900.000000000000000,Yes,2.000000000000000,0.000000000000000,0.000000000000000,0.000000000000000,0.000000000000000,0.000000000000000,1.000000000000000,0.000000000000000,25/69,0.055555555555600,0.000000000000000,0.000000000000000,0.000000000000000,0.000000000000000,0.000000000000000,0.027777777777800,0.000000000000000, ,{6D96E6CB-ED4B-43AA-AC5F-38EC2B677B6B},2/08/2025 0:00:00, ,2/08/2025 0:00:00, ,No, ,5.000000000000000,Roy Trustee 2022 Ltd,Proforest
{EE5BC5A0-909A-4858-A961-44D0007126A2},1934.000000000000000,15/11.48,44.000000000000000,1100.000000000000000,Yes,1.000000000000000,0.000000000000000,1.000000000000000,0.000000000000000,0.000000000000000,0.000000000000000,0.000000000000000,0.000000000000000,25/69,0.022727272727300,0.000000000000000,0.022727272727300,0.000000000000000,0.000000000000000,0.000000000000000,0.000000000000000,0.000000000000000,Some shallower trees but area doesnt have much topsoil,{6D96E6CB-ED4B-43AA-AC5F-38EC2B677B6B},2/08/2025 0:00:00, ,2/08/2025 0:00:00, ,No, ,4.000000000000000,Roy Trustee 2022 Ltd,Proforest
{B7C2DD36-095D-4549-A057-8D68734FFD52},1932.000000000000000,20/11.64,38.000000000000000,950.000000000000000,Yes,2.000000000000000,1.000000000000000,0.000000000000000,0.000000000000000,0.000000000000000,1.000000000000000,0.000000000000000,0.000000000000000,25/69,0.052631578947400,0.026315789473700,0.000000000000000,0.000000000000000,0.000000000000000,0.026315789473700,0.000000000000000,0.000000000000000, ,{6D96E6CB-ED4B-43AA-AC5F-38EC2B677B6B},2/08/2025 0:00:00, ,2/08/2025 0:00:00, ,No, ,6.000000000000000,Roy Trustee 2022 Ltd,Proforest
{EC8B3082-E428-4B91-B1C0-1830B3AED20D},1916.000000000000000,10/11.37,39.000000000000000,975.000000000000000,Yes,0.000000000000000,0.000000000000000,0.000000000000000,0.000000000000000,0.000000000000000,1.000000000000000,0.000000000000000,0.000000000000000,25/69,0.000000000000000,0.000000000000000,0.000000000000000,0.000000000000000,0.000000000000000,0.025641025641000,0.000000000000000,0.000000000000000, ,{6D96E6CB-ED4B-43AA-AC5F-38EC2B677B6B},2/08/2025 0:00:00, ,2/08/2025 0:00:00, ,No, ,3.000000000000000,Roy Trustee 2022 Ltd,Proforest
{3F08CD88-2E67-47E1-93FB-4E7CD7685ECE},1948.000000000000000,25/11.85,33.000000000000000,825.000000000000000,Yes,0.000000000000000,0.000000000000000,0.000000000000000,0.000000000000000,0.000000000000000,1.000000000000000,0.000000000000000,0.000000000000000,25/69,0.000000000000000,0.000000000000000,0.000000000000000,0.000000000000000,0.000000000000000,0.030303030303000,0.000000000000000,0.000000000000000,Very rocky area. Trees in where they could go,{6D96E6CB-ED4B-43AA-AC5F-38EC2B677B6B},2/08/2025 0:00:00, ,2/08/2025 0:00:00, ,No,No,3.000000000000000,Roy Trustee 2022 Ltd,Proforest
{B3954925-3EBF-45D4-BBB6-B1E1F4E44EB3},1920.000000000000000,15/11.48,42.000000000000000,1050.000000000000000,Yes,0.000000000000000,0.000000000000000,0.000000000000000,0.000000000000000,0.000000000000000,0.000000000000000,1.000000000000000,0.000000000000000,25/69,0.000000000000000,0.000000000000000,0.000000000000000,0.000000000000000,0.000000000000000,0.000000000000000,0.023809523809500,0.000000000000000, ,{6D96E6CB-ED4B-43AA-AC5F-38EC2B677B6B},2/08/2025 0:00:00, ,2/08/2025 0:00:00, ,No, ,3.000000000000000,Roy Trustee 2022 Ltd,Proforest
{BFA31318-21FD-4704-BAA2-DE5EE56530B8},1918.000000000000000,20/11.64,36.000000000000000,900.000000000000000,Yes,0.000000000000000,0.000000000000000,0.000000000000000,0.000000000000000,0.000000000000000,0.000000000000000,2.000000000000000,0.000000000000000,25/69,0.000000000000000,0.000000000000000,0.000000000000000,0.000000000000000,0.000000000000000,0.000000000000000,0.055555555555600,0.000000000000000, ,{6D96E6CB-ED4B-43AA-AC5F-38EC2B677B6B},2/08/2025 0:00:00, ,2/08/2025 0:00:00, ,No, ,6.000000000000000,Roy Trustee 2022 Ltd,Proforest
{9CFDC9B6-565B-4A33-AD17-465D45D59314},1936.000000000000000,20/11.64,40.000000000000000,1000.000000000000000,No,0.000000000000000,0.000000000000000,0.000000000000000,0.000000000000000,0.000000000000000,0.000000000000000,0.000000000000000,0.000000000000000,25/69,0.000000000000000,0.000000000000000,0.000000000000000,0.000000000000000,0.000000000000000,0.000000000000000,0.000000000000000,0.000000000000000, ,{6D96E6CB-ED4B-43AA-AC5F-38EC2B677B6B},2/08/2025 0:00:00, ,2/08/2025 0:00:00, ,No, ,0.000000000000000,Roy Trustee 2022 Ltd,Proforest
{1F5BC249-5255-4851-877C-E2F757077C7D},1922.000000000000000,20/11.64,48.000000000000000,1200.000000000000000,Yes,1.000000000000000,0.000000000000000,0.000000000000000,0.000000000000000,0.000000000000000,1.000000000000000,0.000000000000000,0.000000000000000,25/69,0.020833333333300,0.000000000000000,0.000000000000000,0.000000000000000,0.000000000000000,0.020833333333300,0.000000000000000,0.000000000000000,A couple close lines. Appears to be isolated to this one slope,{6D96E6CB-ED4B-43AA-AC5F-38EC2B677B6B},2/08/2025 0:00:00, ,2/08/2025 0:00:00, ,No,No,4.000000000000000,Roy Trustee 2022 Ltd,Proforest
{18FD8339-6D04-4260-820E-3A48AC6FF0FE},130.000000000000000,10/11.37,44.000000000000000,1100.000000000000000,Yes,1.000000000000000,1.000000000000000,1.000000000000000,0.000000000000000,0.000000000000000,0.000000000000000,0.000000000000000,0.000000000000000,25/65,0.022727272727300,0.022727272727300,0.022727272727300,0.000000000000000,0.000000000000000,0.000000000000000,0.000000000000000,0.000000000000000, ,{6FF3A3A1-D035-4D6E-84C9-0558A562FEE6},2/08/2025 0:00:00, ,2/08/2025 0:00:00, ,No, ,5.000000000000000,Roy Trustee 2022 Ltd,Proforest
{5DB271A1-8DEA-4367-8727-9833D52A0C08},3204.000000000000000,5/11.31,38.000000000000000,950.000000000000000,Yes,1.000000000000000,1.000000000000000,0.000000000000000,0.000000000000000,0.000000000000000,0.000000000000000,1.000000000000000,0.000000000000000,25/74,0.026315789473700,0.026315789473700,0.000000000000000,0.000000000000000,0.000000000000000,0.000000000000000,0.026315789473700,0.000000000000000, ,{9C6E775E-21E7-4D5F-99B5-EBBE4509DD22},2/08/2025 0:00:00, ,2/08/2025 0:00:00, ,No, ,5.000000000000000,Roy Trustee 2022 Ltd,Proforest
{61AF2F3C-87EC-4741-AC00-AD403A133E32},3206.000000000000000,5/11.31,40.000000000000000,1000.000000000000000,Yes,0.000000000000000,2.000000000000000,0.000000000000000,0.000000000000000,0.000000000000000,0.000000000000000,0.000000000000000,0.000000000000000,25/74,0.000000000000000,0.050000000000000,0.000000000000000,0.000000000000000,0.000000000000000,0.000000000000000,0.000000000000000,0.000000000000000, ,{9C6E775E-21E7-4D5F-99B5-EBBE4509DD22},2/08/2025 0:00:00, ,2/08/2025 0:00:00, ,No, ,2.000000000000000,Roy Trustee 2022 Ltd,Proforest
{F8574C72-4268-4BEE-BD95-97457BA8E0B5},3214.000000000000000,10/11.37,45.000000000000000,1125.000000000000000,Yes,0.000000000000000,2.000000000000000,0.000000000000000,0.000000000000000,0.000000000000000,1.000000000000000,0.000000000000000,0.000000000000000,25/74,0.000000000000000,0.044444444444400,0.000000000000000,0.000000000000000,0.000000000000000,0.022222222222200,0.000000000000000,0.000000000000000, ,{9C6E775E-21E7-4D5F-99B5-EBBE4509DD22},2/08/2025 0:00:00, ,2/08/2025 0:00:00, ,No,No,5.000000000000000,Roy Trustee 2022 Ltd,Proforest
{EC6DA2E2-7E98-445C-B060-A1090331C5D0},3220.000000000000000,10/11.37,48.000000000000000,1200.000000000000000,Yes,0.000000000000000,1.000000000000000,0.000000000000000,0.000000000000000,0.000000000000000,1.000000000000000,0.000000000000000,0.000000000000000,25/74,0.000000000000000,0.020833333333300,0.000000000000000,0.000000000000000,0.000000000000000,0.020833333333300,0.000000000000000,0.000000000000000, ,{9C6E775E-21E7-4D5F-99B5-EBBE4509DD22},2/08/2025 0:00:00, ,2/08/2025 0:00:00, ,No,No,4.000000000000000,Roy Trustee 2022 Ltd,Proforest
{48DE752C-BED3-4DA2-B103-D9ED51A7F182},3212.000000000000000,15/11.48,44.000000000000000,1100.000000000000000,Yes,0.000000000000000,1.000000000000000,0.000000000000000,0.000000000000000,0.000000000000000,0.000000000000000,0.000000000000000,0.000000000000000,25/74,0.000000000000000,0.022727272727300,0.000000000000000,0.000000000000000,0.000000000000000,0.000000000000000,0.000000000000000,0.000000000000000, ,{9C6E775E-21E7-4D5F-99B5-EBBE4509DD22},2/08/2025 0:00:00, ,2/08/2025 0:00:00, ,No, ,1.000000000000000,Roy Trustee 2022 Ltd,Proforest
{12DF636B-5F87-43C8-88AE-92D6BD7359D1},3210.000000000000000,10/11.37,41.000000000000000,1025.000000000000000,Yes,0.000000000000000,0.000000000000000,0.000000000000000,0.000000000000000,1.000000000000000,0.000000000000000,0.000000000000000,0.000000000000000,25/74,0.000000000000000,0.000000000000000,0.000000000000000,0.000000000000000,0.024390243902400,0.000000000000000,0.000000000000000,0.000000000000000,Long roots exposed,{9C6E775E-21E7-4D5F-99B5-EBBE4509DD22},2/08/2025 0:00:00, ,2/08/2025 0:00:00, ,No, ,3.000000000000000,Roy Trustee 2022 Ltd,Proforest
{DCB274C8-9F9C-44E1-8D74-469DFBAE8C64},2234.000000000000000,15/11.48,38.000000000000000,950.000000000000000,No,0.000000000000000,0.000000000000000,0.000000000000000,0.000000000000000,0.000000000000000,0.000000000000000,0.000000000000000,0.000000000000000,25/30,0.000000000000000,0.000000000000000,0.000000000000000,0.000000000000000,0.000000000000000,0.000000000000000,0.000000000000000,0.000000000000000,Long sprayed grass. 2 marginal trees counted as in,{A35CE835-8784-4F47-8146-3F1DD72C99AA},3/08/2025 0:00:00, ,3/08/2025 0:00:00, ,No, ,0.000000000000000,Roy Trustee 2022 Ltd,Johnson Forestry Services
{EEF904B6-866A-4303-98BD-749F7A754AF2},2336.000000000000000,25/11.85,45.000000000000000,1125.000000000000000,No,0.000000000000000,0.000000000000000,0.000000000000000,0.000000000000000,0.000000000000000,0.000000000000000,0.000000000000000,0.000000000000000,25/30,0.000000000000000,0.000000000000000,0.000000000000000,0.000000000000000,0.000000000000000,0.000000000000000,0.000000000000000,0.000000000000000,Long sprayed grass,{A35CE835-8784-4F47-8146-3F1DD72C99AA},3/08/2025 0:00:00, ,3/08/2025 0:00:00, ,No,Yes,0.000000000000000,Roy Trustee 2022 Ltd,Johnson Forestry Services
{EF45C41F-FD7E-4F59-8475-CE54D2D58A82},2240.000000000000000,20/11.64,37.000000000000000,925.000000000000000,Yes,0.000000000000000,0.000000000000000,1.000000000000000,0.000000000000000,0.000000000000000,0.000000000000000,1.000000000000000,0.000000000000000,25/30,0.000000000000000,0.000000000000000,0.027027027027000,0.000000000000000,0.000000000000000,0.000000000000000,0.027027027027000,0.000000000000000, ,{5234500D-A816-4588-8986-638F2FEEDB23},3/08/2025 0:00:00, ,3/08/2025 0:00:00, ,No, ,6.000000000000000,Roy Trustee 2022 Ltd,Johnson Forestry Services
{01F0F099-4DE5-4819-8782-D51FF45AAA8D},2280.000000000000000,10/11.37,44.000000000000000,1100.000000000000000,Yes,0.000000000000000,0.000000000000000,1.000000000000000,0.000000000000000,0.000000000000000,0.000000000000000,0.000000000000000,0.000000000000000,25/30,0.000000000000000,0.000000000000000,0.022727272727300,0.000000000000000,0.000000000000000,0.000000000000000,0.000000000000000,0.000000000000000,Slightly moved outside power line corridor,{5234500D-A816-4588-8986-638F2FEEDB23},3/08/2025 0:00:00, ,3/08/2025 0:00:00, ,No, ,3.000000000000000,Roy Trustee 2022 Ltd,Johnson Forestry Services
{B6F07022-427D-45F6-9002-4D649DB43E36},2300.000000000000000,10/11.37,36.000000000000000,900.000000000000000,Yes,1.000000000000000,0.000000000000000,0.000000000000000,0.000000000000000,0.000000000000000,1.000000000000000,0.000000000000000,0.000000000000000,25/30,0.027777777777800,0.000000000000000,0.000000000000000,0.000000000000000,0.000000000000000,0.027777777777800,0.000000000000000,0.000000000000000, ,{5234500D-A816-4588-8986-638F2FEEDB23},3/08/2025 0:00:00, ,3/08/2025 0:00:00, ,No, ,4.000000000000000,Roy Trustee 2022 Ltd,Johnson Forestry Services
{295F4617-0D4B-493D-A03F-97B6A2B8CC65},2322.000000000000000,5/11.31,42.000000000000000,1050.000000000000000,Yes,0.000000000000000,0.000000000000000,1.000000000000000,0.000000000000000,0.000000000000000,0.000000000000000,0.000000000000000,0.000000000000000,25/30,0.000000000000000,0.000000000000000,0.023809523809500,0.000000000000000,0.000000000000000,0.000000000000000,0.000000000000000,0.000000000000000, ,{5234500D-A816-4588-8986-638F2FEEDB23},3/08/2025 0:00:00, ,3/08/2025 0:00:00, ,No, ,3.000000000000000,Roy Trustee 2022 Ltd,Johnson Forestry Services
{9D56F1FC-A0EA-4328-B669-096CB2C21155},2320.000000000000000,0/11.31,38.000000000000000,950.000000000000000,Yes,0.000000000000000,0.000000000000000,0.000000000000000,1.000000000000000,0.000000000000000,0.000000000000000,1.000000000000000,0.000000000000000,25/30,0.000000000000000,0.000000000000000,0.000000000000000,0.026315789473700,0.000000000000000,0.000000000000000,0.026315789473700,0.000000000000000, ,{5234500D-A816-4588-8986-638F2FEEDB23},3/08/2025 0:00:00, ,3/08/2025 0:00:00, ,No, ,4.000000000000000,Roy Trustee 2022 Ltd,Johnson Forestry Services
{697CC18A-3E73-4648-AB7A-7CBA1BC86B09},2298.000000000000000,15/11.48,37.000000000000000,925.000000000000000,Yes,0.000000000000000,0.000000000000000,0.000000000000000,0.000000000000000,0.000000000000000,1.000000000000000,0.000000000000000,0.000000000000000,25/30,0.000000000000000,0.000000000000000,0.000000000000000,0.000000000000000,0.000000000000000,0.027027027027000,0.000000000000000,0.000000000000000, ,{5234500D-A816-4588-8986-638F2FEEDB23},3/08/2025 0:00:00, ,3/08/2025 0:00:00, ,No, ,3.000000000000000,Roy Trustee 2022 Ltd,Johnson Forestry Services
{A34F57FD-6987-4C58-A6BC-D62C27EF27B3},2318.000000000000000,5/11.31,43.000000000000000,1075.000000000000000,Yes,1.000000000000000,0.000000000000000,0.000000000000000,0.000000000000000,0.000000000000000,0.000000000000000,0.000000000000000,0.000000000000000,25/30,0.023255813953500,0.000000000000000,0.000000000000000,0.000000000000000,0.000000000000000,0.000000000000000,0.000000000000000,0.000000000000000, ,{5234500D-A816-4588-8986-638F2FEEDB23},3/08/2025 0:00:00, ,3/08/2025 0:00:00, ,No, ,1.000000000000000,Roy Trustee 2022 Ltd,Johnson Forestry Services
{8966D263-6B07-4439-B356-B1D0A8E71598},2338.000000000000000,0/11.31,41.000000000000000,1025.000000000000000,No,0.000000000000000,0.000000000000000,0.000000000000000,0.000000000000000,0.000000000000000,0.000000000000000,0.000000000000000,0.000000000000000,25/30,0.000000000000000,0.000000000000000,0.000000000000000,0.000000000000000,0.000000000000000,0.000000000000000,0.000000000000000,0.000000000000000, ,{5234500D-A816-4588-8986-638F2FEEDB23},3/08/2025 0:00:00, ,3/08/2025 0:00:00, ,No, ,0.000000000000000,Roy Trustee 2022 Ltd,Johnson Forestry Services
{8FAF36AE-7268-4EF4-B232-38FE257E6A65},446.000000000000000,25/11.85,40.000000000000000,1000.000000000000000,Yes,0.000000000000000,0.000000000000000,1.000000000000000,0.000000000000000,0.000000000000000,0.000000000000000,0.000000000000000,0.000000000000000,25/80,0.000000000000000,0.000000000000000,0.025000000000000,0.000000000000000,0.000000000000000,0.000000000000000,0.000000000000000,0.000000000000000,Two long roots on seedlingvnot exposed.,{B636FEE7-2180-4033-9AC4-56102005B873},3/08/2025 0:00:00, ,3/08/2025 0:00:00, ,No, ,3.000000000000000,Roy Trustee 2022 Ltd,Forest View Contracting
{59E2D5F6-A436-46A9-81E8-BE4BFEA0ABCC},448.000000000000000,10/11.37,41.000000000000000,1025.000000000000000,Yes,0.000000000000000,2.000000000000000,1.000000000000000,0.000000000000000,0.000000000000000,0.000000000000000,0.000000000000000,0.000000000000000,25/80,0.000000000000000,0.048780487804900,0.024390243902400,0.000000000000000,0.000000000000000,0.000000000000000,0.000000000000000,0.000000000000000, ,{ECD82B74-1611-4483-9A89-D3559999E4FC},3/08/2025 0:00:00, ,3/08/2025 0:00:00, ,No, ,5.000000000000000,Roy Trustee 2022 Ltd,Forest View Contracting
{19CD1C61-45EB-4898-86A2-4D835DA66654},442.000000000000000,5/11.31,43.000000000000000,1075.000000000000000,No,0.000000000000000,0.000000000000000,0.000000000000000,0.000000000000000,0.000000000000000,0.000000000000000,0.000000000000000,0.000000000000000,25/80,0.000000000000000,0.000000000000000,0.000000000000000,0.000000000000000,0.000000000000000,0.000000000000000,0.000000000000000,0.000000000000000, ,{13A4BEF9-54F4-4169-AB37-CDB397F8E137},3/08/2025 0:00:00, ,3/08/2025 0:00:00, ,No, ,0.000000000000000,Roy Trustee 2022 Ltd,Forest View Contracting
{EABFFD26-CC22-48D8-BF86-27D5E24708A2},440.000000000000000,10/11.37,38.000000000000000,950.000000000000000,No,0.000000000000000,0.000000000000000,0.000000000000000,0.000000000000000,0.000000000000000,0.000000000000000,0.000000000000000,0.000000000000000,25/80,0.000000000000000,0.000000000000000,0.000000000000000,0.000000000000000,0.000000000000000,0.000000000000000,0.000000000000000,0.000000000000000, ,{E56D413D-D29A-4E00-9764-92A73F7B697A},4/08/2025 0:00:00, ,4/08/2025 0:00:00, ,No, ,0.000000000000000,Roy Trustee 2022 Ltd,Forest View Contracting
{C11BC483-FBDB-46E7-A63B-9F8A683349A1},444.000000000000000,5/11.31,39.000000000000000,975.000000000000000,No,0.000000000000000,0.000000000000000,0.000000000000000,0.000000000000000,0.000000000000000,0.000000000000000,0.000000000000000,0.000000000000000,25/80,0.000000000000000,0.000000000000000,0.000000000000000,0.000000000000000,0.000000000000000,0.000000000000000,0.000000000000000,0.000000000000000, ,{7FC278FB-875A-437E-8E0E-B687EC9F5024},4/08/2025 0:00:00, ,4/08/2025 0:00:00, ,No, ,0.000000000000000,Roy Trustee 2022 Ltd,Forest View Contracting
{415C22E3-850F-4DD3-8EF6-C5465C091702},450.000000000000000,0/11.31,39.000000000000000,975.000000000000000,Yes,0.000000000000000,0.000000000000000,0.000000000000000,0.000000000000000,1.000000000000000,0.000000000000000,0.000000000000000,0.000000000000000,25/80,0.000000000000000,0.000000000000000,0.000000000000000,0.000000000000000,0.025641025641000,0.000000000000000,0.000000000000000,0.000000000000000, ,{1AE37008-7BA0-42F1-ABFB-7D67EDA05CBC},4/08/2025 0:00:00, ,4/08/2025 0:00:00, ,No, ,3.000000000000000,Roy Trustee 2022 Ltd,Forest View Contracting
{AA311E61-88BE-425B-99C8-785E63BAB82D},454.000000000000000,5/11.31,36.000000000000000,900.000000000000000,Yes,0.000000000000000,0.000000000000000,0.000000000000000,0.000000000000000,0.000000000000000,0.000000000000000,0.000000000000000,1.000000000000000,25/80,0.000000000000000,0.000000000000000,0.000000000000000,0.000000000000000,0.000000000000000,0.000000000000000,0.000000000000000,0.027777777777800,Spacing between trees getting out. On three rows.,{5D059DBB-D1A3-414A-9304-D9660C2E8214},4/08/2025 0:00:00, ,4/08/2025 0:00:00, ,No, ,3.000000000000000,Roy Trustee 2022 Ltd,Forest View Contracting
{31F3FC53-A28F-438E-9385-AFF24EB1A270},46401.000000000000000,5/11.31,38.000000000000000,950.000000000000000,No,0.000000000000000,0.000000000000000,0.000000000000000,0.000000000000000,0.000000000000000,0.000000000000000,0.000000000000000,0.000000000000000,25/80,0.000000000000000,0.000000000000000,0.000000000000000,0.000000000000000,0.000000000000000,0.000000000000000,0.000000000000000,0.000000000000000,Put extra plot in due to some issues working towards this area. Soacing and roots up. Planters where told.,{BFE4ED08-03CC-49AF-829B-E68C8FE9779D},4/08/2025 0:00:00, ,4/08/2025 0:00:00, ,No, ,0.000000000000000,Roy Trustee 2022 Ltd,Forest View Contracting
{FA56C52F-F99F-4A6B-8898-A797758107B6},2294.000000000000000,10/11.37,42.000000000000000,1050.000000000000000,Yes,0.000000000000000,0.000000000000000,1.000000000000000,0.000000000000000,0.000000000000000,0.000000000000000,0.000000000000000,0.000000000000000,25/30,0.000000000000000,0.000000000000000,0.023809523809500,0.000000000000000,0.000000000000000,0.000000000000000,0.000000000000000,0.000000000000000, ,{1FF79976-7EA8-4FB2-A77E-9A52C1E83E8A},4/08/2025 0:00:00, ,4/08/2025 0:00:00, ,No, ,3.000000000000000,Roy Trustee 2022 Ltd,Johnson Forestry Services
{5743DCB5-5F15-4995-99F2-91B93E28DD18},2276.000000000000000,15/11.48,44.000000000000000,1100.000000000000000,Yes,1.000000000000000,0.000000000000000,1.000000000000000,0.000000000000000,0.000000000000000,0.000000000000000,0.000000000000000,0.000000000000000,25/30,0.022727272727300,0.000000000000000,0.022727272727300,0.000000000000000,0.000000000000000,0.000000000000000,0.000000000000000,0.000000000000000, ,{1FF79976-7EA8-4FB2-A77E-9A52C1E83E8A},4/08/2025 0:00:00, ,4/08/2025 0:00:00, ,No, ,4.000000000000000,Roy Trustee 2022 Ltd,Johnson Forestry Services
{748EF939-DDB0-4D09-9258-E8A364FF607D},2232.000000000000000,20/11.64,39.000000000000000,975.000000000000000,Yes,1.000000000000000,0.000000000000000,0.000000000000000,0.000000000000000,0.000000000000000,1.000000000000000,0.000000000000000,0.000000000000000,25/30,0.025641025641000,0.000000000000000,0.000000000000000,0.000000000000000,0.000000000000000,0.025641025641000,0.000000000000000,0.000000000000000, ,{1FF79976-7EA8-4FB2-A77E-9A52C1E83E8A},4/08/2025 0:00:00, ,4/08/2025 0:00:00, ,No, ,4.000000000000000,Roy Trustee 2022 Ltd,Johnson Forestry Services
{1D9FA6B7-1083-4986-B55C-27BE93719BDA},2230.000000000000000,30/12.13,37.000000000000000,925.000000000000000,Yes,0.000000000000000,0.000000000000000,0.000000000000000,0.000000000000000,0.000000000000000,1.000000000000000,1.000000000000000,0.000000000000000,25/30,0.000000000000000,0.000000000000000,0.000000000000000,0.000000000000000,0.000000000000000,0.027027027027000,0.027027027027000,0.000000000000000,Rocky outcrop,{1FF79976-7EA8-4FB2-A77E-9A52C1E83E8A},4/08/2025 0:00:00, ,4/08/2025 0:00:00, ,No, ,6.000000000000000,Roy Trustee 2022 Ltd,Johnson Forestry Services
{26755165-C5A3-438F-9DB5-EF40F4B24B35},2248.000000000000000,10/11.37,38.000000000000000,950.000000000000000,No,0.000000000000000,0.000000000000000,0.000000000000000,0.000000000000000,0.000000000000000,0.000000000000000,0.000000000000000,0.000000000000000,25/30,0.000000000000000,0.000000000000000,0.000000000000000,0.000000000000000,0.000000000000000,0.000000000000000,0.000000000000000,0.000000000000000, ,{1FF79976-7EA8-4FB2-A77E-9A52C1E83E8A},4/08/2025 0:00:00, ,4/08/2025 0:00:00, ,No, ,0.000000000000000,Roy Trustee 2022 Ltd,Johnson Forestry Services
{C538217E-8C8A-441E-9B55-D119CFFBCEEA},2310.000000000000000,15/11.48,40.000000000000000,1000.000000000000000,No,0.000000000000000,0.000000000000000,0.000000000000000,0.000000000000000,0.000000000000000,0.000000000000000,0.000000000000000,0.000000000000000,25/30,0.000000000000000,0.000000000000000,0.000000000000000,0.000000000000000,0.000000000000000,0.000000000000000,0.000000000000000,0.000000000000000, ,{1FF79976-7EA8-4FB2-A77E-9A52C1E83E8A},4/08/2025 0:00:00, ,4/08/2025 0:00:00, ,No, ,0.000000000000000,Roy Trustee 2022 Ltd,Johnson Forestry Services
{C06B5F68-511E-45E6-8AF9-EE3AB53D60F4},2332.000000000000000,10/11.37,40.000000000000000,1000.000000000000000,Yes,0.000000000000000,0.000000000000000,0.000000000000000,0.000000000000000,0.000000000000000,0.000000000000000,1.000000000000000,0.000000000000000,25/30,0.000000000000000,0.000000000000000,0.000000000000000,0.000000000000000,0.000000000000000,0.000000000000000,0.025000000000000,0.000000000000000, ,{1FF79976-7EA8-4FB2-A77E-9A52C1E83E8A},4/08/2025 0:00:00, ,4/08/2025 0:00:00, ,No, ,3.000000000000000,Roy Trustee 2022 Ltd,Johnson Forestry Services
{7608700D-B9E2-4AF8-9CBA-17D4CA4E949E},2370.000000000000000,15/11.48,40.000000000000000,1000.000000000000000,Yes,0.000000000000000,0.000000000000000,0.000000000000000,1.000000000000000,0.000000000000000,0.000000000000000,1.000000000000000,0.000000000000000,25/30,0.000000000000000,0.000000000000000,0.000000000000000,0.025000000000000,0.000000000000000,0.000000000000000,0.025000000000000,0.000000000000000, ,{1FF79976-7EA8-4FB2-A77E-9A52C1E83E8A},4/08/2025 0:00:00, ,4/08/2025 0:00:00, ,No, ,4.000000000000000,Roy Trustee 2022 Ltd,Johnson Forestry Services
{7C57B94D-FF97-4672-A2DA-5A1347267955},2372.000000000000000,15/11.48,40.000000000000000,1000.000000000000000,Yes,0.000000000000000,1.000000000000000,0.000000000000000,0.000000000000000,0.000000000000000,0.000000000000000,1.000000000000000,0.000000000000000,25/30,0.000000000000000,0.025000000000000,0.000000000000000,0.000000000000000,0.000000000000000,0.000000000000000,0.025000000000000,0.000000000000000, ,{1FF79976-7EA8-4FB2-A77E-9A52C1E83E8A},4/08/2025 0:00:00, ,4/08/2025 0:00:00, ,No, ,4.000000000000000,Roy Trustee 2022 Ltd,Johnson Forestry Services
{38220619-A184-4EE1-8FD9-C1800789C7E8},3324.000000000000000,5/11.31,36.000000000000000,875.000000000000000,Yes,0.000000000000000,0.000000000000000,0.000000000000000,0.000000000000000,0.000000000000000,1.000000000000000,0.000000000000000,0.000000000000000,25/90,0.000000000000000,0.000000000000000,0.000000000000000,0.000000000000000,0.000000000000000,0.028571428571400,0.000000000000000,0.000000000000000, ,{9764AF66-A1A8-4C50-8134-B2A50DC5FC20},4/08/2025 0:00:00, ,4/08/2025 0:00:00, ,No,Yes,3.000000000000000,Roy Trustee 2022 Ltd,Proforest
{71B32BC3-E9B1-4F1A-B886-6B9B32AE245F},3352.000000000000000,10/11.37,40.000000000000000,1000.000000000000000,No,0.000000000000000,0.000000000000000,0.000000000000000,0.000000000000000,0.000000000000000,0.000000000000000,0.000000000000000,0.000000000000000,25/90,0.000000000000000,0.000000000000000,0.000000000000000,0.000000000000000,0.000000000000000,0.000000000000000,0.000000000000000,0.000000000000000,Good planting,{9764AF66-A1A8-4C50-8134-B2A50DC5FC20},4/08/2025 0:00:00, ,4/08/2025 0:00:00, ,No, ,0.000000000000000,Roy Trustee 2022 Ltd,Proforest
{1EF59291-2E49-4B8E-AED9-BF166D5245AE},3338.000000000000000,15/11.48,46.000000000000000,1150.000000000000000,No,0.000000000000000,0.000000000000000,0.000000000000000,0.000000000000000,0.000000000000000,0.000000000000000,0.000000000000000,0.000000000000000,25/90,0.000000000000000,0.000000000000000,0.000000000000000,0.000000000000000,0.000000000000000,0.000000000000000,0.000000000000000,0.000000000000000,Higher plot due to intersection of lines,{9764AF66-A1A8-4C50-8134-B2A50DC5FC20},4/08/2025 0:00:00, ,4/08/2025 0:00:00, ,No,No,0.000000000000000,Roy Trustee 2022 Ltd,Proforest
{D98EF34A-B311-426B-BAA2-4C029549DEE9},3224.099999999999909,5/11.31,36.000000000000000,900.000000000000000,Yes,1.000000000000000,0.000000000000000,0.000000000000000,2.000000000000000,0.000000000000000,0.000000000000000,0.000000000000000,0.000000000000000,25/90,0.027777777777800,0.000000000000000,0.000000000000000,0.055555555555600,0.000000000000000,0.000000000000000,0.000000000000000,0.000000000000000, ,{9764AF66-A1A8-4C50-8134-B2A50DC5FC20},4/08/2025 0:00:00, ,4/08/2025 0:00:00, ,No, ,3.000000000000000,Roy Trustee 2022 Ltd,Proforest
{A84734A1-E8FE-42B8-BC58-CE79C0EF77A4},3336.000000000000000,20/11.64,40.000000000000000,1000.000000000000000,No,0.000000000000000,0.000000000000000,0.000000000000000,0.000000000000000,0.000000000000000,0.000000000000000,0.000000000000000,0.000000000000000,25/90,0.000000000000000,0.000000000000000,0.000000000000000,0.000000000000000,0.000000000000000,0.000000000000000,0.000000000000000,0.000000000000000, ,{9764AF66-A1A8-4C50-8134-B2A50DC5FC20},4/08/2025 0:00:00, ,4/08/2025 0:00:00, ,No, ,0.000000000000000,Roy Trustee 2022 Ltd,Proforest
{DA279E79-2D4C-4442-8EB1-194652FC4F29},3366.000000000000000,20/11.64,42.000000000000000,1050.000000000000000,Yes,0.000000000000000,0.000000000000000,0.000000000000000,0.000000000000000,0.000000000000000,1.000000000000000,0.000000000000000,0.000000000000000,25/90,0.000000000000000,0.000000000000000,0.000000000000000,0.000000000000000,0.000000000000000,0.023809523809500,0.000000000000000,0.000000000000000,Wind rowed gorse,{9764AF66-A1A8-4C50-8134-B2A50DC5FC20},4/08/2025 0:00:00, ,4/08/2025 0:00:00, ,No, ,3.000000000000000,Roy Trustee 2022 Ltd,Proforest
{40B1EEC4-D147-40F3-9CEB-7674342F7A05},2336.000000000000000,15/11.48,39.000000000000000,975.000000000000000,No,0.000000000000000,0.000000000000000,0.000000000000000,0.000000000000000,0.000000000000000,0.000000000000000,0.000000000000000,0.000000000000000,25/30,0.000000000000000,0.000000000000000,0.000000000000000,0.000000000000000,0.000000000000000,0.000000000000000,0.000000000000000,0.000000000000000,Wet area,{2A1B393E-D191-49C1-B6E2-D0E897A65E91},5/08/2025 0:00:00, ,5/08/2025 0:00:00, ,No, ,0.000000000000000,Roy Trustee 2022 Ltd,Johnson Forestry Services
{9093A494-834F-4CBA-99FC-64F441BFBEF9},2374.000000000000000,15/11.48,40.000000000000000,1000.000000000000000,Yes,0.000000000000000,1.000000000000000,0.000000000000000,0.000000000000000,0.000000000000000,0.000000000000000,0.000000000000000,0.000000000000000,25/30,0.000000000000000,0.025000000000000,0.000000000000000,0.000000000000000,0.000000000000000,0.000000000000000,0.000000000000000,0.000000000000000,Hare damage outside of plot from last night,{2A1B393E-D191-49C1-B6E2-D0E897A65E91},5/08/2025 0:00:00, ,5/08/2025 0:00:00, ,No, ,1.000000000000000,Roy Trustee 2022 Ltd,Johnson Forestry Services
{309B2336-C6C5-4A1A-AFD4-B30CE4CAB773},2372.000000000000000,15/11.48,50.000000000000000,1250.000000000000000,Yes,0.000000000000000,0.000000000000000,0.000000000000000,0.000000000000000,0.000000000000000,0.000000000000000,0.000000000000000,1.000000000000000,25/30,0.000000000000000,0.000000000000000,0.000000000000000,0.000000000000000,0.000000000000000,0.000000000000000,0.000000000000000,0.020000000000000,Rework requires,{2A1B393E-D191-49C1-B6E2-D0E897A65E91},5/08/2025 0:00:00, ,5/08/2025 0:00:00, ,No,Yes,3.000000000000000,Roy Trustee 2022 Ltd,Johnson Forestry Services
{073BE20B-A519-4143-AEA6-2BD858146093},2370.000000000000000,30/12.13,43.000000000000000,1075.000000000000000,Yes,0.000000000000000,0.000000000000000,1.000000000000000,0.000000000000000,0.000000000000000,0.000000000000000,0.000000000000000,0.000000000000000,25/30,0.000000000000000,0.000000000000000,0.023255813953500,0.000000000000000,0.000000000000000,0.000000000000000,0.000000000000000,0.000000000000000,Shallow top soil in places,{2A1B393E-D191-49C1-B6E2-D0E897A65E91},5/08/2025 0:00:00, ,5/08/2025 0:00:00, ,No, ,3.000000000000000,Roy Trustee 2022 Ltd,Johnson Forestry Services
{9D3CF62B-4806-4D3E-AABF-870E39F0599E},2270.000000000000000,25/11.85,40.000000000000000,1000.000000000000000,Yes,0.000000000000000,0.000000000000000,0.000000000000000,0.000000000000000,0.000000000000000,0.000000000000000,2.000000000000000,0.000000000000000,25/30,0.000000000000000,0.000000000000000,0.000000000000000,0.000000000000000,0.000000000000000,0.000000000000000,0.050000000000000,0.000000000000000,Under rock bluff. Rock not far under surface,{2A1B393E-D191-49C1-B6E2-D0E897A65E91},5/08/2025 0:00:00, ,5/08/2025 0:00:00, ,No, ,6.000000000000000,Roy Trustee 2022 Ltd,Johnson Forestry Services
{C6FE4741-1F23-4D8B-BCF7-F37320EA7C51},2228.000000000000000,20/11.64,43.000000000000000,1075.000000000000000,Yes,0.000000000000000,0.000000000000000,1.000000000000000,0.000000000000000,0.000000000000000,0.000000000000000,1.000000000000000,0.000000000000000,25/30,0.000000000000000,0.000000000000000,0.023255813953500,0.000000000000000,0.000000000000000,0.000000000000000,0.023255813953500,0.000000000000000, ,{2A1B393E-D191-49C1-B6E2-D0E897A65E91},5/08/2025 0:00:00, ,5/08/2025 0:00:00, ,No, ,6.000000000000000,Roy Trustee 2022 Ltd,Johnson Forestry Services
{50C3ED93-B96E-4C84-930F-3938211BB994},2272.000000000000000,25/11.85,43.000000000000000,1075.000000000000000,Yes,0.000000000000000,0.000000000000000,2.000000000000000,0.000000000000000,0.000000000000000,0.000000000000000,0.000000000000000,0.000000000000000,25/30,0.000000000000000,0.000000000000000,0.046511627907000,0.000000000000000,0.000000000000000,0.000000000000000,0.000000000000000,0.000000000000000, ,{2A1B393E-D191-49C1-B6E2-D0E897A65E91},5/08/2025 0:00:00, ,5/08/2025 0:00:00, ,No, ,6.000000000000000,Roy Trustee 2022 Ltd,Johnson Forestry Services
{1FE89114-95F9-4702-BD64-884377B8BB2F},2290.000000000000000,30/12.13,42.000000000000000,1050.000000000000000,Yes,0.000000000000000,0.000000000000000,1.000000000000000,0.000000000000000,0.000000000000000,0.000000000000000,0.000000000000000,0.000000000000000,25/30,0.000000000000000,0.000000000000000,0.023809523809500,0.000000000000000,0.000000000000000,0.000000000000000,0.000000000000000,0.000000000000000,Tussock,{2A1B393E-D191-49C1-B6E2-D0E897A65E91},5/08/2025 0:00:00, ,5/08/2025 0:00:00, ,No, ,3.000000000000000,Roy Trustee 2022 Ltd,Johnson Forestry Services
{C1D6D3CD-5C6F-41E6-B0E6-03C59CE45134},2312.000000000000000,25/11.85,42.000000000000000,1050.000000000000000,Yes,0.000000000000000,0.000000000000000,1.000000000000000,0.000000000000000,0.000000000000000,0.000000000000000,0.000000000000000,0.000000000000000,25/30,0.000000000000000,0.000000000000000,0.023809523809500,0.000000000000000,0.000000000000000,0.000000000000000,0.000000000000000,0.000000000000000, ,{2A1B393E-D191-49C1-B6E2-D0E897A65E91},5/08/2025 0:00:00, ,5/08/2025 0:00:00, ,No, ,3.000000000000000,Roy Trustee 2022 Ltd,Johnson Forestry Services
{B138C551-D110-49C8-82E9-078D9AE8062E},2308.000000000000000,30/12.13,40.000000000000000,1000.000000000000000,No,0.000000000000000,0.000000000000000,0.000000000000000,0.000000000000000,0.000000000000000,0.000000000000000,0.000000000000000,0.000000000000000,25/30,0.000000000000000,0.000000000000000,0.000000000000000,0.000000000000000,0.000000000000000,0.000000000000000,0.000000000000000,0.000000000000000, ,{2A1B393E-D191-49C1-B6E2-D0E897A65E91},5/08/2025 0:00:00, ,5/08/2025 0:00:00, ,No, ,0.000000000000000,Roy Trustee 2022 Ltd,Johnson Forestry Services
{13CA3C7C-81BB-4BA0-8839-EB2CCD0F4B4B},2344.000000000000000,25/11.85,39.000000000000000,975.000000000000000,Yes,0.000000000000000,0.000000000000000,1.000000000000000,0.000000000000000,1.000000000000000,0.000000000000000,0.000000000000000,0.000000000000000,25/30,0.000000000000000,0.000000000000000,0.025641025641000,0.000000000000000,0.025641025641000,0.000000000000000,0.000000000000000,0.000000000000000,Long bushy roots on trees dug up,{2A1B393E-D191-49C1-B6E2-D0E897A65E91},5/08/2025 0:00:00, ,5/08/2025 0:00:00, ,No, ,6.000000000000000,Roy Trustee 2022 Ltd,Johnson Forestry Services
{47591CEC-5CF3-4DDD-981E-7F3A07414F66},462.000000000000000,0/11.31,41.000000000000000,1025.000000000000000,No,0.000000000000000,0.000000000000000,0.000000000000000,0.000000000000000,0.000000000000000,0.000000000000000,0.000000000000000,0.000000000000000,25/80,0.000000000000000,0.000000000000000,0.000000000000000,0.000000000000000,0.000000000000000,0.000000000000000,0.000000000000000,0.000000000000000, ,{7C370C8F-F841-44EF-8CCE-557D0816CC38},5/08/2025 0:00:00, ,5/08/2025 0:00:00, ,No, ,0.000000000000000,Roy Trustee 2022 Ltd,Forest View Contracting
{D5494714-9EF3-41DF-B890-031D21F083F7},458.000000000000000,0/11.31,43.000000000000000,1075.000000000000000,No,0.000000000000000,0.000000000000000,0.000000000000000,0.000000000000000,0.000000000000000,0.000000000000000,0.000000000000000,0.000000000000000,25/80,0.000000000000000,0.000000000000000,0.000000000000000,0.000000000000000,0.000000000000000,0.000000000000000,0.000000000000000,0.000000000000000,Different crew to yesterday. Spacing imorived and planting quality.,{3E3AC37E-DA23-4182-A32A-4ADCE5096AED},5/08/2025 0:00:00, ,5/08/2025 0:00:00, ,No, ,0.000000000000000,Roy Trustee 2022 Ltd,Forest View Contracting
{4677CB33-6668-4E68-8EB0-89C08C0C432E},456.000000000000000,5/11.31,40.000000000000000,1000.000000000000000,Yes,0.000000000000000,0.000000000000000,0.000000000000000,0.000000000000000,1.000000000000000,0.000000000000000,0.000000000000000,0.000000000000000,25/80,0.000000000000000,0.000000000000000,0.000000000000000,0.000000000000000,0.025000000000000,0.000000000000000,0.000000000000000,0.000000000000000,Poor tree roots up had frost on the longbroot sticking out about an inch.,{D5C48EA2-86B5-48E7-937F-1753EC6404B4},5/08/2025 0:00:00, ,5/08/2025 0:00:00, ,No, ,3.000000000000000,Roy Trustee 2022 Ltd,Forest View Contracting
{73718515-D90D-473E-97A2-95C9ED551D4C},474.000000000000000,15/11.48,40.000000000000000,1000.000000000000000,Yes,1.000000000000000,0.000000000000000,1.000000000000000,0.000000000000000,0.000000000000000,0.000000000000000,0.000000000000000,0.000000000000000,25/80,0.025000000000000,0.000000000000000,0.025000000000000,0.000000000000000,0.000000000000000,0.000000000000000,0.000000000000000,0.000000000000000, ,{BCFBE835-0B6A-4CB4-844F-ECA16C3E3328},5/08/2025 0:00:00, ,5/08/2025 0:00:00, ,No, ,4.000000000000000,Roy Trustee 2022 Ltd,Forest View Contracting
{1C8C48A1-F653-4D00-9C54-9EDB00C7C96F},460.000000000000000,5/11.31,42.000000000000000,1050.000000000000000,Yes,0.000000000000000,0.000000000000000,1.000000000000000,0.000000000000000,0.000000000000000,0.000000000000000,0.000000000000000,0.000000000000000,25/80,0.000000000000000,0.000000000000000,0.023809523809500,0.000000000000000,0.000000000000000,0.000000000000000,0.000000000000000,0.000000000000000,Moved plot as to close to power lines.,{268447E3-03AF-41F7-B3A5-F0974A36195D},5/08/2025 0:00:00, ,5/08/2025 0:00:00, ,No, ,3.000000000000000,Roy Trustee 2022 Ltd,Forest View Contracting
{09FA8B43-62FE-4386-AA1A-98764B6848DB},452.000000000000000,10/11.37,40.000000000000000,1000.000000000000000,No,0.000000000000000,0.000000000000000,0.000000000000000,0.000000000000000,0.000000000000000,0.000000000000000,0.000000000000000,0.000000000000000,25/80,0.000000000000000,0.000000000000000,0.000000000000000,0.000000000000000,0.000000000000000,0.000000000000000,0.000000000000000,0.000000000000000,Moved plot as was to close to power lines,{A584CCEF-B35D-4C98-B88B-07050F8CBF49},5/08/2025 0:00:00, ,5/08/2025 0:00:00, ,No, ,0.000000000000000,Roy Trustee 2022 Ltd,Forest View Contracting
{74F5D7E9-4727-4C1C-A6BB-B1544145A9A2},468.000000000000000,5/11.31,36.000000000000000,900.000000000000000,Yes,0.000000000000000,2.000000000000000,0.000000000000000,0.000000000000000,0.000000000000000,0.000000000000000,0.000000000000000,1.000000000000000,25/80,0.000000000000000,0.055555555555600,0.000000000000000,0.000000000000000,0.000000000000000,0.000000000000000,0.000000000000000,0.027777777777800,Population of deer doing some damage in gully to the north.,{AF69DE6A-9AD0-444B-ACCB-8C34E8548DB6},5/08/2025 0:00:00, ,5/08/2025 0:00:00, ,No, ,5.000000000000000,Roy Trustee 2022 Ltd,Forest View Contracting
{6C2B5983-30A1-4E81-8949-E0F6B1155E64},464.000000000000000,5/11.31,36.000000000000000,900.000000000000000,Yes,0.000000000000000,0.000000000000000,0.000000000000000,0.000000000000000,0.000000000000000,0.000000000000000,0.000000000000000,1.000000000000000,25/80,0.000000000000000,0.000000000000000,0.000000000000000,0.000000000000000,0.000000000000000,0.000000000000000,0.000000000000000,0.027777777777800,Between tree spacing one person,{96BCB195-FED3-4803-B2AD-3C5920E20741},5/08/2025 0:00:00, ,5/08/2025 0:00:00, ,No, ,3.000000000000000,Roy Trustee 2022 Ltd,Forest View Contracting
{B5FCBD3D-D868-4F4A-9678-9E890CAFC8C8},470.000000000000000,5/11.31,39.000000000000000,975.000000000000000,Yes,0.000000000000000,0.000000000000000,0.000000000000000,0.000000000000000,1.000000000000000,0.000000000000000,0.000000000000000,0.000000000000000,25/80,0.000000000000000,0.000000000000000,0.000000000000000,0.000000000000000,0.025641025641000,0.000000000000000,0.000000000000000,0.000000000000000, ,{148BE4DC-C173-4C40-80CA-96F01B94355D},5/08/2025 0:00:00, ,5/08/2025 0:00:00, ,No, ,3.000000000000000,Roy Trustee 2022 Ltd,Forest View Contracting
{42B78071-E137-4F99-86D2-999FCE38C9EF},466.000000000000000,5/11.31,37.000000000000000,925.000000000000000,Yes,0.000000000000000,1.000000000000000,0.000000000000000,0.000000000000000,0.000000000000000,0.000000000000000,0.000000000000000,0.000000000000000,25/80,0.000000000000000,0.027027027027000,0.000000000000000,0.000000000000000,0.000000000000000,0.000000000000000,0.000000000000000,0.000000000000000, ,{CA37432C-118D-4883-A318-32D214E5163B},5/08/2025 0:00:00, ,5/08/2025 0:00:00, ,No, ,1.000000000000000,Roy Trustee 2022 Ltd,Forest View Contracting
{E0BDB13B-4DCF-44F9-9DD6-1D0A50AC0D59},472.000000000000000,15/11.48,40.000000000000000,1000.000000000000000,No,0.000000000000000,0.000000000000000,0.000000000000000,0.000000000000000,0.000000000000000,0.000000000000000,0.000000000000000,0.000000000000000,25/80,0.000000000000000,0.000000000000000,0.000000000000000,0.000000000000000,0.000000000000000,0.000000000000000,0.000000000000000,0.000000000000000, ,{3DDA1804-D995-4A62-AACD-843CEB8E79BE},5/08/2025 0:00:00, ,5/08/2025 0:00:00, ,No, ,0.000000000000000,Roy Trustee 2022 Ltd,Forest View Contracting
{8DC68DF9-CCEB-4239-93EE-AF9FB1D88DA7},3390.000000000000000,10/11.37,42.000000000000000,1050.000000000000000,Yes,0.000000000000000,0.000000000000000,2.000000000000000,0.000000000000000,0.000000000000000,0.000000000000000,0.000000000000000,0.000000000000000,25/90,0.000000000000000,0.000000000000000,0.047619047619000,0.000000000000000,0.000000000000000,0.000000000000000,0.000000000000000,0.000000000000000, ,{C052EDF3-A019-4CFA-BC21-770041DD8968},5/08/2025 0:00:00, ,5/08/2025 0:00:00, ,No, ,6.000000000000000,Roy Trustee 2022 Ltd,Proforest
{E2E350FC-665B-47AC-9A4C-D44CFA167F4B},3384.000000000000000,5/11.31,40.000000000000000,1000.000000000000000,No,0.000000000000000,0.000000000000000,0.000000000000000,0.000000000000000,0.000000000000000,0.000000000000000,0.000000000000000,0.000000000000000,25/90,0.000000000000000,0.000000000000000,0.000000000000000,0.000000000000000,0.000000000000000,0.000000000000000,0.000000000000000,0.000000000000000,Good planting,{C052EDF3-A019-4CFA-BC21-770041DD8968},5/08/2025 0:00:00, ,5/08/2025 0:00:00, ,No, ,0.000000000000000,Roy Trustee 2022 Ltd,Proforest
{F1B2AFA9-63DF-4CFA-BF62-FDD9DB401F96},3382.000000000000000,10/11.37,43.000000000000000,1075.000000000000000,Yes,0.000000000000000,2.000000000000000,0.000000000000000,0.000000000000000,0.000000000000000,0.000000000000000,0.000000000000000,0.000000000000000,25/90,0.000000000000000,0.046511627907000,0.000000000000000,0.000000000000000,0.000000000000000,0.000000000000000,0.000000000000000,0.000000000000000, ,{C052EDF3-A019-4CFA-BC21-770041DD8968},5/08/2025 0:00:00, ,5/08/2025 0:00:00, ,No, ,2.000000000000000,Roy Trustee 2022 Ltd,Proforest
{6C855F25-CE0F-4DED-B91D-83508B6662A8},3388.000000000000000,10/11.37,38.000000000000000,950.000000000000000,Yes,0.000000000000000,1.000000000000000,0.000000000000000,0.000000000000000,0.000000000000000,0.000000000000000,0.000000000000000,0.000000000000000,25/90,0.000000000000000,0.026315789473700,0.000000000000000,0.000000000000000,0.000000000000000,0.000000000000000,0.000000000000000,0.000000000000000, ,{C052EDF3-A019-4CFA-BC21-770041DD8968},5/08/2025 0:00:00, ,5/08/2025 0:00:00, ,No, ,1.000000000000000,Roy Trustee 2022 Ltd,Proforest
{FEE69B72-268A-4B8A-B8EE-657CA96426F2},3392.000000000000000,15/11.48,42.000000000000000,1050.000000000000000,Yes,0.000000000000000,2.000000000000000,0.000000000000000,0.000000000000000,0.000000000000000,1.000000000000000,0.000000000000000,0.000000000000000,25/90,0.000000000000000,0.047619047619000,0.000000000000000,0.000000000000000,0.000000000000000,0.023809523809500,0.000000000000000,0.000000000000000, ,{C052EDF3-A019-4CFA-BC21-770041DD8968},5/08/2025 0:00:00, ,5/08/2025 0:00:00, ,No, ,5.000000000000000,Roy Trustee 2022 Ltd,Proforest
{46F9DE0F-9D26-4D35-8027-BFB9E878F45A},3394.000000000000000,15/11.48,41.000000000000000,1025.000000000000000,Yes,0.000000000000000,0.000000000000000,1.000000000000000,0.000000000000000,0.000000000000000,0.000000000000000,0.000000000000000,0.000000000000000,25/90,0.000000000000000,0.000000000000000,0.024390243902400,0.000000000000000,0.000000000000000,0.000000000000000,0.000000000000000,0.000000000000000, ,{C052EDF3-A019-4CFA-BC21-770041DD8968},5/08/2025 0:00:00, ,5/08/2025 0:00:00, ,No, ,3.000000000000000,Roy Trustee 2022 Ltd,Proforest
{F62B32FF-4264-4353-AF08-375234128B9F},3364.000000000000000,5/11.31,44.000000000000000,1100.000000000000000,No,0.000000000000000,0.000000000000000,0.000000000000000,0.000000000000000,0.000000000000000,0.000000000000000,0.000000000000000,0.000000000000000,25/90,0.000000000000000,0.000000000000000,0.000000000000000,0.000000000000000,0.000000000000000,0.000000000000000,0.000000000000000,0.000000000000000, ,{C052EDF3-A019-4CFA-BC21-770041DD8968},5/08/2025 0:00:00, ,5/08/2025 0:00:00, ,No, ,0.000000000000000,Roy Trustee 2022 Ltd,Proforest
{67CB0293-C151-488C-82F7-8295B247B262},3350.000000000000000,15/11.48,46.000000000000000,1150.000000000000000,Yes,0.000000000000000,1.000000000000000,0.000000000000000,0.000000000000000,0.000000000000000,1.000000000000000,0.000000000000000,0.000000000000000,25/90,0.000000000000000,0.021739130434800,0.000000000000000,0.000000000000000,0.000000000000000,0.021739130434800,0.000000000000000,0.000000000000000, ,{C052EDF3-A019-4CFA-BC21-770041DD8968},5/08/2025 0:00:00, ,5/08/2025 0:00:00, ,No,No,4.000000000000000,Roy Trustee 2022 Ltd,Proforest
{17D59B2D-575C-41CC-B2D8-C993FFD3CF7B},3358.000000000000000,10/11.37,44.000000000000000,1100.000000000000000,No,0.000000000000000,0.000000000000000,0.000000000000000,0.000000000000000,0.000000000000000,0.000000000000000,0.000000000000000,0.000000000000000,25/90,0.000000000000000,0.000000000000000,0.000000000000000,0.000000000000000,0.000000000000000,0.000000000000000,0.000000000000000,0.000000000000000, ,{C052EDF3-A019-4CFA-BC21-770041DD8968},5/08/2025 0:00:00, ,5/08/2025 0:00:00, ,No, ,0.000000000000000,Roy Trustee 2022 Ltd,Proforest
{D5929E6F-A02D-442F-A031-071C01D69BA7},3370.000000000000000,25/11.85,43.000000000000000,1075.000000000000000,Yes,1.000000000000000,0.000000000000000,1.000000000000000,0.000000000000000,0.000000000000000,0.000000000000000,0.000000000000000,0.000000000000000,25/90,0.023255813953500,0.000000000000000,0.023255813953500,0.000000000000000,0.000000000000000,0.000000000000000,0.000000000000000,0.000000000000000, ,{C052EDF3-A019-4CFA-BC21-770041DD8968},5/08/2025 0:00:00, ,5/08/2025 0:00:00, ,No, ,4.000000000000000,Roy Trustee 2022 Ltd,Proforest
{CAF47B2C-8045-49C8-9144-18442ABAA88F},3378.000000000000000,15/11.48,45.000000000000000,1125.000000000000000,Yes,0.000000000000000,3.000000000000000,0.000000000000000,0.000000000000000,0.000000000000000,0.000000000000000,0.000000000000000,0.000000000000000,25/90,0.000000000000000,0.066666666666700,0.000000000000000,0.000000000000000,0.000000000000000,0.000000000000000,0.000000000000000,0.000000000000000, ,{C052EDF3-A019-4CFA-BC21-770041DD8968},5/08/2025 0:00:00, ,5/08/2025 0:00:00, ,No,Yes,3.000000000000000,Roy Trustee 2022 Ltd,Proforest
{8B2943A7-FCD9-4003-B908-BB312BC4C469},3368.000000000000000,5/11.31,0.000000000000000,0.000000000000000,Yes,0.000000000000000,1.000000000000000,0.000000000000000,0.000000000000000,0.000000000000000,0.000000000000000,0.000000000000000,0.000000000000000,25/90,0.000000000000000,0.000000000000000,0.000000000000000,0.000000000000000,0.000000000000000,0.000000000000000,0.000000000000000,0.000000000000000, ,{C052EDF3-A019-4CFA-BC21-770041DD8968},5/08/2025 0:00:00, ,5/08/2025 0:00:00, ,No, ,1.000000000000000,Roy Trustee 2022 Ltd,Proforest
{935AB043-6F56-4864-BAA9-CAD229DA8FD3},4060.000000000000000,5/11.31,38.000000000000000,950.000000000000000,Yes,3.000000000000000,1.000000000000000,0.000000000000000,0.000000000000000,0.000000000000000,0.000000000000000,0.000000000000000,0.000000000000000,25/96,0.078947368421100,0.026315789473700,0.000000000000000,0.000000000000000,0.000000000000000,0.000000000000000,0.000000000000000,0.000000000000000,Some of the cuts not being closed properly.,{74E4303D-B6B1-46A9-B1AA-D02407A89D48},5/08/2025 0:00:00, ,5/08/2025 0:00:00, ,No, ,4.000000000000000,Roy Trustee 2022 Ltd,Forest View Contracting
{41E6E0A2-9FB9-4EC8-845B-22638438A39D},4052.000000000000000,20/11.64,41.000000000000000,1025.000000000000000,Yes,0.000000000000000,0.000000000000000,2.000000000000000,0.000000000000000,0.000000000000000,0.000000000000000,0.000000000000000,0.000000000000000,25/96,0.000000000000000,0.000000000000000,0.048780487804900,0.000000000000000,0.000000000000000,0.000000000000000,0.000000000000000,0.000000000000000, ,{D9398869-7F27-4A6B-9CF8-D8B58F0A2E40},5/08/2025 0:00:00, ,5/08/2025 0:00:00, ,No, ,6.000000000000000,Roy Trustee 2022 Ltd,Forest View Contracting
{03F51F21-EFC1-424E-8E6D-134B42A9390D},4038.000000000000000,15/11.48,38.000000000000000,950.000000000000000,Yes,0.000000000000000,1.000000000000000,0.000000000000000,0.000000000000000,0.000000000000000,0.000000000000000,1.000000000000000,0.000000000000000,25/96,0.000000000000000,0.026315789473700,0.000000000000000,0.000000000000000,0.000000000000000,0.000000000000000,0.026315789473700,0.000000000000000,By not firm planter not closing cuts,{010279C1-DBD4-4F98-B7DB-BB68D36F2854},6/08/2025 0:00:00, ,6/08/2025 0:00:00, ,No, ,4.000000000000000,Roy Trustee 2022 Ltd,Forest View Contracting
{0BA8A682-2D4F-4B1F-ADE0-DC5D0BF5D0F1},4050.000000000000000,5/11.31,38.000000000000000,950.000000000000000,Yes,0.000000000000000,0.000000000000000,1.000000000000000,0.000000000000000,0.000000000000000,0.000000000000000,0.000000000000000,0.000000000000000,25/96,0.000000000000000,0.000000000000000,0.026315789473700,0.000000000000000,0.000000000000000,0.000000000000000,0.000000000000000,0.000000000000000,Onr row spacing 4.8m rest good.,{F65C961A-950E-4358-90D0-815AA0F1461D},6/08/2025 0:00:00, ,6/08/2025 0:00:00, ,No, ,3.000000000000000,Roy Trustee 2022 Ltd,Forest View Contracting
{23C38439-F2C3-4202-8D24-5CECF45CB481},1524.000000000000000,10/11.37,38.000000000000000,950.000000000000000,No,0.000000000000000,0.000000000000000,0.000000000000000,0.000000000000000,0.000000000000000,0.000000000000000,0.000000000000000,0.000000000000000,25/96,0.000000000000000,0.000000000000000,0.000000000000000,0.000000000000000,0.000000000000000,0.000000000000000,0.000000000000000,0.000000000000000, ,{C74EF8DE-7F26-4316-A515-65A8FA910817},6/08/2025 0:00:00, ,6/08/2025 0:00:00, ,No, ,0.000000000000000,Roy Trustee 2022 Ltd,Forest View Contracting
{07D6956F-B8F7-4BF1-B851-8BEB5E991710},1532.000000000000000,5/11.31,41.000000000000000,1025.000000000000000,Yes,0.000000000000000,0.000000000000000,1.000000000000000,0.000000000000000,0.000000000000000,0.000000000000000,0.000000000000000,0.000000000000000,25/96,0.000000000000000,0.000000000000000,0.024390243902400,0.000000000000000,0.000000000000000,0.000000000000000,0.000000000000000,0.000000000000000, ,{95F53DA5-031E-402C-9000-419DDDA98285},6/08/2025 0:00:00, ,6/08/2025 0:00:00, ,No, ,3.000000000000000,Roy Trustee 2022 Ltd,Forest View Contracting
{5D1A19B7-9471-4C0E-8D71-378F8E38B3C2},4534.000000000000000,20/11.64,41.000000000000000,1025.000000000000000,Yes,0.000000000000000,0.000000000000000,0.000000000000000,0.000000000000000,0.000000000000000,0.000000000000000,1.000000000000000,0.000000000000000,25/96,0.000000000000000,0.000000000000000,0.000000000000000,0.000000000000000,0.000000000000000,0.000000000000000,0.024390243902400,0.000000000000000,The picture shows what i am marking as not firm the tree is firm but not sealed.,{2BA53FBF-3986-4B78-9C05-01EAC607E10D},6/08/2025 0:00:00, ,6/08/2025 0:00:00, ,No, ,3.000000000000000,Roy Trustee 2022 Ltd,Forest View Contracting
{B40AAAF5-5742-4CFC-A75E-9D167CD32DD5},4510.000000000000000,15/11.48,38.000000000000000,950.000000000000000,Yes,0.000000000000000,0.000000000000000,0.000000000000000,0.000000000000000,2.000000000000000,0.000000000000000,0.000000000000000,0.000000000000000,25/96,0.000000000000000,0.000000000000000,0.000000000000000,0.000000000000000,0.052631578947400,0.000000000000000,0.000000000000000,0.000000000000000,End of day quality acceptable but slipping,{C39D7F1C-BD7A-4432-8F21-8E8BF1D1740D},6/08/2025 0:00:00, ,6/08/2025 0:00:00, ,No, ,6.000000000000000,Roy Trustee 2022 Ltd,Forest View Contracting
{5B624077-983E-4F0F-BE54-47FCF2D829AA},4236.000000000000000,15/11.48,44.000000000000000,1100.000000000000000,Yes,1.000000000000000,0.000000000000000,0.000000000000000,0.000000000000000,1.000000000000000,0.000000000000000,0.000000000000000,0.000000000000000,25/90,0.022727272727300,0.000000000000000,0.000000000000000,0.000000000000000,0.022727272727300,0.000000000000000,0.000000000000000,0.000000000000000, ,{D20BA9B7-7F11-4789-9B4C-003A213B29CB},6/08/2025 0:00:00, ,6/08/2025 0:00:00, ,No, ,4.000000000000000,Roy Trustee 2022 Ltd,Proforest
{0F952227-3B11-4473-B994-0DC2B005773C},4918.000000000000000,5/11.31,42.000000000000000,1050.000000000000000,Yes,0.000000000000000,1.000000000000000,1.000000000000000,0.000000000000000,0.000000000000000,0.000000000000000,0.000000000000000,0.000000000000000,25/90,0.000000000000000,0.023809523809500,0.023809523809500,0.000000000000000,0.000000000000000,0.000000000000000,0.000000000000000,0.000000000000000, ,{D20BA9B7-7F11-4789-9B4C-003A213B29CB},6/08/2025 0:00:00, ,6/08/2025 0:00:00, ,No, ,4.000000000000000,Roy Trustee 2022 Ltd,Proforest
{8D870DF4-F1F7-4EF7-89EF-ED8DD5DCADF0},4916.000000000000000,5/11.31,44.000000000000000,1100.000000000000000,Yes,0.000000000000000,0.000000000000000,1.000000000000000,0.000000000000000,0.000000000000000,1.000000000000000,0.000000000000000,0.000000000000000,25/90,0.000000000000000,0.000000000000000,0.022727272727300,0.000000000000000,0.000000000000000,0.022727272727300,0.000000000000000,0.000000000000000, ,{D20BA9B7-7F11-4789-9B4C-003A213B29CB},6/08/2025 0:00:00, ,6/08/2025 0:00:00, ,No, ,6.000000000000000,Roy Trustee 2022 Ltd,Proforest
{12A271F5-FE51-4895-A441-9AAE1F5F7D38},4238.000000000000000,15/11.48,43.000000000000000,1075.000000000000000,Yes,0.000000000000000,0.000000000000000,0.000000000000000,0.000000000000000,1.000000000000000,1.000000000000000,0.000000000000000,0.000000000000000,25/90,0.000000000000000,0.000000000000000,0.000000000000000,0.000000000000000,0.023255813953500,0.023255813953500,0.000000000000000,0.000000000000000, ,{D20BA9B7-7F11-4789-9B4C-003A213B29CB},6/08/2025 0:00:00, ,6/08/2025 0:00:00, ,No, ,6.000000000000000,Roy Trustee 2022 Ltd,Proforest
{072D836E-ECA7-401F-AFC0-144FFAD2BC6F},4252.000000000000000,20/11.64,46.000000000000000,1150.000000000000000,Yes,0.000000000000000,1.000000000000000,0.000000000000000,0.000000000000000,0.000000000000000,1.000000000000000,0.000000000000000,0.000000000000000,25/90,0.000000000000000,0.021739130434800,0.000000000000000,0.000000000000000,0.000000000000000,0.021739130434800,0.000000000000000,0.000000000000000, ,{D20BA9B7-7F11-4789-9B4C-003A213B29CB},6/08/2025 0:00:00, ,6/08/2025 0:00:00, ,No,Yes,4.000000000000000,Roy Trustee 2022 Ltd,Proforest
{6D7619D0-C745-4239-9818-6C52D1D2341F},4266.000000000000000,10/11.37,42.000000000000000,1050.000000000000000,Yes,0.000000000000000,1.000000000000000,0.000000000000000,0.000000000000000,0.000000000000000,0.000000000000000,0.000000000000000,0.000000000000000,25/90,0.000000000000000,0.023809523809500,0.000000000000000,0.000000000000000,0.000000000000000,0.000000000000000,0.000000000000000,0.000000000000000, ,{D20BA9B7-7F11-4789-9B4C-003A213B29CB},6/08/2025 0:00:00, ,6/08/2025 0:00:00, ,No, ,1.000000000000000,Roy Trustee 2022 Ltd,Proforest
{F6F7CE16-C771-407D-9722-5D9BCDCEA544},4544.000000000000000,5/11.31,40.000000000000000,1000.000000000000000,No,0.000000000000000,0.000000000000000,0.000000000000000,0.000000000000000,0.000000000000000,0.000000000000000,0.000000000000000,0.000000000000000,25/96,0.000000000000000,0.000000000000000,0.000000000000000,0.000000000000000,0.000000000000000,0.000000000000000,0.000000000000000,0.000000000000000, ,{0ED17DEB-E193-400F-8617-34F874B3E902},6/08/2025 0:00:00, ,6/08/2025 0:00:00, ,No, ,0.000000000000000,Roy Trustee 2022 Ltd,Forest View Contracting
{1D10BADC-8F62-4597-AE37-FABD4EF531AC},4556.000000000000000,10/11.37,40.000000000000000,1000.000000000000000,Yes,0.000000000000000,0.000000000000000,1.000000000000000,0.000000000000000,0.000000000000000,0.000000000000000,1.000000000000000,0.000000000000000,25/96,0.000000000000000,0.000000000000000,0.025000000000000,0.000000000000000,0.000000000000000,0.000000000000000,0.025000000000000,0.000000000000000, ,{31A0010F-AE40-47B6-B440-421333A0BD83},7/08/2025 0:00:00, ,7/08/2025 0:00:00, ,No, ,6.000000000000000,Roy Trustee 2022 Ltd,Forest View Contracting
{D00A5838-63C4-4FF9-ADCE-9C92967F5E4C},4554.000000000000000,20/11.64,39.000000000000000,975.000000000000000,Yes,0.000000000000000,0.000000000000000,1.000000000000000,0.000000000000000,0.000000000000000,0.000000000000000,0.000000000000000,0.000000000000000,25/96,0.000000000000000,0.000000000000000,0.025641025641000,0.000000000000000,0.000000000000000,0.000000000000000,0.000000000000000,0.000000000000000,Steep some small gorse plants,{4D2D23A5-29FA-4022-A91F-AF38AA00D13D},7/08/2025 0:00:00, ,7/08/2025 0:00:00, ,No, ,3.000000000000000,Roy Trustee 2022 Ltd,Forest View Contracting
{4D7F050C-7F8E-4C84-953F-072A7628020D},4542.000000000000000,10/11.37,39.000000000000000,975.000000000000000,No,0.000000000000000,0.000000000000000,0.000000000000000,0.000000000000000,0.000000000000000,0.000000000000000,0.000000000000000,0.000000000000000,25/96,0.000000000000000,0.000000000000000,0.000000000000000,0.000000000000000,0.000000000000000,0.000000000000000,0.000000000000000,0.000000000000000, ,{F4B9D761-8ECC-4E8A-96E9-095E430ECF95},7/08/2025 0:00:00, ,7/08/2025 0:00:00, ,No, ,0.000000000000000,Roy Trustee 2022 Ltd,Forest View Contracting
{CCFAAC0C-5570-4508-A0D7-D2EECA13F2C0},4498.000000000000000,5/11.31,43.000000000000000,1075.000000000000000,No,0.000000000000000,0.000000000000000,0.000000000000000,0.000000000000000,0.000000000000000,0.000000000000000,0.000000000000000,0.000000000000000,25/96,0.000000000000000,0.000000000000000,0.000000000000000,0.000000000000000,0.000000000000000,0.000000000000000,0.000000000000000,0.000000000000000, ,{7F8EEAD6-A6DA-479D-B794-921CA459A37A},7/08/2025 0:00:00, ,7/08/2025 0:00:00, ,No, ,0.000000000000000,Roy Trustee 2022 Ltd,Forest View Contracting
{1B8DAF9C-4EB2-413C-9ED3-F23DCF22BAA1},4522.000000000000000,10/11.37,39.000000000000000,975.000000000000000,No,0.000000000000000,0.000000000000000,0.000000000000000,0.000000000000000,0.000000000000000,0.000000000000000,0.000000000000000,0.000000000000000,25/96,0.000000000000000,0.000000000000000,0.000000000000000,0.000000000000000,0.000000000000000,0.000000000000000,0.000000000000000,0.000000000000000,Line change on plot,{667C1857-073B-4354-8A9E-792F8C1FBE3E},7/08/2025 0:00:00, ,7/08/2025 0:00:00, ,No, ,0.000000000000000,Roy Trustee 2022 Ltd,Forest View Contracting
{A135CE2D-F945-44A7-B4C3-B1F1D74310EC},4478.000000000000000,10/11.37,41.000000000000000,1025.000000000000000,No,0.000000000000000,0.000000000000000,0.000000000000000,0.000000000000000,0.000000000000000,0.000000000000000,0.000000000000000,0.000000000000000,25/96,0.000000000000000,0.000000000000000,0.000000000000000,0.000000000000000,0.000000000000000,0.000000000000000,0.000000000000000,0.000000000000000, ,{5C56305D-7574-466C-9A00-5E1527D3321D},7/08/2025 0:00:00, ,7/08/2025 0:00:00, ,No, ,0.000000000000000,Roy Trustee 2022 Ltd,Forest View Contracting
{1B2BF371-7AFB-4D02-8E99-8B17A968514F},4466.000000000000000,20/11.64,42.000000000000000,1050.000000000000000,No,0.000000000000000,0.000000000000000,0.000000000000000,0.000000000000000,0.000000000000000,0.000000000000000,0.000000000000000,0.000000000000000,25/96,0.000000000000000,0.000000000000000,0.000000000000000,0.000000000000000,0.000000000000000,0.000000000000000,0.000000000000000,0.000000000000000, ,{1E78E85F-6C96-49D5-BC4B-F338AC3EFD8A},7/08/2025 0:00:00, ,7/08/2025 0:00:00, ,No, ,0.000000000000000,Roy Trustee 2022 Ltd,Forest View Contracting
{57C78421-42FF-4ACF-85ED-7D778FDFBF6A},4480.000000000000000,5/11.31,39.000000000000000,975.000000000000000,No,0.000000000000000,0.000000000000000,0.000000000000000,0.000000000000000,0.000000000000000,0.000000000000000,0.000000000000000,0.000000000000000,25/69,0.000000000000000,0.000000000000000,0.000000000000000,0.000000000000000,0.000000000000000,0.000000000000000,0.000000000000000,0.000000000000000, ,{7A6D9FDB-0820-4BD2-898B-1933822DA545},7/08/2025 0:00:00, ,7/08/2025 0:00:00, ,No, ,0.000000000000000,Roy Trustee 2022 Ltd,Forest View Contracting
{E5CE634B-A27B-47CF-A3E8-486B1B0E2099},4464.000000000000000,5/11.31,39.000000000000000,975.000000000000000,No,0.000000000000000,0.000000000000000,0.000000000000000,0.000000000000000,0.000000000000000,0.000000000000000,0.000000000000000,0.000000000000000,25/96,0.000000000000000,0.000000000000000,0.000000000000000,0.000000000000000,0.000000000000000,0.000000000000000,0.000000000000000,0.000000000000000,Planters starting learn not finding many root issues,{CF8CCAB1-E034-4C98-81D1-1CF8A56F29F1},7/08/2025 0:00:00, ,7/08/2025 0:00:00, ,No, ,0.000000000000000,Roy Trustee 2022 Ltd,Forest View Contracting
{CF5FDB48-DBBD-4578-8ED6-641C54F2A9C4},4270.000000000000000,15/11.48,45.000000000000000,1125.000000000000000,Yes,0.000000000000000,0.000000000000000,0.000000000000000,0.000000000000000,0.000000000000000,1.000000000000000,0.000000000000000,0.000000000000000,25/90,0.000000000000000,0.000000000000000,0.000000000000000,0.000000000000000,0.000000000000000,0.022222222222200,0.000000000000000,0.000000000000000, ,{55B92FC8-7A37-4E2E-B082-A90B9943245E},7/08/2025 0:00:00, ,7/08/2025 0:00:00, ,No,Yes,3.000000000000000,Roy Trustee 2022 Ltd,Proforest
{0CEBE4B9-EC9D-4685-98D5-BC3C7C0FA3BB},4246.000000000000000,15/11.48,36.000000000000000,900.000000000000000,Yes,0.000000000000000,1.000000000000000,0.000000000000000,0.000000000000000,0.000000000000000,0.000000000000000,0.000000000000000,0.000000000000000,25/90,0.000000000000000,0.027777777777800,0.000000000000000,0.000000000000000,0.000000000000000,0.000000000000000,0.000000000000000,0.000000000000000, ,{55B92FC8-7A37-4E2E-B082-A90B9943245E},7/08/2025 0:00:00, ,7/08/2025 0:00:00, ,No, ,1.000000000000000,Roy Trustee 2022 Ltd,Proforest
{7C3C358E-EC67-44A6-90C9-B6D9510B29E4},4166.000000000000000,5/11.31,39.000000000000000,975.000000000000000,Yes,0.000000000000000,0.000000000000000,0.000000000000000,1.000000000000000,1.000000000000000,0.000000000000000,0.000000000000000,0.000000000000000,25/90,0.000000000000000,0.000000000000000,0.000000000000000,0.025641025641000,0.025641025641000,0.000000000000000,0.000000000000000,0.000000000000000, ,{55B92FC8-7A37-4E2E-B082-A90B9943245E},7/08/2025 0:00:00, ,7/08/2025 0:00:00, ,No, ,4.000000000000000,Roy Trustee 2022 Ltd,Proforest
{03CF4554-0074-4EAF-9107-878416AC6281},4176.000000000000000,5/11.31,42.000000000000000,1050.000000000000000,Yes,1.000000000000000,0.000000000000000,0.000000000000000,0.000000000000000,0.000000000000000,0.000000000000000,0.000000000000000,0.000000000000000,25/90,0.023809523809500,0.000000000000000,0.000000000000000,0.000000000000000,0.000000000000000,0.000000000000000,0.000000000000000,0.000000000000000, ,{55B92FC8-7A37-4E2E-B082-A90B9943245E},7/08/2025 0:00:00, ,7/08/2025 0:00:00, ,No, ,1.000000000000000,Roy Trustee 2022 Ltd,Proforest
{D08DAE55-73A3-42D4-9EBE-26C43531875F},4188.000000000000000,15/11.48,44.000000000000000,1100.000000000000000,Yes,1.000000000000000,1.000000000000000,0.000000000000000,0.000000000000000,0.000000000000000,0.000000000000000,0.000000000000000,0.000000000000000,25/90,0.022727272727300,0.022727272727300,0.000000000000000,0.000000000000000,0.000000000000000,0.000000000000000,0.000000000000000,0.000000000000000, ,{55B92FC8-7A37-4E2E-B082-A90B9943245E},7/08/2025 0:00:00, ,7/08/2025 0:00:00, ,No, ,2.000000000000000,Roy Trustee 2022 Ltd,Proforest
{B6B7DA9E-6C85-49CA-AD6C-2A879CD83708},4174.000000000000000,5/11.31,40.000000000000000,1000.000000000000000,Yes,1.000000000000000,0.000000000000000,0.000000000000000,0.000000000000000,0.000000000000000,0.000000000000000,0.000000000000000,0.000000000000000,25/90,0.025000000000000,0.000000000000000,0.000000000000000,0.000000000000000,0.000000000000000,0.000000000000000,0.000000000000000,0.000000000000000, ,{55B92FC8-7A37-4E2E-B082-A90B9943245E},7/08/2025 0:00:00, ,7/08/2025 0:00:00, ,No, ,1.000000000000000,Roy Trustee 2022 Ltd,Proforest
{031C434F-5C92-43D4-9AFD-BBC298BD8241},4158.000000000000000,5/11.31,46.000000000000000,1150.000000000000000,Yes,0.000000000000000,1.000000000000000,0.000000000000000,0.000000000000000,0.000000000000000,0.000000000000000,0.000000000000000,0.000000000000000,25/90,0.000000000000000,0.021739130434800,0.000000000000000,0.000000000000000,0.000000000000000,0.000000000000000,0.000000000000000,0.000000000000000, ,{55B92FC8-7A37-4E2E-B082-A90B9943245E},7/08/2025 0:00:00, ,7/08/2025 0:00:00, ,No,Yes,1.000000000000000,Roy Trustee 2022 Ltd,Proforest
{21F888FF-12DC-427F-9DA8-FC3C986265AB},4200.000000000000000,20/11.64,44.000000000000000,1100.000000000000000,Yes,0.000000000000000,1.000000000000000,0.000000000000000,0.000000000000000,0.000000000000000,0.000000000000000,0.000000000000000,0.000000000000000,25/90,0.000000000000000,0.022727272727300,0.000000000000000,0.000000000000000,0.000000000000000,0.000000000000000,0.000000000000000,0.000000000000000, ,{55B92FC8-7A37-4E2E-B082-A90B9943245E},7/08/2025 0:00:00, ,7/08/2025 0:00:00, ,No, ,1.000000000000000,Roy Trustee 2022 Ltd,Proforest
{384E3FB7-DFDC-4043-9ED3-DAC0B7C6FE4A},4186.000000000000000,15/11.48,44.000000000000000,1100.000000000000000,Yes,0.000000000000000,1.000000000000000,0.000000000000000,0.000000000000000,0.000000000000000,0.000000000000000,0.000000000000000,0.000000000000000,25/90,0.000000000000000,0.022727272727300,0.000000000000000,0.000000000000000,0.000000000000000,0.000000000000000,0.000000000000000,0.000000000000000, ,{55B92FC8-7A37-4E2E-B082-A90B9943245E},7/08/2025 0:00:00, ,7/08/2025 0:00:00, ,No, ,1.000000000000000,Roy Trustee 2022 Ltd,Proforest
{22A4DD55-6CCC-4C69-BDAB-C3C54923D1C7},4196.000000000000000,5/11.31,42.000000000000000,1050.000000000000000,Yes,0.000000000000000,0.000000000000000,1.000000000000000,0.000000000000000,0.000000000000000,0.000000000000000,1.000000000000000,0.000000000000000,25/90,0.000000000000000,0.000000000000000,0.023809523809500,0.000000000000000,0.000000000000000,0.000000000000000,0.023809523809500,0.000000000000000,"One bad line with faults, rest were good",{55B92FC8-7A37-4E2E-B082-A90B9943245E},7/08/2025 0:00:00, ,7/08/2025 0:00:00, ,No, ,6.000000000000000,Roy Trustee 2022 Ltd,Proforest
{6CEDFC83-2E00-48C8-B371-7652110BFE65},4210.000000000000000,5/11.31,41.000000000000000,1025.000000000000000,Yes,0.000000000000000,0.000000000000000,0.000000000000000,0.000000000000000,1.000000000000000,0.000000000000000,0.000000000000000,0.000000000000000,25/90,0.000000000000000,0.000000000000000,0.000000000000000,0.000000000000000,0.024390243902400,0.000000000000000,0.000000000000000,0.000000000000000, ,{55B92FC8-7A37-4E2E-B082-A90B9943245E},7/08/2025 0:00:00, ,7/08/2025 0:00:00, ,No, ,3.000000000000000,Roy Trustee 2022 Ltd,Proforest
{C91C66E4-9230-4017-B3D3-B096D269D59D},4224.000000000000000,10/11.37,38.000000000000000,950.000000000000000,Yes,0.000000000000000,1.000000000000000,0.000000000000000,0.000000000000000,0.000000000000000,0.000000000000000,0.000000000000000,0.000000000000000,25/90,0.000000000000000,0.026315789473700,0.000000000000000,0.000000000000000,0.000000000000000,0.000000000000000,0.000000000000000,0.000000000000000, ,{55B92FC8-7A37-4E2E-B082-A90B9943245E},7/08/2025 0:00:00, ,7/08/2025 0:00:00, ,No, ,1.000000000000000,Roy Trustee 2022 Ltd,Proforest
{6F9F0C88-CFA1-4634-95F9-C2B21CFDA6D3},4222.000000000000000,20/11.64,40.000000000000000,1000.000000000000000,Yes,0.000000000000000,1.000000000000000,0.000000000000000,0.000000000000000,0.000000000000000,0.000000000000000,0.000000000000000,0.000000000000000,25/90,0.000000000000000,0.025000000000000,0.000000000000000,0.000000000000000,0.000000000000000,0.000000000000000,0.000000000000000,0.000000000000000, ,{55B92FC8-7A37-4E2E-B082-A90B9943245E},7/08/2025 0:00:00, ,7/08/2025 0:00:00, ,No, ,1.000000000000000,Roy Trustee 2022 Ltd,Proforest
{6286FDCC-E510-4797-A863-1BD232E3B2A3},4234.000000000000000,15/11.48,40.000000000000000,1000.000000000000000,Yes,0.000000000000000,0.000000000000000,0.000000000000000,0.000000000000000,1.000000000000000,1.000000000000000,0.000000000000000,0.000000000000000,25/90,0.000000000000000,0.000000000000000,0.000000000000000,0.000000000000000,0.025000000000000,0.025000000000000,0.000000000000000,0.000000000000000, ,{55B92FC8-7A37-4E2E-B082-A90B9943245E},7/08/2025 0:00:00, ,7/08/2025 0:00:00, ,No, ,6.000000000000000,Roy Trustee 2022 Ltd,Proforest
{583E979C-89CA-4FB1-A66E-9C4B1D270B34},4250.000000000000000,5/11.31,40.000000000000000,1000.000000000000000,Yes,0.000000000000000,1.000000000000000,0.000000000000000,0.000000000000000,0.000000000000000,0.000000000000000,0.000000000000000,0.000000000000000,25/90,0.000000000000000,0.025000000000000,0.000000000000000,0.000000000000000,0.000000000000000,0.000000000000000,0.000000000000000,0.000000000000000, ,{55B92FC8-7A37-4E2E-B082-A90B9943245E},7/08/2025 0:00:00, ,7/08/2025 0:00:00, ,No, ,1.000000000000000,Roy Trustee 2022 Ltd,Proforest
{70336F4C-3DD0-44C2-A600-F652C13C8FFC},4528.000000000000000,10/11.37,42.000000000000000,1050.000000000000000,Yes,0.000000000000000,0.000000000000000,0.000000000000000,0.000000000000000,1.000000000000000,0.000000000000000,0.000000000000000,0.000000000000000,25/96,0.000000000000000,0.000000000000000,0.000000000000000,0.000000000000000,0.023809523809500,0.000000000000000,0.000000000000000,0.000000000000000, ,{C814F9BE-2B63-4C0A-8E74-1D72C3D98EB0},7/08/2025 0:00:00, ,7/08/2025 0:00:00, ,No, ,3.000000000000000,Roy Trustee 2022 Ltd,Johnson Forestry Services
{6E7B4D6A-D157-4E98-B774-0C7302CF7516},4552.000000000000000,15/11.48,37.000000000000000,925.000000000000000,Yes,0.000000000000000,0.000000000000000,1.000000000000000,0.000000000000000,1.000000000000000,0.000000000000000,0.000000000000000,0.000000000000000,25/96,0.000000000000000,0.000000000000000,0.027027027027000,0.000000000000000,0.027027027027000,0.000000000000000,0.000000000000000,0.000000000000000,Faults in one line,{C814F9BE-2B63-4C0A-8E74-1D72C3D98EB0},7/08/2025 0:00:00, ,7/08/2025 0:00:00, ,No, ,6.000000000000000,Roy Trustee 2022 Ltd,Johnson Forestry Services
{7ED31571-9FDF-474F-8C38-4B9D909AA10D},4506.000000000000000,10/11.37,40.000000000000000,1000.000000000000000,Yes,0.000000000000000,0.000000000000000,1.000000000000000,0.000000000000000,0.000000000000000,0.000000000000000,1.000000000000000,0.000000000000000,25/96,0.000000000000000,0.000000000000000,0.025000000000000,0.000000000000000,0.000000000000000,0.000000000000000,0.025000000000000,0.000000000000000, ,{824303D2-13AF-4D95-A10C-662B03BB1C71},8/08/2025 0:00:00, ,8/08/2025 0:00:00, ,No, ,6.000000000000000,Roy Trustee 2022 Ltd,Johnson Forestry Services
{1C25EC65-FBA7-41BB-A90B-085E5928D63B},4490.000000000000000,15/11.48,40.000000000000000,1000.000000000000000,Yes,0.000000000000000,1.000000000000000,0.000000000000000,0.000000000000000,0.000000000000000,0.000000000000000,1.000000000000000,0.000000000000000,25/96,0.000000000000000,0.025000000000000,0.000000000000000,0.000000000000000,0.000000000000000,0.000000000000000,0.025000000000000,0.000000000000000, ,{824303D2-13AF-4D95-A10C-662B03BB1C71},8/08/2025 0:00:00, ,8/08/2025 0:00:00, ,No, ,4.000000000000000,Roy Trustee 2022 Ltd,Johnson Forestry Services
{76E83D78-3F47-41E1-B85D-02B7677890A2},4476.000000000000000,15/11.48,35.000000000000000,875.000000000000000,Yes,0.000000000000000,0.000000000000000,0.000000000000000,0.000000000000000,5.000000000000000,0.000000000000000,0.000000000000000,0.000000000000000,25/96,0.000000000000000,0.000000000000000,0.000000000000000,0.000000000000000,0.114285714286000,0.000000000000000,0.000000000000000,0.000000000000000, ,{824303D2-13AF-4D95-A10C-662B03BB1C71},8/08/2025 0:00:00, ,8/08/2025 0:00:00, ,No,Yes,12.000000000000000,Roy Trustee 2022 Ltd,Johnson Forestry Services
{B1EB0CA5-CC4C-418A-A422-1C6A8B33A92D},4488.000000000000000,20/11.64,39.000000000000000,975.000000000000000,Yes,0.000000000000000,0.000000000000000,1.000000000000000,0.000000000000000,1.000000000000000,0.000000000000000,0.000000000000000,0.000000000000000,25/96,0.000000000000000,0.000000000000000,0.025641025641000,0.000000000000000,0.025641025641000,0.000000000000000,0.000000000000000,0.000000000000000, ,{824303D2-13AF-4D95-A10C-662B03BB1C71},8/08/2025 0:00:00, ,8/08/2025 0:00:00, ,No, ,6.000000000000000,Roy Trustee 2022 Ltd,Johnson Forestry Services
{BFF8ED72-4395-4CAF-8863-9D5A944BB17C},4474.000000000000000,10/11.37,37.000000000000000,925.000000000000000,Yes,0.000000000000000,0.000000000000000,1.000000000000000,0.000000000000000,1.000000000000000,0.000000000000000,0.000000000000000,0.000000000000000,25/96,0.000000000000000,0.000000000000000,0.027027027027000,0.000000000000000,0.027027027027000,0.000000000000000,0.000000000000000,0.000000000000000, ,{824303D2-13AF-4D95-A10C-662B03BB1C71},8/08/2025 0:00:00, ,8/08/2025 0:00:00, ,No, ,6.000000000000000,Roy Trustee 2022 Ltd,Johnson Forestry Services
{2C01F277-130C-4F9A-B034-55C869DC0AE3},4462.000000000000000,15/11.48,35.000000000000000,875.000000000000000,Yes,0.000000000000000,0.000000000000000,1.000000000000000,0.000000000000000,0.000000000000000,0.000000000000000,0.000000000000000,0.000000000000000,25/96,0.000000000000000,0.000000000000000,0.028571428571400,0.000000000000000,0.000000000000000,0.000000000000000,0.000000000000000,0.000000000000000, ,{824303D2-13AF-4D95-A10C-662B03BB1C71},8/08/2025 0:00:00, ,8/08/2025 0:00:00, ,No,No,3.000000000000000,Roy Trustee 2022 Ltd,Johnson Forestry Services
{BA080C6C-3823-454D-B097-D77E800BC8EA},4450.000000000000000,15/11.48,37.000000000000000,925.000000000000000,Yes,0.000000000000000,0.000000000000000,0.000000000000000,0.000000000000000,1.000000000000000,0.000000000000000,1.000000000000000,0.000000000000000,25/96,0.000000000000000,0.000000000000000,0.000000000000000,0.000000000000000,0.027027027027000,0.000000000000000,0.027027027027000,0.000000000000000, ,{824303D2-13AF-4D95-A10C-662B03BB1C71},8/08/2025 0:00:00, ,8/08/2025 0:00:00, ,No, ,6.000000000000000,Roy Trustee 2022 Ltd,Johnson Forestry Services
{F65F1F58-6E60-43A1-A427-633EC4D4F7CD},4160.000000000000000,10/11.37,41.000000000000000,1025.000000000000000,Yes,0.000000000000000,0.000000000000000,0.000000000000000,0.000000000000000,0.000000000000000,0.000000000000000,2.000000000000000,0.000000000000000,25/90,0.000000000000000,0.000000000000000,0.000000000000000,0.000000000000000,0.000000000000000,0.000000000000000,0.048780487804900,0.000000000000000, ,{D195C004-168A-440D-965D-5347451B2316},8/08/2025 0:00:00, ,8/08/2025 0:00:00, ,No, ,6.000000000000000,Roy Trustee 2022 Ltd,Proforest
{2C98548D-81EB-4F49-BF5D-98FFC76FC5CA},4184.000000000000000,15/11.48,40.000000000000000,1000.000000000000000,Yes,0.000000000000000,0.000000000000000,0.000000000000000,0.000000000000000,1.000000000000000,0.000000000000000,0.000000000000000,0.000000000000000,25/90,0.000000000000000,0.000000000000000,0.000000000000000,0.000000000000000,0.025000000000000,0.000000000000000,0.000000000000000,0.000000000000000,Long roots exposed,{D195C004-168A-440D-965D-5347451B2316},8/08/2025 0:00:00, ,8/08/2025 0:00:00, ,No, ,3.000000000000000,Roy Trustee 2022 Ltd,Proforest
{DFFB441F-78FE-4B94-A871-4A903AE70AF1},4182.000000000000000,20/11.64,42.000000000000000,1050.000000000000000,Yes,0.000000000000000,0.000000000000000,1.000000000000000,0.000000000000000,0.000000000000000,0.000000000000000,0.000000000000000,0.000000000000000,25/90,0.000000000000000,0.000000000000000,0.023809523809500,0.000000000000000,0.000000000000000,0.000000000000000,0.000000000000000,0.000000000000000, ,{D195C004-168A-440D-965D-5347451B2316},8/08/2025 0:00:00, ,8/08/2025 0:00:00, ,No, ,3.000000000000000,Roy Trustee 2022 Ltd,Proforest
{E5E2AE7A-7E12-4E1A-BD22-8F56A76F37B8},4190.000000000000000,10/11.37,43.000000000000000,1075.000000000000000,Yes,0.000000000000000,0.000000000000000,0.000000000000000,0.000000000000000,0.000000000000000,0.000000000000000,2.000000000000000,0.000000000000000,25/90,0.000000000000000,0.000000000000000,0.000000000000000,0.000000000000000,0.000000000000000,0.000000000000000,0.046511627907000,0.000000000000000, ,{D195C004-168A-440D-965D-5347451B2316},8/08/2025 0:00:00, ,8/08/2025 0:00:00, ,No, ,6.000000000000000,Roy Trustee 2022 Ltd,Proforest
{F9079D98-8770-458A-AC81-54897BC6396D},4168.000000000000000,20/11.64,41.000000000000000,1025.000000000000000,Yes,0.000000000000000,0.000000000000000,0.000000000000000,1.000000000000000,0.000000000000000,0.000000000000000,0.000000000000000,0.000000000000000,25/90,0.000000000000000,0.000000000000000,0.000000000000000,0.024390243902400,0.000000000000000,0.000000000000000,0.000000000000000,0.000000000000000, ,{D195C004-168A-440D-965D-5347451B2316},8/08/2025 0:00:00, ,8/08/2025 0:00:00, ,No, ,1.000000000000000,Roy Trustee 2022 Ltd,Proforest
{14941B5C-9863-45FA-8500-84C37676803D},4190.000000000000000,15/11.48,46.000000000000000,1150.000000000000000,Yes,1.000000000000000,0.000000000000000,0.000000000000000,0.000000000000000,1.000000000000000,0.000000000000000,0.000000000000000,0.000000000000000,25/90,0.021739130434800,0.000000000000000,0.000000000000000,0.000000000000000,0.000000000000000,0.000000000000000,0.000000000000000,0.000000000000000,Higher stocking where lines change. Long roots exposed,{D195C004-168A-440D-965D-5347451B2316},8/08/2025 0:00:00, ,8/08/2025 0:00:00, ,No,No,4.000000000000000,Roy Trustee 2022 Ltd,Proforest
{7FDDDE79-556B-43F2-8227-56C3028B54B3},4178.000000000000000,20/11.64,44.000000000000000,1100.000000000000000,Yes,0.000000000000000,0.000000000000000,0.000000000000000,0.000000000000000,0.000000000000000,1.000000000000000,0.000000000000000,0.000000000000000,25/90,0.000000000000000,0.000000000000000,0.000000000000000,0.000000000000000,0.000000000000000,0.022727272727300,0.000000000000000,0.000000000000000, ,{D195C004-168A-440D-965D-5347451B2316},8/08/2025 0:00:00, ,8/08/2025 0:00:00, ,No, ,3.000000000000000,Roy Trustee 2022 Ltd,Proforest
{D2CFC171-34F9-40B7-A063-FD663B298C9F},4180.000000000000000,10/11.37,42.000000000000000,1050.000000000000000,Yes,2.000000000000000,1.000000000000000,0.000000000000000,0.000000000000000,0.000000000000000,0.000000000000000,0.000000000000000,0.000000000000000,25/90,0.047619047619000,0.023809523809500,0.000000000000000,0.000000000000000,0.000000000000000,0.000000000000000,0.000000000000000,0.000000000000000, ,{D195C004-168A-440D-965D-5347451B2316},8/08/2025 0:00:00, ,8/08/2025 0:00:00, ,No, ,3.000000000000000,Roy Trustee 2022 Ltd,Proforest
{B81B67F9-317E-4CA0-A031-D6DFFB22CA05},4518.000000000000000,10/11.37,40.000000000000000,1000.000000000000000,No,0.000000000000000,0.000000000000000,0.000000000000000,0.000000000000000,0.000000000000000,0.000000000000000,0.000000000000000,0.000000000000000,25/96,0.000000000000000,0.000000000000000,0.000000000000000,0.000000000000000,0.000000000000000,0.000000000000000,0.000000000000000,0.000000000000000, ,{52828595-1CFD-455B-A0EC-6329CB0D51FF},10/08/2025 0:00:00, ,10/08/2025 0:00:00, ,No, ,0.000000000000000,Roy Trustee 2022 Ltd,Johnson Forestry Services
{61317F97-38BC-4F2B-AF42-A261D2C142A3},4508.000000000000000,10/11.37,42.000000000000000,1050.000000000000000,Yes,0.000000000000000,1.000000000000000,0.000000000000000,0.000000000000000,0.000000000000000,0.000000000000000,0.000000000000000,0.000000000000000,25/,0.000000000000000,0.023809523809500,0.000000000000000,0.000000000000000,0.000000000000000,0.000000000000000,0.000000000000000,0.000000000000000, ,{52828595-1CFD-455B-A0EC-6329CB0D51FF},10/08/2025 0:00:00, ,10/08/2025 0:00:00, ,Yes, ,1.000000000000000,Roy Trustee 2022 Ltd,Proforest
{FF8D21AA-F82A-4E21-959A-CAEFC5133060},4250.000000000000000,15/11.48,42.000000000000000,1050.000000000000000,No,0.000000000000000,0.000000000000000,0.000000000000000,0.000000000000000,0.000000000000000,0.000000000000000,0.000000000000000,0.000000000000000,25/,0.000000000000000,0.000000000000000,0.000000000000000,0.000000000000000,0.000000000000000,0.000000000000000,0.000000000000000,0.000000000000000, u uiuo red rcweik,{52828595-1CFD-455B-A0EC-6329CB0D51FF},10/08/2025 0:00:00, ,10/08/2025 0:00:00, ,No, ,0.000000000000000,Roy Trustee 2022 Ltd,Proforest
{383085AC-F5A6-48BD-8734-1A00B2CFBEFD},4550.000000000000000,15/11.48,41.000000000000000,1025.000000000000000,Yes,0.000000000000000,0.000000000000000,0.000000000000000,0.000000000000000,0.000000000000000,0.000000000000000,1.000000000000000,0.000000000000000,25/,0.000000000000000,0.000000000000000,0.000000000000000,0.000000000000000,0.000000000000000,0.000000000000000,0.024390243902400,0.000000000000000, ,{52828595-1CFD-455B-A0EC-6329CB0D51FF},10/08/2025 0:00:00, ,10/08/2025 0:00:00, ,No, ,3.000000000000000,Roy Trustee 2022 Ltd,Proforest
{7D4F6628-96F8-41E4-A609-32D92660FEE3},4460.000000000000000,10/11.37,40.000000000000000,1000.000000000000000,Yes,0.000000000000000,0.000000000000000,0.000000000000000,0.000000000000000,1.000000000000000,0.000000000000000,0.000000000000000,0.000000000000000,25/,0.000000000000000,0.000000000000000,0.000000000000000,0.000000000000000,0.025000000000000,0.000000000000000,0.000000000000000,0.000000000000000,Long roots on trees dug up,{52828595-1CFD-455B-A0EC-6329CB0D51FF},10/08/2025 0:00:00, ,10/08/2025 0:00:00, ,No, ,3.000000000000000,Roy Trustee 2022 Ltd,Proforest
{3B365C18-E1DA-46EB-9AF3-8A81273CCA5D},4446.000000000000000,10/11.37,41.000000000000000,1025.000000000000000,Yes,0.000000000000000,0.000000000000000,2.000000000000000,0.000000000000000,0.000000000000000,0.000000000000000,0.000000000000000,0.000000000000000,25/,0.000000000000000,0.000000000000000,0.048780487804900,0.000000000000000,0.000000000000000,0.000000000000000,0.000000000000000,0.000000000000000, ,{52828595-1CFD-455B-A0EC-6329CB0D51FF},10/08/2025 0:00:00, ,10/08/2025 0:00:00, ,No, ,6.000000000000000,Roy Trustee 2022 Ltd,Proforest
{B37E26B4-1442-4CEA-8525-FA0C984C0CF0},2420.000000000000000,15/11.48,45.000000000000000,1125.000000000000000,Yes,0.000000000000000,0.000000000000000,0.000000000000000,0.000000000000000,1.000000000000000,0.000000000000000,0.000000000000000,0.000000000000000,25/96,0.000000000000000,0.000000000000000,0.000000000000000,0.000000000000000,0.022222222222200,0.000000000000000,0.000000000000000,0.000000000000000, ,{52828595-1CFD-455B-A0EC-6329CB0D51FF},10/08/2025 0:00:00, ,10/08/2025 0:00:00, ,No,Yes,3.000000000000000,Roy Trustee 2022 Ltd,Proforest
{3C65D62A-8732-4653-A953-B88111149F87},4418.000000000000000,15/11.48,39.000000000000000,975.000000000000000,Yes,0.000000000000000,0.000000000000000,1.000000000000000,0.000000000000000,0.000000000000000,0.000000000000000,0.000000000000000,0.000000000000000,25/96,0.000000000000000,0.000000000000000,0.025641025641000,0.000000000000000,0.000000000000000,0.000000000000000,0.000000000000000,0.000000000000000, ,{52828595-1CFD-455B-A0EC-6329CB0D51FF},10/08/2025 0:00:00, ,10/08/2025 0:00:00, ,No, ,3.000000000000000,Roy Trustee 2022 Ltd,Proforest
{C16865C2-7850-4703-B844-CB9399246D43},4416.000000000000000,15/11.48,40.000000000000000,1000.000000000000000,No,0.000000000000000,0.000000000000000,0.000000000000000,0.000000000000000,0.000000000000000,0.000000000000000,0.000000000000000,0.000000000000000,25/96,0.000000000000000,0.000000000000000,0.000000000000000,0.000000000000000,0.000000000000000,0.000000000000000,0.000000000000000,0.000000000000000, ,{52828595-1CFD-455B-A0EC-6329CB0D51FF},10/08/2025 0:00:00, ,10/08/2025 0:00:00, ,No, ,0.000000000000000,Roy Trustee 2022 Ltd,Proforest
{556BC1A5-6D61-45F8-8A4C-4F3372829740},4412.000000000000000,15/11.48,41.000000000000000,1025.000000000000000,Yes,0.000000000000000,2.000000000000000,0.000000000000000,0.000000000000000,0.000000000000000,0.000000000000000,0.000000000000000,0.000000000000000,25/96,0.000000000000000,0.048780487804900,0.000000000000000,0.000000000000000,0.000000000000000,0.000000000000000,0.000000000000000,0.000000000000000,Bent trees in this area,{52828595-1CFD-455B-A0EC-6329CB0D51FF},10/08/2025 0:00:00, ,10/08/2025 0:00:00, ,No, ,2.000000000000000,Roy Trustee 2022 Ltd,Proforest
{F6DCC59C-BE49-4452-92EE-E23673EE4B6A},4514.000000000000000,15/11.48,37.000000000000000,925.000000000000000,Yes,1.000000000000000,0.000000000000000,1.000000000000000,0.000000000000000,0.000000000000000,0.000000000000000,0.000000000000000,0.000000000000000,25/96,0.027027027027000,0.000000000000000,0.027027027027000,0.000000000000000,0.000000000000000,0.000000000000000,0.000000000000000,0.000000000000000, ,{68ECE26E-6F54-4BA8-B6B0-6F4B61574F2A},11/08/2025 0:00:00, ,11/08/2025 0:00:00, ,No, ,4.000000000000000,Roy Trustee 2022 Ltd,Johnson Forestry Services
{07D01B05-BCA5-403B-8B26-A15B38679A20},4512.000000000000000,30/12.13,38.000000000000000,950.000000000000000,Yes,0.000000000000000,0.000000000000000,1.000000000000000,0.000000000000000,0.000000000000000,0.000000000000000,1.000000000000000,0.000000000000000,25/96,0.000000000000000,0.000000000000000,0.026315789473700,0.000000000000000,0.000000000000000,0.000000000000000,0.026315789473700,0.000000000000000, ,{68ECE26E-6F54-4BA8-B6B0-6F4B61574F2A},11/08/2025 0:00:00, ,11/08/2025 0:00:00, ,No, ,6.000000000000000,Roy Trustee 2022 Ltd,Johnson Forestry Services
{69957FB2-F942-4B6C-B264-FC9506034300},4526.000000000000000,15/11.48,40.000000000000000,1000.000000000000000,Yes,0.000000000000000,0.000000000000000,2.000000000000000,0.000000000000000,0.000000000000000,0.000000000000000,0.000000000000000,0.000000000000000,25/96,0.000000000000000,0.000000000000000,0.050000000000000,0.000000000000000,0.000000000000000,0.000000000000000,0.000000000000000,0.000000000000000, ,{68ECE26E-6F54-4BA8-B6B0-6F4B61574F2A},11/08/2025 0:00:00, ,11/08/2025 0:00:00, ,No, ,6.000000000000000,Roy Trustee 2022 Ltd,Johnson Forestry Services
{FBD462B7-4A7D-450D-8B94-505399FF8190},4358.000000000000000,10/11.37,39.000000000000000,975.000000000000000,No,0.000000000000000,0.000000000000000,0.000000000000000,0.000000000000000,0.000000000000000,0.000000000000000,0.000000000000000,0.000000000000000,25/96,0.000000000000000,0.000000000000000,0.000000000000000,0.000000000000000,0.000000000000000,0.000000000000000,0.000000000000000,0.000000000000000, ,{68ECE26E-6F54-4BA8-B6B0-6F4B61574F2A},11/08/2025 0:00:00, ,11/08/2025 0:00:00, ,No, ,0.000000000000000,Roy Trustee 2022 Ltd,Johnson Forestry Services
{56465941-47C2-4B27-BEA1-DA23C2CA1F39},4536.000000000000000,25/11.85,40.000000000000000,1000.000000000000000,No,0.000000000000000,0.000000000000000,0.000000000000000,0.000000000000000,0.000000000000000,0.000000000000000,0.000000000000000,0.000000000000000,25/96,0.000000000000000,0.000000000000000,0.000000000000000,0.000000000000000,0.000000000000000,0.000000000000000,0.000000000000000,0.000000000000000, ,{68ECE26E-6F54-4BA8-B6B0-6F4B61574F2A},11/08/2025 0:00:00, ,11/08/2025 0:00:00, ,No, ,0.000000000000000,Roy Trustee 2022 Ltd,Johnson Forestry Services
{148B2BAA-AFE8-439F-AD26-2207335B3149},4548.000000000000000,15/11.48,42.000000000000000,1050.000000000000000,No,0.000000000000000,0.000000000000000,0.000000000000000,0.000000000000000,0.000000000000000,0.000000000000000,0.000000000000000,0.000000000000000,25/96,0.000000000000000,0.000000000000000,0.000000000000000,0.000000000000000,0.000000000000000,0.000000000000000,0.000000000000000,0.000000000000000, ,{68ECE26E-6F54-4BA8-B6B0-6F4B61574F2A},11/08/2025 0:00:00, ,11/08/2025 0:00:00, ,No, ,0.000000000000000,Roy Trustee 2022 Ltd,Johnson Forestry Services
{DD083F69-1365-45B7-B567-8A092A6C6D62},4485.000000000000000,10/11.37,40.000000000000000,1000.000000000000000,No,0.000000000000000,0.000000000000000,0.000000000000000,0.000000000000000,0.000000000000000,0.000000000000000,0.000000000000000,0.000000000000000,25/96,0.000000000000000,0.000000000000000,0.000000000000000,0.000000000000000,0.000000000000000,0.000000000000000,0.000000000000000,0.000000000000000, ,{68ECE26E-6F54-4BA8-B6B0-6F4B61574F2A},11/08/2025 0:00:00, ,11/08/2025 0:00:00, ,No, ,0.000000000000000,Roy Trustee 2022 Ltd,Johnson Forestry Services
{7FE149C0-7FCA-456B-8572-37B7E9642F28},4444.000000000000000,10/11.37,41.000000000000000,1025.000000000000000,No,0.000000000000000,0.000000000000000,0.000000000000000,0.000000000000000,0.000000000000000,0.000000000000000,0.000000000000000,0.000000000000000,25/96,0.000000000000000,0.000000000000000,0.000000000000000,0.000000000000000,0.000000000000000,0.000000000000000,0.000000000000000,0.000000000000000, ,{68ECE26E-6F54-4BA8-B6B0-6F4B61574F2A},11/08/2025 0:00:00, ,11/08/2025 0:00:00, ,No, ,0.000000000000000,Roy Trustee 2022 Ltd,Johnson Forestry Services
{6E2684DE-7C2C-41B6-B4F7-D6650F5DD92F},4486.000000000000000,15/11.48,40.000000000000000,1000.000000000000000,No,0.000000000000000,0.000000000000000,0.000000000000000,0.000000000000000,0.000000000000000,0.000000000000000,0.000000000000000,0.000000000000000,25/96,0.000000000000000,0.000000000000000,0.000000000000000,0.000000000000000,0.000000000000000,0.000000000000000,0.000000000000000,0.000000000000000, ,{68ECE26E-6F54-4BA8-B6B0-6F4B61574F2A},11/08/2025 0:00:00, ,11/08/2025 0:00:00, ,No, ,0.000000000000000,Roy Trustee 2022 Ltd,Johnson Forestry Services
{FFBA3FA0-BF7A-433C-8341-2987F43A5558},2352.000000000000000,15/11.48,43.000000000000000,0.000000000000000,No,0.000000000000000,0.000000000000000,0.000000000000000,0.000000000000000,0.000000000000000,0.000000000000000,0.000000000000000,0.000000000000000,25/30,0.000000000000000,0.000000000000000,0.000000000000000,0.000000000000000,0.000000000000000,0.000000000000000,0.000000000000000,0.000000000000000, ,{59ED606C-0208-47E6-9341-297871113E32},11/08/2025 0:00:00, ,11/08/2025 0:00:00, ,No, ,0.000000000000000,Roy Trustee 2022 Ltd,Johnson Forestry Services
{3B228ECA-F7C1-4C9B-92B7-80D9F30B8C46},2260.000000000000000,10/11.37,39.000000000000000,975.000000000000000,Yes,0.000000000000000,0.000000000000000,0.000000000000000,0.000000000000000,0.000000000000000,1.000000000000000,0.000000000000000,0.000000000000000,25/30,0.000000000000000,0.000000000000000,0.000000000000000,0.000000000000000,0.000000000000000,0.025641025641000,0.000000000000000,0.000000000000000,Very wet area,{59ED606C-0208-47E6-9341-297871113E32},11/08/2025 0:00:00, ,11/08/2025 0:00:00, ,No, ,3.000000000000000,Roy Trustee 2022 Ltd,Johnson Forestry Services
{AC14D669-7299-4F9F-A34E-E1378BE8147A},2346.000000000000000,15/11.48,42.000000000000000,1050.000000000000000,Yes,0.000000000000000,0.000000000000000,0.000000000000000,0.000000000000000,0.000000000000000,1.000000000000000,1.000000000000000,0.000000000000000,25/30,0.000000000000000,0.000000000000000,0.000000000000000,0.000000000000000,0.000000000000000,0.023809523809500,0.023809523809500,0.000000000000000, ,{59ED606C-0208-47E6-9341-297871113E32},11/08/2025 0:00:00, ,11/08/2025 0:00:00, ,No, ,6.000000000000000,Roy Trustee 2022 Ltd,Johnson Forestry Services
{92B91BC0-480C-4ABA-AA71-B38D36CE330A},2330.000000000000000,15/11.48,41.000000000000000,1025.000000000000000,Yes,0.000000000000000,1.000000000000000,0.000000000000000,0.000000000000000,0.000000000000000,1.000000000000000,0.000000000000000,0.000000000000000,25/30,0.000000000000000,0.024390243902400,0.000000000000000,0.000000000000000,0.000000000000000,0.024390243902400,0.000000000000000,0.000000000000000, ,{59ED606C-0208-47E6-9341-297871113E32},11/08/2025 0:00:00, ,11/08/2025 0:00:00, ,No, ,4.000000000000000,Roy Trustee 2022 Ltd,Johnson Forestry Services
{023DD4A8-6648-4A78-9290-078216AF6D1E},2312.000000000000000,15/11.48,43.000000000000000,1075.000000000000000,Yes,1.000000000000000,0.000000000000000,0.000000000000000,0.000000000000000,0.000000000000000,0.000000000000000,1.000000000000000,0.000000000000000,25/30,0.023255813953500,0.000000000000000,0.000000000000000,0.000000000000000,0.000000000000000,0.000000000000000,0.023255813953500,0.000000000000000, ,{59ED606C-0208-47E6-9341-297871113E32},11/08/2025 0:00:00, ,11/08/2025 0:00:00, ,No, ,4.000000000000000,Roy Trustee 2022 Ltd,Johnson Forestry Services
{C65065E8-A1D0-42ED-9A53-CCF440669C42},2274.000000000000000,20/11.64,43.000000000000000,1075.000000000000000,No,0.000000000000000,0.000000000000000,0.000000000000000,0.000000000000000,0.000000000000000,0.000000000000000,0.000000000000000,0.000000000000000,25/30,0.000000000000000,0.000000000000000,0.000000000000000,0.000000000000000,0.000000000000000,0.000000000000000,0.000000000000000,0.000000000000000, ,{59ED606C-0208-47E6-9341-297871113E32},11/08/2025 0:00:00, ,11/08/2025 0:00:00, ,No, ,0.000000000000000,Roy Trustee 2022 Ltd,Johnson Forestry Services
{CE3CFD54-3A4C-4A68-9CB4-CB04AB324960},2292.000000000000000,30/12.13,37.000000000000000,925.000000000000000,No,0.000000000000000,0.000000000000000,0.000000000000000,0.000000000000000,0.000000000000000,0.000000000000000,0.000000000000000,0.000000000000000,25/30,0.000000000000000,0.000000000000000,0.000000000000000,0.000000000000000,0.000000000000000,0.000000000000000,0.000000000000000,0.000000000000000,"Very steep ,rocky",{59ED606C-0208-47E6-9341-297871113E32},11/08/2025 0:00:00, ,11/08/2025 0:00:00, ,No, ,0.000000000000000,Roy Trustee 2022 Ltd,Johnson Forestry Services
{5FDB4981-D840-4DFA-A774-8263D5C1ED3D},2314.000000000000000,10/11.37,37.000000000000000,925.000000000000000,Yes,0.000000000000000,0.000000000000000,0.000000000000000,1.000000000000000,0.000000000000000,0.000000000000000,0.000000000000000,0.000000000000000,25/30,0.000000000000000,0.000000000000000,0.000000000000000,0.027027027027000,0.000000000000000,0.000000000000000,0.000000000000000,0.000000000000000,"Thick Matagouri one side ,could of got 4 more trees in",{59ED606C-0208-47E6-9341-297871113E32},11/08/2025 0:00:00, ,11/08/2025 0:00:00, ,No, ,1.000000000000000,Roy Trustee 2022 Ltd,Johnson Forestry Services
{03255EFB-3F53-4B25-9802-88669ABD99CD},2334.000000000000000,10/11.37,43.000000000000000,1075.000000000000000,Yes,0.000000000000000,0.000000000000000,0.000000000000000,0.000000000000000,0.000000000000000,1.000000000000000,1.000000000000000,0.000000000000000,25/30,0.000000000000000,0.000000000000000,0.000000000000000,0.000000000000000,0.000000000000000,0.023255813953500,0.023255813953500,0.000000000000000, ,{59ED606C-0208-47E6-9341-297871113E32},11/08/2025 0:00:00, ,11/08/2025 0:00:00, ,No, ,6.000000000000000,Roy Trustee 2022 Ltd,Johnson Forestry Services
{900FC3BE-1F8C-4BD7-9560-AA9E010172DF},2350.000000000000000,10/11.37,36.000000000000000,900.000000000000000,Yes,0.000000000000000,0.000000000000000,0.000000000000000,0.000000000000000,0.000000000000000,0.000000000000000,0.000000000000000,1.000000000000000,25/30,0.000000000000000,0.000000000000000,0.000000000000000,0.000000000000000,0.000000000000000,0.000000000000000,0.000000000000000,0.027777777777800, ,{59ED606C-0208-47E6-9341-297871113E32},11/08/2025 0:00:00, ,11/08/2025 0:00:00, ,No, ,3.000000000000000,Roy Trustee 2022 Ltd,Johnson Forestry Services
{E5750390-C98B-4CB9-8EF0-928FFDD27A8F},2316.000000000000000,10/11.37,40.000000000000000,1000.000000000000000,Yes,0.000000000000000,0.000000000000000,0.000000000000000,1.000000000000000,0.000000000000000,0.000000000000000,1.000000000000000,0.000000000000000,25/30,0.000000000000000,0.000000000000000,0.000000000000000,0.025000000000000,0.000000000000000,0.000000000000000,0.025000000000000,0.000000000000000, ,{59ED606C-0208-47E6-9341-297871113E32},11/08/2025 0:00:00, ,11/08/2025 0:00:00, ,No, ,4.000000000000000,Roy Trustee 2022 Ltd,Johnson Forestry Services
{E70E3081-E4C7-4B2D-BC25-CD645A4104CA},4202.000000000000000,20/11.64,44.000000000000000,1100.000000000000000,Yes,0.000000000000000,2.000000000000000,0.000000000000000,0.000000000000000,0.000000000000000,0.000000000000000,1.000000000000000,0.000000000000000,25/90,0.000000000000000,0.045454545454500,0.000000000000000,0.000000000000000,0.000000000000000,0.000000000000000,0.022727272727300,0.000000000000000, ,{BA5B2228-88B7-4DA1-A589-B10E9F41C9F0},11/08/2025 0:00:00, ,11/08/2025 0:00:00, ,No, ,5.000000000000000,Roy Trustee 2022 Ltd,Proforest
{285DC5B8-D2EA-4407-A356-13DA8D033D17},4216.000000000000000,5/11.31,40.000000000000000,1000.000000000000000,Yes,0.000000000000000,1.000000000000000,0.000000000000000,2.000000000000000,0.000000000000000,0.000000000000000,0.000000000000000,0.000000000000000,25/90,0.000000000000000,0.025000000000000,0.000000000000000,0.050000000000000,0.000000000000000,0.000000000000000,0.000000000000000,0.000000000000000, ,{BA5B2228-88B7-4DA1-A589-B10E9F41C9F0},11/08/2025 0:00:00, ,11/08/2025 0:00:00, ,No, ,3.000000000000000,Roy Trustee 2022 Ltd,Proforest
{490AF35E-CD3F-482D-83FA-669F036C5684},4212.000000000000000,10/11.37,44.000000000000000,1100.000000000000000,Yes,0.000000000000000,1.000000000000000,0.000000000000000,0.000000000000000,0.000000000000000,0.000000000000000,0.000000000000000,0.000000000000000,25/90,0.000000000000000,0.022727272727300,0.000000000000000,0.000000000000000,0.000000000000000,0.000000000000000,0.000000000000000,0.000000000000000, ,{BA5B2228-88B7-4DA1-A589-B10E9F41C9F0},11/08/2025 0:00:00, ,11/08/2025 0:00:00, ,No, ,1.000000000000000,Roy Trustee 2022 Ltd,Proforest
{5BA26CCF-E0E6-4154-A98C-873C44196B95},4232.000000000000000,25/11.85,41.000000000000000,1025.000000000000000,Yes,0.000000000000000,1.000000000000000,1.000000000000000,2.000000000000000,0.000000000000000,0.000000000000000,0.000000000000000,0.000000000000000,25/90,0.000000000000000,0.024390243902400,0.024390243902400,0.048780487804900,0.000000000000000,0.000000000000000,0.000000000000000,0.000000000000000, ,{BA5B2228-88B7-4DA1-A589-B10E9F41C9F0},11/08/2025 0:00:00, ,11/08/2025 0:00:00, ,No, ,6.000000000000000,Roy Trustee 2022 Ltd,Proforest
{A08F9F05-F833-459F-96AB-84E8EE6CC66E},4218.000000000000000,20/11.64,41.000000000000000,1025.000000000000000,No,0.000000000000000,0.000000000000000,0.000000000000000,0.000000000000000,0.000000000000000,0.000000000000000,0.000000000000000,0.000000000000000,25/90,0.000000000000000,0.000000000000000,0.000000000000000,0.000000000000000,0.000000000000000,0.000000000000000,0.000000000000000,0.000000000000000, ,{BA5B2228-88B7-4DA1-A589-B10E9F41C9F0},11/08/2025 0:00:00, ,11/08/2025 0:00:00, ,No, ,0.000000000000000,Roy Trustee 2022 Ltd,Proforest
{A1DD747F-FE58-4549-BC1A-A13D0DED6D2A},4204.000000000000000,25/11.85,46.000000000000000,0.000000000000000,Yes,0.000000000000000,0.000000000000000,0.000000000000000,1.000000000000000,0.000000000000000,0.000000000000000,0.000000000000000,0.000000000000000,25/90,0.000000000000000,0.000000000000000,0.000000000000000,0.000000000000000,0.000000000000000,0.000000000000000,0.000000000000000,0.000000000000000, ,{BA5B2228-88B7-4DA1-A589-B10E9F41C9F0},11/08/2025 0:00:00, ,11/08/2025 0:00:00, ,No, ,0.000000000000000,Roy Trustee 2022 Ltd,Proforest
{4CF212DF-69A1-44E0-89B8-919482B45089},4472.000000000000000,20/11.64,39.000000000000000,975.000000000000000,No,0.000000000000000,0.000000000000000,0.000000000000000,0.000000000000000,0.000000000000000,0.000000000000000,0.000000000000000,0.000000000000000,25/96,0.000000000000000,0.000000000000000,0.000000000000000,0.000000000000000,0.000000000000000,0.000000000000000,0.000000000000000,0.000000000000000, ,{C72320D9-825B-46CC-BB1B-7BC7C10D7B07},12/08/2025 0:00:00, ,12/08/2025 0:00:00, ,No, ,0.000000000000000,Roy Trustee 2022 Ltd,Johnson Forestry Services
{157B7512-1C52-4E87-AC43-CAAC3AC20C0B},4434.000000000000000,10/11.37,40.000000000000000,1000.000000000000000,No,0.000000000000000,0.000000000000000,0.000000000000000,0.000000000000000,0.000000000000000,0.000000000000000,0.000000000000000,0.000000000000000,25/96,0.000000000000000,0.000000000000000,0.000000000000000,0.000000000000000,0.000000000000000,0.000000000000000,0.000000000000000,0.000000000000000, ,{C72320D9-825B-46CC-BB1B-7BC7C10D7B07},12/08/2025 0:00:00, ,12/08/2025 0:00:00, ,No, ,0.000000000000000,Roy Trustee 2022 Ltd,Johnson Forestry Services
{4E86F217-B056-4738-8EBF-6AEE89EB2340},4492.000000000000000,25/11.85,43.000000000000000,1075.000000000000000,Yes,0.000000000000000,0.000000000000000,0.000000000000000,0.000000000000000,0.000000000000000,0.000000000000000,1.000000000000000,0.000000000000000,25/96,0.000000000000000,0.000000000000000,0.000000000000000,0.000000000000000,0.000000000000000,0.000000000000000,0.023255813953500,0.000000000000000, ,{C72320D9-825B-46CC-BB1B-7BC7C10D7B07},12/08/2025 0:00:00, ,12/08/2025 0:00:00, ,No, ,3.000000000000000,Roy Trustee 2022 Ltd,Johnson Forestry Services
{EAABF014-9A37-45DD-A031-BAD13FD125F5},4500.000000000000000,20/11.64,42.000000000000000,1050.000000000000000,No,0.000000000000000,0.000000000000000,0.000000000000000,0.000000000000000,0.000000000000000,0.000000000000000,0.000000000000000,0.000000000000000,25/96,0.000000000000000,0.000000000000000,0.000000000000000,0.000000000000000,0.000000000000000,0.000000000000000,0.000000000000000,0.000000000000000, ,{C72320D9-825B-46CC-BB1B-7BC7C10D7B07},12/08/2025 0:00:00, ,12/08/2025 0:00:00, ,No, ,0.000000000000000,Roy Trustee 2022 Ltd,Johnson Forestry Services
{923E7209-1FE1-4ABD-BCC6-FE1E1A6A8B3F},4468.000000000000000,15/11.48,43.000000000000000,1075.000000000000000,No,0.000000000000000,0.000000000000000,0.000000000000000,0.000000000000000,0.000000000000000,0.000000000000000,0.000000000000000,0.000000000000000,25/96,0.000000000000000,0.000000000000000,0.000000000000000,0.000000000000000,0.000000000000000,0.000000000000000,0.000000000000000,0.000000000000000, ,{C72320D9-825B-46CC-BB1B-7BC7C10D7B07},12/08/2025 0:00:00, ,12/08/2025 0:00:00, ,No, ,0.000000000000000,Roy Trustee 2022 Ltd,Johnson Forestry Services
{06EC30E3-ED53-4C06-BE4A-7BEA23D92DF5},4452.000000000000000,20/11.64,45.000000000000000,1125.000000000000000,No,0.000000000000000,0.000000000000000,0.000000000000000,0.000000000000000,0.000000000000000,0.000000000000000,0.000000000000000,0.000000000000000,25/96,0.000000000000000,0.000000000000000,0.000000000000000,0.000000000000000,0.000000000000000,0.000000000000000,0.000000000000000,0.000000000000000,Change in contour caused high stocking,{C72320D9-825B-46CC-BB1B-7BC7C10D7B07},12/08/2025 0:00:00, ,12/08/2025 0:00:00, ,No,No,0.000000000000000,Roy Trustee 2022 Ltd,Johnson Forestry Services
{3C82E139-AADF-4E80-BF45-DD68B52583A7},4430.000000000000000,15/11.48,41.000000000000000,1025.000000000000000,No,0.000000000000000,0.000000000000000,0.000000000000000,0.000000000000000,0.000000000000000,0.000000000000000,0.000000000000000,0.000000000000000,25/96,0.000000000000000,0.000000000000000,0.000000000000000,0.000000000000000,0.000000000000000,0.000000000000000,0.000000000000000,0.000000000000000, ,{C72320D9-825B-46CC-BB1B-7BC7C10D7B07},12/08/2025 0:00:00, ,12/08/2025 0:00:00, ,No, ,0.000000000000000,Roy Trustee 2022 Ltd,Johnson Forestry Services
{30F25494-4713-4ED0-AC64-19FF61E370A9},4428.000000000000000,10/11.37,41.000000000000000,1025.000000000000000,No,0.000000000000000,0.000000000000000,0.000000000000000,0.000000000000000,0.000000000000000,0.000000000000000,0.000000000000000,0.000000000000000,25/96,0.000000000000000,0.000000000000000,0.000000000000000,0.000000000000000,0.000000000000000,0.000000000000000,0.000000000000000,0.000000000000000, ,{C72320D9-825B-46CC-BB1B-7BC7C10D7B07},12/08/2025 0:00:00, ,12/08/2025 0:00:00, ,No, ,0.000000000000000,Roy Trustee 2022 Ltd,Johnson Forestry Services
{F67E8474-A840-41F4-AC38-A43D934BCB93},4206.000000000000000,15/11.48,36.000000000000000,900.000000000000000,No,0.000000000000000,0.000000000000000,0.000000000000000,0.000000000000000,0.000000000000000,0.000000000000000,0.000000000000000,0.000000000000000,25/90,0.000000000000000,0.000000000000000,0.000000000000000,0.000000000000000,0.000000000000000,0.000000000000000,0.000000000000000,0.000000000000000, ,{FAE8ECC1-D083-49CD-8CDB-D04EEEACE19B},12/08/2025 0:00:00, ,12/08/2025 0:00:00, ,No, ,0.000000000000000,Roy Trustee 2022 Ltd,Proforest
{4145AA0E-AECB-4483-AD62-BCD454156977},4192.000000000000000,20/11.64,42.000000000000000,1050.000000000000000,Yes,0.000000000000000,1.000000000000000,0.000000000000000,0.000000000000000,1.000000000000000,0.000000000000000,0.000000000000000,0.000000000000000,25/90,0.000000000000000,0.023809523809500,0.000000000000000,0.000000000000000,0.023809523809500,0.000000000000000,0.000000000000000,0.000000000000000, ,{FAE8ECC1-D083-49CD-8CDB-D04EEEACE19B},12/08/2025 0:00:00, ,12/08/2025 0:00:00, ,No, ,4.000000000000000,Roy Trustee 2022 Ltd,Proforest
{C1F94401-6269-47CE-A86B-61390AB4FD79},4220.000000000000000,10/11.37,42.000000000000000,1050.000000000000000,Yes,0.000000000000000,0.000000000000000,0.000000000000000,1.000000000000000,0.000000000000000,0.000000000000000,0.000000000000000,0.000000000000000,25/90,0.000000000000000,0.000000000000000,0.000000000000000,0.023809523809500,0.000000000000000,0.000000000000000,0.000000000000000,0.000000000000000, ,{FAE8ECC1-D083-49CD-8CDB-D04EEEACE19B},12/08/2025 0:00:00, ,12/08/2025 0:00:00, ,No, ,1.000000000000000,Roy Trustee 2022 Ltd,Proforest
{3BC14553-E8FF-48BB-9F24-7EDFEE4EF830},4208.000000000000000,15/11.48,44.000000000000000,1100.000000000000000,Yes,2.000000000000000,3.000000000000000,0.000000000000000,0.000000000000000,0.000000000000000,0.000000000000000,0.000000000000000,0.000000000000000,25/90,0.045454545454500,0.068181818181800,0.000000000000000,0.000000000000000,0.000000000000000,0.000000000000000,0.000000000000000,0.000000000000000, ,{FAE8ECC1-D083-49CD-8CDB-D04EEEACE19B},12/08/2025 0:00:00, ,12/08/2025 0:00:00, ,No, ,5.000000000000000,Roy Trustee 2022 Ltd,Proforest
{C06D8CC5-F7D3-40DD-A9AC-AF5602DC64CA},4194.000000000000000,15/11.48,42.000000000000000,1050.000000000000000,Yes,0.000000000000000,1.000000000000000,0.000000000000000,0.000000000000000,0.000000000000000,0.000000000000000,0.000000000000000,0.000000000000000,25/90,0.000000000000000,0.023809523809500,0.000000000000000,0.000000000000000,0.000000000000000,0.000000000000000,0.000000000000000,0.000000000000000, ,{FAE8ECC1-D083-49CD-8CDB-D04EEEACE19B},12/08/2025 0:00:00, ,12/08/2025 0:00:00, ,No, ,1.000000000000000,Roy Trustee 2022 Ltd,Proforest
{3BE5E365-E744-48BB-87A8-F10BC9D91A45},4154.000000000000000,15/11.48,37.000000000000000,925.000000000000000,Yes,1.000000000000000,0.000000000000000,0.000000000000000,0.000000000000000,0.000000000000000,0.000000000000000,0.000000000000000,0.000000000000000,25/90,0.027027027027000,0.000000000000000,0.000000000000000,0.000000000000000,0.000000000000000,0.000000000000000,0.000000000000000,0.000000000000000, ,{FAE8ECC1-D083-49CD-8CDB-D04EEEACE19B},12/08/2025 0:00:00, ,12/08/2025 0:00:00, ,No, ,1.000000000000000,Roy Trustee 2022 Ltd,Proforest
{020F4483-72F7-401C-83FD-9CE7CF9A8830},4162.000000000000000,20/11.64,45.000000000000000,1125.000000000000000,Yes,0.000000000000000,0.000000000000000,1.000000000000000,0.000000000000000,0.000000000000000,0.000000000000000,0.000000000000000,0.000000000000000,25/90,0.000000000000000,0.000000000000000,0.022222222222200,0.000000000000000,0.000000000000000,0.000000000000000,0.000000000000000,0.000000000000000, ,{FAE8ECC1-D083-49CD-8CDB-D04EEEACE19B},12/08/2025 0:00:00, ,12/08/2025 0:00:00, ,No,Yes,3.000000000000000,Roy Trustee 2022 Ltd,Proforest
{02A16CC9-F83A-4322-A72E-56B24C43A1FA},4172.000000000000000,15/11.48,44.000000000000000,1100.000000000000000,Yes,0.000000000000000,1.000000000000000,0.000000000000000,0.000000000000000,1.000000000000000,0.000000000000000,0.000000000000000,0.000000000000000,25/90,0.000000000000000,0.022727272727300,0.000000000000000,0.000000000000000,0.022727272727300,0.000000000000000,0.000000000000000,0.000000000000000, ,{FAE8ECC1-D083-49CD-8CDB-D04EEEACE19B},12/08/2025 0:00:00, ,12/08/2025 0:00:00, ,No, ,4.000000000000000,Roy Trustee 2022 Ltd,Proforest
{1B78ED0D-D01C-4A71-824E-0FEACA16323C},4150.000000000000000,15/11.48,40.000000000000000,1000.000000000000000,Yes,0.000000000000000,0.000000000000000,1.000000000000000,0.000000000000000,0.000000000000000,0.000000000000000,0.000000000000000,0.000000000000000,25/90,0.000000000000000,0.000000000000000,0.025000000000000,0.000000000000000,0.000000000000000,0.000000000000000,0.000000000000000,0.000000000000000, ,{FAE8ECC1-D083-49CD-8CDB-D04EEEACE19B},12/08/2025 0:00:00, ,12/08/2025 0:00:00, ,No, ,3.000000000000000,Roy Trustee 2022 Ltd,Proforest
{30DD056D-8EEB-480F-9568-4D98222D5CFD},4156.000000000000000,10/11.37,39.000000000000000,975.000000000000000,Yes,0.000000000000000,0.000000000000000,0.000000000000000,0.000000000000000,0.000000000000000,1.000000000000000,0.000000000000000,0.000000000000000,25/90,0.000000000000000,0.000000000000000,0.000000000000000,0.000000000000000,0.000000000000000,0.025641025641000,0.000000000000000,0.000000000000000, ,{FAE8ECC1-D083-49CD-8CDB-D04EEEACE19B},12/08/2025 0:00:00, ,12/08/2025 0:00:00, ,No, ,3.000000000000000,Roy Trustee 2022 Ltd,Proforest
{4C5F3415-D381-4DA8-B6F2-EFFE5279EF45},4164.000000000000000,5/11.31,37.000000000000000,1100.000000000000000,No,0.000000000000000,0.000000000000000,0.000000000000000,0.000000000000000,0.000000000000000,0.000000000000000,0.000000000000000,0.000000000000000,25/90,0.000000000000000,0.000000000000000,0.000000000000000,0.000000000000000,0.000000000000000,0.000000000000000,0.000000000000000,0.000000000000000, ,{FAE8ECC1-D083-49CD-8CDB-D04EEEACE19B},12/08/2025 0:00:00, ,12/08/2025 0:00:00, ,No, ,0.000000000000000,Roy Trustee 2022 Ltd,Proforest
{F1F62314-0304-4D52-96A7-97FBA75A2C20},4152.000000000000000,15/11.48,43.000000000000000,1075.000000000000000,Yes,0.000000000000000,0.000000000000000,1.000000000000000,0.000000000000000,0.000000000000000,0.000000000000000,0.000000000000000,0.000000000000000,25/90,0.000000000000000,0.000000000000000,0.023255813953500,0.000000000000000,0.000000000000000,0.000000000000000,0.000000000000000,0.000000000000000, ,{FAE8ECC1-D083-49CD-8CDB-D04EEEACE19B},12/08/2025 0:00:00, ,12/08/2025 0:00:00, ,No, ,3.000000000000000,Roy Trustee 2022 Ltd,Proforest
{E81A50EA-285E-486B-B45A-66E10EABB0D8},4404.000000000000000,5/11.31,43.000000000000000,0.000000000000000,Yes,0.000000000000000,0.000000000000000,0.000000000000000,0.000000000000000,0.000000000000000,1.000000000000000,1.000000000000000,0.000000000000000,25/96,0.000000000000000,0.000000000000000,0.000000000000000,0.000000000000000,0.000000000000000,0.000000000000000,0.000000000000000,0.000000000000000, ,{F9F35C1A-BBFE-4829-860F-3D91C657506E},13/08/2025 0:00:00, ,13/08/2025 0:00:00, ,No, ,6.000000000000000,Roy Trustee 2022 Ltd,Johnson Forestry Services
{240EAB53-8862-4E91-8347-8916CDCD36E7},4408.000000000000000,15/11.48,42.000000000000000,1050.000000000000000,Yes,0.000000000000000,1.000000000000000,0.000000000000000,0.000000000000000,0.000000000000000,0.000000000000000,2.000000000000000,0.000000000000000,25/96,0.000000000000000,0.023809523809500,0.000000000000000,0.000000000000000,0.000000000000000,0.000000000000000,0.047619047619000,0.000000000000000, ,{F9F35C1A-BBFE-4829-860F-3D91C657506E},13/08/2025 0:00:00, ,13/08/2025 0:00:00, ,No,No,7.000000000000000,Roy Trustee 2022 Ltd,Johnson Forestry Services
{E859318D-9906-4888-97FF-033768083644},4404.000000000000000,10/11.37,37.000000000000000,925.000000000000000,Yes,0.000000000000000,0.000000000000000,0.000000000000000,0.000000000000000,0.000000000000000,1.000000000000000,0.000000000000000,1.000000000000000,25/96,0.000000000000000,0.000000000000000,0.000000000000000,0.000000000000000,0.000000000000000,0.027027027027000,0.000000000000000,0.027027027027000, ,{F9F35C1A-BBFE-4829-860F-3D91C657506E},13/08/2025 0:00:00, ,13/08/2025 0:00:00, ,No, ,6.000000000000000,Roy Trustee 2022 Ltd,Johnson Forestry Services
{F4E46D60-DC10-4122-B36E-45190E32EFE7},4402.000000000000000,10/11.37,40.000000000000000,1000.000000000000000,Yes,0.000000000000000,0.000000000000000,0.000000000000000,0.000000000000000,0.000000000000000,1.000000000000000,1.000000000000000,0.000000000000000,25/96,0.000000000000000,0.000000000000000,0.000000000000000,0.000000000000000,0.000000000000000,0.025000000000000,0.025000000000000,0.000000000000000, ,{F9F35C1A-BBFE-4829-860F-3D91C657506E},13/08/2025 0:00:00, ,13/08/2025 0:00:00, ,No, ,6.000000000000000,Roy Trustee 2022 Ltd,Johnson Forestry Services
{84DCADBE-3AF6-4102-BCA5-32B0B543B4F7},4406.000000000000000,15/11.48,39.000000000000000,975.000000000000000,Yes,1.000000000000000,0.000000000000000,0.000000000000000,0.000000000000000,0.000000000000000,1.000000000000000,0.000000000000000,0.000000000000000,25/96,0.025641025641000,0.000000000000000,0.000000000000000,0.000000000000000,0.000000000000000,0.025641025641000,0.000000000000000,0.000000000000000, ,{F9F35C1A-BBFE-4829-860F-3D91C657506E},13/08/2025 0:00:00, ,13/08/2025 0:00:00, ,No, ,4.000000000000000,Roy Trustee 2022 Ltd,Johnson Forestry Services
{A75644C9-73F3-48A0-AD46-E0B76F19DB9F},4410.000000000000000,10/11.37,39.000000000000000,975.000000000000000,Yes,0.000000000000000,0.000000000000000,0.000000000000000,0.000000000000000,0.000000000000000,1.000000000000000,0.000000000000000,0.000000000000000,25/96,0.000000000000000,0.000000000000000,0.000000000000000,0.000000000000000,0.000000000000000,0.025641025641000,0.000000000000000,0.000000000000000, ,{F9F35C1A-BBFE-4829-860F-3D91C657506E},13/08/2025 0:00:00, ,13/08/2025 0:00:00, ,No, ,3.000000000000000,Roy Trustee 2022 Ltd,Johnson Forestry Services
{C4B990BF-58DC-49A7-8FDE-BAC818C87ECA},4414.000000000000000,5/11.31,43.000000000000000,1075.000000000000000,Yes,0.000000000000000,0.000000000000000,0.000000000000000,0.000000000000000,0.000000000000000,1.000000000000000,0.000000000000000,0.000000000000000,25/96,0.000000000000000,0.000000000000000,0.000000000000000,0.000000000000000,0.000000000000000,0.023255813953500,0.000000000000000,0.000000000000000, ,{F9F35C1A-BBFE-4829-860F-3D91C657506E},13/08/2025 0:00:00, ,13/08/2025 0:00:00, ,No, ,3.000000000000000,Roy Trustee 2022 Ltd,Johnson Forestry Services
{9772607C-F893-45D2-B725-78F4959C3360},4432.000000000000000,5/11.31,40.000000000000000,1000.000000000000000,No,0.000000000000000,0.000000000000000,0.000000000000000,0.000000000000000,0.000000000000000,0.000000000000000,0.000000000000000,0.000000000000000,25/96,0.000000000000000,0.000000000000000,0.000000000000000,0.000000000000000,0.000000000000000,0.000000000000000,0.000000000000000,0.000000000000000,Moved slightly for logging corridor,{F9F35C1A-BBFE-4829-860F-3D91C657506E},13/08/2025 0:00:00, ,13/08/2025 0:00:00, ,No, ,0.000000000000000,Roy Trustee 2022 Ltd,Johnson Forestry Services
{38870BCF-C5AF-4C44-A6DC-EA27540F559D},4424.000000000000000,10/11.37,39.000000000000000,975.000000000000000,No,0.000000000000000,0.000000000000000,0.000000000000000,0.000000000000000,0.000000000000000,0.000000000000000,0.000000000000000,0.000000000000000,25/96,0.000000000000000,0.000000000000000,0.000000000000000,0.000000000000000,0.000000000000000,0.000000000000000,0.000000000000000,0.000000000000000, ,{F9F35C1A-BBFE-4829-860F-3D91C657506E},13/08/2025 0:00:00, ,13/08/2025 0:00:00, ,No, ,0.000000000000000,Roy Trustee 2022 Ltd,Johnson Forestry Services
{69E4F6A2-0D2E-48EA-8920-FB13DE0C1268},4426.000000000000000,10/11.37,40.000000000000000,1000.000000000000000,Yes,0.000000000000000,0.000000000000000,0.000000000000000,0.000000000000000,0.000000000000000,1.000000000000000,0.000000000000000,0.000000000000000,25/96,0.000000000000000,0.000000000000000,0.000000000000000,0.000000000000000,0.000000000000000,0.025000000000000,0.000000000000000,0.000000000000000, ,{F9F35C1A-BBFE-4829-860F-3D91C657506E},13/08/2025 0:00:00, ,13/08/2025 0:00:00, ,No, ,3.000000000000000,Roy Trustee 2022 Ltd,Johnson Forestry Services
{44909F64-B68D-4B12-91D3-62361D568E1A},4422.000000000000000,5/11.31,41.000000000000000,1025.000000000000000,No,0.000000000000000,0.000000000000000,0.000000000000000,0.000000000000000,0.000000000000000,0.000000000000000,0.000000000000000,0.000000000000000,25/96,0.000000000000000,0.000000000000000,0.000000000000000,0.000000000000000,0.000000000000000,0.000000000000000,0.000000000000000,0.000000000000000, ,{F9F35C1A-BBFE-4829-860F-3D91C657506E},13/08/2025 0:00:00, ,13/08/2025 0:00:00, ,No, ,0.000000000000000,Roy Trustee 2022 Ltd,Johnson Forestry Services
{0A6F30CE-E6F1-4D40-A17A-36BDB1132DB5},4442.000000000000000,0/11.31,41.000000000000000,1025.000000000000000,Yes,0.000000000000000,1.000000000000000,0.000000000000000,0.000000000000000,0.000000000000000,0.000000000000000,0.000000000000000,0.000000000000000,25/96,0.000000000000000,0.024390243902400,0.000000000000000,0.000000000000000,0.000000000000000,0.000000000000000,0.000000000000000,0.000000000000000, ,{0ECE858A-E1D1-441D-BC78-A37E8490E8A8},14/08/2025 0:00:00, ,14/08/2025 0:00:00, ,No, ,1.000000000000000,Roy Trustee 2022 Ltd,Johnson Forestry Services
{5A9E5429-04EC-448C-B654-B7258653D45E},4454.000000000000000,15/11.48,37.000000000000000,925.000000000000000,No,0.000000000000000,0.000000000000000,0.000000000000000,0.000000000000000,0.000000000000000,0.000000000000000,0.000000000000000,0.000000000000000,25/96,0.000000000000000,0.000000000000000,0.000000000000000,0.000000000000000,0.000000000000000,0.000000000000000,0.000000000000000,0.000000000000000, ,{0ECE858A-E1D1-441D-BC78-A37E8490E8A8},14/08/2025 0:00:00, ,14/08/2025 0:00:00, ,No, ,0.000000000000000,Roy Trustee 2022 Ltd,Johnson Forestry Services
{943D5707-A8EC-4D88-8930-B8BF33D9260F},4456.000000000000000,10/11.37,44.000000000000000,1100.000000000000000,Yes,0.000000000000000,1.000000000000000,0.000000000000000,0.000000000000000,0.000000000000000,0.000000000000000,0.000000000000000,0.000000000000000,25/96,0.000000000000000,0.022727272727300,0.000000000000000,0.000000000000000,0.000000000000000,0.000000000000000,0.000000000000000,0.000000000000000, ,{0ECE858A-E1D1-441D-BC78-A37E8490E8A8},14/08/2025 0:00:00, ,14/08/2025 0:00:00, ,No, ,1.000000000000000,Roy Trustee 2022 Ltd,Johnson Forestry Services
{13249DB3-5724-4291-BB4C-7BF792DEB672},4470.000000000000000,5/11.31,41.000000000000000,1025.000000000000000,No,0.000000000000000,0.000000000000000,0.000000000000000,0.000000000000000,0.000000000000000,0.000000000000000,0.000000000000000,0.000000000000000,25/96,0.000000000000000,0.000000000000000,0.000000000000000,0.000000000000000,0.000000000000000,0.000000000000000,0.000000000000000,0.000000000000000, ,{0ECE858A-E1D1-441D-BC78-A37E8490E8A8},14/08/2025 0:00:00, ,14/08/2025 0:00:00, ,No, ,0.000000000000000,Roy Trustee 2022 Ltd,Johnson Forestry Services
{3FFFB4A4-F912-4D4D-8229-E728FFB17DE8},4484.000000000000000,15/11.48,34.000000000000000,850.000000000000000,Yes,1.000000000000000,0.000000000000000,0.000000000000000,0.000000000000000,0.000000000000000,0.000000000000000,0.000000000000000,1.000000000000000,25/96,0.027777777777800,0.000000000000000,0.000000000000000,0.000000000000000,0.000000000000000,0.000000000000000,0.000000000000000,0.029411764705900,Small area where rows were too far apart,{0ECE858A-E1D1-441D-BC78-A37E8490E8A8},14/08/2025 0:00:00, ,14/08/2025 0:00:00, ,No,Yes,4.000000000000000,Roy Trustee 2022 Ltd,Johnson Forestry Services
{3E5CDF42-F5B8-42CF-ADEB-BE3D2AC2ECDE},4482.000000000000000,15/11.48,34.000000000000000,900.000000000000000,Yes,0.000000000000000,0.000000000000000,0.000000000000000,0.000000000000000,0.000000000000000,0.000000000000000,0.000000000000000,1.000000000000000,25/96,0.000000000000000,0.000000000000000,0.000000000000000,0.000000000000000,0.000000000000000,0.000000000000000,0.000000000000000,0.027777777777800,Rows and trees wide,{0ECE858A-E1D1-441D-BC78-A37E8490E8A8},14/08/2025 0:00:00, ,14/08/2025 0:00:00, ,No, ,3.000000000000000,Roy Trustee 2022 Ltd,Johnson Forestry Services
{32D95EDE-F534-4073-9075-E0414A904155},4494.000000000000000,10/11.37,32.000000000000000,800.000000000000000,Yes,0.000000000000000,0.000000000000000,0.000000000000000,0.000000000000000,0.000000000000000,0.000000000000000,0.000000000000000,1.000000000000000,25/96,0.000000000000000,0.000000000000000,0.000000000000000,0.000000000000000,0.000000000000000,0.000000000000000,0.000000000000000,0.031250000000000,4.8/5.0 spacing,{0ECE858A-E1D1-441D-BC78-A37E8490E8A8},14/08/2025 0:00:00, ,14/08/2025 0:00:00, ,No,Yes,3.000000000000000,Roy Trustee 2022 Ltd,Johnson Forestry Services
{7BCF4992-1802-4158-A599-07EFEAB202A4},4502.000000000000000,5/11.31,37.000000000000000,925.000000000000000,Yes,0.000000000000000,0.000000000000000,0.000000000000000,0.000000000000000,0.000000000000000,0.000000000000000,0.000000000000000,1.000000000000000,25/96,0.000000000000000,0.000000000000000,0.000000000000000,0.000000000000000,0.000000000000000,0.000000000000000,0.000000000000000,0.027027027027000,Trees 2.7/rows 4.5,{0ECE858A-E1D1-441D-BC78-A37E8490E8A8},14/08/2025 0:00:00, ,14/08/2025 0:00:00, ,No, ,3.000000000000000,Roy Trustee 2022 Ltd,Johnson Forestry Services
{C6D027A7-13E8-4F9B-9A21-411D0C35F5BF},4440.000000000000000,10/11.37,38.000000000000000,950.000000000000000,No,0.000000000000000,0.000000000000000,0.000000000000000,0.000000000000000,0.000000000000000,0.000000000000000,0.000000000000000,0.000000000000000,25/96,0.000000000000000,0.000000000000000,0.000000000000000,0.000000000000000,0.000000000000000,0.000000000000000,0.000000000000000,0.000000000000000, ,{0ECE858A-E1D1-441D-BC78-A37E8490E8A8},14/08/2025 0:00:00, ,14/08/2025 0:00:00, ,No, ,0.000000000000000,Roy Trustee 2022 Ltd,Johnson Forestry Services
{E2B75203-55A9-4C5F-AEBF-9B5E7E031299},4438.000000000000000,15/11.48,38.000000000000000,950.000000000000000,No,0.000000000000000,0.000000000000000,0.000000000000000,0.000000000000000,0.000000000000000,0.000000000000000,0.000000000000000,0.000000000000000, ,0.000000000000000,0.000000000000000,0.000000000000000,0.000000000000000,0.000000000000000,0.000000000000000,0.000000000000000,0.000000000000000, ,{0ECE858A-E1D1-441D-BC78-A37E8490E8A8},14/08/2025 0:00:00, ,14/08/2025 0:00:00, ,No, ,0.000000000000000,Roy Trustee 2022 Ltd,Johnson Forestry Services
{7D946290-A123-4B13-9FC7-AEF1460C4B47},4322.000000000000000,10/11.37,36.000000000000000,900.000000000000000,No,0.000000000000000,0.000000000000000,0.000000000000000,0.000000000000000,0.000000000000000,0.000000000000000,0.000000000000000,0.000000000000000,25/95,0.000000000000000,0.000000000000000,0.000000000000000,0.000000000000000,0.000000000000000,0.000000000000000,0.000000000000000,0.000000000000000, ,{0ECE858A-E1D1-441D-BC78-A37E8490E8A8},14/08/2025 0:00:00, ,14/08/2025 0:00:00, ,No, ,0.000000000000000,Roy Trustee 2022 Ltd,Johnson Forestry Services
{CF0FE39F-EC17-435E-BAFB-758BA61628E2},4320.000000000000000,15/11.48,39.000000000000000,975.000000000000000,No,0.000000000000000,0.000000000000000,0.000000000000000,0.000000000000000,0.000000000000000,0.000000000000000,0.000000000000000,0.000000000000000,25/95,0.000000000000000,0.000000000000000,0.000000000000000,0.000000000000000,0.000000000000000,0.000000000000000,0.000000000000000,0.000000000000000, ,{0ECE858A-E1D1-441D-BC78-A37E8490E8A8},14/08/2025 0:00:00, ,14/08/2025 0:00:00, ,No, ,0.000000000000000,Roy Trustee 2022 Ltd,Johnson Forestry Services
{1999C489-E4EB-4E76-A10C-3FDE2472D329},4330.000000000000000,15/11.48,37.000000000000000,925.000000000000000,Yes,0.000000000000000,1.000000000000000,0.000000000000000,0.000000000000000,0.000000000000000,0.000000000000000,0.000000000000000,0.000000000000000,25/95,0.000000000000000,0.027027027027000,0.000000000000000,0.000000000000000,0.000000000000000,0.000000000000000,0.000000000000000,0.000000000000000, ,{0ECE858A-E1D1-441D-BC78-A37E8490E8A8},14/08/2025 0:00:00, ,14/08/2025 0:00:00, ,No, ,1.000000000000000,Roy Trustee 2022 Ltd,Johnson Forestry Services
{C54428D8-CE40-4509-B6F9-9B931D8748F8},4340.000000000000000,20/11.64,45.000000000000000,1125.000000000000000,No,0.000000000000000,0.000000000000000,0.000000000000000,0.000000000000000,0.000000000000000,0.000000000000000,0.000000000000000,0.000000000000000,25/95,0.000000000000000,0.000000000000000,0.000000000000000,0.000000000000000,0.000000000000000,0.000000000000000,0.000000000000000,0.000000000000000, ,{0ECE858A-E1D1-441D-BC78-A37E8490E8A8},14/08/2025 0:00:00, ,14/08/2025 0:00:00, ,No,No,0.000000000000000,Roy Trustee 2022 Ltd,Johnson Forestry Services
{B480B54E-C3EB-4B32-973F-07F66546351D},4342.000000000000000,20/11.64,41.000000000000000,1025.000000000000000,Yes,0.000000000000000,0.000000000000000,0.000000000000000,0.000000000000000,0.000000000000000,1.000000000000000,0.000000000000000,0.000000000000000,25/95,0.000000000000000,0.000000000000000,0.000000000000000,0.000000000000000,0.000000000000000,0.024390243902400,0.000000000000000,0.000000000000000, ,{0ECE858A-E1D1-441D-BC78-A37E8490E8A8},14/08/2025 0:00:00, ,14/08/2025 0:00:00, ,No, ,3.000000000000000,Roy Trustee 2022 Ltd,Johnson Forestry Services
{8D9DF4E8-E667-404A-802D-B092505307BD},4566.000000000000000,20/11.64,42.000000000000000,1050.000000000000000,No,0.000000000000000,0.000000000000000,0.000000000000000,0.000000000000000,0.000000000000000,0.000000000000000,0.000000000000000,0.000000000000000,25/96,0.000000000000000,0.000000000000000,0.000000000000000,0.000000000000000,0.000000000000000,0.000000000000000,0.000000000000000,0.000000000000000, ,{D878DB2F-8BC3-4DB8-B37E-9EE8203FB22E},15/08/2025 0:00:00, ,15/08/2025 0:00:00, ,No, ,0.000000000000000,Roy Trustee 2022 Ltd,Johnson Forestry Services
{B0565D51-DE7D-4499-ADD7-86109BC5F5D5},4560.000000000000000,15/11.48,37.000000000000000,925.000000000000000,No,0.000000000000000,0.000000000000000,0.000000000000000,0.000000000000000,0.000000000000000,0.000000000000000,0.000000000000000,0.000000000000000,25/96,0.000000000000000,0.000000000000000,0.000000000000000,0.000000000000000,0.000000000000000,0.000000000000000,0.000000000000000,0.000000000000000, ,{D878DB2F-8BC3-4DB8-B37E-9EE8203FB22E},15/08/2025 0:00:00, ,15/08/2025 0:00:00, ,No, ,0.000000000000000,Roy Trustee 2022 Ltd,Johnson Forestry Services
{7B17A01C-70AF-4188-AAD6-34DB3BBDAEE7},4358.000000000000000,15/11.48,44.000000000000000,1100.000000000000000,No,0.000000000000000,0.000000000000000,0.000000000000000,0.000000000000000,0.000000000000000,0.000000000000000,0.000000000000000,0.000000000000000,25/95,0.000000000000000,0.000000000000000,0.000000000000000,0.000000000000000,0.000000000000000,0.000000000000000,0.000000000000000,0.000000000000000, ,{1448C689-8302-4C19-AEE9-380C3D95E816},15/08/2025 0:00:00, ,15/08/2025 0:00:00, ,No, ,0.000000000000000,Roy Trustee 2022 Ltd,Johnson Forestry Services
{05116E92-5AB2-4757-B6CB-5822AA44FE74},4348.000000000000000,25/11.85,43.000000000000000,1075.000000000000000,Yes,0.000000000000000,0.000000000000000,1.000000000000000,0.000000000000000,0.000000000000000,0.000000000000000,0.000000000000000,0.000000000000000,25/95,0.000000000000000,0.000000000000000,0.023255813953500,0.000000000000000,0.000000000000000,0.000000000000000,0.000000000000000,0.000000000000000, ,{1448C689-8302-4C19-AEE9-380C3D95E816},15/08/2025 0:00:00, ,15/08/2025 0:00:00, ,No, ,3.000000000000000,Roy Trustee 2022 Ltd,Johnson Forestry Services
{C8506BAB-5748-4C5E-BB31-384609B8EB26},4324.000000000000000,20/11.64,40.000000000000000,1000.000000000000000,Yes,0.000000000000000,0.000000000000000,1.000000000000000,0.000000000000000,2.000000000000000,0.000000000000000,0.000000000000000,0.000000000000000,25/95,0.000000000000000,0.000000000000000,0.025000000000000,0.000000000000000,0.050000000000000,0.000000000000000,0.000000000000000,0.000000000000000, ,{1448C689-8302-4C19-AEE9-380C3D95E816},15/08/2025 0:00:00, ,15/08/2025 0:00:00, ,No,Yes,9.000000000000000,Roy Trustee 2022 Ltd,Johnson Forestry Services
{B21D01A6-1EEB-43C6-9BF5-3B13B6FFA894},4308.000000000000000,25/11.85,38.000000000000000,950.000000000000000,Yes,0.000000000000000,0.000000000000000,2.000000000000000,0.000000000000000,0.000000000000000,0.000000000000000,0.000000000000000,0.000000000000000,25/95,0.000000000000000,0.000000000000000,0.052631578947400,0.000000000000000,0.000000000000000,0.000000000000000,0.000000000000000,0.000000000000000, ,{1448C689-8302-4C19-AEE9-380C3D95E816},15/08/2025 0:00:00, ,15/08/2025 0:00:00, ,No, ,6.000000000000000,Roy Trustee 2022 Ltd,Johnson Forestry Services
{685FE9D6-3EAF-462B-9FB9-DCB122AE71DD},4316.000000000000000,25/11.85,40.000000000000000,1000.000000000000000,Yes,0.000000000000000,0.000000000000000,1.000000000000000,0.000000000000000,0.000000000000000,1.000000000000000,0.000000000000000,0.000000000000000,25/95,0.000000000000000,0.000000000000000,0.025000000000000,0.000000000000000,0.000000000000000,0.025000000000000,0.000000000000000,0.000000000000000, ,{1448C689-8302-4C19-AEE9-380C3D95E816},15/08/2025 0:00:00, ,15/08/2025 0:00:00, ,No, ,6.000000000000000,Roy Trustee 2022 Ltd,Johnson Forestry Services
{F18E5798-EB4E-45CC-914B-CFB17B86959F},4316.000000000000000,20/11.64,38.000000000000000,950.000000000000000,Yes,0.000000000000000,0.000000000000000,1.000000000000000,0.000000000000000,0.000000000000000,0.000000000000000,0.000000000000000,0.000000000000000,25/95,0.000000000000000,0.000000000000000,0.026315789473700,0.000000000000000,0.000000000000000,0.000000000000000,0.000000000000000,0.000000000000000,Gap due to line change,{1448C689-8302-4C19-AEE9-380C3D95E816},15/08/2025 0:00:00, ,15/08/2025 0:00:00, ,No, ,3.000000000000000,Roy Trustee 2022 Ltd,Johnson Forestry Services
{18AA6419-E1C5-409F-9F52-520A9343106A},4276.000000000000000,20/11.64,41.000000000000000,1025.000000000000000,No,0.000000000000000,0.000000000000000,0.000000000000000,0.000000000000000,0.000000000000000,0.000000000000000,0.000000000000000,0.000000000000000,25/96,0.000000000000000,0.000000000000000,0.000000000000000,0.000000000000000,0.000000000000000,0.000000000000000,0.000000000000000,0.000000000000000, ,{CFA6BDFC-1487-4158-BACD-5E3BC72A3C5D},18/08/2025 0:00:00, ,18/08/2025 0:00:00, ,No, ,0.000000000000000,Roy Trustee 2022 Ltd,Johnson Forestry Services
{E3074D39-41A9-47E9-9903-0780E3AE4F3A},4278.000000000000000,20/11.64,42.000000000000000,1050.000000000000000,No,0.000000000000000,0.000000000000000,0.000000000000000,0.000000000000000,0.000000000000000,0.000000000000000,0.000000000000000,0.000000000000000,25/96,0.000000000000000,0.000000000000000,0.000000000000000,0.000000000000000,0.000000000000000,0.000000000000000,0.000000000000000,0.000000000000000, ,{CFA6BDFC-1487-4158-BACD-5E3BC72A3C5D},18/08/2025 0:00:00, ,18/08/2025 0:00:00, ,No, ,0.000000000000000,Roy Trustee 2022 Ltd,Johnson Forestry Services
{3B0F3A63-0D2C-41B0-A291-D2C791D6BA43},4282.000000000000000,5/11.31,43.000000000000000,1075.000000000000000,No,0.000000000000000,0.000000000000000,0.000000000000000,0.000000000000000,0.000000000000000,0.000000000000000,0.000000000000000,0.000000000000000,25/96,0.000000000000000,0.000000000000000,0.000000000000000,0.000000000000000,0.000000000000000,0.000000000000000,0.000000000000000,0.000000000000000, ,{CFA6BDFC-1487-4158-BACD-5E3BC72A3C5D},18/08/2025 0:00:00, ,18/08/2025 0:00:00, ,No, ,0.000000000000000,Roy Trustee 2022 Ltd,Johnson Forestry Services
{81E356D9-B7FB-410D-8371-BDD49686D33F},4286.000000000000000,10/11.37,42.000000000000000,1050.000000000000000,Yes,0.000000000000000,0.000000000000000,0.000000000000000,0.000000000000000,0.000000000000000,1.000000000000000,1.000000000000000,0.000000000000000,25/96,0.000000000000000,0.000000000000000,0.000000000000000,0.000000000000000,0.000000000000000,0.023809523809500,0.023809523809500,0.000000000000000, ,{CFA6BDFC-1487-4158-BACD-5E3BC72A3C5D},18/08/2025 0:00:00, ,18/08/2025 0:00:00, ,No, ,6.000000000000000,Roy Trustee 2022 Ltd,Johnson Forestry Services
{D457A77C-EC30-4604-A889-7422F4C6BB88},4296.000000000000000,10/11.37,40.000000000000000,1000.000000000000000,No,0.000000000000000,0.000000000000000,0.000000000000000,0.000000000000000,0.000000000000000,0.000000000000000,0.000000000000000,0.000000000000000,25/96,0.000000000000000,0.000000000000000,0.000000000000000,0.000000000000000,0.000000000000000,0.000000000000000,0.000000000000000,0.000000000000000, ,{CFA6BDFC-1487-4158-BACD-5E3BC72A3C5D},18/08/2025 0:00:00, ,18/08/2025 0:00:00, ,No, ,0.000000000000000,Roy Trustee 2022 Ltd,Johnson Forestry Services
{31D78FED-3200-4BC4-B81A-8FD83D70927E},4304.000000000000000,20/11.64,43.000000000000000,1075.000000000000000,Yes,1.000000000000000,0.000000000000000,0.000000000000000,0.000000000000000,0.000000000000000,0.000000000000000,0.000000000000000,0.000000000000000,25/96,0.023255813953500,0.000000000000000,0.000000000000000,0.000000000000000,0.000000000000000,0.000000000000000,0.000000000000000,0.000000000000000, ,{CFA6BDFC-1487-4158-BACD-5E3BC72A3C5D},18/08/2025 0:00:00, ,18/08/2025 0:00:00, ,No, ,1.000000000000000,Roy Trustee 2022 Ltd,Johnson Forestry Services
{139017DC-5D28-4DAC-AFAB-F8D45DF6378E},4302.000000000000000,15/11.48,36.000000000000000,900.000000000000000,No,0.000000000000000,0.000000000000000,0.000000000000000,0.000000000000000,0.000000000000000,0.000000000000000,0.000000000000000,0.000000000000000,25/96,0.000000000000000,0.000000000000000,0.000000000000000,0.000000000000000,0.000000000000000,0.000000000000000,0.000000000000000,0.000000000000000, ,{CFA6BDFC-1487-4158-BACD-5E3BC72A3C5D},18/08/2025 0:00:00, ,18/08/2025 0:00:00, ,No, ,0.000000000000000,Roy Trustee 2022 Ltd,Johnson Forestry Services
{8A52C7D9-ABD4-4DEB-8AE2-0F3A49E28DDB},4310.000000000000000,25/11.85,41.000000000000000,1025.000000000000000,Yes,0.000000000000000,0.000000000000000,0.000000000000000,0.000000000000000,0.000000000000000,0.000000000000000,1.000000000000000,0.000000000000000,25/96,0.000000000000000,0.000000000000000,0.000000000000000,0.000000000000000,0.000000000000000,0.000000000000000,0.024390243902400,0.000000000000000, ,{CFA6BDFC-1487-4158-BACD-5E3BC72A3C5D},18/08/2025 0:00:00, ,18/08/2025 0:00:00, ,No, ,3.000000000000000,Roy Trustee 2022 Ltd,Johnson Forestry Services
{5BED7331-5DCA-4AED-8EBC-4B3BA802F21E},4318.000000000000000,15/11.48,36.000000000000000,900.000000000000000,Yes,0.000000000000000,0.000000000000000,0.000000000000000,0.000000000000000,0.000000000000000,0.000000000000000,1.000000000000000,0.000000000000000,25/96,0.000000000000000,0.000000000000000,0.000000000000000,0.000000000000000,0.000000000000000,0.000000000000000,0.027777777777800,0.000000000000000, ,{CFA6BDFC-1487-4158-BACD-5E3BC72A3C5D},18/08/2025 0:00:00, ,18/08/2025 0:00:00, ,No, ,3.000000000000000,Roy Trustee 2022 Ltd,Johnson Forestry Services
{070AEF6A-45FB-4384-9222-8F31C1DEA255},4326.000000000000000,15/11.48,44.000000000000000,1100.000000000000000,Yes,1.000000000000000,0.000000000000000,0.000000000000000,0.000000000000000,0.000000000000000,0.000000000000000,1.000000000000000,0.000000000000000,25/96,0.022727272727300,0.000000000000000,0.000000000000000,0.000000000000000,0.000000000000000,0.000000000000000,0.022727272727300,0.000000000000000, ,{CFA6BDFC-1487-4158-BACD-5E3BC72A3C5D},18/08/2025 0:00:00, ,18/08/2025 0:00:00, ,No, ,4.000000000000000,Roy Trustee 2022 Ltd,Johnson Forestry Services
{25C2DAE5-FBFD-45CC-8777-4BB354C2E1AF},4328.000000000000000,10/11.37,44.000000000000000,0.000000000000000,No,0.000000000000000,0.000000000000000,0.000000000000000,0.000000000000000,0.000000000000000,0.000000000000000,0.000000000000000,0.000000000000000,25/96,0.000000000000000,0.000000000000000,0.000000000000000,0.000000000000000,0.000000000000000,0.000000000000000,0.000000000000000,0.000000000000000, ,{CFA6BDFC-1487-4158-BACD-5E3BC72A3C5D},18/08/2025 0:00:00, ,18/08/2025 0:00:00, ,No, ,0.000000000000000,Roy Trustee 2022 Ltd,Johnson Forestry Services
{E1020044-0409-470F-965F-C9C2EFD858B0},4336.000000000000000,10/11.37,40.000000000000000,1000.000000000000000,Yes,0.000000000000000,1.000000000000000,0.000000000000000,0.000000000000000,0.000000000000000,1.000000000000000,0.000000000000000,0.000000000000000,25/96,0.000000000000000,0.025000000000000,0.000000000000000,0.000000000000000,0.000000000000000,0.025000000000000,0.000000000000000,0.000000000000000, ,{CFA6BDFC-1487-4158-BACD-5E3BC72A3C5D},18/08/2025 0:00:00, ,18/08/2025 0:00:00, ,No, ,4.000000000000000,Roy Trustee 2022 Ltd,Johnson Forestry Services
{030609F8-A9FB-4609-B031-3A06DC5B9855},4346.000000000000000,5/11.31,39.000000000000000,975.000000000000000,No,0.000000000000000,0.000000000000000,0.000000000000000,0.000000000000000,0.000000000000000,0.000000000000000,0.000000000000000,0.000000000000000,25/96,0.000000000000000,0.000000000000000,0.000000000000000,0.000000000000000,0.000000000000000,0.000000000000000,0.000000000000000,0.000000000000000, ,{CFA6BDFC-1487-4158-BACD-5E3BC72A3C5D},18/08/2025 0:00:00, ,18/08/2025 0:00:00, ,No, ,0.000000000000000,Roy Trustee 2022 Ltd,Johnson Forestry Services
{976ACFF5-D202-4EA2-ADE6-E7286AF587DD},4344.000000000000000,10/11.37,39.000000000000000,975.000000000000000,No,0.000000000000000,0.000000000000000,0.000000000000000,0.000000000000000,0.000000000000000,0.000000000000000,0.000000000000000,0.000000000000000,25/96,0.000000000000000,0.000000000000000,0.000000000000000,0.000000000000000,0.000000000000000,0.000000000000000,0.000000000000000,0.000000000000000, ,{CFA6BDFC-1487-4158-BACD-5E3BC72A3C5D},18/08/2025 0:00:00, ,18/08/2025 0:00:00, ,No, ,0.000000000000000,Roy Trustee 2022 Ltd,Johnson Forestry Services
{200E46A0-69F9-4B15-A750-2810D4ABD95E},4334.000000000000000,15/11.48,37.000000000000000,925.000000000000000,Yes,0.000000000000000,1.000000000000000,0.000000000000000,0.000000000000000,0.000000000000000,0.000000000000000,1.000000000000000,0.000000000000000,25/96,0.000000000000000,0.027027027027000,0.000000000000000,0.000000000000000,0.000000000000000,0.000000000000000,0.027027027027000,0.000000000000000, ,{CFA6BDFC-1487-4158-BACD-5E3BC72A3C5D},18/08/2025 0:00:00, ,18/08/2025 0:00:00, ,No, ,4.000000000000000,Roy Trustee 2022 Ltd,Johnson Forestry Services
{0596F347-6C31-44F6-B76D-749CBD2523AC},4300.000000000000000,10/11.37,36.000000000000000,900.000000000000000,Yes,0.000000000000000,0.000000000000000,0.000000000000000,0.000000000000000,0.000000000000000,0.000000000000000,0.000000000000000,1.000000000000000,25/96,0.000000000000000,0.000000000000000,0.000000000000000,0.000000000000000,0.000000000000000,0.000000000000000,0.000000000000000,0.027777777777800,Rows up to 5m apart,{CFA6BDFC-1487-4158-BACD-5E3BC72A3C5D},18/08/2025 0:00:00, ,18/08/2025 0:00:00, ,No, ,3.000000000000000,Roy Trustee 2022 Ltd,Johnson Forestry Services
{B6A7FCA4-E548-43CB-A7A0-9F89244DFA41},4294.000000000000000,10/11.37,36.000000000000000,900.000000000000000,Yes,0.000000000000000,0.000000000000000,0.000000000000000,0.000000000000000,0.000000000000000,0.000000000000000,0.000000000000000,1.000000000000000,25/96,0.000000000000000,0.000000000000000,0.000000000000000,0.000000000000000,0.000000000000000,0.000000000000000,0.000000000000000,0.027777777777800,Row directions joining,{CFA6BDFC-1487-4158-BACD-5E3BC72A3C5D},18/08/2025 0:00:00, ,18/08/2025 0:00:00, ,No, ,3.000000000000000,Roy Trustee 2022 Ltd,Johnson Forestry Services
{895563EE-E4A6-4FC7-8EDC-2BCB494849F6},4396.000000000000000,20/11.64,41.000000000000000,1025.000000000000000,No,0.000000000000000,0.000000000000000,0.000000000000000,0.000000000000000,0.000000000000000,0.000000000000000,0.000000000000000,0.000000000000000,25/95,0.000000000000000,0.000000000000000,0.000000000000000,0.000000000000000,0.000000000000000,0.000000000000000,0.000000000000000,0.000000000000000, ,{3E12A586-A15C-4228-BD41-3CBF84D2A81E},18/08/2025 0:00:00, ,18/08/2025 0:00:00, ,No, ,0.000000000000000,Roy Trustee 2022 Ltd,Johnson Forestry Services
{EC224D52-1381-444D-8BC3-150DEE5DF3BD},4932.000000000000000,20/11.64,46.000000000000000,1150.000000000000000,No,0.000000000000000,0.000000000000000,0.000000000000000,0.000000000000000,0.000000000000000,0.000000000000000,0.000000000000000,0.000000000000000,25/95,0.000000000000000,0.000000000000000,0.000000000000000,0.000000000000000,0.000000000000000,0.000000000000000,0.000000000000000,0.000000000000000, ,{3E12A586-A15C-4228-BD41-3CBF84D2A81E},18/08/2025 0:00:00, ,18/08/2025 0:00:00, ,No,No,0.000000000000000,Roy Trustee 2022 Ltd,Johnson Forestry Services
{E3ADC24B-BD48-4EEC-943A-028F080F7D7E},4350.000000000000000,20/11.64,44.000000000000000,1100.000000000000000,No,0.000000000000000,0.000000000000000,0.000000000000000,0.000000000000000,0.000000000000000,0.000000000000000,0.000000000000000,0.000000000000000,25/95,0.000000000000000,0.000000000000000,0.000000000000000,0.000000000000000,0.000000000000000,0.000000000000000,0.000000000000000,0.000000000000000, ,{B5DB0DFF-F27F-4D33-BD6B-B40E72C682A0},18/08/2025 0:00:00, ,18/08/2025 0:00:00, ,No, ,0.000000000000000,Roy Trustee 2022 Ltd,Johnson Forestry Services
{74EC2C0C-BAA2-4D3F-9CCB-104145C50534},4352.000000000000000,5/11.31,36.000000000000000,900.000000000000000,No,0.000000000000000,0.000000000000000,0.000000000000000,0.000000000000000,0.000000000000000,0.000000000000000,0.000000000000000,0.000000000000000,25/95,0.000000000000000,0.000000000000000,0.000000000000000,0.000000000000000,0.000000000000000,0.000000000000000,0.000000000000000,0.000000000000000, ,{B5DB0DFF-F27F-4D33-BD6B-B40E72C682A0},18/08/2025 0:00:00, ,18/08/2025 0:00:00, ,No, ,0.000000000000000,Roy Trustee 2022 Ltd,Johnson Forestry Services
{FA4C5E0E-6CAE-43FA-9750-7874DC3DE778},4354.000000000000000,20/11.64,39.000000000000000,975.000000000000000,Yes,0.000000000000000,0.000000000000000,0.000000000000000,0.000000000000000,0.000000000000000,1.000000000000000,0.000000000000000,0.000000000000000,25/95,0.000000000000000,0.000000000000000,0.000000000000000,0.000000000000000,0.000000000000000,0.025641025641000,0.000000000000000,0.000000000000000, ,{B5DB0DFF-F27F-4D33-BD6B-B40E72C682A0},18/08/2025 0:00:00, ,18/08/2025 0:00:00, ,No, ,3.000000000000000,Roy Trustee 2022 Ltd,Johnson Forestry Services
{C4A3FC63-541F-482E-AB2A-ED3768BCCE5D},4564.000000000000000,5/11.31,40.000000000000000,1000.000000000000000,No,0.000000000000000,0.000000000000000,0.000000000000000,0.000000000000000,0.000000000000000,0.000000000000000,0.000000000000000,0.000000000000000,25/96,0.000000000000000,0.000000000000000,0.000000000000000,0.000000000000000,0.000000000000000,0.000000000000000,0.000000000000000,0.000000000000000, ,{41ADCFD1-CD8D-4B66-BC29-154EA7C1F16A},18/08/2025 0:00:00, ,18/08/2025 0:00:00, ,No, ,0.000000000000000,Roy Trustee 2022 Ltd,Johnson Forestry Services
{B2DBC1D6-B780-4432-9692-CAD91D70DA69},4568.000000000000000,5/11.31,41.000000000000000,1025.000000000000000,No,0.000000000000000,0.000000000000000,0.000000000000000,0.000000000000000,0.000000000000000,0.000000000000000,0.000000000000000,0.000000000000000,25/96,0.000000000000000,0.000000000000000,0.000000000000000,0.000000000000000,0.000000000000000,0.000000000000000,0.000000000000000,0.000000000000000, ,{41ADCFD1-CD8D-4B66-BC29-154EA7C1F16A},18/08/2025 0:00:00, ,18/08/2025 0:00:00, ,No, ,0.000000000000000,Roy Trustee 2022 Ltd,Johnson Forestry Services
{701410BA-0018-44F6-8143-E4E600E00F78},4390.000000000000000,15/11.48,39.000000000000000,975.000000000000000,Yes,0.000000000000000,0.000000000000000,0.000000000000000,0.000000000000000,0.000000000000000,0.000000000000000,1.000000000000000,0.000000000000000,25/95,0.000000000000000,0.000000000000000,0.000000000000000,0.000000000000000,0.000000000000000,0.000000000000000,0.025641025641000,0.000000000000000, ,{9BF5049D-B550-4580-BF83-42672697B8F1},19/08/2025 0:00:00, ,19/08/2025 0:00:00, ,No, ,3.000000000000000,Roy Trustee 2022 Ltd,Johnson Forestry Services
{87522B4F-0FC8-4FC0-B0FE-24DAB3E1DAAE},4386.000000000000000,5/11.31,41.000000000000000,0.000000000000000,No,0.000000000000000,0.000000000000000,0.000000000000000,0.000000000000000,0.000000000000000,0.000000000000000,0.000000000000000,0.000000000000000,25/95,0.000000000000000,0.000000000000000,0.000000000000000,0.000000000000000,0.000000000000000,0.000000000000000,0.000000000000000,0.000000000000000, ,{9BF5049D-B550-4580-BF83-42672697B8F1},19/08/2025 0:00:00, ,19/08/2025 0:00:00, ,No, ,0.000000000000000,Roy Trustee 2022 Ltd,Johnson Forestry Services
{CC6169C5-41D2-4114-A1D5-5CC96C05CE70},4382.000000000000000,15/11.48,42.000000000000000,1050.000000000000000,No,0.000000000000000,0.000000000000000,0.000000000000000,0.000000000000000,0.000000000000000,0.000000000000000,0.000000000000000,0.000000000000000,25/95,0.000000000000000,0.000000000000000,0.000000000000000,0.000000000000000,0.000000000000000,0.000000000000000,0.000000000000000,0.000000000000000, ,{9BF5049D-B550-4580-BF83-42672697B8F1},19/08/2025 0:00:00, ,19/08/2025 0:00:00, ,No, ,0.000000000000000,Roy Trustee 2022 Ltd,Johnson Forestry Services
{34EC218A-8598-448A-A3E4-FA0E27AF7A1E},4384.000000000000000,5/11.31,44.000000000000000,1100.000000000000000,No,0.000000000000000,0.000000000000000,0.000000000000000,0.000000000000000,0.000000000000000,0.000000000000000,0.000000000000000,0.000000000000000,25/95,0.000000000000000,0.000000000000000,0.000000000000000,0.000000000000000,0.000000000000000,0.000000000000000,0.000000000000000,0.000000000000000, ,{9BF5049D-B550-4580-BF83-42672697B8F1},19/08/2025 0:00:00, ,19/08/2025 0:00:00, ,No, ,0.000000000000000,Roy Trustee 2022 Ltd,Johnson Forestry Services
{7C8127C9-B20B-4688-8D90-AAC1D16EC5BC},4378.000000000000000,5/11.31,40.000000000000000,1000.000000000000000,Yes,0.000000000000000,0.000000000000000,0.000000000000000,0.000000000000000,0.000000000000000,1.000000000000000,0.000000000000000,0.000000000000000,25/95,0.000000000000000,0.000000000000000,0.000000000000000,0.000000000000000,0.000000000000000,0.025000000000000,0.000000000000000,0.000000000000000, ,{9BF5049D-B550-4580-BF83-42672697B8F1},19/08/2025 0:00:00, ,19/08/2025 0:00:00, ,No, ,3.000000000000000,Roy Trustee 2022 Ltd,Johnson Forestry Services
{E70AC779-4702-4F8F-A097-D23F40508796},4370.000000000000000,5/11.31,44.000000000000000,1100.000000000000000,No,0.000000000000000,0.000000000000000,0.000000000000000,0.000000000000000,0.000000000000000,0.000000000000000,0.000000000000000,0.000000000000000,25/95,0.000000000000000,0.000000000000000,0.000000000000000,0.000000000000000,0.000000000000000,0.000000000000000,0.000000000000000,0.000000000000000, ,{9BF5049D-B550-4580-BF83-42672697B8F1},19/08/2025 0:00:00, ,19/08/2025 0:00:00, ,No, ,0.000000000000000,Roy Trustee 2022 Ltd,Johnson Forestry Services
{DF8E55EC-15A9-4A4C-B6D7-525DEA14580A},4398.000000000000000,15/11.48,46.000000000000000,1150.000000000000000,No,0.000000000000000,0.000000000000000,0.000000000000000,0.000000000000000,0.000000000000000,0.000000000000000,0.000000000000000,0.000000000000000,25/96,0.000000000000000,0.000000000000000,0.000000000000000,0.000000000000000,0.000000000000000,0.000000000000000,0.000000000000000,0.000000000000000,Close line on track edge picked up,{7F1B1AE9-9C7C-467B-ABEE-CC841D4AB0F7},19/08/2025 0:00:00, ,19/08/2025 0:00:00, ,No,Yes,0.000000000000000,Roy Trustee 2022 Ltd,Johnson Forestry Services
{318A88AC-843E-48A6-B100-780D3EDD35FA},4400.000000000000000,10/11.37,44.000000000000000,1100.000000000000000,Yes,0.000000000000000,0.000000000000000,0.000000000000000,0.000000000000000,0.000000000000000,0.000000000000000,1.000000000000000,0.000000000000000,25/96,0.000000000000000,0.000000000000000,0.000000000000000,0.000000000000000,0.000000000000000,0.000000000000000,0.022727272727300,0.000000000000000, ,{7F1B1AE9-9C7C-467B-ABEE-CC841D4AB0F7},19/08/2025 0:00:00, ,19/08/2025 0:00:00, ,No, ,3.000000000000000,Roy Trustee 2022 Ltd,Johnson Forestry Services
{1ED5E8A3-A95D-446F-A71B-0718F68A4484},4934.000000000000000,15/11.48,43.000000000000000,1075.000000000000000,Yes,0.000000000000000,0.000000000000000,1.000000000000000,0.000000000000000,0.000000000000000,0.000000000000000,0.000000000000000,0.000000000000000,25/96,0.000000000000000,0.000000000000000,0.023255813953500,0.000000000000000,0.000000000000000,0.000000000000000,0.000000000000000,0.000000000000000, ,{7F1B1AE9-9C7C-467B-ABEE-CC841D4AB0F7},19/08/2025 0:00:00, ,19/08/2025 0:00:00, ,No, ,3.000000000000000,Roy Trustee 2022 Ltd,Johnson Forestry Services
{C9C7AC20-BE0D-442C-91CD-A8C594242EEE},4374.000000000000000,20/11.64,39.000000000000000,975.000000000000000,Yes,0.000000000000000,0.000000000000000,1.000000000000000,0.000000000000000,0.000000000000000,0.000000000000000,0.000000000000000,0.000000000000000,25/96,0.000000000000000,0.000000000000000,0.025641025641000,0.000000000000000,0.000000000000000,0.000000000000000,0.000000000000000,0.000000000000000, ,{7F1B1AE9-9C7C-467B-ABEE-CC841D4AB0F7},19/08/2025 0:00:00, ,19/08/2025 0:00:00, ,No, ,3.000000000000000,Roy Trustee 2022 Ltd,Johnson Forestry Services
{342D52C2-6086-4A30-A8DA-3B031270B5B8},4372.000000000000000,15/11.48,45.000000000000000,1125.000000000000000,Yes,0.000000000000000,0.000000000000000,1.000000000000000,0.000000000000000,0.000000000000000,0.000000000000000,0.000000000000000,0.000000000000000,25/96,0.000000000000000,0.000000000000000,0.022222222222200,0.000000000000000,0.000000000000000,0.000000000000000,0.000000000000000,0.000000000000000, ,{7F1B1AE9-9C7C-467B-ABEE-CC841D4AB0F7},19/08/2025 0:00:00, ,19/08/2025 0:00:00, ,No,Yes,3.000000000000000,Roy Trustee 2022 Ltd,Johnson Forestry Services
{89EAA3CD-E866-4628-9E5A-BEF21E7CB1D3},4360.000000000000000,15/11.48,37.000000000000000,925.000000000000000,No,0.000000000000000,0.000000000000000,0.000000000000000,0.000000000000000,0.000000000000000,0.000000000000000,0.000000000000000,0.000000000000000,25/96,0.000000000000000,0.000000000000000,0.000000000000000,0.000000000000000,0.000000000000000,0.000000000000000,0.000000000000000,0.000000000000000, ,{7F1B1AE9-9C7C-467B-ABEE-CC841D4AB0F7},19/08/2025 0:00:00, ,19/08/2025 0:00:00, ,No, ,0.000000000000000,Roy Trustee 2022 Ltd,Johnson Forestry Services
{42D27FE8-619B-485E-8061-6A16BD853557},2862.000000000000000,20/11.64,40.000000000000000,0.000000000000000,Yes,0.000000000000000,0.000000000000000,0.000000000000000,0.000000000000000,0.000000000000000,2.000000000000000,0.000000000000000,0.000000000000000,25/4,0.000000000000000,0.000000000000000,0.000000000000000,0.000000000000000,0.000000000000000,0.050000000000000,0.000000000000000,0.000000000000000, ,{57939B68-D509-4EE6-8431-6B8E05B5D458},20/08/2025 0:00:00, ,20/08/2025 0:00:00, ,No, ,6.000000000000000,Roy Trustee 2022 Ltd,Johnson Forestry Services
{3ACFD3C1-8556-4F00-BE8B-E9CA44DA3B99},2860.000000000000000,20/11.64,40.000000000000000,1000.000000000000000,No,0.000000000000000,0.000000000000000,0.000000000000000,0.000000000000000,0.000000000000000,0.000000000000000,0.000000000000000,0.000000000000000,25/4,0.000000000000000,0.000000000000000,0.000000000000000,0.000000000000000,0.000000000000000,0.000000000000000,0.000000000000000,0.000000000000000, ,{57939B68-D509-4EE6-8431-6B8E05B5D458},20/08/2025 0:00:00, ,20/08/2025 0:00:00, ,No, ,0.000000000000000,Roy Trustee 2022 Ltd,Johnson Forestry Services
{8297EE83-16C5-4ED1-B114-4598D02A42A3},2854.000000000000000,10/11.37,38.000000000000000,950.000000000000000,Yes,0.000000000000000,0.000000000000000,0.000000000000000,0.000000000000000,0.000000000000000,1.000000000000000,0.000000000000000,0.000000000000000,25/4,0.000000000000000,0.000000000000000,0.000000000000000,0.000000000000000,0.000000000000000,0.026315789473700,0.000000000000000,0.000000000000000,Very wet area,{57939B68-D509-4EE6-8431-6B8E05B5D458},20/08/2025 0:00:00, ,20/08/2025 0:00:00, ,No, ,3.000000000000000,Roy Trustee 2022 Ltd,Johnson Forestry Services
{379F4263-B2DE-4201-83CC-C463DCFB6A71},2850.000000000000000,10/11.37,39.000000000000000,975.000000000000000,No,0.000000000000000,0.000000000000000,0.000000000000000,0.000000000000000,0.000000000000000,0.000000000000000,0.000000000000000,0.000000000000000,25/4,0.000000000000000,0.000000000000000,0.000000000000000,0.000000000000000,0.000000000000000,0.000000000000000,0.000000000000000,0.000000000000000,Very wet,{57939B68-D509-4EE6-8431-6B8E05B5D458},20/08/2025 0:00:00, ,20/08/2025 0:00:00, ,No, ,0.000000000000000,Roy Trustee 2022 Ltd,Johnson Forestry Services
{6B671F3E-C5A2-4658-B1FB-E0F7134EE931},2856.000000000000000,15/11.48,33.000000000000000,0.000000000000000,No,0.000000000000000,0.000000000000000,0.000000000000000,0.000000000000000,0.000000000000000,0.000000000000000,0.000000000000000,0.000000000000000,25/4,0.000000000000000,0.000000000000000,0.000000000000000,0.000000000000000,0.000000000000000,0.000000000000000,0.000000000000000,0.000000000000000,Low numbers becuase  setback observrd off water course,{57939B68-D509-4EE6-8431-6B8E05B5D458},20/08/2025 0:00:00, ,20/08/2025 0:00:00, ,No, ,0.000000000000000,Roy Trustee 2022 Ltd,Johnson Forestry Services
{89D2F3B2-06DB-47C0-BD76-C403023847AA},2870.000000000000000,15/11.48,44.000000000000000,1100.000000000000000,Yes,0.000000000000000,0.000000000000000,0.000000000000000,0.000000000000000,0.000000000000000,1.000000000000000,0.000000000000000,0.000000000000000,25/4,0.000000000000000,0.000000000000000,0.000000000000000,0.000000000000000,0.000000000000000,0.022727272727300,0.000000000000000,0.000000000000000, ,{57939B68-D509-4EE6-8431-6B8E05B5D458},20/08/2025 0:00:00, ,20/08/2025 0:00:00, ,No, ,3.000000000000000,Roy Trustee 2022 Ltd,Johnson Forestry Services
{8B360757-01DE-4C0A-AC05-E680C44D4732},2878.000000000000000,15/11.48,37.000000000000000,925.000000000000000,No,0.000000000000000,0.000000000000000,0.000000000000000,0.000000000000000,0.000000000000000,0.000000000000000,0.000000000000000,0.000000000000000,25/4,0.000000000000000,0.000000000000000,0.000000000000000,0.000000000000000,0.000000000000000,0.000000000000000,0.000000000000000,0.000000000000000, ,{57939B68-D509-4EE6-8431-6B8E05B5D458},20/08/2025 0:00:00, ,20/08/2025 0:00:00, ,No, ,0.000000000000000,Roy Trustee 2022 Ltd,Johnson Forestry Services
{7F9BD518-CB22-4E72-8CDA-2215F2ED8534},2886.000000000000000,10/11.37,40.000000000000000,1000.000000000000000,No,0.000000000000000,0.000000000000000,0.000000000000000,0.000000000000000,0.000000000000000,0.000000000000000,0.000000000000000,0.000000000000000,25/4,0.000000000000000,0.000000000000000,0.000000000000000,0.000000000000000,0.000000000000000,0.000000000000000,0.000000000000000,0.000000000000000, ,{57939B68-D509-4EE6-8431-6B8E05B5D458},20/08/2025 0:00:00, ,20/08/2025 0:00:00, ,No, ,0.000000000000000,Roy Trustee 2022 Ltd,Johnson Forestry Services
{7707205D-F693-49D7-85AE-C997274FAED3},2868.000000000000000,20/11.64,38.000000000000000,950.000000000000000,Yes,1.000000000000000,0.000000000000000,0.000000000000000,0.000000000000000,0.000000000000000,1.000000000000000,0.000000000000000,0.000000000000000,25/4,0.026315789473700,0.000000000000000,0.000000000000000,0.000000000000000,0.000000000000000,0.026315789473700,0.000000000000000,0.000000000000000, ,{57939B68-D509-4EE6-8431-6B8E05B5D458},20/08/2025 0:00:00, ,20/08/2025 0:00:00, ,No, ,4.000000000000000,Roy Trustee 2022 Ltd,Johnson Forestry Services
{193B9C75-BDB5-483F-BCE0-C519C788A980},2792.000000000000000,25/11.85,44.000000000000000,1100.000000000000000,No,0.000000000000000,0.000000000000000,0.000000000000000,0.000000000000000,0.000000000000000,0.000000000000000,0.000000000000000,0.000000000000000,25/4,0.000000000000000,0.000000000000000,0.000000000000000,0.000000000000000,0.000000000000000,0.000000000000000,0.000000000000000,0.000000000000000,Lot of surface water,{017B72B5-4B28-4CCB-ABF3-6782DD6D40F6},24/08/2025 0:00:00, ,24/08/2025 0:00:00, ,No, ,0.000000000000000,Roy Trustee 2022 Ltd,Johnson Forestry Services
{2D4A2C5D-99DD-43C9-A04B-A6AFA5BD3118},790.000000000000000,30/12.13,42.000000000000000,1050.000000000000000,No,0.000000000000000,0.000000000000000,0.000000000000000,0.000000000000000,0.000000000000000,0.000000000000000,0.000000000000000,0.000000000000000,25/4,0.000000000000000,0.000000000000000,0.000000000000000,0.000000000000000,0.000000000000000,0.000000000000000,0.000000000000000,0.000000000000000,Rocky in places. Long roots on trees,{017B72B5-4B28-4CCB-ABF3-6782DD6D40F6},24/08/2025 0:00:00, ,24/08/2025 0:00:00, ,No, ,0.000000000000000,Roy Trustee 2022 Ltd,Johnson Forestry Services
{D69753D6-6FDF-483F-8663-792A0670696F},2882.000000000000000,25/11.85,44.000000000000000,1100.000000000000000,Yes,1.000000000000000,0.000000000000000,0.000000000000000,0.000000000000000,1.000000000000000,0.000000000000000,0.000000000000000,0.000000000000000,25/4,0.022727272727300,0.000000000000000,0.000000000000000,0.000000000000000,0.022727272727300,0.000000000000000,0.000000000000000,0.000000000000000,Long roots on some trees,{017B72B5-4B28-4CCB-ABF3-6782DD6D40F6},24/08/2025 0:00:00, ,24/08/2025 0:00:00, ,No, ,4.000000000000000,Roy Trustee 2022 Ltd,Johnson Forestry Services
{50CC92B3-DF2B-45F2-8549-3CC48EFF5D88},3842.000000000000000,25/11.85,48.000000000000000,1200.000000000000000,Yes,0.000000000000000,0.000000000000000,0.000000000000000,0.000000000000000,1.000000000000000,0.000000000000000,0.000000000000000,0.000000000000000,25/4,0.000000000000000,0.000000000000000,0.000000000000000,0.000000000000000,0.020833333333300,0.000000000000000,0.000000000000000,0.000000000000000, ,{017B72B5-4B28-4CCB-ABF3-6782DD6D40F6},24/08/2025 0:00:00, ,24/08/2025 0:00:00, ,No,Yes,3.000000000000000,Roy Trustee 2022 Ltd,Johnson Forestry Services
{E24378ED-59B5-4EE1-BCE8-4666121D785A},2486.000000000000000,25/11.85,44.000000000000000,1100.000000000000000,No,0.000000000000000,0.000000000000000,0.000000000000000,0.000000000000000,0.000000000000000,0.000000000000000,0.000000000000000,0.000000000000000,25/4,0.000000000000000,0.000000000000000,0.000000000000000,0.000000000000000,0.000000000000000,0.000000000000000,0.000000000000000,0.000000000000000, ,{017B72B5-4B28-4CCB-ABF3-6782DD6D40F6},24/08/2025 0:00:00, ,24/08/2025 0:00:00, ,No, ,0.000000000000000,Roy Trustee 2022 Ltd,Johnson Forestry Services
{659BDC4A-D27E-4DB7-8AC2-2E2DEFBACE4C},284.000000000000000,25/11.85,47.000000000000000,1175.000000000000000,No,0.000000000000000,0.000000000000000,0.000000000000000,0.000000000000000,0.000000000000000,0.000000000000000,0.000000000000000,0.000000000000000,25/4,0.000000000000000,0.000000000000000,0.000000000000000,0.000000000000000,0.000000000000000,0.000000000000000,0.000000000000000,0.000000000000000,Change in contour picked up a extra part row,{017B72B5-4B28-4CCB-ABF3-6782DD6D40F6},24/08/2025 0:00:00, ,24/08/2025 0:00:00, ,No,No,0.000000000000000,Roy Trustee 2022 Ltd,Johnson Forestry Services
{DC6DFF86-73BB-4066-BF02-F5B7049534FD},2804.000000000000000,30/12.13,41.000000000000000,1025.000000000000000,Yes,0.000000000000000,0.000000000000000,2.000000000000000,0.000000000000000,0.000000000000000,0.000000000000000,0.000000000000000,0.000000000000000,25/4,0.000000000000000,0.000000000000000,0.048780487804900,0.000000000000000,0.000000000000000,0.000000000000000,0.000000000000000,0.000000000000000,Long bush roots,{017B72B5-4B28-4CCB-ABF3-6782DD6D40F6},24/08/2025 0:00:00, ,24/08/2025 0:00:00, ,No, ,6.000000000000000,Roy Trustee 2022 Ltd,Johnson Forestry Services
{6CD00742-F464-4F7F-9E49-040EA3AC1BCF},2816.000000000000000,30/12.13,41.000000000000000,1025.000000000000000,Yes,0.000000000000000,0.000000000000000,0.000000000000000,0.000000000000000,0.000000000000000,0.000000000000000,2.000000000000000,0.000000000000000,25/4,0.000000000000000,0.000000000000000,0.000000000000000,0.000000000000000,0.000000000000000,0.000000000000000,0.048780487804900,0.000000000000000, ,{017B72B5-4B28-4CCB-ABF3-6782DD6D40F6},24/08/2025 0:00:00, ,24/08/2025 0:00:00, ,No, ,6.000000000000000,Roy Trustee 2022 Ltd,Johnson Forestry Services
{09C54485-79D8-45F4-A384-D9ADAADD993C},2802.000000000000000,25/11.85,45.000000000000000,1125.000000000000000,Yes,0.000000000000000,0.000000000000000,2.000000000000000,0.000000000000000,0.000000000000000,0.000000000000000,0.000000000000000,0.000000000000000,25/4,0.000000000000000,0.000000000000000,0.044444444444400,0.000000000000000,0.000000000000000,0.000000000000000,0.000000000000000,0.000000000000000, ,{017B72B5-4B28-4CCB-ABF3-6782DD6D40F6},24/08/2025 0:00:00, ,24/08/2025 0:00:00, ,No,No,6.000000000000000,Roy Trustee 2022 Ltd,Johnson Forestry Services
{40341D05-4DD2-41D3-8AF9-773CB192EEBC},2852.000000000000000,15/11.48,44.000000000000000,1100.000000000000000,No,0.000000000000000,0.000000000000000,0.000000000000000,0.000000000000000,0.000000000000000,0.000000000000000,0.000000000000000,0.000000000000000,25/4,0.000000000000000,0.000000000000000,0.000000000000000,0.000000000000000,0.000000000000000,0.000000000000000,0.000000000000000,0.000000000000000,Half plot very wet,{017B72B5-4B28-4CCB-ABF3-6782DD6D40F6},24/08/2025 0:00:00, ,24/08/2025 0:00:00, ,No, ,0.000000000000000,Roy Trustee 2022 Ltd,Johnson Forestry Services
{BB6FAB73-C57D-426B-B32E-E5C373B95CD7},2858.000000000000000,15/11.48,44.000000000000000,1100.000000000000000,Yes,2.000000000000000,0.000000000000000,0.000000000000000,0.000000000000000,0.000000000000000,0.000000000000000,0.000000000000000,0.000000000000000,25/4,0.045454545454500,0.000000000000000,0.000000000000000,0.000000000000000,0.000000000000000,0.000000000000000,0.000000000000000,0.000000000000000, ,{017B72B5-4B28-4CCB-ABF3-6782DD6D40F6},24/08/2025 0:00:00, ,24/08/2025 0:00:00, ,No, ,2.000000000000000,Roy Trustee 2022 Ltd,Johnson Forestry Services
{F2CAAA3B-46B3-4C51-A287-B463CA57B75C},2872.000000000000000,30/12.13,44.000000000000000,1100.000000000000000,Yes,0.000000000000000,0.000000000000000,1.000000000000000,0.000000000000000,0.000000000000000,1.000000000000000,0.000000000000000,0.000000000000000,25/4,0.000000000000000,0.000000000000000,0.022727272727300,0.000000000000000,0.000000000000000,0.022727272727300,0.000000000000000,0.000000000000000,Rocky in areas. Long roots on trees,{017B72B5-4B28-4CCB-ABF3-6782DD6D40F6},24/08/2025 0:00:00, ,24/08/2025 0:00:00, ,No, ,6.000000000000000,Roy Trustee 2022 Ltd,Johnson Forestry Services
{ECEEE95C-9371-46E1-9DD4-45DBCF40EB90},2844.000000000000000,30/12.13,41.000000000000000,1025.000000000000000,Yes,0.000000000000000,0.000000000000000,0.000000000000000,0.000000000000000,0.000000000000000,1.000000000000000,0.000000000000000,0.000000000000000,25/4,0.000000000000000,0.000000000000000,0.000000000000000,0.000000000000000,0.000000000000000,0.024390243902400,0.000000000000000,0.000000000000000,Rocky area. Trees have long roots,{017B72B5-4B28-4CCB-ABF3-6782DD6D40F6},24/08/2025 0:00:00, ,24/08/2025 0:00:00, ,No, ,3.000000000000000,Roy Trustee 2022 Ltd,Johnson Forestry Services
{55C557A1-1540-41A1-9ACF-5F46BF5A9B14},848.000000000000000,5/11.31,38.000000000000000,950.000000000000000,No,0.000000000000000,0.000000000000000,0.000000000000000,0.000000000000000,0.000000000000000,0.000000000000000,0.000000000000000,0.000000000000000,25/4,0.000000000000000,0.000000000000000,0.000000000000000,0.000000000000000,0.000000000000000,0.000000000000000,0.000000000000000,0.000000000000000, ,{017B72B5-4B28-4CCB-ABF3-6782DD6D40F6},24/08/2025 0:00:00, ,24/08/2025 0:00:00, ,No, ,0.000000000000000,Roy Trustee 2022 Ltd,Johnson Forestry Services
{AFC964C8-0E18-4316-BE04-A356CF366A59},2840.000000000000000,30/12.13,52.000000000000000,1300.000000000000000,No,0.000000000000000,0.000000000000000,0.000000000000000,0.000000000000000,0.000000000000000,0.000000000000000,0.000000000000000,0.000000000000000,25/4,0.000000000000000,0.000000000000000,0.000000000000000,0.000000000000000,0.000000000000000,0.000000000000000,0.000000000000000,0.000000000000000,Lines too close,{017B72B5-4B28-4CCB-ABF3-6782DD6D40F6},24/08/2025 0:00:00, ,24/08/2025 0:00:00, ,No,Yes,0.000000000000000,Roy Trustee 2022 Ltd,Johnson Forestry Services
{B3E333A8-DB76-43DB-8F04-AF797D85CDE9},3838.000000000000000,30/12.13,42.000000000000000,1050.000000000000000,No,0.000000000000000,0.000000000000000,0.000000000000000,0.000000000000000,0.000000000000000,0.000000000000000,0.000000000000000,0.000000000000000,25/4,0.000000000000000,0.000000000000000,0.000000000000000,0.000000000000000,0.000000000000000,0.000000000000000,0.000000000000000,0.000000000000000, ,{017B72B5-4B28-4CCB-ABF3-6782DD6D40F6},24/08/2025 0:00:00, ,24/08/2025 0:00:00, ,No, ,0.000000000000000,Roy Trustee 2022 Ltd,Johnson Forestry Services
{5F97EA55-4C0F-4074-9E79-646BE53BEEDD},2814.000000000000000,15/11.48,44.000000000000000,1100.000000000000000,Yes,1.000000000000000,0.000000000000000,0.000000000000000,0.000000000000000,0.000000000000000,0.000000000000000,0.000000000000000,0.000000000000000,25/4,0.000000000000000,0.000000000000000,0.000000000000000,0.000000000000000,0.000000000000000,0.000000000000000,0.000000000000000,0.000000000000000, ,{017B72B5-4B28-4CCB-ABF3-6782DD6D40F6},24/08/2025 0:00:00, ,24/08/2025 0:00:00, ,No, ,0.000000000000000,Roy Trustee 2022 Ltd,Johnson Forestry Services
{C62F1E03-94FE-425A-AFA3-EB2BEA7D8094},2830.000000000000000,30/12.13,43.000000000000000,1075.000000000000000,Yes,0.000000000000000,0.000000000000000,2.000000000000000,0.000000000000000,0.000000000000000,0.000000000000000,0.000000000000000,0.000000000000000,25/4,0.000000000000000,0.000000000000000,0.046511627907000,0.000000000000000,0.000000000000000,0.000000000000000,0.000000000000000,0.000000000000000,Long bushy roots,{9A72D089-B3CA-4385-BB73-A2423BA8CE15},26/08/2025 0:00:00, ,26/08/2025 0:00:00, ,No, ,6.000000000000000,Roy Trustee 2022 Ltd,Johnson Forestry Services
{400AF97F-79CE-4B39-9AA5-03E53F029B46},2836.000000000000000,10/11.37,41.000000000000000,1025.000000000000000,No,0.000000000000000,0.000000000000000,0.000000000000000,0.000000000000000,0.000000000000000,0.000000000000000,0.000000000000000,0.000000000000000,25/4,0.000000000000000,0.000000000000000,0.000000000000000,0.000000000000000,0.000000000000000,0.000000000000000,0.000000000000000,0.000000000000000,Soft stems and trees are floppy,{9A72D089-B3CA-4385-BB73-A2423BA8CE15},26/08/2025 0:00:00, ,26/08/2025 0:00:00, ,No, ,0.000000000000000,Roy Trustee 2022 Ltd,Johnson Forestry Services
{D7439D74-C505-4B2F-B8FC-E4324F27D7FA},2888.000000000000000,25/11.85,38.000000000000000,0.000000000000000,No,0.000000000000000,0.000000000000000,0.000000000000000,0.000000000000000,0.000000000000000,0.000000000000000,0.000000000000000,0.000000000000000,25/4,0.000000000000000,0.000000000000000,0.000000000000000,0.000000000000000,0.000000000000000,0.000000000000000,0.000000000000000,0.000000000000000, ,{9A72D089-B3CA-4385-BB73-A2423BA8CE15},26/08/2025 0:00:00, ,26/08/2025 0:00:00, ,No, ,0.000000000000000,Roy Trustee 2022 Ltd,Johnson Forestry Services
{0679C684-9A0C-4238-B78B-D79A1F6B7390},2864.000000000000000,25/11.85,36.000000000000000,0.000000000000000,No,0.000000000000000,0.000000000000000,0.000000000000000,0.000000000000000,0.000000000000000,0.000000000000000,0.000000000000000,0.000000000000000,25/4,0.000000000000000,0.000000000000000,0.000000000000000,0.000000000000000,0.000000000000000,0.000000000000000,0.000000000000000,0.000000000000000, Dry wet soft area,{9A72D089-B3CA-4385-BB73-A2423BA8CE15},26/08/2025 0:00:00, ,26/08/2025 0:00:00, ,No, ,0.000000000000000,Roy Trustee 2022 Ltd,Johnson Forestry Services
{BBB46264-B3D8-4338-88C0-70D79C166937},2880.000000000000000,15/11.48,41.000000000000000,1025.000000000000000,No,0.000000000000000,0.000000000000000,0.000000000000000,0.000000000000000,0.000000000000000,0.000000000000000,0.000000000000000,0.000000000000000,25/4,0.000000000000000,0.000000000000000,0.000000000000000,0.000000000000000,0.000000000000000,0.000000000000000,0.000000000000000,0.000000000000000, ,{9A72D089-B3CA-4385-BB73-A2423BA8CE15},26/08/2025 0:00:00, ,26/08/2025 0:00:00, ,No, ,0.000000000000000,Roy Trustee 2022 Ltd,Johnson Forestry Services
{56E5C829-AD15-4AF2-8801-0FFC119534F0},2894.000000000000000,25/11.85,44.000000000000000,1100.000000000000000,No,0.000000000000000,0.000000000000000,0.000000000000000,0.000000000000000,0.000000000000000,0.000000000000000,0.000000000000000,0.000000000000000,25/4,0.000000000000000,0.000000000000000,0.000000000000000,0.000000000000000,0.000000000000000,0.000000000000000,0.000000000000000,0.000000000000000, ,{9A72D089-B3CA-4385-BB73-A2423BA8CE15},26/08/2025 0:00:00, ,26/08/2025 0:00:00, ,No, ,0.000000000000000,Roy Trustee 2022 Ltd,Johnson Forestry Services
{8FAE9319-7260-4197-ABF3-F36ED02473BF},2936.000000000000000,10/11.37,36.000000000000000,900.000000000000000,Yes,0.000000000000000,0.000000000000000,0.000000000000000,0.000000000000000,0.000000000000000,1.000000000000000,0.000000000000000,0.000000000000000,25/12,0.000000000000000,0.000000000000000,0.000000000000000,0.000000000000000,0.000000000000000,0.027777777777800,0.000000000000000,0.000000000000000, ,{66CCA242-B38F-4842-8FE1-8BB33053DAF8},26/08/2025 0:00:00, ,26/08/2025 0:00:00, ,No, ,3.000000000000000,Roy Trustee 2022 Ltd,Proforest
{A981E66B-A31B-4441-AD7E-562DCE167F21},2938.000000000000000,15/11.48,39.000000000000000,975.000000000000000,No,0.000000000000000,0.000000000000000,0.000000000000000,0.000000000000000,0.000000000000000,0.000000000000000,0.000000000000000,0.000000000000000,25/12,0.000000000000000,0.000000000000000,0.000000000000000,0.000000000000000,0.000000000000000,0.000000000000000,0.000000000000000,0.000000000000000,Shifted uphill because radiata was planted up to track,{66CCA242-B38F-4842-8FE1-8BB33053DAF8},26/08/2025 0:00:00, ,26/08/2025 0:00:00, ,No, ,0.000000000000000,Roy Trustee 2022 Ltd,Proforest
{86A97FB8-273B-4AD7-B88A-ADA3678B4633},2952.000000000000000,15/11.48,39.000000000000000,975.000000000000000,No,0.000000000000000,0.000000000000000,0.000000000000000,0.000000000000000,0.000000000000000,0.000000000000000,0.000000000000000,0.000000000000000,25/12,0.000000000000000,0.000000000000000,0.000000000000000,0.000000000000000,0.000000000000000,0.000000000000000,0.000000000000000,0.000000000000000, ,{66CCA242-B38F-4842-8FE1-8BB33053DAF8},26/08/2025 0:00:00, ,26/08/2025 0:00:00, ,No, ,0.000000000000000,Roy Trustee 2022 Ltd,Proforest
{F6FB6DF2-5C1F-4520-9111-F30B2685BD8B},2962.000000000000000,20/11.64,42.000000000000000,1050.000000000000000,Yes,1.000000000000000,0.000000000000000,0.000000000000000,0.000000000000000,0.000000000000000,0.000000000000000,0.000000000000000,0.000000000000000,25/12,0.023809523809500,0.000000000000000,0.000000000000000,0.000000000000000,0.000000000000000,0.000000000000000,0.000000000000000,0.000000000000000, ,{66CCA242-B38F-4842-8FE1-8BB33053DAF8},26/08/2025 0:00:00, ,26/08/2025 0:00:00, ,No, ,1.000000000000000,Roy Trustee 2022 Ltd,Proforest
{9399A84A-4F2B-4A3B-9101-B8939B87B9E3},2950.000000000000000,20/11.64,42.000000000000000,1050.000000000000000,Yes,1.000000000000000,0.000000000000000,0.000000000000000,0.000000000000000,0.000000000000000,0.000000000000000,0.000000000000000,0.000000000000000,25/12,0.023809523809500,0.000000000000000,0.000000000000000,0.000000000000000,0.000000000000000,0.000000000000000,0.000000000000000,0.000000000000000, ,{66CCA242-B38F-4842-8FE1-8BB33053DAF8},26/08/2025 0:00:00, ,26/08/2025 0:00:00, ,No, ,1.000000000000000,Roy Trustee 2022 Ltd,Proforest
{EAEED53F-BC9B-4156-8296-5E57F23AA94B},2948.000000000000000,20/11.64,34.000000000000000,850.000000000000000,No,0.000000000000000,0.000000000000000,0.000000000000000,0.000000000000000,0.000000000000000,0.000000000000000,0.000000000000000,0.000000000000000,25/12,0.000000000000000,0.000000000000000,0.000000000000000,0.000000000000000,0.000000000000000,0.000000000000000,0.000000000000000,0.000000000000000,Windrowed.Stocking would of been37.,{66CCA242-B38F-4842-8FE1-8BB33053DAF8},26/08/2025 0:00:00, ,26/08/2025 0:00:00, ,No,No,0.000000000000000,Roy Trustee 2022 Ltd,Proforest
{3EE2CBDE-B3FC-45FE-80B1-8D8F7E640F1C},2960.000000000000000,15/11.48,38.000000000000000,950.000000000000000,No,0.000000000000000,0.000000000000000,0.000000000000000,0.000000000000000,0.000000000000000,0.000000000000000,0.000000000000000,0.000000000000000,25/12,0.000000000000000,0.000000000000000,0.000000000000000,0.000000000000000,0.000000000000000,0.000000000000000,0.000000000000000,0.000000000000000,Between windrows,{66CCA242-B38F-4842-8FE1-8BB33053DAF8},26/08/2025 0:00:00, ,26/08/2025 0:00:00, ,No, ,0.000000000000000,Roy Trustee 2022 Ltd,Proforest
{446738F8-74C1-4EC7-9594-FF96B25FBAB2},2934.000000000000000,20/11.64,42.000000000000000,1050.000000000000000,Yes,1.000000000000000,0.000000000000000,0.000000000000000,0.000000000000000,0.000000000000000,0.000000000000000,0.000000000000000,0.000000000000000,25/12,0.023809523809500,0.000000000000000,0.000000000000000,0.000000000000000,0.000000000000000,0.000000000000000,0.000000000000000,0.000000000000000, ,{66CCA242-B38F-4842-8FE1-8BB33053DAF8},26/08/2025 0:00:00, ,26/08/2025 0:00:00, ,No, ,1.000000000000000,Roy Trustee 2022 Ltd,Proforest
{EA9469EC-E373-4773-AB85-01E51E97DED5},2932.000000000000000,15/11.48,40.000000000000000,1000.000000000000000,No,0.000000000000000,0.000000000000000,0.000000000000000,0.000000000000000,0.000000000000000,0.000000000000000,0.000000000000000,0.000000000000000,25/12,0.000000000000000,0.000000000000000,0.000000000000000,0.000000000000000,0.000000000000000,0.000000000000000,0.000000000000000,0.000000000000000, ,{66CCA242-B38F-4842-8FE1-8BB33053DAF8},26/08/2025 0:00:00, ,26/08/2025 0:00:00, ,No, ,0.000000000000000,Roy Trustee 2022 Ltd,Proforest
{32E879AA-3EF7-4AAC-9027-DB6E38AE58FF},2944.000000000000000,10/11.37,38.000000000000000,950.000000000000000,No,0.000000000000000,0.000000000000000,0.000000000000000,0.000000000000000,0.000000000000000,0.000000000000000,0.000000000000000,0.000000000000000,25/19,0.000000000000000,0.000000000000000,0.000000000000000,0.000000000000000,0.000000000000000,0.000000000000000,0.000000000000000,0.000000000000000, ,{DCA85D20-B80D-42A8-BBA0-04F71A5BE4A1},27/08/2025 0:00:00, ,23/09/2025 0:00:00,ScarlettMichelle,No, ,0.000000000000000,Roy Trustee 2022 Ltd,Proforest
{51E62505-32E8-4B71-B8C6-4DC7C933E0BC},2846.000000000000000,25/11.85,39.000000000000000,975.000000000000000,Yes,0.000000000000000,0.000000000000000,1.000000000000000,0.000000000000000,0.000000000000000,0.000000000000000,0.000000000000000,0.000000000000000,25/,0.000000000000000,0.000000000000000,0.025641025641000,0.000000000000000,0.000000000000000,0.000000000000000,0.000000000000000,0.000000000000000, ,{DCA85D20-B80D-42A8-BBA0-04F71A5BE4A1},27/08/2025 0:00:00, ,27/08/2025 0:00:00, ,No, ,3.000000000000000,Roy Trustee 2022 Ltd,Proforest
{A47ACA37-D315-40A3-97FD-2F874CFB21A7},2930.000000000000000,15/11.48,48.000000000000000,1200.000000000000000,Yes,0.000000000000000,0.000000000000000,0.000000000000000,0.000000000000000,0.000000000000000,0.000000000000000,0.000000000000000,1.000000000000000,25/19,0.000000000000000,0.000000000000000,0.000000000000000,0.000000000000000,0.000000000000000,0.000000000000000,0.000000000000000,0.020833333333300, ,{DCA85D20-B80D-42A8-BBA0-04F71A5BE4A1},27/08/2025 0:00:00, ,23/09/2025 0:00:00,ScarlettMichelle,No,Yes,3.000000000000000,Roy Trustee 2022 Ltd,Proforest
{67424F85-66DD-48B1-993F-7D79B0888904},958.000000000000000,10/11.37,36.000000000000000,900.000000000000000,Yes,1.000000000000000,0.000000000000000,1.000000000000000,0.000000000000000,0.000000000000000,0.000000000000000,0.000000000000000,0.000000000000000,25/,0.027777777777800,0.000000000000000,0.027777777777800,0.000000000000000,0.000000000000000,0.000000000000000,0.000000000000000,0.000000000000000, ,{DCA85D20-B80D-42A8-BBA0-04F71A5BE4A1},27/08/2025 0:00:00, ,27/08/2025 0:00:00, ,No, ,4.000000000000000,Roy Trustee 2022 Ltd,Proforest
{E8EE8FAD-9615-47DD-A178-9DEA237FA1EA},2900.000000000000000,25/11.85,39.000000000000000,975.000000000000000,Yes,1.000000000000000,0.000000000000000,0.000000000000000,0.000000000000000,0.000000000000000,0.000000000000000,0.000000000000000,0.000000000000000,25/12,0.025641025641000,0.000000000000000,0.000000000000000,0.000000000000000,0.000000000000000,0.000000000000000,0.000000000000000,0.000000000000000, ,{4D7CAC87-6BDF-4C82-AA4D-9479271D437D},27/08/2025 0:00:00, ,27/08/2025 0:00:00, ,No, ,1.000000000000000,Roy Trustee 2022 Ltd,Proforest
{BC0E6B13-5AA2-4796-BC5B-E5D814C85A2A},2910.000000000000000,25/11.85,43.000000000000000,1075.000000000000000,Yes,0.000000000000000,0.000000000000000,0.000000000000000,0.000000000000000,0.000000000000000,0.000000000000000,1.000000000000000,0.000000000000000,25/12,0.000000000000000,0.000000000000000,0.000000000000000,0.000000000000000,0.000000000000000,0.000000000000000,0.023255813953500,0.000000000000000, ,{4D7CAC87-6BDF-4C82-AA4D-9479271D437D},27/08/2025 0:00:00, ,27/08/2025 0:00:00, ,No, ,3.000000000000000,Roy Trustee 2022 Ltd,Proforest
{536C3F0B-5242-47E8-BA94-07C9C64CEA97},2912.000000000000000,15/11.48,44.000000000000000,1100.000000000000000,No,0.000000000000000,0.000000000000000,0.000000000000000,0.000000000000000,0.000000000000000,0.000000000000000,0.000000000000000,0.000000000000000,25/12,0.000000000000000,0.000000000000000,0.000000000000000,0.000000000000000,0.000000000000000,0.000000000000000,0.000000000000000,0.000000000000000,"Soft stems, trees leaning over 
Plot took in track on edge",{4D7CAC87-6BDF-4C82-AA4D-9479271D437D},27/08/2025 0:00:00, ,27/08/2025 0:00:00, ,No, ,0.000000000000000,Roy Trustee 2022 Ltd,Proforest
{1A56C955-CC08-480B-9765-6B31F7524BC8},2884.000000000000000,10/11.37,41.000000000000000,1025.000000000000000,No,0.000000000000000,0.000000000000000,0.000000000000000,0.000000000000000,0.000000000000000,0.000000000000000,0.000000000000000,0.000000000000000,25/4,0.000000000000000,0.000000000000000,0.000000000000000,0.000000000000000,0.000000000000000,0.000000000000000,0.000000000000000,0.000000000000000, ,{0F7C7C63-C0A6-4446-8921-1F3E8EA2AAE2},27/08/2025 0:00:00, ,27/08/2025 0:00:00, ,No, ,0.000000000000000,Roy Trustee 2022 Ltd,Johnson Forestry Services
{EC102BA8-35C6-4D73-ABC7-B05301D43CCD},2876.000000000000000,15/11.48,41.000000000000000,0.000000000000000,Yes,0.000000000000000,0.000000000000000,0.000000000000000,0.000000000000000,0.000000000000000,1.000000000000000,1.000000000000000,0.000000000000000,25/4,0.000000000000000,0.000000000000000,0.000000000000000,0.000000000000000,0.000000000000000,0.000000000000000,0.000000000000000,0.000000000000000, ,{0F7C7C63-C0A6-4446-8921-1F3E8EA2AAE2},27/08/2025 0:00:00, ,27/08/2025 0:00:00, ,No, ,6.000000000000000,Roy Trustee 2022 Ltd,Johnson Forestry Services
{DEF20ED7-5755-4039-9EC6-956AF375CA80},2874.000000000000000,30/12.13,38.000000000000000,950.000000000000000,No,0.000000000000000,0.000000000000000,0.000000000000000,0.000000000000000,0.000000000000000,0.000000000000000,0.000000000000000,0.000000000000000,25/4,0.000000000000000,0.000000000000000,0.000000000000000,0.000000000000000,0.000000000000000,0.000000000000000,0.000000000000000,0.000000000000000, ,{0F7C7C63-C0A6-4446-8921-1F3E8EA2AAE2},27/08/2025 0:00:00, ,27/08/2025 0:00:00, ,No, ,0.000000000000000,Roy Trustee 2022 Ltd,Johnson Forestry Services
{00560541-56F0-47B4-B348-494A48E1DB15},4692.000000000000000,20/11.64,44.000000000000000,1100.000000000000000,Yes,0.000000000000000,0.000000000000000,0.000000000000000,0.000000000000000,0.000000000000000,0.000000000000000,1.000000000000000,0.000000000000000,25/4,0.000000000000000,0.000000000000000,0.000000000000000,0.000000000000000,0.000000000000000,0.000000000000000,0.022727272727300,0.000000000000000, ,{0F7C7C63-C0A6-4446-8921-1F3E8EA2AAE2},27/08/2025 0:00:00, ,27/08/2025 0:00:00, ,No, ,3.000000000000000,Roy Trustee 2022 Ltd,Johnson Forestry Services
{CA0F46C8-5CBD-48DA-BD66-9B6EB16E8465},2866.000000000000000,15/11.48,36.000000000000000,900.000000000000000,Yes,0.000000000000000,0.000000000000000,0.000000000000000,0.000000000000000,0.000000000000000,1.000000000000000,0.000000000000000,0.000000000000000,25/4,0.000000000000000,0.000000000000000,0.000000000000000,0.000000000000000,0.000000000000000,0.027777777777800,0.000000000000000,0.000000000000000, ,{0F7C7C63-C0A6-4446-8921-1F3E8EA2AAE2},27/08/2025 0:00:00, ,27/08/2025 0:00:00, ,No, ,3.000000000000000,Roy Trustee 2022 Ltd,Johnson Forestry Services
{E3F7F07B-D506-4D15-8C26-4AF102E31A1B},2834.000000000000000,30/12.13,44.000000000000000,1100.000000000000000,Yes,0.000000000000000,0.000000000000000,0.000000000000000,0.000000000000000,0.000000000000000,1.000000000000000,0.000000000000000,0.000000000000000,25/4,0.000000000000000,0.000000000000000,0.000000000000000,0.000000000000000,0.000000000000000,0.022727272727300,0.000000000000000,0.000000000000000, ,{0F7C7C63-C0A6-4446-8921-1F3E8EA2AAE2},27/08/2025 0:00:00, ,27/08/2025 0:00:00, ,No, ,3.000000000000000,Roy Trustee 2022 Ltd,Johnson Forestry Services
{113BFDD5-F138-4B07-9B13-B4854E535611},2832.000000000000000,15/11.48,39.000000000000000,975.000000000000000,Yes,0.000000000000000,1.000000000000000,0.000000000000000,0.000000000000000,0.000000000000000,1.000000000000000,0.000000000000000,0.000000000000000,25/4,0.000000000000000,0.025641025641000,0.000000000000000,0.000000000000000,0.000000000000000,0.025641025641000,0.000000000000000,0.000000000000000, ,{0F7C7C63-C0A6-4446-8921-1F3E8EA2AAE2},27/08/2025 0:00:00, ,27/08/2025 0:00:00, ,No, ,4.000000000000000,Roy Trustee 2022 Ltd,Johnson Forestry Services
{8F8AC0B4-00BB-4362-8E3A-E72E3852B7A7},2826.000000000000000,15/11.48,41.000000000000000,1025.000000000000000,No,0.000000000000000,0.000000000000000,0.000000000000000,0.000000000000000,0.000000000000000,0.000000000000000,0.000000000000000,0.000000000000000,25/4,0.000000000000000,0.000000000000000,0.000000000000000,0.000000000000000,0.000000000000000,0.000000000000000,0.000000000000000,0.000000000000000, ,{0F7C7C63-C0A6-4446-8921-1F3E8EA2AAE2},27/08/2025 0:00:00, ,27/08/2025 0:00:00, ,No, ,0.000000000000000,Roy Trustee 2022 Ltd,Johnson Forestry Services
{8FBC9C8D-840B-4B4A-A90B-90BDCF04A06A},2828.000000000000000,15/11.48,42.000000000000000,1050.000000000000000,No,0.000000000000000,0.000000000000000,0.000000000000000,0.000000000000000,0.000000000000000,0.000000000000000,0.000000000000000,0.000000000000000,25/4,0.000000000000000,0.000000000000000,0.000000000000000,0.000000000000000,0.000000000000000,0.000000000000000,0.000000000000000,0.000000000000000, ,{0F7C7C63-C0A6-4446-8921-1F3E8EA2AAE2},27/08/2025 0:00:00, ,27/08/2025 0:00:00, ,No, ,0.000000000000000,Roy Trustee 2022 Ltd,Johnson Forestry Services
{61D4B196-443A-4207-A38E-C5815D23FBF6},2930.000000000000000,10/11.37,40.000000000000000,1000.000000000000000,No,0.000000000000000,0.000000000000000,0.000000000000000,0.000000000000000,0.000000000000000,0.000000000000000,0.000000000000000,0.000000000000000,25/12,0.000000000000000,0.000000000000000,0.000000000000000,0.000000000000000,0.000000000000000,0.000000000000000,0.000000000000000,0.000000000000000, ,{B10CEBE2-AEC7-4CB8-8D7A-2701753CEDFA},28/08/2025 0:00:00, ,28/08/2025 0:00:00, ,Yes, ,0.000000000000000,Roy Trustee 2022 Ltd,Proforest
{B19A43DF-FA83-4B57-A039-14F0A7FDE605},476.000000000000000,5/11.31,36.000000000000000,900.000000000000000,Yes,0.000000000000000,1.000000000000000,0.000000000000000,0.000000000000000,0.000000000000000,0.000000000000000,0.000000000000000,1.000000000000000,25/80,0.000000000000000,0.027777777777800,0.000000000000000,0.000000000000000,0.000000000000000,0.000000000000000,0.000000000000000,0.027777777777800,Two rows just a bit wide beteeen trees,{A15155C3-56AB-4336-ABE6-6BA819CD9652},1/09/2025 0:00:00, ,1/09/2025 0:00:00, ,No, ,4.000000000000000,Roy Trustee 2022 Ltd,Proforest
{3617D1D1-C658-4D60-9C45-7B63DB6D5CFC},478.000000000000000,5/11.31,39.000000000000000,975.000000000000000,No,0.000000000000000,0.000000000000000,0.000000000000000,0.000000000000000,0.000000000000000,0.000000000000000,0.000000000000000,0.000000000000000,25/,0.000000000000000,0.000000000000000,0.000000000000000,0.000000000000000,0.000000000000000,0.000000000000000,0.000000000000000,0.000000000000000, ,{07459868-E023-43C5-B0E5-A2765716D086},1/09/2025 0:00:00, ,1/09/2025 0:00:00, ,No, ,0.000000000000000,Roy Trustee 2022 Ltd,Proforest
{68D850D9-31F0-4DCA-A72D-EE07F568BD11},2820.000000000000000,15/11.48,36.000000000000000,900.000000000000000,No,0.000000000000000,0.000000000000000,0.000000000000000,0.000000000000000,0.000000000000000,0.000000000000000,0.000000000000000,0.000000000000000,25/4,0.000000000000000,0.000000000000000,0.000000000000000,0.000000000000000,0.000000000000000,0.000000000000000,0.000000000000000,0.000000000000000, ,{89841305-B4CB-403F-AEB4-5547D137166C},2/09/2025 0:00:00, ,2/09/2025 0:00:00, ,No, ,0.000000000000000,Roy Trustee 2022 Ltd,Johnson Forestry Services
{BE134AD1-7846-4815-BE6E-F9AE6302F319},2808.000000000000000,15/11.48,42.000000000000000,1050.000000000000000,Yes,0.000000000000000,0.000000000000000,0.000000000000000,0.000000000000000,0.000000000000000,1.000000000000000,1.000000000000000,0.000000000000000,25/4,0.000000000000000,0.000000000000000,0.000000000000000,0.000000000000000,0.000000000000000,0.023809523809500,0.023809523809500,0.000000000000000, ,{89841305-B4CB-403F-AEB4-5547D137166C},2/09/2025 0:00:00, ,2/09/2025 0:00:00, ,No, ,6.000000000000000,Roy Trustee 2022 Ltd,Johnson Forestry Services
{B5D3CC42-661E-4C55-980B-036E7A154173},2798.000000000000000,15/11.48,42.000000000000000,1050.000000000000000,Yes,1.000000000000000,0.000000000000000,0.000000000000000,0.000000000000000,0.000000000000000,0.000000000000000,1.000000000000000,0.000000000000000,25/4,0.023809523809500,0.000000000000000,0.000000000000000,0.000000000000000,0.000000000000000,0.000000000000000,0.023809523809500,0.000000000000000, ,{89841305-B4CB-403F-AEB4-5547D137166C},2/09/2025 0:00:00, ,2/09/2025 0:00:00, ,No, ,4.000000000000000,Roy Trustee 2022 Ltd,Johnson Forestry Services
{D67C6570-5677-48E0-9FCC-F71DA6E4021D},2810.000000000000000,10/11.37,42.000000000000000,1050.000000000000000,No,0.000000000000000,0.000000000000000,0.000000000000000,0.000000000000000,0.000000000000000,0.000000000000000,0.000000000000000,0.000000000000000,25/4,0.000000000000000,0.000000000000000,0.000000000000000,0.000000000000000,0.000000000000000,0.000000000000000,0.000000000000000,0.000000000000000,Wet area,{89841305-B4CB-403F-AEB4-5547D137166C},2/09/2025 0:00:00, ,2/09/2025 0:00:00, ,No, ,0.000000000000000,Roy Trustee 2022 Ltd,Johnson Forestry Services
{78529646-94B0-4571-A7D8-DB08227C6031},2924.000000000000000,30/12.13,45.000000000000000,1125.000000000000000,Yes,0.000000000000000,0.000000000000000,0.000000000000000,0.000000000000000,0.000000000000000,0.000000000000000,0.000000000000000,1.000000000000000,25/12,0.000000000000000,0.000000000000000,0.000000000000000,0.000000000000000,0.000000000000000,0.000000000000000,0.000000000000000,0.022222222222200, ,{F04E03C2-6EC6-4EDA-9E1D-20C3FDF3425E},2/09/2025 0:00:00, ,2/09/2025 0:00:00, ,No,No,3.000000000000000,Roy Trustee 2022 Ltd,Proforest
{BA467C40-3623-46A3-9F95-90DD0E45CBAC},2806.000000000000000,15/11.48,36.000000000000000,900.000000000000000,Yes,1.000000000000000,0.000000000000000,0.000000000000000,0.000000000000000,0.000000000000000,0.000000000000000,0.000000000000000,0.000000000000000,25/4,0.027777777777800,0.000000000000000,0.000000000000000,0.000000000000000,0.000000000000000,0.000000000000000,0.000000000000000,0.000000000000000, ,{454B436F-D98C-4A16-8437-322A62CAD444},2/09/2025 0:00:00, ,2/09/2025 0:00:00, ,No, ,1.000000000000000,Roy Trustee 2022 Ltd,Johnson Forestry Services
{DB970D1D-20AB-459C-88A6-1C39CC367A72},2794.000000000000000,5/11.31,44.000000000000000,1100.000000000000000,No,0.000000000000000,0.000000000000000,0.000000000000000,0.000000000000000,0.000000000000000,0.000000000000000,0.000000000000000,0.000000000000000,25/4,0.000000000000000,0.000000000000000,0.000000000000000,0.000000000000000,0.000000000000000,0.000000000000000,0.000000000000000,0.000000000000000, ,{454B436F-D98C-4A16-8437-322A62CAD444},2/09/2025 0:00:00, ,2/09/2025 0:00:00, ,No, ,0.000000000000000,Roy Trustee 2022 Ltd,Johnson Forestry Services
{6A60E5D0-6FD5-49FC-A648-E418907CF8E6},2784.000000000000000,15/11.48,43.000000000000000,1075.000000000000000,No,0.000000000000000,0.000000000000000,0.000000000000000,0.000000000000000,0.000000000000000,0.000000000000000,0.000000000000000,0.000000000000000,25/4,0.000000000000000,0.000000000000000,0.000000000000000,0.000000000000000,0.000000000000000,0.000000000000000,0.000000000000000,0.000000000000000, ,{454B436F-D98C-4A16-8437-322A62CAD444},2/09/2025 0:00:00, ,2/09/2025 0:00:00, ,No, ,0.000000000000000,Roy Trustee 2022 Ltd,Johnson Forestry Services
{4E3075EC-8C0D-4C71-876E-4FADDC4FAD76},2774.000000000000000,15/11.48,44.000000000000000,1100.000000000000000,No,0.000000000000000,0.000000000000000,0.000000000000000,0.000000000000000,0.000000000000000,0.000000000000000,0.000000000000000,0.000000000000000,25/4,0.000000000000000,0.000000000000000,0.000000000000000,0.000000000000000,0.000000000000000,0.000000000000000,0.000000000000000,0.000000000000000,Moved away from wet area,{454B436F-D98C-4A16-8437-322A62CAD444},2/09/2025 0:00:00, ,2/09/2025 0:00:00, ,No, ,0.000000000000000,Roy Trustee 2022 Ltd,Johnson Forestry Services
{0C220BBD-33D0-4AC7-9379-B91CDCB4EA32},2776.000000000000000,10/11.37,39.000000000000000,975.000000000000000,No,0.000000000000000,0.000000000000000,0.000000000000000,0.000000000000000,0.000000000000000,0.000000000000000,0.000000000000000,0.000000000000000,25/4,0.000000000000000,0.000000000000000,0.000000000000000,0.000000000000000,0.000000000000000,0.000000000000000,0.000000000000000,0.000000000000000, ,{454B436F-D98C-4A16-8437-322A62CAD444},2/09/2025 0:00:00, ,2/09/2025 0:00:00, ,No, ,0.000000000000000,Roy Trustee 2022 Ltd,Johnson Forestry Services
{4F4AF57D-EA5B-4136-AE96-B26893260EBE},2786.000000000000000,20/11.64,37.000000000000000,925.000000000000000,No,0.000000000000000,0.000000000000000,0.000000000000000,0.000000000000000,0.000000000000000,0.000000000000000,0.000000000000000,0.000000000000000,25/4,0.000000000000000,0.000000000000000,0.000000000000000,0.000000000000000,0.000000000000000,0.000000000000000,0.000000000000000,0.000000000000000, ,{454B436F-D98C-4A16-8437-322A62CAD444},2/09/2025 0:00:00, ,2/09/2025 0:00:00, ,No, ,0.000000000000000,Roy Trustee 2022 Ltd,Johnson Forestry Services
{CDDCE024-079A-4D46-BD4B-6ECDC56892E5},2940.000000000000000,25/11.85,39.000000000000000,975.000000000000000,Yes,1.000000000000000,0.000000000000000,1.000000000000000,0.000000000000000,0.000000000000000,0.000000000000000,0.000000000000000,0.000000000000000,25/12,0.025641025641000,0.000000000000000,0.025641025641000,0.000000000000000,0.000000000000000,0.000000000000000,0.000000000000000,0.000000000000000, ,{8D5F4FB4-FA30-407E-9F5B-D18CC39DD0C6},2/09/2025 0:00:00, ,2/09/2025 0:00:00, ,No, ,4.000000000000000,Roy Trustee 2022 Ltd,Proforest
{A18273E4-6F8F-43B5-B188-5C7C5E181EBE},2954.000000000000000,10/11.37,41.000000000000000,1025.000000000000000,No,0.000000000000000,0.000000000000000,0.000000000000000,0.000000000000000,0.000000000000000,0.000000000000000,0.000000000000000,0.000000000000000,25/12,0.000000000000000,0.000000000000000,0.000000000000000,0.000000000000000,0.000000000000000,0.000000000000000,0.000000000000000,0.000000000000000,Some small trees in this plot and noted while walking from plot to plot.,{628BF8D5-0648-46BA-9E4E-E67FC0A017B3},3/09/2025 0:00:00, ,23/09/2025 0:00:00,ScarlettMichelle,No, ,0.000000000000000,Roy Trustee 2022 Ltd,Proforest
{157B88B8-E941-4E3D-8E58-631AF0E25D62},2964.000000000000000,10/11.37,39.000000000000000,975.000000000000000,Yes,0.000000000000000,0.000000000000000,1.000000000000000,0.000000000000000,1.000000000000000,0.000000000000000,0.000000000000000,0.000000000000000,25/12,0.000000000000000,0.000000000000000,0.025641025641000,0.000000000000000,0.025641025641000,0.000000000000000,0.000000000000000,0.000000000000000, ,{17A8E165-F358-46DA-8009-F33E6718C68B},3/09/2025 0:00:00, ,3/09/2025 0:00:00, ,No, ,6.000000000000000,Roy Trustee 2022 Ltd,Proforest
{E7D54693-B2F2-401D-A9D8-891EE2FB97FD},2778.000000000000000,10/11.37,36.000000000000000,900.000000000000000,No,0.000000000000000,0.000000000000000,0.000000000000000,0.000000000000000,0.000000000000000,0.000000000000000,0.000000000000000,0.000000000000000,25/3,0.000000000000000,0.000000000000000,0.000000000000000,0.000000000000000,0.000000000000000,0.000000000000000,0.000000000000000,0.000000000000000,Shifted from unplantable rock area.trees put in where soil availble,{2E4308DD-E97D-4415-9DF2-5F83B9A16692},3/09/2025 0:00:00, ,3/09/2025 0:00:00, ,No, ,0.000000000000000,Roy Trustee 2022 Ltd,Johnson Forestry Services
{E96DFAFB-169E-4648-85C3-F3AA99F1888A},2780.000000000000000,10/11.37,37.000000000000000,925.000000000000000,No,0.000000000000000,0.000000000000000,0.000000000000000,0.000000000000000,0.000000000000000,0.000000000000000,0.000000000000000,0.000000000000000,25/3,0.000000000000000,0.000000000000000,0.000000000000000,0.000000000000000,0.000000000000000,0.000000000000000,0.000000000000000,0.000000000000000, ,{2E4308DD-E97D-4415-9DF2-5F83B9A16692},3/09/2025 0:00:00, ,3/09/2025 0:00:00, ,No, ,0.000000000000000,Roy Trustee 2022 Ltd,Johnson Forestry Services
{EF5C6538-029A-4A24-AC8E-406AD81FB7AE},2788.000000000000000,20/11.64,42.000000000000000,1050.000000000000000,No,0.000000000000000,0.000000000000000,0.000000000000000,0.000000000000000,0.000000000000000,0.000000000000000,0.000000000000000,0.000000000000000,25/3,0.000000000000000,0.000000000000000,0.000000000000000,0.000000000000000,0.000000000000000,0.000000000000000,0.000000000000000,0.000000000000000, ,{2E4308DD-E97D-4415-9DF2-5F83B9A16692},3/09/2025 0:00:00, ,3/09/2025 0:00:00, ,No, ,0.000000000000000,Roy Trustee 2022 Ltd,Johnson Forestry Services
{11E39DE5-2ABF-472D-9674-1C7381BB7B5C},2800.000000000000000,5/11.31,40.000000000000000,1000.000000000000000,No,0.000000000000000,0.000000000000000,0.000000000000000,0.000000000000000,0.000000000000000,0.000000000000000,0.000000000000000,0.000000000000000,25/3,0.000000000000000,0.000000000000000,0.000000000000000,0.000000000000000,0.000000000000000,0.000000000000000,0.000000000000000,0.000000000000000, ,{2E4308DD-E97D-4415-9DF2-5F83B9A16692},3/09/2025 0:00:00, ,3/09/2025 0:00:00, ,No, ,0.000000000000000,Roy Trustee 2022 Ltd,Johnson Forestry Services
{D4B23976-58BD-4B02-8922-60D8DD1401FD},2812.000000000000000,5/11.31,44.000000000000000,1100.000000000000000,Yes,0.000000000000000,0.000000000000000,0.000000000000000,0.000000000000000,0.000000000000000,1.000000000000000,1.000000000000000,0.000000000000000,25/3,0.000000000000000,0.000000000000000,0.000000000000000,0.000000000000000,0.000000000000000,0.022727272727300,0.022727272727300,0.000000000000000, ,{2E4308DD-E97D-4415-9DF2-5F83B9A16692},3/09/2025 0:00:00, ,3/09/2025 0:00:00, ,No, ,6.000000000000000,Roy Trustee 2022 Ltd,Johnson Forestry Services
{F64897EC-D4BD-44EB-A1AF-1DA992FDD882},2926.000000000000000,10/11.37,42.000000000000000,1050.000000000000000,No,0.000000000000000,0.000000000000000,0.000000000000000,0.000000000000000,0.000000000000000,0.000000000000000,0.000000000000000,0.000000000000000,25/12,0.000000000000000,0.000000000000000,0.000000000000000,0.000000000000000,0.000000000000000,0.000000000000000,0.000000000000000,0.000000000000000,Planted with pods,{E9BF3B2E-B360-4087-9392-68B4E8F0A61F},3/09/2025 0:00:00, ,3/09/2025 0:00:00, ,No, ,0.000000000000000,Roy Trustee 2022 Ltd,Proforest
{C243DCAC-0B8C-45C2-999E-A934DE3F698F},2942.000000000000000,30/12.13,42.000000000000000,1050.000000000000000,Yes,3.000000000000000,0.000000000000000,0.000000000000000,0.000000000000000,0.000000000000000,0.000000000000000,0.000000000000000,0.000000000000000,25/12,0.071428571428600,0.000000000000000,0.000000000000000,0.000000000000000,0.000000000000000,0.000000000000000,0.000000000000000,0.000000000000000,Found three trees on way here sojust noted as fault.,{C29998B4-7A0F-4213-A61A-478BD49F53A2},3/09/2025 0:00:00, ,3/09/2025 0:00:00, ,No, ,3.000000000000000,Roy Trustee 2022 Ltd,Proforest
{FD661FF1-2C08-41FC-AD34-04D7742DFFD1},2956.000000000000000,5/11.31,42.000000000000000,1050.000000000000000,Yes,0.000000000000000,2.000000000000000,0.000000000000000,0.000000000000000,0.000000000000000,0.000000000000000,0.000000000000000,0.000000000000000,25/12,0.000000000000000,0.000000000000000,0.000000000000000,0.000000000000000,0.000000000000000,0.000000000000000,0.000000000000000,0.000000000000000,Not straight trees common on the walk to truck as well.,{4420CBFF-EBD0-424B-87E7-ABCE1C4241DD},3/09/2025 0:00:00, ,3/09/2025 0:00:00, ,No, ,0.000000000000000,Roy Trustee 2022 Ltd,Proforest
{FEB4EEA2-3BF3-4D86-AD1E-F3DAB48DD8A8},2966.000000000000000,5/11.31,36.000000000000000,900.000000000000000,Yes,0.000000000000000,2.000000000000000,0.000000000000000,0.000000000000000,0.000000000000000,0.000000000000000,0.000000000000000,1.000000000000000,25/12,0.000000000000000,0.055555555555600,0.000000000000000,0.000000000000000,0.000000000000000,0.000000000000000,0.000000000000000,0.027777777777800,Wide soacing between trees.,{3E9E85C3-18AD-473E-83B0-DDEE13462B86},3/09/2025 0:00:00, ,3/09/2025 0:00:00, ,No, ,5.000000000000000,Roy Trustee 2022 Ltd,Proforest
{64E95199-6964-46E0-99AB-6F16EBE9D04A},2928.000000000000000,5/11.31,45.000000000000000,1125.000000000000000,No,0.000000000000000,0.000000000000000,0.000000000000000,0.000000000000000,0.000000000000000,0.000000000000000,0.000000000000000,0.000000000000000,25/12,0.000000000000000,0.000000000000000,0.000000000000000,0.000000000000000,0.000000000000000,0.000000000000000,0.000000000000000,0.000000000000000,Plot was effected by two windrows which accounted for the extra trees. If anything someone is planting too wide.,{C0E39FE0-A37F-4477-82BB-0F5788826CD0},3/09/2025 0:00:00, ,3/09/2025 0:00:00, ,No,No,0.000000000000000,Roy Trustee 2022 Ltd,Proforest
{D5F6926C-812E-45AD-9896-91B8DF29841D},2796.000000000000000,15/11.48,42.000000000000000,1050.000000000000000,No,0.000000000000000,0.000000000000000,0.000000000000000,0.000000000000000,0.000000000000000,0.000000000000000,0.000000000000000,0.000000000000000,25/4,0.000000000000000,0.000000000000000,0.000000000000000,0.000000000000000,0.000000000000000,0.000000000000000,0.000000000000000,0.000000000000000, ,{C86B9C45-9F9B-40A9-8739-426E8609CEC8},3/09/2025 0:00:00, ,3/09/2025 0:00:00, ,No, ,0.000000000000000,Roy Trustee 2022 Ltd,Johnson Forestry Services
{B074EBE7-20A9-44A6-B18B-147B3722CD5D},2968.000000000000000,30/12.13,41.000000000000000,1025.000000000000000,No,0.000000000000000,0.000000000000000,0.000000000000000,0.000000000000000,0.000000000000000,0.000000000000000,0.000000000000000,0.000000000000000,25/12,0.000000000000000,0.000000000000000,0.000000000000000,0.000000000000000,0.000000000000000,0.000000000000000,0.000000000000000,0.000000000000000,Good job in tough going.,{F3A0A351-555C-463E-A35A-BF8DA8C6F739},3/09/2025 0:00:00, ,3/09/2025 0:00:00, ,No, ,0.000000000000000,Roy Trustee 2022 Ltd,Proforest
{A2094F7E-1B7E-48CA-BE84-2E1D094D4CEF},2960.000000000000000,25/11.85,47.000000000000000,1175.000000000000000,Yes,0.000000000000000,0.000000000000000,0.000000000000000,0.000000000000000,0.000000000000000,0.000000000000000,0.000000000000000,1.000000000000000,25/12,0.000000000000000,0.000000000000000,0.000000000000000,0.000000000000000,0.000000000000000,0.000000000000000,0.000000000000000,0.021276595744700,Stocking high due to in row and between row issurs. Two windrows effect plot. Would expect ot to be under 40. Half of this plot is in another plot. Paint was blue.  Butvstill did this one. Need to check that plot.,{9C7D589C-8789-4F4A-9981-1E78DE7D1DEB},3/09/2025 0:00:00, ,3/09/2025 0:00:00, ,No,No,3.000000000000000,Roy Trustee 2022 Ltd,Proforest
{867210BA-5460-47BE-BA18-39F59462CDF8},4370.000000000000000,5/11.31,43.000000000000000,1075.000000000000000,No,0.000000000000000,0.000000000000000,0.000000000000000,0.000000000000000,0.000000000000000,0.000000000000000,0.000000000000000,0.000000000000000,25/95,0.000000000000000,0.000000000000000,0.000000000000000,0.000000000000000,0.000000000000000,0.000000000000000,0.000000000000000,0.000000000000000, ,{36811C5B-9FDC-43AF-BD55-1537FAB674C6},4/09/2025 0:00:00, ,4/09/2025 0:00:00, ,No, ,0.000000000000000,Roy Trustee 2022 Ltd,Johnson Forestry Services
{B1CB075D-EB7F-4F4A-B85B-AEC334545926},4368.000000000000000,5/11.31,41.000000000000000,1025.000000000000000,No,0.000000000000000,0.000000000000000,0.000000000000000,0.000000000000000,0.000000000000000,0.000000000000000,0.000000000000000,0.000000000000000,25/95,0.000000000000000,0.000000000000000,0.000000000000000,0.000000000000000,0.000000000000000,0.000000000000000,0.000000000000000,0.000000000000000, ,{36811C5B-9FDC-43AF-BD55-1537FAB674C6},4/09/2025 0:00:00, ,4/09/2025 0:00:00, ,No, ,0.000000000000000,Roy Trustee 2022 Ltd,Johnson Forestry Services
{647EAD80-6AB9-48DA-B7C6-D3FCAC50167A},4380.000000000000000,20/11.64,39.000000000000000,975.000000000000000,Yes,0.000000000000000,0.000000000000000,0.000000000000000,0.000000000000000,0.000000000000000,0.000000000000000,1.000000000000000,0.000000000000000,25/95,0.000000000000000,0.000000000000000,0.000000000000000,0.000000000000000,0.000000000000000,0.000000000000000,0.025641025641000,0.000000000000000, ,{36811C5B-9FDC-43AF-BD55-1537FAB674C6},4/09/2025 0:00:00, ,4/09/2025 0:00:00, ,No, ,3.000000000000000,Roy Trustee 2022 Ltd,Johnson Forestry Services
{48F175F7-0467-4434-9CC3-B52B0D0A8F51},4376.000000000000000,5/11.31,40.000000000000000,1000.000000000000000,No,0.000000000000000,0.000000000000000,0.000000000000000,0.000000000000000,0.000000000000000,0.000000000000000,0.000000000000000,0.000000000000000,25/95,0.000000000000000,0.000000000000000,0.000000000000000,0.000000000000000,0.000000000000000,0.000000000000000,0.000000000000000,0.000000000000000, ,{36811C5B-9FDC-43AF-BD55-1537FAB674C6},4/09/2025 0:00:00, ,4/09/2025 0:00:00, ,No, ,0.000000000000000,Roy Trustee 2022 Ltd,Johnson Forestry Services
{7F3AA7D7-B1F7-4495-A91A-82DFC82C6633},4356.000000000000000,20/11.64,39.000000000000000,975.000000000000000,Yes,0.000000000000000,0.000000000000000,0.000000000000000,0.000000000000000,0.000000000000000,1.000000000000000,0.000000000000000,0.000000000000000,25/95,0.000000000000000,0.000000000000000,0.000000000000000,0.000000000000000,0.000000000000000,0.025641025641000,0.000000000000000,0.000000000000000, ,{36811C5B-9FDC-43AF-BD55-1537FAB674C6},4/09/2025 0:00:00, ,4/09/2025 0:00:00, ,No, ,3.000000000000000,Roy Trustee 2022 Ltd,Johnson Forestry Services
{20B25DFF-C6EC-4631-851C-89D9524319AC},4362.000000000000000,10/11.37,37.000000000000000,0.000000000000000,No,0.000000000000000,0.000000000000000,0.000000000000000,0.000000000000000,0.000000000000000,0.000000000000000,0.000000000000000,0.000000000000000,25/95,0.000000000000000,0.000000000000000,0.000000000000000,0.000000000000000,0.000000000000000,0.000000000000000,0.000000000000000,0.000000000000000, ,{36811C5B-9FDC-43AF-BD55-1537FAB674C6},4/09/2025 0:00:00, ,4/09/2025 0:00:00, ,No, ,0.000000000000000,Roy Trustee 2022 Ltd,Johnson Forestry Services
{F9A95BC5-5EAF-4512-91BB-62B761DE8705},4364.000000000000000,10/11.37,42.000000000000000,0.000000000000000,Yes,1.000000000000000,0.000000000000000,0.000000000000000,0.000000000000000,0.000000000000000,0.000000000000000,0.000000000000000,0.000000000000000,25/95,0.000000000000000,0.000000000000000,0.000000000000000,0.000000000000000,0.000000000000000,0.000000000000000,0.000000000000000,0.000000000000000, ,{36811C5B-9FDC-43AF-BD55-1537FAB674C6},4/09/2025 0:00:00, ,4/09/2025 0:00:00, ,No, ,1.000000000000000,Roy Trustee 2022 Ltd,Johnson Forestry Services
{B52509FD-372D-4055-BAEB-01F7D5305F2C},4366.000000000000000,10/11.37,43.000000000000000,1075.000000000000000,No,0.000000000000000,0.000000000000000,0.000000000000000,0.000000000000000,0.000000000000000,0.000000000000000,0.000000000000000,0.000000000000000,25/95,0.000000000000000,0.000000000000000,0.000000000000000,0.000000000000000,0.000000000000000,0.000000000000000,0.000000000000000,0.000000000000000, ,{36811C5B-9FDC-43AF-BD55-1537FAB674C6},4/09/2025 0:00:00, ,4/09/2025 0:00:00, ,No, ,0.000000000000000,Roy Trustee 2022 Ltd,Johnson Forestry Services
{9E1EE469-152E-477C-A11B-6031DDA06B86},4284.000000000000000,20/11.64,42.000000000000000,1050.000000000000000,No,0.000000000000000,0.000000000000000,0.000000000000000,0.000000000000000,0.000000000000000,0.000000000000000,0.000000000000000,0.000000000000000,25/95,0.000000000000000,0.000000000000000,0.000000000000000,0.000000000000000,0.000000000000000,0.000000000000000,0.000000000000000,0.000000000000000,Some small gorse at edge,{36811C5B-9FDC-43AF-BD55-1537FAB674C6},4/09/2025 0:00:00, ,4/09/2025 0:00:00, ,No, ,0.000000000000000,Roy Trustee 2022 Ltd,Johnson Forestry Services
{E0FD9506-894B-4226-9DD1-AE760A8F5A93},4280.000000000000000,10/11.37,37.000000000000000,925.000000000000000,Yes,0.000000000000000,0.000000000000000,0.000000000000000,0.000000000000000,0.000000000000000,0.000000000000000,2.000000000000000,0.000000000000000,25/95,0.000000000000000,0.000000000000000,0.000000000000000,0.000000000000000,0.000000000000000,0.000000000000000,0.054054054054100,0.000000000000000, ,{36811C5B-9FDC-43AF-BD55-1537FAB674C6},4/09/2025 0:00:00, ,4/09/2025 0:00:00, ,No, ,6.000000000000000,Roy Trustee 2022 Ltd,Johnson Forestry Services
{337B162D-9E18-4F3B-914A-7E1EC9EDBCCE},4494.000000000000000,15/11.48,38.000000000000000,950.000000000000000,No,0.000000000000000,0.000000000000000,0.000000000000000,0.000000000000000,0.000000000000000,0.000000000000000,0.000000000000000,0.000000000000000,25/96,0.000000000000000,0.000000000000000,0.000000000000000,0.000000000000000,0.000000000000000,0.000000000000000,0.000000000000000,0.000000000000000, ,{E927E7CF-5948-4E07-B403-45BAD1389D7B},5/09/2025 0:00:00, ,5/09/2025 0:00:00, ,Yes, ,0.000000000000000,Roy Trustee 2022 Ltd,Johnson Forestry Services
{CC357ACC-97C1-408F-9F9C-838AA5503343},9448.000000000000000,15/11.48,37.000000000000000,925.000000000000000,No,0.000000000000000,0.000000000000000,0.000000000000000,0.000000000000000,0.000000000000000,0.000000000000000,0.000000000000000,0.000000000000000,25/96,0.000000000000000,0.000000000000000,0.000000000000000,0.000000000000000,0.000000000000000,0.000000000000000,0.000000000000000,0.000000000000000, ,{E927E7CF-5948-4E07-B403-45BAD1389D7B},5/09/2025 0:00:00, ,5/09/2025 0:00:00, ,No, ,0.000000000000000,Roy Trustee 2022 Ltd,Johnson Forestry Services
{F08B1DDB-0245-4822-B100-74C0C2DBC2B0},4484.000000000000000,15/11.48,38.000000000000000,950.000000000000000,No,0.000000000000000,0.000000000000000,0.000000000000000,0.000000000000000,0.000000000000000,0.000000000000000,0.000000000000000,0.000000000000000,25/96,0.000000000000000,0.000000000000000,0.000000000000000,0.000000000000000,0.000000000000000,0.000000000000000,0.000000000000000,0.000000000000000, ,{E927E7CF-5948-4E07-B403-45BAD1389D7B},5/09/2025 0:00:00, ,5/09/2025 0:00:00, ,Yes, ,0.000000000000000,Roy Trustee 2022 Ltd,Johnson Forestry Services
{0187E9B1-594D-4D70-89CB-85D16959E37C},2908.000000000000000,20/11.64,38.000000000000000,950.000000000000000,No,0.000000000000000,0.000000000000000,0.000000000000000,0.000000000000000,0.000000000000000,0.000000000000000,0.000000000000000,0.000000000000000,25/12,0.000000000000000,0.000000000000000,0.000000000000000,0.000000000000000,0.000000000000000,0.000000000000000,0.000000000000000,0.000000000000000, ,{4C7D1C63-25A6-48CD-BDE3-69CA176D38C6},11/09/2025 0:00:00, ,11/09/2025 0:00:00, ,No, ,0.000000000000000,Roy Trustee 2022 Ltd,Proforest
{5D6E9159-1D6B-4818-A235-95CC5C453CF6},2920.000000000000000,20/11.64,34.000000000000000,850.000000000000000,Yes,0.000000000000000,0.000000000000000,0.000000000000000,0.000000000000000,0.000000000000000,0.000000000000000,2.000000000000000,0.000000000000000,25/12,0.000000000000000,0.000000000000000,0.000000000000000,0.000000000000000,0.000000000000000,0.000000000000000,0.058823529411800,0.000000000000000,Some planters wide between trees. QC on guys to close it up a bit,{4C7D1C63-25A6-48CD-BDE3-69CA176D38C6},11/09/2025 0:00:00, ,11/09/2025 0:00:00, ,No,No,6.000000000000000,Roy Trustee 2022 Ltd,Proforest
{F4234600-5282-45BA-A73B-78E9B65D0CDF},2920.099999999999909,25/11.85,48.000000000000000,1200.000000000000000,Yes,1.000000000000000,0.000000000000000,0.000000000000000,0.000000000000000,0.000000000000000,0.000000000000000,0.000000000000000,0.000000000000000,25/12,0.020833333333300,0.000000000000000,0.000000000000000,0.000000000000000,0.000000000000000,0.000000000000000,0.000000000000000,0.000000000000000,Overcorrected from previously low plot,{4C7D1C63-25A6-48CD-BDE3-69CA176D38C6},11/09/2025 0:00:00, ,11/09/2025 0:00:00, ,No,No,1.000000000000000,Roy Trustee 2022 Ltd,Proforest
{1B1BDF6C-801C-4D9D-A2E4-90439A99F901},2918.000000000000000,30/12.13,44.000000000000000,1100.000000000000000,No,0.000000000000000,0.000000000000000,0.000000000000000,0.000000000000000,0.000000000000000,0.000000000000000,0.000000000000000,0.000000000000000,25/12,0.000000000000000,0.000000000000000,0.000000000000000,0.000000000000000,0.000000000000000,0.000000000000000,0.000000000000000,0.000000000000000, ,{4C7D1C63-25A6-48CD-BDE3-69CA176D38C6},11/09/2025 0:00:00, ,11/09/2025 0:00:00, ,No, ,0.000000000000000,Roy Trustee 2022 Ltd,Proforest
{051EA4BC-6B4C-441C-904F-908978DDE9D1},2906.000000000000000,20/11.64,44.000000000000000,1100.000000000000000,Yes,2.000000000000000,0.000000000000000,0.000000000000000,0.000000000000000,0.000000000000000,0.000000000000000,1.000000000000000,0.000000000000000,25/12,0.045454545454500,0.000000000000000,0.000000000000000,0.000000000000000,0.000000000000000,0.000000000000000,0.022727272727300,0.000000000000000, ,{4C7D1C63-25A6-48CD-BDE3-69CA176D38C6},11/09/2025 0:00:00, ,11/09/2025 0:00:00, ,No, ,5.000000000000000,Roy Trustee 2022 Ltd,Proforest
{8909D975-E308-4D70-A84B-114E363A63C1},2932.000000000000000,25/11.85,36.000000000000000,900.000000000000000,Yes,1.000000000000000,0.000000000000000,0.000000000000000,0.000000000000000,0.000000000000000,0.000000000000000,0.000000000000000,0.000000000000000,25/12,0.027777777777800,0.000000000000000,0.000000000000000,0.000000000000000,0.000000000000000,0.000000000000000,0.000000000000000,0.000000000000000, ,{4C7D1C63-25A6-48CD-BDE3-69CA176D38C6},11/09/2025 0:00:00, ,11/09/2025 0:00:00, ,No, ,1.000000000000000,Roy Trustee 2022 Ltd,Proforest
{006541C0-E518-486C-85E0-9089F89AA6D6},2922.000000000000000,15/11.48,36.000000000000000,900.000000000000000,No,0.000000000000000,0.000000000000000,0.000000000000000,0.000000000000000,0.000000000000000,0.000000000000000,0.000000000000000,0.000000000000000,25/12,0.000000000000000,0.000000000000000,0.000000000000000,0.000000000000000,0.000000000000000,0.000000000000000,0.000000000000000,0.000000000000000, ,{4C7D1C63-25A6-48CD-BDE3-69CA176D38C6},11/09/2025 0:00:00, ,11/09/2025 0:00:00, ,No, ,0.000000000000000,Roy Trustee 2022 Ltd,Proforest
{235CD37F-C9DD-46DF-9E38-FF9F01443150},4306.000000000000000,25/11.85,39.000000000000000,1225.000000000000000,Yes,1.000000000000000,0.000000000000000,0.000000000000000,0.000000000000000,0.000000000000000,0.000000000000000,1.000000000000000,0.000000000000000,25/95,0.020408163265300,0.000000000000000,0.000000000000000,0.000000000000000,0.000000000000000,0.000000000000000,0.020408163265300,0.000000000000000, ,{2E403BED-B337-4142-B06B-3B13EE458E90},15/09/2025 0:00:00, ,15/09/2025 0:00:00, ,No,Yes,4.000000000000000,Roy Trustee 2022 Ltd,Johnson Forestry Services
{A5382AB5-5FB3-44CF-A661-7121CCA697C6},4314.000000000000000,15/11.48,42.000000000000000,1050.000000000000000,Yes,0.000000000000000,0.000000000000000,0.000000000000000,0.000000000000000,0.000000000000000,0.000000000000000,4.000000000000000,0.000000000000000,25/95,0.000000000000000,0.000000000000000,0.000000000000000,0.000000000000000,0.000000000000000,0.000000000000000,0.095238095238100,0.000000000000000,Rework of area done immediately,{2E403BED-B337-4142-B06B-3B13EE458E90},15/09/2025 0:00:00, ,15/09/2025 0:00:00, ,No,No,12.000000000000000,Roy Trustee 2022 Ltd,Johnson Forestry Services
{77BCD5C3-C3C5-4C1F-A4BB-7326AA259BC9},4298.000000000000000,15/11.48,44.000000000000000,1100.000000000000000,Yes,0.000000000000000,0.000000000000000,0.000000000000000,0.000000000000000,0.000000000000000,0.000000000000000,1.000000000000000,0.000000000000000,25/95,0.000000000000000,0.000000000000000,0.000000000000000,0.000000000000000,0.000000000000000,0.000000000000000,0.022727272727300,0.000000000000000, ,{2E403BED-B337-4142-B06B-3B13EE458E90},15/09/2025 0:00:00, ,15/09/2025 0:00:00, ,No, ,3.000000000000000,Roy Trustee 2022 Ltd,Johnson Forestry Services
{3CB23FC4-6ED6-4DD7-B638-EF702EC3D6F0},24288.000000000000000,25/11.85,44.000000000000000,1100.000000000000000,Yes,0.000000000000000,0.000000000000000,1.000000000000000,0.000000000000000,0.000000000000000,0.000000000000000,0.000000000000000,0.000000000000000,25/95,0.000000000000000,0.000000000000000,0.022727272727300,0.000000000000000,0.000000000000000,0.000000000000000,0.000000000000000,0.000000000000000, ,{2E403BED-B337-4142-B06B-3B13EE458E90},15/09/2025 0:00:00, ,15/09/2025 0:00:00, ,No, ,3.000000000000000,Roy Trustee 2022 Ltd,Johnson Forestry Services
{6B60CB99-F2AE-4BBC-898D-1299A42482FD},4338.000000000000000,15/11.48,46.000000000000000,1150.000000000000000,No,0.000000000000000,0.000000000000000,0.000000000000000,0.000000000000000,0.000000000000000,0.000000000000000,0.000000000000000,0.000000000000000,25/95,0.000000000000000,0.000000000000000,0.000000000000000,0.000000000000000,0.000000000000000,0.000000000000000,0.000000000000000,0.000000000000000,Close line beside fence and track,{2E403BED-B337-4142-B06B-3B13EE458E90},15/09/2025 0:00:00, ,15/09/2025 0:00:00, ,No,No,0.000000000000000,Roy Trustee 2022 Ltd,Johnson Forestry Services
{628FC5EE-AEDE-4ED5-A6A4-3C4C850FC37F},4388.000000000000000,10/11.37,48.000000000000000,1200.000000000000000,No,0.000000000000000,0.000000000000000,0.000000000000000,0.000000000000000,0.000000000000000,0.000000000000000,0.000000000000000,0.000000000000000,25/95,0.000000000000000,0.000000000000000,0.000000000000000,0.000000000000000,0.000000000000000,0.000000000000000,0.000000000000000,0.000000000000000, ,{2E403BED-B337-4142-B06B-3B13EE458E90},15/09/2025 0:00:00, ,15/09/2025 0:00:00, ,No,No,0.000000000000000,Roy Trustee 2022 Ltd,Johnson Forestry Services
{8D42686D-06A3-4CF2-9336-51474261BF08},4386.000000000000000,15/11.48,43.000000000000000,1075.000000000000000,Yes,0.000000000000000,0.000000000000000,2.000000000000000,0.000000000000000,0.000000000000000,0.000000000000000,0.000000000000000,0.000000000000000,25/95,0.000000000000000,0.000000000000000,0.046511627907000,0.000000000000000,0.000000000000000,0.000000000000000,0.000000000000000,0.000000000000000, ,{2E403BED-B337-4142-B06B-3B13EE458E90},15/09/2025 0:00:00, ,15/09/2025 0:00:00, ,No, ,6.000000000000000,Roy Trustee 2022 Ltd,Johnson Forestry Services
