globalid,plot_no,rework,slope_and_,_count,sph,plot_conta,fault_coun,fault_not_,fault_co_1,fault_co_2,fault_co_3,fault_co_4,fault_co_5,fault_co_6,stand_id_r,droppedtre,notstraigh,rootsupper,brokentops,rootsexpos,incorrectd,notfirmedp,spacingper,plotfailsc,notes,parentglob,CreationDa,Creator,EditDate,Editor,Fault_Rate,client_ref,contractor
{D57EB3AA-1A3D-4705-AC4A-ADA94386F5CE},101.000000000000000,No,10/11.37,43.000000000000000,1075.000000000000000,Yes,4.000000000000000,0.000000000000000,0.000000000000000,0.000000000000000,0.000000000000000,0.000000000000000,0.000000000000000,0.000000000000000,25,0.093023255814000,0.000000000000000,0.000000000000000,0.000000000000000,0.000000000000000,0.000000000000000,0.000000000000000,0.000000000000000, ,"Best contractor
",{6614A558-0FED-43C5-8509-7691515D4305},26/05/2025 0:00:00, ,4/06/2025 0:00:00,ScarlettMichelle,4.000000000000000,Roy Trustee 2022 Ltd,Proforest
{2ECB4C49-7CA5-4EEF-A6A5-F6C3ECE15F58},511.000000000000000,No,5/11.31,38.000000000000000,950.000000000000000,No,0.000000000000000,0.000000000000000,0.000000000000000,0.000000000000000,0.000000000000000,0.000000000000000,0.000000000000000,0.000000000000000,25/67,0.000000000000000,0.000000000000000,0.000000000000000,0.000000000000000,0.000000000000000,0.000000000000000,0.000000000000000,0.000000000000000, ,"Good planting.
3 trees just outside plot.
Bit wide on the 4m",{9EB37513-BB8C-4C7B-A4CC-29A80E87D3B5},27/05/2025 0:00:00, ,4/06/2025 0:00:00,ScarlettMichelle,0.000000000000000,Roy Trustee 2022 Ltd,Forest View Contracting
{1617B4B3-D9A8-41E6-A250-A92251DE5D71},1367.000000000000000,No,15/11.48,48.000000000000000,1200.000000000000000,Yes,0.000000000000000,0.000000000000000,0.000000000000000,0.000000000000000,0.000000000000000,0.000000000000000,1.000000000000000,0.000000000000000,25/53,0.000000000000000,0.000000000000000,0.000000000000000,0.000000000000000,0.000000000000000,0.000000000000000,0.020833333333300,0.000000000000000,Yes, ,{542D025E-6EC0-4F48-A2D6-9E0D7CC49165},27/05/2025 0:00:00, ,4/06/2025 0:00:00,ScarlettMichelle,3.000000000000000,Roy Trustee 2022 Ltd,Proforest
{B347D91B-C2E6-4DA0-8C8F-2F484AB744DE},521.000000000000000,No,5/11.31,42.000000000000000,1050.000000000000000,Yes,0.000000000000000,2.000000000000000,0.000000000000000,0.000000000000000,0.000000000000000,0.000000000000000,0.000000000000000,0.000000000000000,25/66,0.000000000000000,0.000000000000000,0.000000000000000,0.000000000000000,0.000000000000000,0.000000000000000,0.000000000000000,0.000000000000000, ,Little lean,{90156C99-32AA-44E8-B4B1-635232A17A76},28/05/2025 0:00:00, ,4/06/2025 0:00:00,ScarlettMichelle,2.000000000000000,Roy Trustee 2022 Ltd,GD Rural Skills Limited
{AF092E3D-148D-4265-B5B0-6D772659EF91},525.000000000000000,No,10/11.37,40.000000000000000,1000.000000000000000,No,0.000000000000000,0.000000000000000,0.000000000000000,0.000000000000000,0.000000000000000,0.000000000000000,0.000000000000000,0.000000000000000,25/66,0.000000000000000,0.000000000000000,0.000000000000000,0.000000000000000,0.000000000000000,0.000000000000000,0.000000000000000,0.000000000000000, ,Good spacing,{90156C99-32AA-44E8-B4B1-635232A17A76},28/05/2025 0:00:00, ,4/06/2025 0:00:00,ScarlettMichelle,0.000000000000000,Roy Trustee 2022 Ltd,GD Rural Skills Limited
{B871A8BF-37E9-4A9C-86C6-768422C749E0},527.000000000000000,No,5/11.31,34.000000000000000,850.000000000000000,No,0.000000000000000,0.000000000000000,0.000000000000000,0.000000000000000,0.000000000000000,0.000000000000000,0.000000000000000,0.000000000000000,25/66,0.000000000000000,0.000000000000000,0.000000000000000,0.000000000000000,0.000000000000000,0.000000000000000,0.000000000000000,0.000000000000000,Yes,"Wide row head down through long stock feed.
Added trees until row came in.",{90156C99-32AA-44E8-B4B1-635232A17A76},28/05/2025 0:00:00, ,4/06/2025 0:00:00,ScarlettMichelle,0.000000000000000,Roy Trustee 2022 Ltd,GD Rural Skills Limited
{0A8055DD-14D0-4B48-9E95-9B965ADA2D9C},527.000000000000000,Yes,5/11.31,40.000000000000000,1000.000000000000000,No,0.000000000000000,0.000000000000000,0.000000000000000,0.000000000000000,0.000000000000000,0.000000000000000,0.000000000000000,0.000000000000000,25/66,0.000000000000000,0.000000000000000,0.000000000000000,0.000000000000000,0.000000000000000,0.000000000000000,0.000000000000000,0.000000000000000, ,Rework and replot,{90156C99-32AA-44E8-B4B1-635232A17A76},28/05/2025 0:00:00, ,4/06/2025 0:00:00,ScarlettMichelle,0.000000000000000,Roy Trustee 2022 Ltd,GD Rural Skills Limited
{8EE0936C-381B-4964-B5D3-6BEF9A1B145D},529.000000000000000,No,10/11.37,40.000000000000000,1000.000000000000000,No,0.000000000000000,0.000000000000000,0.000000000000000,0.000000000000000,0.000000000000000,0.000000000000000,0.000000000000000,0.000000000000000,25/66,0.000000000000000,0.000000000000000,0.000000000000000,0.000000000000000,0.000000000000000,0.000000000000000,0.000000000000000,0.000000000000000, ,Good plot,{90156C99-32AA-44E8-B4B1-635232A17A76},28/05/2025 0:00:00, ,4/06/2025 0:00:00,ScarlettMichelle,0.000000000000000,Roy Trustee 2022 Ltd,GD Rural Skills Limited
{CF071C9B-0E28-486A-B12D-76D9A504B3C4},537.000000000000000,No,5/11.31,38.000000000000000,950.000000000000000,Yes,0.000000000000000,2.000000000000000,0.000000000000000,0.000000000000000,0.000000000000000,0.000000000000000,0.000000000000000,0.000000000000000,25/66,0.000000000000000,0.052631578947400,0.000000000000000,0.000000000000000,0.000000000000000,0.000000000000000,0.000000000000000,0.000000000000000, ,"Outside row a little wide,",{90156C99-32AA-44E8-B4B1-635232A17A76},28/05/2025 0:00:00, ,4/06/2025 0:00:00,ScarlettMichelle,2.000000000000000,Roy Trustee 2022 Ltd,GD Rural Skills Limited
{4534B285-26F7-4447-98F0-9E78338E0634},1353.000000000000000,No,25/11.85,42.000000000000000,1050.000000000000000,Yes,0.000000000000000,0.000000000000000,1.000000000000000,0.000000000000000,0.000000000000000,1.000000000000000,0.000000000000000,0.000000000000000,25/53,0.000000000000000,0.000000000000000,0.023809523809500,0.000000000000000,0.000000000000000,0.023809523809500,0.000000000000000,0.000000000000000, ,Rocky ground . Area had been sweept for stocking earlir,{553E3B89-FB4F-45FE-BDEF-E8017E3DCF8A},28/05/2025 0:00:00, ,4/06/2025 0:00:00,ScarlettMichelle,6.000000000000000,Roy Trustee 2022 Ltd,Proforest
{F8197288-65AF-46FF-B880-5E33813BB23B},1315.000000000000000,No,5/11.31,37.000000000000000,925.000000000000000,Yes,1.000000000000000,1.000000000000000,1.000000000000000,0.000000000000000,0.000000000000000,0.000000000000000,0.000000000000000,0.000000000000000,25/53,0.027027027027000,0.027027027027000,0.027027027027000,0.000000000000000,0.000000000000000,0.000000000000000,0.000000000000000,0.000000000000000, , ,{6530EBF0-361F-4E04-ABD5-E3C02AB513C6},28/05/2025 0:00:00, ,4/06/2025 0:00:00,ScarlettMichelle,5.000000000000000,Roy Trustee 2022 Ltd,Proforest
{DDEBDABF-D234-4BF8-ADCF-9660567C6BE3},1305.000000000000000,No,15/11.48,42.000000000000000,1050.000000000000000,Yes,0.000000000000000,0.000000000000000,1.000000000000000,0.000000000000000,0.000000000000000,0.000000000000000,0.000000000000000,0.000000000000000,25/53,0.000000000000000,0.000000000000000,0.023809523809500,0.000000000000000,0.000000000000000,0.000000000000000,0.000000000000000,0.000000000000000, ,The odd long root,{46EF70C4-AC5D-478C-81FE-A710DA76CAEB},28/05/2025 0:00:00, ,4/06/2025 0:00:00,ScarlettMichelle,3.000000000000000,Roy Trustee 2022 Ltd,Proforest
{BCED57F2-163B-432D-9FA9-F717AE8A0F46},1353.000000000000000,No,0/11.31,40.000000000000000,1000.000000000000000,Yes,0.000000000000000,1.000000000000000,1.000000000000000,0.000000000000000,0.000000000000000,0.000000000000000,0.000000000000000,0.000000000000000,25/53,0.000000000000000,0.025000000000000,0.025000000000000,0.000000000000000,0.000000000000000,0.000000000000000,0.000000000000000,0.000000000000000, , ,{03288FA1-52F9-4CCB-92EF-43ABFC6B8F73},28/05/2025 0:00:00, ,4/06/2025 0:00:00,ScarlettMichelle,4.000000000000000,Roy Trustee 2022 Ltd,Proforest
{E349CA6C-88CE-428C-B6B6-4D5B69F0488A},503.000000000000000,No,5/11.31,40.000000000000000,1000.000000000000000,No,0.000000000000000,0.000000000000000,0.000000000000000,0.000000000000000,0.000000000000000,0.000000000000000,0.000000000000000,0.000000000000000,25/67,0.000000000000000,0.000000000000000,0.000000000000000,0.000000000000000,0.000000000000000,0.000000000000000,0.000000000000000,0.000000000000000, , ,{1E10DF7D-711D-460C-9013-2B9E273E202F},28/05/2025 0:00:00, ,4/06/2025 0:00:00,ScarlettMichelle,0.000000000000000,Roy Trustee 2022 Ltd,Forest View Contracting
{A0F22488-F196-469D-B516-6DD5933497A6},519.000000000000000,No,5/11.31,44.000000000000000,1100.000000000000000,No,0.000000000000000,0.000000000000000,0.000000000000000,0.000000000000000,0.000000000000000,0.000000000000000,0.000000000000000,0.000000000000000,25/67,0.000000000000000,0.000000000000000,0.000000000000000,0.000000000000000,0.000000000000000,0.000000000000000,0.000000000000000,0.000000000000000, , ,{1E10DF7D-711D-460C-9013-2B9E273E202F},28/05/2025 0:00:00, ,4/06/2025 0:00:00,ScarlettMichelle,0.000000000000000,Roy Trustee 2022 Ltd,Forest View Contracting
{68C02356-9584-4946-AA72-9041752D0AA8},509.000000000000000,No,5/11.31,41.000000000000000,1025.000000000000000,No,0.000000000000000,0.000000000000000,0.000000000000000,0.000000000000000,0.000000000000000,0.000000000000000,0.000000000000000,0.000000000000000,25/67,0.000000000000000,0.000000000000000,0.000000000000000,0.000000000000000,0.000000000000000,0.000000000000000,0.000000000000000,0.000000000000000, , ,{1E10DF7D-711D-460C-9013-2B9E273E202F},28/05/2025 0:00:00, ,4/06/2025 0:00:00,ScarlettMichelle,0.000000000000000,Roy Trustee 2022 Ltd,Forest View Contracting
{F4D5EBA4-E6F0-436C-9F93-276527B9C0F8},501.000000000000000,No,5/11.31,40.000000000000000,1000.000000000000000,No,0.000000000000000,0.000000000000000,0.000000000000000,0.000000000000000,0.000000000000000,0.000000000000000,0.000000000000000,0.000000000000000,25/67,0.000000000000000,0.000000000000000,0.000000000000000,0.000000000000000,0.000000000000000,0.000000000000000,0.000000000000000,0.000000000000000, , ,{1E10DF7D-711D-460C-9013-2B9E273E202F},28/05/2025 0:00:00, ,4/06/2025 0:00:00,ScarlettMichelle,0.000000000000000,Roy Trustee 2022 Ltd,Forest View Contracting
{B0318A9F-F972-4F29-B522-7F37FC208775},514.000000000000000,No,0/11.31,43.000000000000000,1075.000000000000000,No,0.000000000000000,0.000000000000000,0.000000000000000,0.000000000000000,0.000000000000000,0.000000000000000,0.000000000000000,0.000000000000000,25/67,0.000000000000000,0.000000000000000,0.000000000000000,0.000000000000000,0.000000000000000,0.000000000000000,0.000000000000000,0.000000000000000, , ,{1E10DF7D-711D-460C-9013-2B9E273E202F},28/05/2025 0:00:00, ,4/06/2025 0:00:00,ScarlettMichelle,0.000000000000000,Roy Trustee 2022 Ltd,Forest View Contracting
{DA26E6D7-FF42-4E40-BD81-1FAEA8247529},507.000000000000000,No,20/11.64,42.000000000000000,1050.000000000000000,No,0.000000000000000,0.000000000000000,0.000000000000000,0.000000000000000,0.000000000000000,0.000000000000000,0.000000000000000,0.000000000000000,25/67,0.000000000000000,0.000000000000000,0.000000000000000,0.000000000000000,0.000000000000000,0.000000000000000,0.000000000000000,0.000000000000000, ,"Steeper face planters adjusted well 
",{1E10DF7D-711D-460C-9013-2B9E273E202F},28/05/2025 0:00:00, ,4/06/2025 0:00:00,ScarlettMichelle,0.000000000000000,Roy Trustee 2022 Ltd,Forest View Contracting
{5B728C2A-26DA-478E-A7F9-FB226E894B54},1317.000000000000000,No,15/11.48,35.000000000000000,875.000000000000000,Yes,1.000000000000000,0.000000000000000,0.000000000000000,0.000000000000000,0.000000000000000,0.000000000000000,1.000000000000000,0.000000000000000,25/53,0.028571428571400,0.000000000000000,0.000000000000000,0.000000000000000,0.000000000000000,0.000000000000000,0.028571428571400,0.000000000000000,Yes, ,{29AF883D-60D5-4111-A617-1B2887E0E752},28/05/2025 0:00:00, ,4/06/2025 0:00:00,ScarlettMichelle,4.000000000000000,Roy Trustee 2022 Ltd,Proforest
{0F8BABAE-1597-4026-B85B-57D2989BB89E},1333.000000000000000,No,20/11.64,42.000000000000000,1050.000000000000000,Yes,0.000000000000000,0.000000000000000,1.000000000000000,0.000000000000000,0.000000000000000,0.000000000000000,0.000000000000000,0.000000000000000,25/53,0.000000000000000,0.000000000000000,0.023809523809500,0.000000000000000,0.000000000000000,0.000000000000000,0.000000000000000,0.000000000000000, , ,{12349B3B-2188-436F-BC2F-810DE04FA027},28/05/2025 0:00:00, ,4/06/2025 0:00:00,ScarlettMichelle,3.000000000000000,Roy Trustee 2022 Ltd,Proforest
{76761FF0-F66B-4752-AF43-B6901466658D},523.000000000000000,No,10/11.37,39.000000000000000,975.000000000000000,No,0.000000000000000,0.000000000000000,0.000000000000000,0.000000000000000,0.000000000000000,0.000000000000000,0.000000000000000,0.000000000000000,25/66,0.000000000000000,0.000000000000000,0.000000000000000,0.000000000000000,0.000000000000000,0.000000000000000,0.000000000000000,0.000000000000000, , ,{36DB59CB-5D57-4EE0-B17C-6DA107CE9810},29/05/2025 0:00:00, ,4/06/2025 0:00:00,ScarlettMichelle,0.000000000000000,Roy Trustee 2022 Ltd,GD Rural Skills Limited
{9688CBAB-0705-4381-BF01-4FF020328541},531.000000000000000,No,0/11.31,38.000000000000000,950.000000000000000,Yes,1.000000000000000,1.000000000000000,0.000000000000000,0.000000000000000,0.000000000000000,0.000000000000000,0.000000000000000,0.000000000000000,25/66,0.026315789473700,0.026315789473700,0.000000000000000,0.000000000000000,0.000000000000000,0.000000000000000,0.000000000000000,0.000000000000000, , ,{7E5EEC88-2DD2-4FA3-99FA-9F7FF078DEF3},29/05/2025 0:00:00, ,4/06/2025 0:00:00,ScarlettMichelle,2.000000000000000,Roy Trustee 2022 Ltd,GD Rural Skills Limited
{A22E1D01-B5DD-4EC8-B160-C0CCCF1F2F46},533.000000000000000,No,5/11.31,40.000000000000000,1000.000000000000000,Yes,0.000000000000000,1.000000000000000,0.000000000000000,0.000000000000000,0.000000000000000,0.000000000000000,1.000000000000000,0.000000000000000,25/66,0.000000000000000,0.025000000000000,0.000000000000000,0.000000000000000,0.000000000000000,0.000000000000000,0.025000000000000,0.000000000000000, ,"Knee high cow feed , good spacing, one loose",{71481A4E-5ED4-4E06-80A7-29B506E781E8},29/05/2025 0:00:00, ,4/06/2025 0:00:00,ScarlettMichelle,4.000000000000000,Roy Trustee 2022 Ltd,GD Rural Skills Limited
{53D5AB5A-44AA-45AD-8B47-DA53FC8A7083},535.000000000000000,No,10/11.37,37.000000000000000,925.000000000000000,No,0.000000000000000,0.000000000000000,0.000000000000000,0.000000000000000,0.000000000000000,0.000000000000000,0.000000000000000,0.000000000000000,25/66,0.000000000000000,0.000000000000000,0.000000000000000,0.000000000000000,0.000000000000000,0.000000000000000,0.000000000000000,0.000000000000000, ,Water way to the side of the plot. Missed about 3 trees,{0C3B8812-E5C2-4AFF-9784-5F2BB0641384},29/05/2025 0:00:00, ,4/06/2025 0:00:00,ScarlettMichelle,0.000000000000000,Roy Trustee 2022 Ltd,GD Rural Skills Limited
{DF3FBA43-846C-4CDB-BF4A-8CF264FE7434},525.000000000000000,No,5/11.31,38.000000000000000,950.000000000000000,Yes,0.000000000000000,1.000000000000000,0.000000000000000,0.000000000000000,0.000000000000000,0.000000000000000,1.000000000000000,0.000000000000000,25/66,0.000000000000000,0.026315789473700,0.000000000000000,0.000000000000000,0.000000000000000,0.000000000000000,0.026315789473700,0.000000000000000, , ,{3A83034F-F859-4974-BF3F-3203B938740F},29/05/2025 0:00:00, ,4/06/2025 0:00:00,ScarlettMichelle,4.000000000000000,Roy Trustee 2022 Ltd,GD Rural Skills Limited
{886BF8E1-85ED-4944-AECE-ACD03698056F},543.000000000000000,No,0/11.31,40.000000000000000,1000.000000000000000,No,0.000000000000000,0.000000000000000,0.000000000000000,0.000000000000000,0.000000000000000,0.000000000000000,0.000000000000000,0.000000000000000,25/66,0.000000000000000,0.000000000000000,0.000000000000000,0.000000000000000,0.000000000000000,0.000000000000000,0.000000000000000,0.000000000000000, , ,{F6E1427F-68E2-4B8A-A5E0-A4A8D03D0F33},29/05/2025 0:00:00, ,4/06/2025 0:00:00,ScarlettMichelle,0.000000000000000,Roy Trustee 2022 Ltd,GD Rural Skills Limited
{58202EE9-855D-4A21-A370-8F244B65D13C},539.000000000000000,No,10/11.37,42.000000000000000,1050.000000000000000,Yes,0.000000000000000,1.000000000000000,0.000000000000000,0.000000000000000,0.000000000000000,0.000000000000000,1.000000000000000,0.000000000000000,25/66,0.000000000000000,0.023809523809500,0.000000000000000,0.000000000000000,0.000000000000000,0.000000000000000,0.023809523809500,0.000000000000000, ,Moved plot up a line to get plot in.,{E599507E-7002-4C9A-B690-8FC202AE7A04},29/05/2025 0:00:00, ,4/06/2025 0:00:00,ScarlettMichelle,4.000000000000000,Roy Trustee 2022 Ltd,GD Rural Skills Limited
{D86DDEEE-06DE-4D7A-B0D4-23FEF8F95762},541.000000000000000,No,15/11.48,37.000000000000000,925.000000000000000,Yes,0.000000000000000,0.000000000000000,0.000000000000000,0.000000000000000,0.000000000000000,0.000000000000000,1.000000000000000,0.000000000000000,25/66,0.000000000000000,0.000000000000000,0.000000000000000,0.000000000000000,0.000000000000000,0.000000000000000,0.027027027027000,0.000000000000000, ,I’m,{6038D72E-1074-4735-98C7-D2AB064C95A0},29/05/2025 0:00:00, ,4/06/2025 0:00:00,ScarlettMichelle,3.000000000000000,Roy Trustee 2022 Ltd,GD Rural Skills Limited
{205C8D0D-D711-4010-A605-8224305EED0E},542.000000000000000,No,25/11.85,40.000000000000000,1000.000000000000000,No,0.000000000000000,0.000000000000000,0.000000000000000,0.000000000000000,0.000000000000000,0.000000000000000,0.000000000000000,0.000000000000000,25/66,0.000000000000000,0.000000000000000,0.000000000000000,0.000000000000000,0.000000000000000,0.000000000000000,0.000000000000000,0.000000000000000, ,Steep wee hill next to fence at bottom,{D46A4AEA-8C3A-4D14-A800-FCD7686CDB77},29/05/2025 0:00:00, ,4/06/2025 0:00:00,ScarlettMichelle,0.000000000000000,Roy Trustee 2022 Ltd,GD Rural Skills Limited
{1F4489E4-ADC9-47A6-8E6C-A40A2A352D34},543.000000000000000,No,5/11.31,42.000000000000000,1050.000000000000000,Yes,1.000000000000000,0.000000000000000,0.000000000000000,0.000000000000000,0.000000000000000,0.000000000000000,0.000000000000000,0.000000000000000,25/66,0.023809523809500,0.000000000000000,0.000000000000000,0.000000000000000,0.000000000000000,0.000000000000000,0.000000000000000,0.000000000000000, , ,{DBB6A87B-0BD8-48DC-9094-9BD44A4C4737},29/05/2025 0:00:00, ,4/06/2025 0:00:00,ScarlettMichelle,1.000000000000000,Roy Trustee 2022 Ltd,GD Rural Skills Limited
{37CBF845-C6B2-41D2-AAF2-EA76800EEE11},551.000000000000000,No,5/11.31,40.000000000000000,1000.000000000000000,No,0.000000000000000,0.000000000000000,0.000000000000000,0.000000000000000,0.000000000000000,0.000000000000000,0.000000000000000,0.000000000000000,25/66,0.000000000000000,0.000000000000000,0.000000000000000,0.000000000000000,0.000000000000000,0.000000000000000,0.000000000000000,0.000000000000000, ,Good plot,{94B4FB3A-174B-488C-893C-F9D9BC05C6A8},29/05/2025 0:00:00, ,4/06/2025 0:00:00,ScarlettMichelle,0.000000000000000,Roy Trustee 2022 Ltd,GD Rural Skills Limited
{B25D2852-8986-435A-98C7-474F767E1AE2},549.000000000000000,No,5/11.31,38.000000000000000,950.000000000000000,Yes,0.000000000000000,0.000000000000000,1.000000000000000,0.000000000000000,0.000000000000000,0.000000000000000,0.000000000000000,0.000000000000000,25/66,0.000000000000000,0.000000000000000,0.026315789473700,0.000000000000000,0.000000000000000,0.000000000000000,0.000000000000000,0.000000000000000, ,One long root slightly up still covered in soil,{344D7CB2-AA09-47D2-B6A3-A698555626BC},29/05/2025 0:00:00, ,4/06/2025 0:00:00,ScarlettMichelle,3.000000000000000,Roy Trustee 2022 Ltd,GD Rural Skills Limited
{EB3D7D94-DC0F-4A6A-8EFD-259B082EB194},547.000000000000000,No,20/11.64,36.000000000000000,900.000000000000000,No,0.000000000000000,0.000000000000000,0.000000000000000,0.000000000000000,0.000000000000000,0.000000000000000,0.000000000000000,0.000000000000000,25/66,0.000000000000000,0.000000000000000,0.000000000000000,0.000000000000000,0.000000000000000,0.000000000000000,0.000000000000000,0.000000000000000, ,"Plot next to waterway , missing a 3-4  trees as they have kept 5 off water",{C827BD69-9182-487C-A4A0-6F579D4F6712},29/05/2025 0:00:00, ,4/06/2025 0:00:00,ScarlettMichelle,0.000000000000000,Roy Trustee 2022 Ltd,GD Rural Skills Limited
{90DD1DAB-059A-4BE9-9B9D-E520BEA5D7E8},559.000000000000000,No,10/11.37,43.000000000000000,1075.000000000000000,Yes,1.000000000000000,0.000000000000000,0.000000000000000,1.000000000000000,0.000000000000000,0.000000000000000,1.000000000000000,0.000000000000000,25/66,0.023255813953500,0.000000000000000,0.000000000000000,0.023255813953500,0.000000000000000,0.000000000000000,0.023255813953500,0.000000000000000, , ,{418ACD62-6720-4098-A6C8-434D58C62034},29/05/2025 0:00:00, ,4/06/2025 0:00:00,ScarlettMichelle,5.000000000000000,Roy Trustee 2022 Ltd,GD Rural Skills Limited
{B1482EDE-97E5-492C-98DD-31FF096DA66C},561.000000000000000,No,10/11.37,38.000000000000000,950.000000000000000,Yes,2.000000000000000,0.000000000000000,0.000000000000000,0.000000000000000,0.000000000000000,0.000000000000000,0.000000000000000,0.000000000000000,25/66,0.052631578947400,0.000000000000000,0.000000000000000,0.000000000000000,0.000000000000000,0.000000000000000,0.000000000000000,0.000000000000000, ,"Beside waterway, very rocky good plot",{A2299716-2777-43B3-AB07-89F3EE94B85A},29/05/2025 0:00:00, ,4/06/2025 0:00:00,ScarlettMichelle,2.000000000000000,Roy Trustee 2022 Ltd,GD Rural Skills Limited
{5F0CF6D0-58CB-4F2A-A03C-1145151D91A7},1369.000000000000000,No,20/11.64,37.000000000000000,925.000000000000000,Yes,0.000000000000000,1.000000000000000,0.000000000000000,0.000000000000000,0.000000000000000,1.000000000000000,0.000000000000000,0.000000000000000,25/53,0.000000000000000,0.027027027027000,0.000000000000000,0.000000000000000,0.000000000000000,0.027027027027000,0.000000000000000,0.000000000000000, , ,{B70281B6-0E43-4E33-9178-1A639BA05D25},29/05/2025 0:00:00, ,4/06/2025 0:00:00,ScarlettMichelle,4.000000000000000,Roy Trustee 2022 Ltd,Proforest
{9D7E2CB8-2314-4ED8-9BFB-70869F4B95B3},1355.000000000000000,No,15/11.48,39.000000000000000,975.000000000000000,Yes,0.000000000000000,0.000000000000000,2.000000000000000,0.000000000000000,0.000000000000000,0.000000000000000,0.000000000000000,0.000000000000000,25/53,0.000000000000000,0.000000000000000,0.051282051282100,0.000000000000000,0.000000000000000,0.000000000000000,0.000000000000000,0.000000000000000, ,Long roots system on odd tree,{B70281B6-0E43-4E33-9178-1A639BA05D25},29/05/2025 0:00:00, ,4/06/2025 0:00:00,ScarlettMichelle,6.000000000000000,Roy Trustee 2022 Ltd,Proforest
{C438210B-AF25-4FB2-95F6-49C3C9EE1901},1319.000000000000000,No,15/11.48,32.000000000000000,800.000000000000000,No,0.000000000000000,0.000000000000000,0.000000000000000,0.000000000000000,0.000000000000000,0.000000000000000,0.000000000000000,0.000000000000000,25/53,0.000000000000000,0.000000000000000,0.000000000000000,0.000000000000000,0.000000000000000,0.000000000000000,0.000000000000000,0.000000000000000,Yes,Hi rock area .  Spot planting.,{B70281B6-0E43-4E33-9178-1A639BA05D25},29/05/2025 0:00:00, ,4/06/2025 0:00:00,ScarlettMichelle,0.000000000000000,Roy Trustee 2022 Ltd,Proforest
{D2FBFEAB-B3D9-45AB-B8F3-7D8612AD33AD},1339.000000000000000,No,5/11.31,38.000000000000000,950.000000000000000,Yes,0.000000000000000,1.000000000000000,0.000000000000000,0.000000000000000,0.000000000000000,0.000000000000000,0.000000000000000,0.000000000000000,25/53,0.000000000000000,0.026315789473700,0.000000000000000,0.000000000000000,0.000000000000000,0.000000000000000,0.000000000000000,0.000000000000000, ,Nice digging,{B70281B6-0E43-4E33-9178-1A639BA05D25},29/05/2025 0:00:00, ,4/06/2025 0:00:00,ScarlettMichelle,1.000000000000000,Roy Trustee 2022 Ltd,Proforest
{0022BF9E-59D0-4759-A52C-572BE6F513F9},499.000000000000000,No,5/11.31,42.000000000000000,1050.000000000000000,No,0.000000000000000,0.000000000000000,0.000000000000000,0.000000000000000,0.000000000000000,0.000000000000000,0.000000000000000,0.000000000000000,25/67,0.000000000000000,0.000000000000000,0.000000000000000,0.000000000000000,0.000000000000000,0.000000000000000,0.000000000000000,0.000000000000000, , ,{D7877763-5DA4-467F-B077-59F764EFD8CD},29/05/2025 0:00:00, ,4/06/2025 0:00:00,ScarlettMichelle,0.000000000000000,Roy Trustee 2022 Ltd,Forest View Contracting
{9A69216D-C193-49B9-9BE2-64418C6EAE36},516.000000000000000,No,5/11.31,44.000000000000000,1100.000000000000000,No,0.000000000000000,0.000000000000000,0.000000000000000,0.000000000000000,0.000000000000000,0.000000000000000,0.000000000000000,0.000000000000000,25/67,0.000000000000000,0.000000000000000,0.000000000000000,0.000000000000000,0.000000000000000,0.000000000000000,0.000000000000000,0.000000000000000, , ,{D7877763-5DA4-467F-B077-59F764EFD8CD},29/05/2025 0:00:00, ,4/06/2025 0:00:00,ScarlettMichelle,0.000000000000000,Roy Trustee 2022 Ltd,Forest View Contracting
{926DEE4C-A3AD-4239-AA7C-A652B50DAD7E},495.000000000000000,No,5/11.31,39.000000000000000,975.000000000000000,No,0.000000000000000,0.000000000000000,0.000000000000000,0.000000000000000,0.000000000000000,0.000000000000000,0.000000000000000,0.000000000000000,25/67,0.000000000000000,0.000000000000000,0.000000000000000,0.000000000000000,0.000000000000000,0.000000000000000,0.000000000000000,0.000000000000000, , ,{D7877763-5DA4-467F-B077-59F764EFD8CD},29/05/2025 0:00:00, ,4/06/2025 0:00:00,ScarlettMichelle,0.000000000000000,Roy Trustee 2022 Ltd,Forest View Contracting
{03888BDD-8275-421C-BE96-C34EE9F4F2BB},485.000000000000000,No,5/11.31,38.000000000000000,950.000000000000000,No,0.000000000000000,0.000000000000000,0.000000000000000,0.000000000000000,0.000000000000000,0.000000000000000,0.000000000000000,0.000000000000000,25/67,0.000000000000000,0.000000000000000,0.000000000000000,0.000000000000000,0.000000000000000,0.000000000000000,0.000000000000000,0.000000000000000, , ,{D7877763-5DA4-467F-B077-59F764EFD8CD},29/05/2025 0:00:00, ,4/06/2025 0:00:00,ScarlettMichelle,0.000000000000000,Roy Trustee 2022 Ltd,Forest View Contracting
{9D347F9C-EE29-4B4D-8FEF-513F25C294FA},1403.000000000000000,No,5/11.31,37.000000000000000,925.000000000000000,No,0.000000000000000,0.000000000000000,0.000000000000000,0.000000000000000,0.000000000000000,0.000000000000000,0.000000000000000,0.000000000000000,25/53,0.000000000000000,0.000000000000000,0.000000000000000,0.000000000000000,0.000000000000000,0.000000000000000,0.000000000000000,0.000000000000000, ,Soft ground . Hard bulldozer . Track in plot .,{6190901C-7DAF-4FEE-B267-80D991B83588},30/05/2025 0:00:00, ,4/06/2025 0:00:00,ScarlettMichelle,0.000000000000000,Roy Trustee 2022 Ltd,Proforest
{236CBBD1-6517-4638-B2CF-3FA73C3F2F66},1395.000000000000000,No,25/11.85,42.000000000000000,1050.000000000000000,Yes,0.000000000000000,0.000000000000000,1.000000000000000,0.000000000000000,0.000000000000000,0.000000000000000,0.000000000000000,0.000000000000000,25/53,0.000000000000000,0.000000000000000,0.023809523809500,0.000000000000000,0.000000000000000,0.000000000000000,0.000000000000000,0.000000000000000, ,Moved to get it in was just below planters,{6190901C-7DAF-4FEE-B267-80D991B83588},30/05/2025 0:00:00, ,4/06/2025 0:00:00,ScarlettMichelle,3.000000000000000,Roy Trustee 2022 Ltd,Proforest
{FC70718B-C795-4C5B-A7B0-635469569CC8},1397.000000000000000,No,5/11.31,38.000000000000000,950.000000000000000,Yes,0.000000000000000,2.000000000000000,0.000000000000000,0.000000000000000,0.000000000000000,0.000000000000000,0.000000000000000,0.000000000000000,25/53,0.000000000000000,0.052631578947400,0.000000000000000,0.000000000000000,0.000000000000000,0.000000000000000,0.000000000000000,0.000000000000000, ,Swampy area,{6190901C-7DAF-4FEE-B267-80D991B83588},30/05/2025 0:00:00, ,4/06/2025 0:00:00,ScarlettMichelle,2.000000000000000,Roy Trustee 2022 Ltd,Proforest
{8137DC22-E8ED-4E2E-8748-946F3C5016E4},1399.000000000000000,No,20/11.64,39.000000000000000,975.000000000000000,Yes,1.000000000000000,0.000000000000000,1.000000000000000,0.000000000000000,0.000000000000000,0.000000000000000,0.000000000000000,0.000000000000000,25/53,0.025641025641000,0.000000000000000,0.025641025641000,0.000000000000000,0.000000000000000,0.000000000000000,0.000000000000000,0.000000000000000, , ,{6190901C-7DAF-4FEE-B267-80D991B83588},30/05/2025 0:00:00, ,4/06/2025 0:00:00,ScarlettMichelle,4.000000000000000,Roy Trustee 2022 Ltd,Proforest
{32B01A63-1332-4DB1-A562-B756E8D147B4},1387.000000000000000,No,30/12.13,37.000000000000000,925.000000000000000,Yes,0.000000000000000,0.000000000000000,2.000000000000000,0.000000000000000,0.000000000000000,0.000000000000000,0.000000000000000,0.000000000000000,25/53,0.000000000000000,0.000000000000000,0.054054054054100,0.000000000000000,0.000000000000000,0.000000000000000,0.000000000000000,0.000000000000000, ,Rocky face,{6190901C-7DAF-4FEE-B267-80D991B83588},30/05/2025 0:00:00, ,4/06/2025 0:00:00,ScarlettMichelle,6.000000000000000,Roy Trustee 2022 Ltd,Proforest
{EB9762BF-DAA1-4D8C-8BB1-06A816ED1AF5},1377.000000000000000,No,20/11.64,39.000000000000000,975.000000000000000,Yes,0.000000000000000,1.000000000000000,1.000000000000000,0.000000000000000,0.000000000000000,0.000000000000000,0.000000000000000,0.000000000000000,25/53,0.000000000000000,0.025641025641000,0.025641025641000,0.000000000000000,0.000000000000000,0.000000000000000,0.000000000000000,0.000000000000000, ,Some long roots on trees coming through,{6190901C-7DAF-4FEE-B267-80D991B83588},30/05/2025 0:00:00, ,4/06/2025 0:00:00,ScarlettMichelle,4.000000000000000,Roy Trustee 2022 Ltd,Proforest
{7076A73C-BA9E-4E04-BDBF-30E556CD6A64},1379.000000000000000,No,20/11.64,38.000000000000000,950.000000000000000,Yes,0.000000000000000,1.000000000000000,0.000000000000000,0.000000000000000,0.000000000000000,0.000000000000000,1.000000000000000,0.000000000000000,25/53,0.000000000000000,0.026315789473700,0.000000000000000,0.000000000000000,0.000000000000000,0.000000000000000,0.026315789473700,0.000000000000000, ,Rocky  ground some area not plantable,{6190901C-7DAF-4FEE-B267-80D991B83588},30/05/2025 0:00:00, ,4/06/2025 0:00:00,ScarlettMichelle,4.000000000000000,Roy Trustee 2022 Ltd,Proforest
{5E9E07D8-DC05-4E65-B26C-3D6FA43941BD},901.000000000000000,No,0/11.31,37.000000000000000,925.000000000000000,Yes,0.000000000000000,2.000000000000000,0.000000000000000,0.000000000000000,0.000000000000000,0.000000000000000,0.000000000000000,0.000000000000000,25/69,0.000000000000000,0.054054054054100,0.000000000000000,0.000000000000000,0.000000000000000,0.000000000000000,0.000000000000000,0.000000000000000, , ,{2B0044E7-0D58-4A4F-B13E-6A325BE6A02D},30/05/2025 0:00:00, ,4/06/2025 0:00:00,ScarlettMichelle,2.000000000000000,Roy Trustee 2022 Ltd,GD Rural Skills Limited
{40C83B23-54BC-48AE-903B-0DA0A3A85461},921.000000000000000,No,15/11.48,37.000000000000000,925.000000000000000,Yes,0.000000000000000,0.000000000000000,0.000000000000000,0.000000000000000,0.000000000000000,0.000000000000000,1.000000000000000,0.000000000000000,25/69,0.000000000000000,0.000000000000000,0.000000000000000,0.000000000000000,0.000000000000000,0.000000000000000,0.027027027027000,0.000000000000000, , ,{27136CB4-1C42-4C09-B358-9CC137D4C70D},30/05/2025 0:00:00, ,4/06/2025 0:00:00,ScarlettMichelle,3.000000000000000,Roy Trustee 2022 Ltd,GD Rural Skills Limited
{0BB9EC4A-9B75-42D2-B004-4AC1AE4591BD},903.000000000000000,No,5/11.31,36.000000000000000,900.000000000000000,No,0.000000000000000,0.000000000000000,0.000000000000000,0.000000000000000,0.000000000000000,0.000000000000000,0.000000000000000,0.000000000000000,25/69,0.000000000000000,0.000000000000000,0.000000000000000,0.000000000000000,0.000000000000000,0.000000000000000,0.000000000000000,0.000000000000000, ,Very rocky area,{DF74E2EA-CAE2-4B26-AB26-B356FC0A43E2},30/05/2025 0:00:00, ,4/06/2025 0:00:00,ScarlettMichelle,0.000000000000000,Roy Trustee 2022 Ltd,GD Rural Skills Limited
{17239C17-838D-4E13-A102-0EB7EEAEBC35},923.000000000000000,No,10/11.37,39.000000000000000,975.000000000000000,No,0.000000000000000,0.000000000000000,0.000000000000000,0.000000000000000,0.000000000000000,0.000000000000000,0.000000000000000,0.000000000000000,25/69,0.000000000000000,0.000000000000000,0.000000000000000,0.000000000000000,0.000000000000000,0.000000000000000,0.000000000000000,0.000000000000000, , ,{011AE394-9D58-4693-8527-7088EAEA33A3},30/05/2025 0:00:00, ,4/06/2025 0:00:00,ScarlettMichelle,0.000000000000000,Roy Trustee 2022 Ltd,GD Rural Skills Limited
{0F1CC0EB-B537-476F-A725-EE0FA4C91A38},889.000000000000000,No,5/11.31,36.000000000000000,900.000000000000000,No,0.000000000000000,0.000000000000000,0.000000000000000,0.000000000000000,0.000000000000000,0.000000000000000,0.000000000000000,0.000000000000000,25/69,0.000000000000000,0.000000000000000,0.000000000000000,0.000000000000000,0.000000000000000,0.000000000000000,0.000000000000000,0.000000000000000, ,Very rocky area,{CE9CC6D7-F5BB-47E9-86A1-E1CB87762275},30/05/2025 0:00:00, ,4/06/2025 0:00:00,ScarlettMichelle,0.000000000000000,Roy Trustee 2022 Ltd,GD Rural Skills Limited
{B631325B-C25A-47DD-AE58-156FDED4A62D},905.000000000000000,No,20/11.64,40.000000000000000,1000.000000000000000,No,0.000000000000000,0.000000000000000,0.000000000000000,0.000000000000000,0.000000000000000,0.000000000000000,0.000000000000000,0.000000000000000,25/69,0.000000000000000,0.000000000000000,0.000000000000000,0.000000000000000,0.000000000000000,0.000000000000000,0.000000000000000,0.000000000000000, , ,{D2E59E8A-831E-42D0-9AC4-12AC06B612DB},30/05/2025 0:00:00, ,4/06/2025 0:00:00,ScarlettMichelle,0.000000000000000,Roy Trustee 2022 Ltd,GD Rural Skills Limited
{B8D919CD-FFA3-4114-903F-700C220961BF},489.000000000000000,No,5/11.31,37.000000000000000,925.000000000000000,No,0.000000000000000,0.000000000000000,0.000000000000000,0.000000000000000,0.000000000000000,0.000000000000000,0.000000000000000,0.000000000000000,25/67,0.000000000000000,0.000000000000000,0.000000000000000,0.000000000000000,0.000000000000000,0.000000000000000,0.000000000000000,0.000000000000000, , ,{94F25C79-44A6-4317-A057-408B62CEA79B},30/05/2025 0:00:00, ,4/06/2025 0:00:00,ScarlettMichelle,0.000000000000000,Roy Trustee 2022 Ltd,Forest View Contracting
{DA5B114D-8E0C-45CA-B45A-584A0E114BEF},497.000000000000000,No,0/11.31,43.000000000000000,1075.000000000000000,No,0.000000000000000,0.000000000000000,0.000000000000000,0.000000000000000,0.000000000000000,0.000000000000000,0.000000000000000,0.000000000000000,25/67,0.000000000000000,0.000000000000000,0.000000000000000,0.000000000000000,0.000000000000000,0.000000000000000,0.000000000000000,0.000000000000000, , ,{94F25C79-44A6-4317-A057-408B62CEA79B},30/05/2025 0:00:00, ,4/06/2025 0:00:00,ScarlettMichelle,0.000000000000000,Roy Trustee 2022 Ltd,Forest View Contracting
{1A667F70-7CF5-4968-AC29-3BA81D37E33C},487.000000000000000,No,5/11.31,40.000000000000000,1000.000000000000000,No,0.000000000000000,0.000000000000000,0.000000000000000,0.000000000000000,0.000000000000000,0.000000000000000,0.000000000000000,0.000000000000000,25/67,0.000000000000000,0.000000000000000,0.000000000000000,0.000000000000000,0.000000000000000,0.000000000000000,0.000000000000000,0.000000000000000, , ,{94F25C79-44A6-4317-A057-408B62CEA79B},30/05/2025 0:00:00, ,4/06/2025 0:00:00,ScarlettMichelle,0.000000000000000,Roy Trustee 2022 Ltd,Forest View Contracting
{5629D85C-4871-4E13-AC30-03F945AFE1F5},1453.000000000000000,No,5/11.31,35.000000000000000,875.000000000000000,No,0.000000000000000,0.000000000000000,0.000000000000000,0.000000000000000,0.000000000000000,0.000000000000000,0.000000000000000,0.000000000000000,25/13,0.000000000000000,0.000000000000000,0.000000000000000,0.000000000000000,0.000000000000000,0.000000000000000,0.000000000000000,0.000000000000000,Yes,Rework done,{BB1873E1-A485-47E7-A1E9-BB8144A47047},3/06/2025 0:00:00, ,15/06/2025 0:00:00,ScarlettMichelle,0.000000000000000,Roy Trustee 2022 Ltd,Johnson Forestry Services
{030BFD88-A421-4A4E-803B-1AD36E4689F9},1449.000000000000000,No,10/11.37,40.000000000000000,1000.000000000000000,No,0.000000000000000,0.000000000000000,0.000000000000000,0.000000000000000,0.000000000000000,0.000000000000000,0.000000000000000,0.000000000000000,25/13,0.000000000000000,0.000000000000000,0.000000000000000,0.000000000000000,0.000000000000000,0.000000000000000,0.000000000000000,0.000000000000000, , ,{93F478EB-8838-4F12-BBF7-9886E05EA586},3/06/2025 0:00:00, ,3/06/2025 0:00:00, ,0.000000000000000,Roy Trustee 2022 Ltd,Johnson Forestry Services
{EB5424EC-4D59-459A-9A1B-DA242F04DEA2},1401.000000000000000,No,20/11.64,43.000000000000000,1075.000000000000000,Yes,0.000000000000000,1.000000000000000,1.000000000000000,0.000000000000000,0.000000000000000,0.000000000000000,0.000000000000000,0.000000000000000,25/53,0.000000000000000,0.023255813953500,0.023255813953500,0.000000000000000,0.000000000000000,0.000000000000000,0.000000000000000,0.000000000000000, , ,{5326383E-E2D9-48AC-9E4F-E5A18C966EBE},3/06/2025 0:00:00, ,3/06/2025 0:00:00, ,0.000000000000000,Roy Trustee 2022 Ltd,Proforest
{4F78497A-62D3-4FB4-9442-8F01503C011E},1393.000000000000000,No,20/11.64,34.000000000000000,850.000000000000000,Yes,0.000000000000000,1.000000000000000,0.000000000000000,0.000000000000000,0.000000000000000,0.000000000000000,0.000000000000000,0.000000000000000,25/53,0.000000000000000,0.029411764705900,0.000000000000000,0.000000000000000,0.000000000000000,0.000000000000000,0.000000000000000,0.000000000000000,Yes,Swamp in area of plot not plantable . Large scrub areas aswell,{5326383E-E2D9-48AC-9E4F-E5A18C966EBE},3/06/2025 0:00:00, ,3/06/2025 0:00:00, ,1.000000000000000,Roy Trustee 2022 Ltd,Proforest
{79FBB702-EEEA-4E3B-A7DC-0054B8B547C4},1391.000000000000000,No,10/11.37,41.000000000000000,1025.000000000000000,Yes,1.000000000000000,0.000000000000000,1.000000000000000,0.000000000000000,0.000000000000000,0.000000000000000,0.000000000000000,0.000000000000000,25/53,0.024390243902400,0.000000000000000,0.024390243902400,0.000000000000000,0.000000000000000,0.000000000000000,0.000000000000000,0.000000000000000, , ,{5326383E-E2D9-48AC-9E4F-E5A18C966EBE},3/06/2025 0:00:00, ,3/06/2025 0:00:00, ,4.000000000000000,Roy Trustee 2022 Ltd,Proforest
{3A740A14-554A-4174-BADC-C7BFA7700086},1381.000000000000000,No,25/11.85,42.000000000000000,1050.000000000000000,Yes,0.000000000000000,3.000000000000000,0.000000000000000,0.000000000000000,0.000000000000000,0.000000000000000,0.000000000000000,0.000000000000000,25/53,0.000000000000000,0.071428571428600,0.000000000000000,0.000000000000000,0.000000000000000,0.000000000000000,0.000000000000000,0.000000000000000, ,Verticals one line,{5326383E-E2D9-48AC-9E4F-E5A18C966EBE},3/06/2025 0:00:00, ,3/06/2025 0:00:00, ,3.000000000000000,Roy Trustee 2022 Ltd,Proforest
{3D62F705-BFF5-44D2-ACED-77A021E8A09F},1383.000000000000000,No,25/11.85,37.000000000000000,925.000000000000000,Yes,0.000000000000000,1.000000000000000,0.000000000000000,0.000000000000000,0.000000000000000,0.000000000000000,1.000000000000000,0.000000000000000,25/53,0.000000000000000,0.027027027027000,0.000000000000000,0.000000000000000,0.000000000000000,0.000000000000000,0.027027027027000,0.000000000000000, ,Moved plot away from rock face .  Very rocky ground not much top soil,{5326383E-E2D9-48AC-9E4F-E5A18C966EBE},3/06/2025 0:00:00, ,3/06/2025 0:00:00, ,4.000000000000000,Roy Trustee 2022 Ltd,Proforest
{99DA9B76-2DF8-4678-9EF9-6B5A580A28FF},1385.000000000000000,No,25/11.85,38.000000000000000,950.000000000000000,Yes,0.000000000000000,0.000000000000000,1.000000000000000,0.000000000000000,0.000000000000000,0.000000000000000,0.000000000000000,1.000000000000000,25/53,0.000000000000000,0.000000000000000,0.026315789473700,0.000000000000000,0.000000000000000,0.000000000000000,0.000000000000000,0.026315789473700, ,Spot planting area rock and scrub,{5326383E-E2D9-48AC-9E4F-E5A18C966EBE},3/06/2025 0:00:00, ,3/06/2025 0:00:00, ,6.000000000000000,Roy Trustee 2022 Ltd,Proforest
{7B0414B8-336C-4053-BB32-0B0F71A66E34},1389.000000000000000,No,20/11.64,41.000000000000000,1025.000000000000000,Yes,0.000000000000000,0.000000000000000,1.000000000000000,0.000000000000000,0.000000000000000,0.000000000000000,0.000000000000000,0.000000000000000,25/53,0.000000000000000,0.000000000000000,0.024390243902400,0.000000000000000,0.000000000000000,0.000000000000000,0.000000000000000,0.000000000000000, , ,{5326383E-E2D9-48AC-9E4F-E5A18C966EBE},3/06/2025 0:00:00, ,3/06/2025 0:00:00, ,3.000000000000000,Roy Trustee 2022 Ltd,Proforest
{B37B7052-7B5E-4AAB-B725-29782CBB277A},1373.000000000000000,No,25/11.85,41.000000000000000,1025.000000000000000,Yes,0.000000000000000,1.000000000000000,0.000000000000000,0.000000000000000,0.000000000000000,0.000000000000000,1.000000000000000,0.000000000000000,25/53,0.000000000000000,0.024390243902400,0.000000000000000,0.000000000000000,0.000000000000000,0.000000000000000,0.024390243902400,0.000000000000000, ,Rocky ground,{5326383E-E2D9-48AC-9E4F-E5A18C966EBE},3/06/2025 0:00:00, ,3/06/2025 0:00:00, ,4.000000000000000,Roy Trustee 2022 Ltd,Proforest
{7E996018-2A96-436C-86B9-18F308982C02},1357.000000000000000,No,20/11.64,37.000000000000000,925.000000000000000,Yes,0.000000000000000,1.000000000000000,0.000000000000000,0.000000000000000,0.000000000000000,0.000000000000000,0.000000000000000,1.000000000000000,25/53,0.000000000000000,0.027027027027000,0.000000000000000,0.000000000000000,0.000000000000000,0.000000000000000,0.000000000000000,0.027027027027000, , ,{5326383E-E2D9-48AC-9E4F-E5A18C966EBE},3/06/2025 0:00:00, ,3/06/2025 0:00:00, ,4.000000000000000,Roy Trustee 2022 Ltd,Proforest
{CA17243F-FAC8-4BB6-9081-CA60AFCB1B8C},1359.000000000000000,No,10/11.37,40.000000000000000,1000.000000000000000,No,0.000000000000000,0.000000000000000,0.000000000000000,0.000000000000000,0.000000000000000,0.000000000000000,0.000000000000000,0.000000000000000,25/53,0.000000000000000,0.000000000000000,0.000000000000000,0.000000000000000,0.000000000000000,0.000000000000000,0.000000000000000,0.000000000000000, , ,{5326383E-E2D9-48AC-9E4F-E5A18C966EBE},3/06/2025 0:00:00, ,3/06/2025 0:00:00, ,0.000000000000000,Roy Trustee 2022 Ltd,Proforest
{C1C602E4-4BF3-4E60-B2B0-986045B9BFAD},955.000000000000000,No,10/11.37,38.000000000000000,950.000000000000000,No,0.000000000000000,0.000000000000000,0.000000000000000,0.000000000000000,0.000000000000000,0.000000000000000,0.000000000000000,0.000000000000000,25/69,0.000000000000000,0.000000000000000,0.000000000000000,0.000000000000000,0.000000000000000,0.000000000000000,0.000000000000000,0.000000000000000, , ,{C3245B6E-9F4D-426D-8988-7F369F9958AA},3/06/2025 0:00:00, ,3/06/2025 0:00:00, ,0.000000000000000,Roy Trustee 2022 Ltd,GD Rural Skills Limited
{B7BB0080-11DD-4AFF-AD7E-37F144D64277},937.000000000000000,No,10/11.37,37.000000000000000,925.000000000000000,Yes,0.000000000000000,1.000000000000000,0.000000000000000,0.000000000000000,0.000000000000000,0.000000000000000,1.000000000000000,0.000000000000000,25/69,0.000000000000000,0.027027027027000,0.000000000000000,0.000000000000000,0.000000000000000,0.000000000000000,0.027027027027000,0.000000000000000, , ,{C3245B6E-9F4D-426D-8988-7F369F9958AA},3/06/2025 0:00:00, ,3/06/2025 0:00:00, ,4.000000000000000,Roy Trustee 2022 Ltd,GD Rural Skills Limited
{3CF8B5C1-1E12-4F9F-B083-5D5A3320F3DD},919.000000000000000,No,10/11.37,38.000000000000000,950.000000000000000,Yes,0.000000000000000,0.000000000000000,0.000000000000000,0.000000000000000,1.000000000000000,0.000000000000000,0.000000000000000,0.000000000000000,25/69,0.000000000000000,0.000000000000000,0.000000000000000,0.000000000000000,0.000000000000000,0.000000000000000,0.000000000000000,0.000000000000000, , ,{C3245B6E-9F4D-426D-8988-7F369F9958AA},3/06/2025 0:00:00, ,25/09/2025 0:00:00,ScarlettMichelle,3.000000000000000,Roy Trustee 2022 Ltd,GD Rural Skills Limited
{B095AE3B-883E-4CC1-86AB-9F032BFE97D6},939.000000000000000,No,15/11.48,39.000000000000000,975.000000000000000,No,0.000000000000000,0.000000000000000,0.000000000000000,0.000000000000000,0.000000000000000,0.000000000000000,0.000000000000000,0.000000000000000,25/69,0.000000000000000,0.000000000000000,0.000000000000000,0.000000000000000,0.000000000000000,0.000000000000000,0.000000000000000,0.000000000000000, , ,{C3245B6E-9F4D-426D-8988-7F369F9958AA},3/06/2025 0:00:00, ,3/06/2025 0:00:00, ,0.000000000000000,Roy Trustee 2022 Ltd,GD Rural Skills Limited
{7EF4BB6F-8DB5-40ED-8452-F3C99C31082D},923.000000000000000,No,20/11.64,40.000000000000000,1000.000000000000000,No,0.000000000000000,0.000000000000000,0.000000000000000,0.000000000000000,0.000000000000000,0.000000000000000,0.000000000000000,0.000000000000000,25/69,0.000000000000000,0.000000000000000,0.000000000000000,0.000000000000000,0.000000000000000,0.000000000000000,0.000000000000000,0.000000000000000, , ,{C3245B6E-9F4D-426D-8988-7F369F9958AA},3/06/2025 0:00:00, ,3/06/2025 0:00:00, ,0.000000000000000,Roy Trustee 2022 Ltd,GD Rural Skills Limited
{659689A2-D4DA-4956-885F-472F5B77B14F},925.000000000000000,No,15/11.48,38.000000000000000,950.000000000000000,No,0.000000000000000,0.000000000000000,0.000000000000000,0.000000000000000,0.000000000000000,0.000000000000000,0.000000000000000,0.000000000000000,25/69,0.000000000000000,0.000000000000000,0.000000000000000,0.000000000000000,0.000000000000000,0.000000000000000,0.000000000000000,0.000000000000000, , ,{C3245B6E-9F4D-426D-8988-7F369F9958AA},3/06/2025 0:00:00, ,3/06/2025 0:00:00, ,0.000000000000000,Roy Trustee 2022 Ltd,GD Rural Skills Limited
{E94F7F3A-431B-4E6E-9040-7ED460781865},943.000000000000000,No,20/11.64,39.000000000000000,975.000000000000000,Yes,1.000000000000000,1.000000000000000,0.000000000000000,0.000000000000000,0.000000000000000,0.000000000000000,1.000000000000000,0.000000000000000,25/69,0.025641025641000,0.025641025641000,0.000000000000000,0.000000000000000,0.000000000000000,0.000000000000000,0.025641025641000,0.000000000000000, , ,{C3245B6E-9F4D-426D-8988-7F369F9958AA},3/06/2025 0:00:00, ,3/06/2025 0:00:00, ,5.000000000000000,Roy Trustee 2022 Ltd,GD Rural Skills Limited
{76FCBA2B-FDDB-4A20-9F4F-EFEFF563C155},957.000000000000000,No,15/11.48,40.000000000000000,1000.000000000000000,No,0.000000000000000,0.000000000000000,0.000000000000000,0.000000000000000,0.000000000000000,0.000000000000000,0.000000000000000,0.000000000000000,25/69,0.000000000000000,0.000000000000000,0.000000000000000,0.000000000000000,0.000000000000000,0.000000000000000,0.000000000000000,0.000000000000000, , ,{C3245B6E-9F4D-426D-8988-7F369F9958AA},3/06/2025 0:00:00, ,3/06/2025 0:00:00, ,0.000000000000000,Roy Trustee 2022 Ltd,GD Rural Skills Limited
{31F51842-3519-4723-9D87-B98DCC792B18},941.000000000000000,No,15/11.48,41.000000000000000,1025.000000000000000,Yes,0.000000000000000,0.000000000000000,0.000000000000000,0.000000000000000,0.000000000000000,0.000000000000000,2.000000000000000,0.000000000000000,25/69,0.000000000000000,0.000000000000000,0.000000000000000,0.000000000000000,0.000000000000000,0.000000000000000,0.048780487804900,0.000000000000000, , ,{C3245B6E-9F4D-426D-8988-7F369F9958AA},3/06/2025 0:00:00, ,3/06/2025 0:00:00, ,6.000000000000000,Roy Trustee 2022 Ltd,GD Rural Skills Limited
{A287749F-7CC2-405C-B18E-C311EEAB1C53},967.000000000000000,No,10/11.37,40.000000000000000,1000.000000000000000,No,0.000000000000000,0.000000000000000,0.000000000000000,0.000000000000000,0.000000000000000,0.000000000000000,0.000000000000000,0.000000000000000,25/69,0.000000000000000,0.000000000000000,0.000000000000000,0.000000000000000,0.000000000000000,0.000000000000000,0.000000000000000,0.000000000000000, , ,{C3245B6E-9F4D-426D-8988-7F369F9958AA},3/06/2025 0:00:00, ,3/06/2025 0:00:00, ,0.000000000000000,Roy Trustee 2022 Ltd,GD Rural Skills Limited
{4247DBFA-5CCE-4414-83F4-B5170125C1C9},969.000000000000000,No,25/11.85,41.000000000000000,1025.000000000000000,No,0.000000000000000,0.000000000000000,0.000000000000000,0.000000000000000,0.000000000000000,0.000000000000000,0.000000000000000,0.000000000000000,25/69,0.000000000000000,0.000000000000000,0.000000000000000,0.000000000000000,0.000000000000000,0.000000000000000,0.000000000000000,0.000000000000000, , ,{C3245B6E-9F4D-426D-8988-7F369F9958AA},3/06/2025 0:00:00, ,3/06/2025 0:00:00, ,0.000000000000000,Roy Trustee 2022 Ltd,GD Rural Skills Limited
{D9430B1A-487E-4CC5-BC9B-2DC1C7B617A7},945.000000000000000,No,25/11.85,41.000000000000000,1025.000000000000000,No,0.000000000000000,0.000000000000000,0.000000000000000,0.000000000000000,0.000000000000000,0.000000000000000,0.000000000000000,0.000000000000000,25/69,0.000000000000000,0.000000000000000,0.000000000000000,0.000000000000000,0.000000000000000,0.000000000000000,0.000000000000000,0.000000000000000, , ,{C3245B6E-9F4D-426D-8988-7F369F9958AA},3/06/2025 0:00:00, ,25/09/2025 0:00:00,ScarlettMichelle,0.000000000000000,Roy Trustee 2022 Ltd,GD Rural Skills Limited
{31B8F6BE-785C-4A72-AC0B-79F2B863D8C3},963.000000000000000,No,15/11.48,39.000000000000000,975.000000000000000,Yes,1.000000000000000,1.000000000000000,0.000000000000000,0.000000000000000,0.000000000000000,0.000000000000000,1.000000000000000,0.000000000000000,25/69,0.025641025641000,0.025641025641000,0.000000000000000,0.000000000000000,0.000000000000000,0.000000000000000,0.025641025641000,0.000000000000000, , ,{C3245B6E-9F4D-426D-8988-7F369F9958AA},3/06/2025 0:00:00, ,3/06/2025 0:00:00, ,5.000000000000000,Roy Trustee 2022 Ltd,GD Rural Skills Limited
{F9405290-90A2-477D-A4B0-6F61867B1C28},947.000000000000000,No,15/11.48,41.000000000000000,1025.000000000000000,No,0.000000000000000,0.000000000000000,0.000000000000000,0.000000000000000,0.000000000000000,0.000000000000000,0.000000000000000,0.000000000000000,25/69,0.000000000000000,0.000000000000000,0.000000000000000,0.000000000000000,0.000000000000000,0.000000000000000,0.000000000000000,0.000000000000000, , ,{C3245B6E-9F4D-426D-8988-7F369F9958AA},3/06/2025 0:00:00, ,3/06/2025 0:00:00, ,0.000000000000000,Roy Trustee 2022 Ltd,GD Rural Skills Limited
{48F6DBAF-D7AD-4085-AAF6-C76AD5208A44},927.000000000000000,No,20/11.64,41.000000000000000,1025.000000000000000,No,0.000000000000000,0.000000000000000,0.000000000000000,0.000000000000000,0.000000000000000,0.000000000000000,0.000000000000000,0.000000000000000,25/69,0.000000000000000,0.000000000000000,0.000000000000000,0.000000000000000,0.000000000000000,0.000000000000000,0.000000000000000,0.000000000000000, , ,{C3245B6E-9F4D-426D-8988-7F369F9958AA},3/06/2025 0:00:00, ,3/06/2025 0:00:00, ,0.000000000000000,Roy Trustee 2022 Ltd,GD Rural Skills Limited
{9B6896CB-E95D-489A-ADEE-80BDC3BEE20B},907.000000000000000,No,15/11.48,37.000000000000000,925.000000000000000,Yes,2.000000000000000,0.000000000000000,0.000000000000000,0.000000000000000,0.000000000000000,0.000000000000000,1.000000000000000,0.000000000000000,25/69,0.054054054054100,0.000000000000000,0.000000000000000,0.000000000000000,0.000000000000000,0.000000000000000,0.027027027027000,0.000000000000000, , ,{C3245B6E-9F4D-426D-8988-7F369F9958AA},3/06/2025 0:00:00, ,3/06/2025 0:00:00, ,5.000000000000000,Roy Trustee 2022 Ltd,GD Rural Skills Limited
{4BEBEC1F-256C-492B-A377-4990E482393A},109.000000000000000,No,5/11.31,36.000000000000000,900.000000000000000,No,0.000000000000000,0.000000000000000,0.000000000000000,0.000000000000000,0.000000000000000,0.000000000000000,0.000000000000000,0.000000000000000,25/62,0.000000000000000,0.000000000000000,0.000000000000000,0.000000000000000,0.000000000000000,0.000000000000000,0.000000000000000,0.000000000000000, , ,{CCC232FA-8BFB-4B35-BDFA-43C6BB59E2F2},3/06/2025 0:00:00, ,3/06/2025 0:00:00, ,0.000000000000000,Roy Trustee 2022 Ltd,Forest View Contracting
{9464BAD8-C48F-487F-8965-14189E3A454F},101.000000000000000,No,5/11.31,41.000000000000000,1025.000000000000000,No,0.000000000000000,0.000000000000000,0.000000000000000,0.000000000000000,0.000000000000000,0.000000000000000,0.000000000000000,0.000000000000000,25/62,0.000000000000000,0.000000000000000,0.000000000000000,0.000000000000000,0.000000000000000,0.000000000000000,0.000000000000000,0.000000000000000, , ,{CCC232FA-8BFB-4B35-BDFA-43C6BB59E2F2},3/06/2025 0:00:00, ,3/06/2025 0:00:00, ,0.000000000000000,Roy Trustee 2022 Ltd,Forest View Contracting
{AC210720-E5F2-4429-BA7B-F2E3AD35947F},103.000000000000000,No,10/11.37,39.000000000000000,975.000000000000000,No,0.000000000000000,0.000000000000000,0.000000000000000,0.000000000000000,0.000000000000000,0.000000000000000,0.000000000000000,0.000000000000000,25/62,0.000000000000000,0.000000000000000,0.000000000000000,0.000000000000000,0.000000000000000,0.000000000000000,0.000000000000000,0.000000000000000, , ,{CCC232FA-8BFB-4B35-BDFA-43C6BB59E2F2},3/06/2025 0:00:00, ,3/06/2025 0:00:00, ,0.000000000000000,Roy Trustee 2022 Ltd,Forest View Contracting
{0CD27D22-C414-4530-9A9D-D61E6AEB048E},121.000000000000000,No,5/11.31,42.000000000000000,1050.000000000000000,No,0.000000000000000,0.000000000000000,0.000000000000000,0.000000000000000,0.000000000000000,0.000000000000000,0.000000000000000,0.000000000000000,25/62,0.000000000000000,0.000000000000000,0.000000000000000,0.000000000000000,0.000000000000000,0.000000000000000,0.000000000000000,0.000000000000000, , ,{CCC232FA-8BFB-4B35-BDFA-43C6BB59E2F2},3/06/2025 0:00:00, ,3/06/2025 0:00:00, ,0.000000000000000,Roy Trustee 2022 Ltd,Forest View Contracting
{3F6AD11F-E2B8-4711-9426-2C8F7063E221},113.000000000000000,No,0/11.31,38.000000000000000,950.000000000000000,No,0.000000000000000,0.000000000000000,0.000000000000000,0.000000000000000,0.000000000000000,0.000000000000000,0.000000000000000,0.000000000000000,25/62,0.000000000000000,0.000000000000000,0.000000000000000,0.000000000000000,0.000000000000000,0.000000000000000,0.000000000000000,0.000000000000000, , ,{CCC232FA-8BFB-4B35-BDFA-43C6BB59E2F2},3/06/2025 0:00:00, ,3/06/2025 0:00:00, ,0.000000000000000,Roy Trustee 2022 Ltd,Forest View Contracting
{873FB794-4563-432A-87E3-C5A994DF6310},97.000000000000000,No,5/11.31,38.000000000000000,950.000000000000000,No,0.000000000000000,0.000000000000000,0.000000000000000,0.000000000000000,0.000000000000000,0.000000000000000,0.000000000000000,0.000000000000000,25/62,0.000000000000000,0.000000000000000,0.000000000000000,0.000000000000000,0.000000000000000,0.000000000000000,0.000000000000000,0.000000000000000, , ,{CCC232FA-8BFB-4B35-BDFA-43C6BB59E2F2},3/06/2025 0:00:00, ,3/06/2025 0:00:00, ,0.000000000000000,Roy Trustee 2022 Ltd,Forest View Contracting
{608841B9-90AC-4A41-A234-57A30179EE46},115.000000000000000,No,5/11.31,37.000000000000000,925.000000000000000,No,0.000000000000000,0.000000000000000,0.000000000000000,0.000000000000000,0.000000000000000,0.000000000000000,0.000000000000000,0.000000000000000,25/62,0.000000000000000,0.000000000000000,0.000000000000000,0.000000000000000,0.000000000000000,0.000000000000000,0.000000000000000,0.000000000000000, , ,{CCC232FA-8BFB-4B35-BDFA-43C6BB59E2F2},3/06/2025 0:00:00, ,3/06/2025 0:00:00, ,0.000000000000000,Roy Trustee 2022 Ltd,Forest View Contracting
{28F2FA59-F15A-4778-95E7-B09EC61A5850},119.000000000000000,No,5/11.31,44.000000000000000,1100.000000000000000,No,0.000000000000000,0.000000000000000,0.000000000000000,0.000000000000000,0.000000000000000,0.000000000000000,0.000000000000000,0.000000000000000,25/62,0.000000000000000,0.000000000000000,0.000000000000000,0.000000000000000,0.000000000000000,0.000000000000000,0.000000000000000,0.000000000000000, , ,{CCC232FA-8BFB-4B35-BDFA-43C6BB59E2F2},3/06/2025 0:00:00, ,3/06/2025 0:00:00, ,0.000000000000000,Roy Trustee 2022 Ltd,Forest View Contracting
{157449A2-8F56-4F92-94DA-84B2A98792A7},117.000000000000000,No,5/11.31,43.000000000000000,1075.000000000000000,No,0.000000000000000,0.000000000000000,0.000000000000000,0.000000000000000,0.000000000000000,0.000000000000000,0.000000000000000,0.000000000000000,25/62,0.000000000000000,0.000000000000000,0.000000000000000,0.000000000000000,0.000000000000000,0.000000000000000,0.000000000000000,0.000000000000000, , ,{CCC232FA-8BFB-4B35-BDFA-43C6BB59E2F2},3/06/2025 0:00:00, ,3/06/2025 0:00:00, ,0.000000000000000,Roy Trustee 2022 Ltd,Forest View Contracting
{EE118E7D-55C4-487F-95F8-D1ED50CA4814},1457.000000000000000,No,20/11.64,36.000000000000000,900.000000000000000,No,0.000000000000000,0.000000000000000,0.000000000000000,0.000000000000000,0.000000000000000,0.000000000000000,0.000000000000000,0.000000000000000,25/13,0.000000000000000,0.000000000000000,0.000000000000000,0.000000000000000,0.000000000000000,0.000000000000000,0.000000000000000,0.000000000000000, , ,{26ECE4F4-2F1A-45B0-9D6E-D66F69D03735},4/06/2025 0:00:00, ,4/06/2025 0:00:00,ScarlettMichelle,0.000000000000000,Roy Trustee 2022 Ltd,Johnson Forestry Services
{D4E44DE6-A296-4C46-9D6F-B267E37F2DB8},1455.000000000000000,No,20/11.64,39.000000000000000,975.000000000000000,No,0.000000000000000,0.000000000000000,0.000000000000000,0.000000000000000,0.000000000000000,0.000000000000000,0.000000000000000,0.000000000000000,25/13,0.000000000000000,0.000000000000000,0.000000000000000,0.000000000000000,0.000000000000000,0.000000000000000,0.000000000000000,0.000000000000000, , ,{A4583920-8976-4C77-9B9A-59EDD052F044},4/06/2025 0:00:00, ,4/06/2025 0:00:00,ScarlettMichelle,0.000000000000000,Roy Trustee 2022 Ltd,Johnson Forestry Services
{D47F3DA2-FFF3-484A-85A4-23E4450BD65D},953.000000000000000,No,5/11.31,41.000000000000000,1025.000000000000000,Yes,1.000000000000000,0.000000000000000,0.000000000000000,0.000000000000000,0.000000000000000,0.000000000000000,1.000000000000000,0.000000000000000,25/69,0.024390243902400,0.000000000000000,0.000000000000000,0.000000000000000,0.000000000000000,0.000000000000000,0.024390243902400,0.000000000000000, , ,{60A0E22F-74E5-40B1-83A7-E61DAC1F8AC8},4/06/2025 0:00:00, ,4/06/2025 0:00:00, ,4.000000000000000,Roy Trustee 2022 Ltd,GD Rural Skills Limited
{3FE87ACA-351C-4E2E-ABA9-CD869D2C2DCC},899.000000000000000,No,10/11.37,39.000000000000000,975.000000000000000,No,0.000000000000000,0.000000000000000,0.000000000000000,0.000000000000000,0.000000000000000,0.000000000000000,0.000000000000000,0.000000000000000,25/69,0.000000000000000,0.000000000000000,0.000000000000000,0.000000000000000,0.000000000000000,0.000000000000000,0.000000000000000,0.000000000000000, , ,{60A0E22F-74E5-40B1-83A7-E61DAC1F8AC8},4/06/2025 0:00:00, ,4/06/2025 0:00:00, ,0.000000000000000,Roy Trustee 2022 Ltd,GD Rural Skills Limited
{7ACB79EA-6295-47E0-9470-66B7B703A22C},897.000000000000000,No,10/11.37,37.000000000000000,925.000000000000000,Yes,0.000000000000000,2.000000000000000,0.000000000000000,0.000000000000000,0.000000000000000,1.000000000000000,0.000000000000000,0.000000000000000,25/69,0.000000000000000,0.054054054054100,0.000000000000000,0.000000000000000,0.000000000000000,0.027027027027000,0.000000000000000,0.000000000000000, , ,{60A0E22F-74E5-40B1-83A7-E61DAC1F8AC8},4/06/2025 0:00:00, ,4/06/2025 0:00:00, ,5.000000000000000,Roy Trustee 2022 Ltd,GD Rural Skills Limited
{642A6839-56C7-419E-B429-A67B161D657C},895.000000000000000,No,5/11.31,37.000000000000000,925.000000000000000,No,0.000000000000000,0.000000000000000,0.000000000000000,0.000000000000000,0.000000000000000,0.000000000000000,0.000000000000000,0.000000000000000,25/69,0.000000000000000,0.000000000000000,0.000000000000000,0.000000000000000,0.000000000000000,0.000000000000000,0.000000000000000,0.000000000000000, ,One wide row,{60A0E22F-74E5-40B1-83A7-E61DAC1F8AC8},4/06/2025 0:00:00, ,4/06/2025 0:00:00, ,0.000000000000000,Roy Trustee 2022 Ltd,GD Rural Skills Limited
{B2ADD7C0-6DC6-46C4-9B4F-D32F1815BF36},913.000000000000000,No,20/11.64,40.000000000000000,1000.000000000000000,No,0.000000000000000,0.000000000000000,0.000000000000000,0.000000000000000,0.000000000000000,0.000000000000000,0.000000000000000,0.000000000000000,25/69,0.000000000000000,0.000000000000000,0.000000000000000,0.000000000000000,0.000000000000000,0.000000000000000,0.000000000000000,0.000000000000000, , ,{60A0E22F-74E5-40B1-83A7-E61DAC1F8AC8},4/06/2025 0:00:00, ,4/06/2025 0:00:00, ,0.000000000000000,Roy Trustee 2022 Ltd,GD Rural Skills Limited
{DDA4B1B6-6BCA-4BB7-A3D0-E0095F5171D1},931.000000000000000,No,20/11.64,39.000000000000000,975.000000000000000,Yes,1.000000000000000,1.000000000000000,0.000000000000000,0.000000000000000,0.000000000000000,1.000000000000000,0.000000000000000,0.000000000000000,25/69,0.025641025641000,0.025641025641000,0.000000000000000,0.000000000000000,0.000000000000000,0.025641025641000,0.000000000000000,0.000000000000000, , ,{60A0E22F-74E5-40B1-83A7-E61DAC1F8AC8},4/06/2025 0:00:00, ,4/06/2025 0:00:00, ,5.000000000000000,Roy Trustee 2022 Ltd,GD Rural Skills Limited
{FA4768C8-96B3-4119-BA35-FBD4F89A02E3},917.000000000000000,No,20/11.64,39.000000000000000,975.000000000000000,No,0.000000000000000,0.000000000000000,0.000000000000000,0.000000000000000,0.000000000000000,0.000000000000000,0.000000000000000,0.000000000000000,25/69,0.000000000000000,0.000000000000000,0.000000000000000,0.000000000000000,0.000000000000000,0.000000000000000,0.000000000000000,0.000000000000000, , ,{60A0E22F-74E5-40B1-83A7-E61DAC1F8AC8},4/06/2025 0:00:00, ,4/06/2025 0:00:00, ,0.000000000000000,Roy Trustee 2022 Ltd,GD Rural Skills Limited
{F448DCAE-4252-4115-8F2C-9B0105122D1C},915.000000000000000,No,20/11.64,41.000000000000000,1025.000000000000000,Yes,0.000000000000000,0.000000000000000,1.000000000000000,0.000000000000000,0.000000000000000,0.000000000000000,1.000000000000000,0.000000000000000,25/69,0.000000000000000,0.000000000000000,0.024390243902400,0.000000000000000,0.000000000000000,0.000000000000000,0.024390243902400,0.000000000000000, , ,{60A0E22F-74E5-40B1-83A7-E61DAC1F8AC8},4/06/2025 0:00:00, ,4/06/2025 0:00:00, ,6.000000000000000,Roy Trustee 2022 Ltd,GD Rural Skills Limited
{76D67E7D-2F13-43EB-B88B-E9132B590CB0},951.000000000000000,No,15/11.48,42.000000000000000,1050.000000000000000,No,0.000000000000000,0.000000000000000,0.000000000000000,0.000000000000000,0.000000000000000,0.000000000000000,0.000000000000000,0.000000000000000,25/69,0.000000000000000,0.000000000000000,0.000000000000000,0.000000000000000,0.000000000000000,0.000000000000000,0.000000000000000,0.000000000000000, , ,{60A0E22F-74E5-40B1-83A7-E61DAC1F8AC8},4/06/2025 0:00:00, ,4/06/2025 0:00:00, ,0.000000000000000,Roy Trustee 2022 Ltd,GD Rural Skills Limited
{4C36DB43-00C0-48AE-968F-A28C94DB1614},935.000000000000000,No,15/11.48,40.000000000000000,1000.000000000000000,No,0.000000000000000,0.000000000000000,0.000000000000000,0.000000000000000,0.000000000000000,0.000000000000000,0.000000000000000,0.000000000000000,25/69,0.000000000000000,0.000000000000000,0.000000000000000,0.000000000000000,0.000000000000000,0.000000000000000,0.000000000000000,0.000000000000000, ,Good planting,{60A0E22F-74E5-40B1-83A7-E61DAC1F8AC8},4/06/2025 0:00:00, ,4/06/2025 0:00:00, ,0.000000000000000,Roy Trustee 2022 Ltd,GD Rural Skills Limited
{1A6EFF5E-FF26-470E-A68B-400CA7B01A8F},933.000000000000000,No,15/11.48,39.000000000000000,975.000000000000000,No,0.000000000000000,0.000000000000000,0.000000000000000,0.000000000000000,0.000000000000000,0.000000000000000,0.000000000000000,0.000000000000000,25/69,0.000000000000000,0.000000000000000,0.000000000000000,0.000000000000000,0.000000000000000,0.000000000000000,0.000000000000000,0.000000000000000, , ,{60A0E22F-74E5-40B1-83A7-E61DAC1F8AC8},4/06/2025 0:00:00, ,4/06/2025 0:00:00, ,0.000000000000000,Roy Trustee 2022 Ltd,GD Rural Skills Limited
{F10E4ED9-DC8D-4720-B368-31466AF84965},1437.000000000000000,No,10/11.37,39.000000000000000,975.000000000000000,No,0.000000000000000,0.000000000000000,0.000000000000000,0.000000000000000,0.000000000000000,0.000000000000000,0.000000000000000,0.000000000000000,25/13,0.000000000000000,0.000000000000000,0.000000000000000,0.000000000000000,0.000000000000000,0.000000000000000,0.000000000000000,0.000000000000000, , ,{C07E6F97-1855-4A52-84AF-262AAC7721F1},4/06/2025 0:00:00, ,4/06/2025 0:00:00, ,0.000000000000000,Roy Trustee 2022 Ltd,Johnson Forestry Services
{65D3B15B-4FE3-41B5-AAA2-0960095254FD},1443.000000000000000,No,15/11.48,42.000000000000000,1050.000000000000000,No,0.000000000000000,0.000000000000000,0.000000000000000,0.000000000000000,0.000000000000000,1.000000000000000,1.000000000000000,0.000000000000000,25/13,0.000000000000000,0.000000000000000,0.000000000000000,0.000000000000000,0.000000000000000,0.023809523809500,0.023809523809500,0.000000000000000, , ,{C07E6F97-1855-4A52-84AF-262AAC7721F1},4/06/2025 0:00:00, ,4/06/2025 0:00:00, ,6.000000000000000,Roy Trustee 2022 Ltd,Johnson Forestry Services
{BEEB4733-8145-4FD9-B2A8-1B5CC6702809},1449.000000000000000,No,5/11.31,40.000000000000000,1000.000000000000000,No,0.000000000000000,0.000000000000000,0.000000000000000,0.000000000000000,0.000000000000000,0.000000000000000,0.000000000000000,0.000000000000000,25/13,0.000000000000000,0.000000000000000,0.000000000000000,0.000000000000000,0.000000000000000,0.000000000000000,0.000000000000000,0.000000000000000, ,Plot moved off fence kine,{C07E6F97-1855-4A52-84AF-262AAC7721F1},4/06/2025 0:00:00, ,4/06/2025 0:00:00, ,0.000000000000000,Roy Trustee 2022 Ltd,Johnson Forestry Services
{02ED1113-2675-4740-B366-6278DDBE8B59},1451.000000000000000,No,10/11.37,43.000000000000000,1075.000000000000000,No,0.000000000000000,0.000000000000000,0.000000000000000,0.000000000000000,0.000000000000000,0.000000000000000,0.000000000000000,0.000000000000000,25/13,0.000000000000000,0.000000000000000,0.000000000000000,0.000000000000000,0.000000000000000,0.000000000000000,0.000000000000000,0.000000000000000, , ,{C07E6F97-1855-4A52-84AF-262AAC7721F1},4/06/2025 0:00:00, ,4/06/2025 0:00:00, ,0.000000000000000,Roy Trustee 2022 Ltd,Johnson Forestry Services
{43F5C5DF-5D9F-4F5D-AC32-D3A7FBB890FC},1445.000000000000000,No,5/11.31,44.000000000000000,1100.000000000000000,No,0.000000000000000,0.000000000000000,0.000000000000000,0.000000000000000,0.000000000000000,0.000000000000000,0.000000000000000,0.000000000000000,25/13,0.000000000000000,0.000000000000000,0.000000000000000,0.000000000000000,0.000000000000000,0.000000000000000,0.000000000000000,0.000000000000000, , ,{C07E6F97-1855-4A52-84AF-262AAC7721F1},4/06/2025 0:00:00, ,4/06/2025 0:00:00, ,0.000000000000000,Roy Trustee 2022 Ltd,Johnson Forestry Services
{10A1CF06-6555-44B7-B6DA-8D4B54754153},1459.000000000000000,No,10/11.37,37.000000000000000,925.000000000000000,No,0.000000000000000,0.000000000000000,0.000000000000000,0.000000000000000,0.000000000000000,0.000000000000000,0.000000000000000,0.000000000000000,25/13,0.000000000000000,0.000000000000000,0.000000000000000,0.000000000000000,0.000000000000000,0.000000000000000,0.000000000000000,0.000000000000000, , ,{C07E6F97-1855-4A52-84AF-262AAC7721F1},4/06/2025 0:00:00, ,4/06/2025 0:00:00, ,0.000000000000000,Roy Trustee 2022 Ltd,Johnson Forestry Services
{257C3EA7-0EDF-475E-96E0-447F1F625092},1375.000000000000000,No,25/11.85,44.000000000000000,1100.000000000000000,Yes,1.000000000000000,0.000000000000000,0.000000000000000,0.000000000000000,0.000000000000000,0.000000000000000,0.000000000000000,0.000000000000000,25/53,0.022727272727300,0.000000000000000,0.000000000000000,0.000000000000000,0.000000000000000,0.000000000000000,0.000000000000000,0.000000000000000, , ,{8A82B371-C7DD-49C6-9BFD-75A65CB7D8E9},4/06/2025 0:00:00, ,4/06/2025 0:00:00, ,1.000000000000000,Roy Trustee 2022 Ltd,Proforest
{98683E81-23DC-485E-8B9F-627BB9FC3B2E},1363.000000000000000,No,25/11.85,42.000000000000000,1050.000000000000000,Yes,0.000000000000000,0.000000000000000,0.000000000000000,0.000000000000000,0.000000000000000,2.000000000000000,0.000000000000000,0.000000000000000,25/53,0.000000000000000,0.000000000000000,0.000000000000000,0.000000000000000,0.000000000000000,0.047619047619000,0.000000000000000,0.000000000000000, ,To deep in soft windrows,{8A82B371-C7DD-49C6-9BFD-75A65CB7D8E9},4/06/2025 0:00:00, ,4/06/2025 0:00:00, ,6.000000000000000,Roy Trustee 2022 Ltd,Proforest
{C917B542-B190-4047-B034-6FF0F6C68D74},1361.000000000000000,No,15/11.48,37.000000000000000,925.000000000000000,Yes,0.000000000000000,1.000000000000000,1.000000000000000,0.000000000000000,0.000000000000000,0.000000000000000,0.000000000000000,0.000000000000000,25/53,0.000000000000000,0.027027027027000,0.027027027027000,0.000000000000000,0.000000000000000,0.000000000000000,0.000000000000000,0.000000000000000, ,Rocky area,{8A82B371-C7DD-49C6-9BFD-75A65CB7D8E9},4/06/2025 0:00:00, ,4/06/2025 0:00:00, ,4.000000000000000,Roy Trustee 2022 Ltd,Proforest
{FCBF6B33-2CC2-40B1-B297-8FE02321EEB2},1341.000000000000000,No,20/11.64,43.000000000000000,1075.000000000000000,No,0.000000000000000,0.000000000000000,0.000000000000000,0.000000000000000,0.000000000000000,0.000000000000000,0.000000000000000,0.000000000000000,25/53,0.000000000000000,0.000000000000000,0.000000000000000,0.000000000000000,0.000000000000000,0.000000000000000,0.000000000000000,0.000000000000000, , ,{8A82B371-C7DD-49C6-9BFD-75A65CB7D8E9},4/06/2025 0:00:00, ,4/06/2025 0:00:00, ,0.000000000000000,Roy Trustee 2022 Ltd,Proforest
{F77066ED-BBBB-4E5D-95A1-AEAAFAD746DE},1343.000000000000000,No,20/11.64,39.000000000000000,975.000000000000000,Yes,1.000000000000000,1.000000000000000,0.000000000000000,0.000000000000000,0.000000000000000,0.000000000000000,0.000000000000000,0.000000000000000,25/53,0.025641025641000,0.025641025641000,0.000000000000000,0.000000000000000,0.000000000000000,0.000000000000000,0.000000000000000,0.000000000000000, , ,{8A82B371-C7DD-49C6-9BFD-75A65CB7D8E9},4/06/2025 0:00:00, ,4/06/2025 0:00:00, ,2.000000000000000,Roy Trustee 2022 Ltd,Proforest
{72B48A27-0F4E-43D2-9166-2AB9521F0AA3},1323.000000000000000,No,5/11.31,39.000000000000000,975.000000000000000,Yes,0.000000000000000,0.000000000000000,2.000000000000000,0.000000000000000,0.000000000000000,0.000000000000000,0.000000000000000,0.000000000000000,25/53,0.000000000000000,0.000000000000000,0.051282051282100,0.000000000000000,0.000000000000000,0.000000000000000,0.000000000000000,0.000000000000000, ,Long roots,{8A82B371-C7DD-49C6-9BFD-75A65CB7D8E9},4/06/2025 0:00:00, ,4/06/2025 0:00:00, ,6.000000000000000,Roy Trustee 2022 Ltd,Proforest
{8660BC39-A916-46B6-91D7-766772BAF5A1},1321.000000000000000,No,10/11.37,35.000000000000000,875.000000000000000,Yes,0.000000000000000,2.000000000000000,0.000000000000000,0.000000000000000,0.000000000000000,0.000000000000000,0.000000000000000,0.000000000000000,25/53,0.000000000000000,0.057142857142900,0.000000000000000,0.000000000000000,0.000000000000000,0.000000000000000,0.000000000000000,0.000000000000000,Yes,Lines slightly wide ( fiji guys) have sorted them,{8A82B371-C7DD-49C6-9BFD-75A65CB7D8E9},4/06/2025 0:00:00, ,4/06/2025 0:00:00, ,2.000000000000000,Roy Trustee 2022 Ltd,Proforest
{DFEA1EB5-42EF-4735-884D-FBDA51956452},1335.000000000000000,No,20/11.64,37.000000000000000,925.000000000000000,Yes,0.000000000000000,2.000000000000000,0.000000000000000,0.000000000000000,0.000000000000000,0.000000000000000,1.000000000000000,0.000000000000000,25/53,0.000000000000000,0.054054054054100,0.000000000000000,0.000000000000000,0.000000000000000,0.000000000000000,0.027027027027000,0.000000000000000, ,"-45°59.497', 168°42.457'",{8A82B371-C7DD-49C6-9BFD-75A65CB7D8E9},4/06/2025 0:00:00, ,4/06/2025 0:00:00, ,5.000000000000000,Roy Trustee 2022 Ltd,Proforest
{1A75F889-75EA-40D4-B9E8-7AA991FD2AE5},1371.000000000000000,No,30/12.13,37.000000000000000,925.000000000000000,Yes,0.000000000000000,0.000000000000000,1.000000000000000,0.000000000000000,0.000000000000000,0.000000000000000,0.000000000000000,0.000000000000000,25/53,0.000000000000000,0.000000000000000,0.027027027027000,0.000000000000000,0.000000000000000,0.000000000000000,0.000000000000000,0.000000000000000, ,"Steep rocky area

Long roots",{8A82B371-C7DD-49C6-9BFD-75A65CB7D8E9},4/06/2025 0:00:00, ,4/06/2025 0:00:00, ,3.000000000000000,Roy Trustee 2022 Ltd,Proforest
{F132F53D-0548-49C5-B276-646867B107BB},1337.000000000000000,No,15/11.48,39.000000000000000,975.000000000000000,Yes,1.000000000000000,1.000000000000000,1.000000000000000,0.000000000000000,0.000000000000000,0.000000000000000,0.000000000000000,0.000000000000000,25/53,0.025641025641000,0.025641025641000,0.025641025641000,0.000000000000000,0.000000000000000,0.000000000000000,0.000000000000000,0.000000000000000, ,Scrub area,{8A82B371-C7DD-49C6-9BFD-75A65CB7D8E9},4/06/2025 0:00:00, ,4/06/2025 0:00:00, ,5.000000000000000,Roy Trustee 2022 Ltd,Proforest
{2D218CCA-FED5-49B1-A36C-A402AF6B6648},1297.000000000000000,No,10/11.37,41.000000000000000,1025.000000000000000,Yes,0.000000000000000,4.000000000000000,0.000000000000000,0.000000000000000,0.000000000000000,0.000000000000000,0.000000000000000,0.000000000000000,25/53,0.000000000000000,0.097560975609800,0.000000000000000,0.000000000000000,0.000000000000000,0.000000000000000,0.000000000000000,0.000000000000000, ,Will get on top of verticals,{8A82B371-C7DD-49C6-9BFD-75A65CB7D8E9},4/06/2025 0:00:00, ,4/06/2025 0:00:00, ,4.000000000000000,Roy Trustee 2022 Ltd,Proforest
{9C3BD715-9ED2-42D0-A0AA-7A84DC6ADFAA},111.000000000000000,No,10/11.37,39.000000000000000,975.000000000000000,No,0.000000000000000,0.000000000000000,0.000000000000000,0.000000000000000,0.000000000000000,0.000000000000000,0.000000000000000,0.000000000000000,25/62,0.000000000000000,0.000000000000000,0.000000000000000,0.000000000000000,0.000000000000000,0.000000000000000,0.000000000000000,0.000000000000000, , ,{B64F53B3-0C0F-4B30-A861-A3F9DA8DFA29},4/06/2025 0:00:00, ,4/06/2025 0:00:00, ,0.000000000000000,Roy Trustee 2022 Ltd,Forest View Contracting
{A9E211D6-ED01-4DEC-8A95-DB44464A0D53},55.000000000000000,No,5/11.31,41.000000000000000,1025.000000000000000,No,0.000000000000000,0.000000000000000,0.000000000000000,0.000000000000000,0.000000000000000,0.000000000000000,0.000000000000000,0.000000000000000,25/61,0.000000000000000,0.000000000000000,0.000000000000000,0.000000000000000,0.000000000000000,0.000000000000000,0.000000000000000,0.000000000000000, , ,{B64F53B3-0C0F-4B30-A861-A3F9DA8DFA29},4/06/2025 0:00:00, ,4/06/2025 0:00:00, ,0.000000000000000,Roy Trustee 2022 Ltd,Forest View Contracting
{8D7EC7EE-8739-41C6-8147-A6B4B8CD20DF},105.000000000000000,No,10/11.37,37.000000000000000,925.000000000000000,No,0.000000000000000,0.000000000000000,0.000000000000000,0.000000000000000,0.000000000000000,0.000000000000000,0.000000000000000,0.000000000000000,25/62,0.000000000000000,0.000000000000000,0.000000000000000,0.000000000000000,0.000000000000000,0.000000000000000,0.000000000000000,0.000000000000000, , ,{B64F53B3-0C0F-4B30-A861-A3F9DA8DFA29},4/06/2025 0:00:00, ,4/06/2025 0:00:00, ,0.000000000000000,Roy Trustee 2022 Ltd,Forest View Contracting
{27A11CC2-C7EA-465F-8FFF-FC51A7085CBB},27.000000000000000,No,10/11.37,39.000000000000000,975.000000000000000,No,0.000000000000000,0.000000000000000,0.000000000000000,0.000000000000000,0.000000000000000,0.000000000000000,0.000000000000000,0.000000000000000,25/61,0.000000000000000,0.000000000000000,0.000000000000000,0.000000000000000,0.000000000000000,0.000000000000000,0.000000000000000,0.000000000000000, , ,{B64F53B3-0C0F-4B30-A861-A3F9DA8DFA29},4/06/2025 0:00:00, ,4/06/2025 0:00:00, ,0.000000000000000,Roy Trustee 2022 Ltd,Forest View Contracting
{539E6278-DBB5-455B-9BE4-B8C41C3FFD43},89.000000000000000,No,10/11.37,40.000000000000000,1000.000000000000000,No,0.000000000000000,0.000000000000000,0.000000000000000,0.000000000000000,0.000000000000000,0.000000000000000,0.000000000000000,0.000000000000000,25/61,0.000000000000000,0.000000000000000,0.000000000000000,0.000000000000000,0.000000000000000,0.000000000000000,0.000000000000000,0.000000000000000, , ,{B64F53B3-0C0F-4B30-A861-A3F9DA8DFA29},4/06/2025 0:00:00, ,4/06/2025 0:00:00, ,0.000000000000000,Roy Trustee 2022 Ltd,Forest View Contracting
{1E9580F2-408C-48D9-B02C-2873AFE0F17D},39.000000000000000,No,10/11.37,41.000000000000000,1025.000000000000000,No,0.000000000000000,0.000000000000000,0.000000000000000,0.000000000000000,0.000000000000000,0.000000000000000,0.000000000000000,0.000000000000000,25/61,0.000000000000000,0.000000000000000,0.000000000000000,0.000000000000000,0.000000000000000,0.000000000000000,0.000000000000000,0.000000000000000, , ,{B64F53B3-0C0F-4B30-A861-A3F9DA8DFA29},4/06/2025 0:00:00, ,4/06/2025 0:00:00, ,0.000000000000000,Roy Trustee 2022 Ltd,Forest View Contracting
{4703862E-E427-47B2-B131-D837A3EE25BA},41.000000000000000,No,15/11.48,37.000000000000000,925.000000000000000,No,0.000000000000000,0.000000000000000,0.000000000000000,0.000000000000000,0.000000000000000,0.000000000000000,0.000000000000000,0.000000000000000,25/61,0.000000000000000,0.000000000000000,0.000000000000000,0.000000000000000,0.000000000000000,0.000000000000000,0.000000000000000,0.000000000000000, ,"
",{B64F53B3-0C0F-4B30-A861-A3F9DA8DFA29},4/06/2025 0:00:00, ,4/06/2025 0:00:00, ,0.000000000000000,Roy Trustee 2022 Ltd,Forest View Contracting
{6BECD3D7-075C-4B21-A9E6-A256A794B776},1303.000000000000000,No,5/11.31,40.000000000000000,1000.000000000000000,Yes,0.000000000000000,2.000000000000000,0.000000000000000,0.000000000000000,0.000000000000000,0.000000000000000,0.000000000000000,0.000000000000000,25/53,0.000000000000000,0.050000000000000,0.000000000000000,0.000000000000000,0.000000000000000,0.000000000000000,0.000000000000000,0.000000000000000, , ,{6865C34E-3B17-4C29-B766-1E31D9DE3C43},5/06/2025 0:00:00, ,5/06/2025 0:00:00, ,2.000000000000000,Roy Trustee 2022 Ltd,Proforest
{9477B365-91BB-4E3D-87B7-03E11CBD4282},1301.000000000000000,No,15/11.48,36.000000000000000,900.000000000000000,Yes,0.000000000000000,0.000000000000000,2.000000000000000,0.000000000000000,0.000000000000000,0.000000000000000,0.000000000000000,0.000000000000000,25/53,0.000000000000000,0.000000000000000,0.055555555555600,0.000000000000000,0.000000000000000,0.000000000000000,0.000000000000000,0.000000000000000, , ,{6865C34E-3B17-4C29-B766-1E31D9DE3C43},5/06/2025 0:00:00, ,5/06/2025 0:00:00, ,6.000000000000000,Roy Trustee 2022 Ltd,Proforest
{131900EF-BCB5-48FB-8B0F-A91F03322D03},1299.000000000000000,No,15/11.48,38.000000000000000,950.000000000000000,Yes,0.000000000000000,1.000000000000000,1.000000000000000,0.000000000000000,0.000000000000000,0.000000000000000,0.000000000000000,0.000000000000000,25/53,0.000000000000000,0.026315789473700,0.026315789473700,0.000000000000000,0.000000000000000,0.000000000000000,0.000000000000000,0.000000000000000, , ,{6865C34E-3B17-4C29-B766-1E31D9DE3C43},5/06/2025 0:00:00, ,5/06/2025 0:00:00, ,4.000000000000000,Roy Trustee 2022 Ltd,Proforest
{E9DEBCE0-8A49-4BA7-B83F-4351FAA451C4},1309.000000000000000,No,15/11.48,37.000000000000000,925.000000000000000,No,0.000000000000000,0.000000000000000,0.000000000000000,0.000000000000000,0.000000000000000,0.000000000000000,0.000000000000000,0.000000000000000,25/53,0.000000000000000,0.000000000000000,0.000000000000000,0.000000000000000,0.000000000000000,0.000000000000000,0.000000000000000,0.000000000000000, , ,{6865C34E-3B17-4C29-B766-1E31D9DE3C43},5/06/2025 0:00:00, ,5/06/2025 0:00:00, ,0.000000000000000,Roy Trustee 2022 Ltd,Proforest
{ED156AEE-4DA8-4E24-A92C-323D9FCA51B2},1311.000000000000000,No,15/11.48,37.000000000000000,925.000000000000000,Yes,1.000000000000000,0.000000000000000,0.000000000000000,0.000000000000000,0.000000000000000,1.000000000000000,0.000000000000000,0.000000000000000,25/53,0.027027027027000,0.000000000000000,0.000000000000000,0.000000000000000,0.000000000000000,0.027027027027000,0.000000000000000,0.000000000000000, ,Will get stocking up .,{6865C34E-3B17-4C29-B766-1E31D9DE3C43},5/06/2025 0:00:00, ,5/06/2025 0:00:00, ,4.000000000000000,Roy Trustee 2022 Ltd,Proforest
{26DE1E40-A7D6-4C80-A22D-4CFCF9A68556},1345.000000000000000,No,15/11.48,35.000000000000000,875.000000000000000,No,0.000000000000000,0.000000000000000,0.000000000000000,0.000000000000000,0.000000000000000,0.000000000000000,0.000000000000000,0.000000000000000,25/53,0.000000000000000,0.000000000000000,0.000000000000000,0.000000000000000,0.000000000000000,0.000000000000000,0.000000000000000,0.000000000000000,Yes,Reworked area with 4 guys in,{6865C34E-3B17-4C29-B766-1E31D9DE3C43},5/06/2025 0:00:00, ,5/06/2025 0:00:00, ,0.000000000000000,Roy Trustee 2022 Ltd,Proforest
{B846BB6A-3447-4222-B8F0-A1D33B5C4CF5},1325.000000000000000,No,15/11.48,37.000000000000000,925.000000000000000,Yes,0.000000000000000,2.000000000000000,0.000000000000000,0.000000000000000,0.000000000000000,0.000000000000000,0.000000000000000,0.000000000000000,25/53,0.000000000000000,0.054054054054100,0.000000000000000,0.000000000000000,0.000000000000000,0.000000000000000,0.000000000000000,0.000000000000000, , ,{6865C34E-3B17-4C29-B766-1E31D9DE3C43},5/06/2025 0:00:00, ,5/06/2025 0:00:00, ,2.000000000000000,Roy Trustee 2022 Ltd,Proforest
{C77A3077-61B9-4A78-8049-5C0D8A7EF34C},1345.000000000000000,Yes,15/11.48,41.000000000000000,1025.000000000000000,No,0.000000000000000,0.000000000000000,0.000000000000000,0.000000000000000,0.000000000000000,0.000000000000000,0.000000000000000,0.000000000000000,25/53,0.000000000000000,0.000000000000000,0.000000000000000,0.000000000000000,0.000000000000000,0.000000000000000,0.000000000000000,0.000000000000000, , ,{6865C34E-3B17-4C29-B766-1E31D9DE3C43},5/06/2025 0:00:00, ,5/06/2025 0:00:00, ,0.000000000000000,Roy Trustee 2022 Ltd,Proforest
{8536477B-268D-440F-B220-7DAD5C79DA3D},1327.000000000000000,No,25/11.85,43.000000000000000,1075.000000000000000,Yes,0.000000000000000,0.000000000000000,0.000000000000000,0.000000000000000,0.000000000000000,0.000000000000000,1.000000000000000,0.000000000000000,25/53,0.000000000000000,0.000000000000000,0.000000000000000,0.000000000000000,0.000000000000000,0.000000000000000,0.023255813953500,0.000000000000000, , ,{6865C34E-3B17-4C29-B766-1E31D9DE3C43},5/06/2025 0:00:00, ,5/06/2025 0:00:00, ,3.000000000000000,Roy Trustee 2022 Ltd,Proforest
{B2B914E4-FA45-41F6-936E-70C7F62697A9},1349.000000000000000,No,25/11.85,37.000000000000000,925.000000000000000,Yes,0.000000000000000,1.000000000000000,1.000000000000000,0.000000000000000,0.000000000000000,0.000000000000000,0.000000000000000,0.000000000000000,25/53,0.000000000000000,0.027027027027000,0.027027027027000,0.000000000000000,0.000000000000000,0.000000000000000,0.000000000000000,0.000000000000000, ,"Caught a water way in plot

Moved it just below planter",{6865C34E-3B17-4C29-B766-1E31D9DE3C43},5/06/2025 0:00:00, ,5/06/2025 0:00:00, ,4.000000000000000,Roy Trustee 2022 Ltd,Proforest
{ADCF4B35-C0DF-4F3A-89D0-4BD2C94B56D6},929.000000000000000,No,15/11.48,40.000000000000000,1000.000000000000000,No,0.000000000000000,0.000000000000000,0.000000000000000,0.000000000000000,0.000000000000000,0.000000000000000,0.000000000000000,0.000000000000000,25/69,0.000000000000000,0.000000000000000,0.000000000000000,0.000000000000000,0.000000000000000,0.000000000000000,0.000000000000000,0.000000000000000, , ,{966F4531-65A2-4FAE-B2E2-BA26E54908FA},5/06/2025 0:00:00, ,5/06/2025 0:00:00, ,0.000000000000000,Roy Trustee 2022 Ltd,GD Rural Skills Limited
{F26B4B9A-EEDE-45ED-954D-FCB21B8FE2F8},911.000000000000000,No,15/11.48,38.000000000000000,950.000000000000000,No,0.000000000000000,0.000000000000000,0.000000000000000,0.000000000000000,0.000000000000000,0.000000000000000,0.000000000000000,0.000000000000000,25/69,0.000000000000000,0.000000000000000,0.000000000000000,0.000000000000000,0.000000000000000,0.000000000000000,0.000000000000000,0.000000000000000, , ,{966F4531-65A2-4FAE-B2E2-BA26E54908FA},5/06/2025 0:00:00, ,5/06/2025 0:00:00, ,0.000000000000000,Roy Trustee 2022 Ltd,GD Rural Skills Limited
{A75BC38A-C748-478D-A46E-4BB212651391},893.000000000000000,No,10/11.37,38.000000000000000,950.000000000000000,No,0.000000000000000,0.000000000000000,0.000000000000000,0.000000000000000,0.000000000000000,0.000000000000000,0.000000000000000,0.000000000000000,25/69,0.000000000000000,0.000000000000000,0.000000000000000,0.000000000000000,0.000000000000000,0.000000000000000,0.000000000000000,0.000000000000000, , ,{966F4531-65A2-4FAE-B2E2-BA26E54908FA},5/06/2025 0:00:00, ,5/06/2025 0:00:00, ,0.000000000000000,Roy Trustee 2022 Ltd,GD Rural Skills Limited
{49563B08-0178-4BC3-9B44-F7EDD377B6E0},891.000000000000000,No,10/11.37,37.000000000000000,925.000000000000000,Yes,0.000000000000000,0.000000000000000,1.000000000000000,0.000000000000000,0.000000000000000,0.000000000000000,0.000000000000000,0.000000000000000,25/69,0.000000000000000,0.000000000000000,0.027027027027000,0.000000000000000,0.000000000000000,0.000000000000000,0.000000000000000,0.000000000000000, , Very rocky area,{966F4531-65A2-4FAE-B2E2-BA26E54908FA},5/06/2025 0:00:00, ,5/06/2025 0:00:00, ,3.000000000000000,Roy Trustee 2022 Ltd,GD Rural Skills Limited
{44314861-91C6-42EB-AE03-81A113C17776},949.000000000000000,No,15/11.48,40.000000000000000,1000.000000000000000,Yes,1.000000000000000,1.000000000000000,0.000000000000000,0.000000000000000,0.000000000000000,0.000000000000000,0.000000000000000,0.000000000000000,25/69,0.025000000000000,0.025000000000000,0.000000000000000,0.000000000000000,0.000000000000000,0.000000000000000,0.000000000000000,0.000000000000000, , ,{966F4531-65A2-4FAE-B2E2-BA26E54908FA},5/06/2025 0:00:00, ,5/06/2025 0:00:00, ,2.000000000000000,Roy Trustee 2022 Ltd,GD Rural Skills Limited
{E66C24F5-DFBE-4041-8358-CA04EFD7163E},965.000000000000000,No,15/11.48,36.000000000000000,900.000000000000000,No,0.000000000000000,0.000000000000000,0.000000000000000,0.000000000000000,0.000000000000000,0.000000000000000,0.000000000000000,0.000000000000000,25/69,0.000000000000000,0.000000000000000,0.000000000000000,0.000000000000000,0.000000000000000,0.000000000000000,0.000000000000000,0.000000000000000, ,"Very rocky , missing 3-4 tree because of rock",{966F4531-65A2-4FAE-B2E2-BA26E54908FA},5/06/2025 0:00:00, ,5/06/2025 0:00:00, ,0.000000000000000,Roy Trustee 2022 Ltd,GD Rural Skills Limited
{AF5099DF-ECF9-4E86-9312-A9C4AD843FDB},56.000000000000000,No,5/11.31,41.000000000000000,1025.000000000000000,No,0.000000000000000,0.000000000000000,0.000000000000000,0.000000000000000,0.000000000000000,0.000000000000000,0.000000000000000,0.000000000000000,25/61,0.000000000000000,0.000000000000000,0.000000000000000,0.000000000000000,0.000000000000000,0.000000000000000,0.000000000000000,0.000000000000000, ,"
",{138464AE-8CA5-4992-8160-3EE7BAB646E1},5/06/2025 0:00:00, ,5/06/2025 0:00:00, ,0.000000000000000,Roy Trustee 2022 Ltd,Forest View Contracting
{8B9E7E32-041D-447E-8693-667B46D1C6F2},63.000000000000000,No,5/11.31,38.000000000000000,950.000000000000000,No,0.000000000000000,0.000000000000000,0.000000000000000,0.000000000000000,0.000000000000000,0.000000000000000,0.000000000000000,0.000000000000000,25/61,0.000000000000000,0.000000000000000,0.000000000000000,0.000000000000000,0.000000000000000,0.000000000000000,0.000000000000000,0.000000000000000, , ,{138464AE-8CA5-4992-8160-3EE7BAB646E1},5/06/2025 0:00:00, ,5/06/2025 0:00:00, ,0.000000000000000,Roy Trustee 2022 Ltd,Forest View Contracting
{1204855F-A2F1-462E-99E6-17A909A81CB4},11.000000000000000,No,10/11.37,40.000000000000000,1000.000000000000000,No,0.000000000000000,0.000000000000000,0.000000000000000,0.000000000000000,0.000000000000000,0.000000000000000,0.000000000000000,0.000000000000000,25/61,0.000000000000000,0.000000000000000,0.000000000000000,0.000000000000000,0.000000000000000,0.000000000000000,0.000000000000000,0.000000000000000, ,"Haven’t planted area where plot 29 fell.
Step tussok drop off on to swampy flat",{138464AE-8CA5-4992-8160-3EE7BAB646E1},5/06/2025 0:00:00, ,5/06/2025 0:00:00, ,0.000000000000000,Roy Trustee 2022 Ltd,Forest View Contracting
{BB58A67F-3762-4288-97FA-E6136BCE28AE},37.000000000000000,No,5/11.31,39.000000000000000,975.000000000000000,No,0.000000000000000,0.000000000000000,0.000000000000000,0.000000000000000,0.000000000000000,0.000000000000000,0.000000000000000,0.000000000000000,25/61,0.000000000000000,0.000000000000000,0.000000000000000,0.000000000000000,0.000000000000000,0.000000000000000,0.000000000000000,0.000000000000000, , ,{138464AE-8CA5-4992-8160-3EE7BAB646E1},5/06/2025 0:00:00, ,5/06/2025 0:00:00, ,0.000000000000000,Roy Trustee 2022 Ltd,Forest View Contracting
{B80F29A2-1272-4300-8BDC-25C609161060},21.000000000000000,No,5/11.31,42.000000000000000,1050.000000000000000,No,0.000000000000000,0.000000000000000,0.000000000000000,0.000000000000000,0.000000000000000,0.000000000000000,0.000000000000000,0.000000000000000,25/61,0.000000000000000,0.000000000000000,0.000000000000000,0.000000000000000,0.000000000000000,0.000000000000000,0.000000000000000,0.000000000000000, ,"Quite wet and boggy in this area .
Pugged up from cows.",{138464AE-8CA5-4992-8160-3EE7BAB646E1},5/06/2025 0:00:00, ,5/06/2025 0:00:00, ,0.000000000000000,Roy Trustee 2022 Ltd,Forest View Contracting
{E97DF5F2-61F3-461E-9500-389AC84E3F45},7.000000000000000,No,10/11.37,38.000000000000000,950.000000000000000,No,0.000000000000000,0.000000000000000,0.000000000000000,0.000000000000000,0.000000000000000,0.000000000000000,0.000000000000000,0.000000000000000,25/61,0.000000000000000,0.000000000000000,0.000000000000000,0.000000000000000,0.000000000000000,0.000000000000000,0.000000000000000,0.000000000000000, ,"Area pugged up.
Some areas not worth planting.
To wet. A lot of this area is quite puggy",{138464AE-8CA5-4992-8160-3EE7BAB646E1},5/06/2025 0:00:00, ,5/06/2025 0:00:00, ,0.000000000000000,Roy Trustee 2022 Ltd,Forest View Contracting
{1738CC8D-5DC0-4BB3-9C71-1A06C5EF931E},5.000000000000000,No,0/11.31,38.000000000000000,950.000000000000000,No,0.000000000000000,0.000000000000000,0.000000000000000,0.000000000000000,0.000000000000000,0.000000000000000,0.000000000000000,0.000000000000000,25/61,0.000000000000000,0.000000000000000,0.000000000000000,0.000000000000000,0.000000000000000,0.000000000000000,0.000000000000000,0.000000000000000, , ,{138464AE-8CA5-4992-8160-3EE7BAB646E1},5/06/2025 0:00:00, ,5/06/2025 0:00:00, ,0.000000000000000,Roy Trustee 2022 Ltd,Forest View Contracting
{A0FB8FBA-B0BA-4103-B870-CC1E528461DB},1429.000000000000000,No,25/11.85,46.000000000000000,1150.000000000000000,Yes,0.000000000000000,0.000000000000000,1.000000000000000,0.000000000000000,0.000000000000000,0.000000000000000,1.000000000000000,0.000000000000000,25/13,0.000000000000000,0.000000000000000,0.021739130434800,0.000000000000000,0.000000000000000,0.000000000000000,0.021739130434800,0.000000000000000,Yes,Rework complete,{C8F16F3A-E959-45C0-8F01-DFB842D1ACB2},5/06/2025 0:00:00, ,5/06/2025 0:00:00, ,6.000000000000000,Roy Trustee 2022 Ltd,Johnson Forestry Services
{E55D70BE-AA86-43C9-895D-7EC0A02F85FA},1427.000000000000000,No,15/11.48,44.000000000000000,1100.000000000000000,Yes,0.000000000000000,0.000000000000000,0.000000000000000,0.000000000000000,0.000000000000000,1.000000000000000,1.000000000000000,0.000000000000000,25/13,0.000000000000000,0.000000000000000,0.000000000000000,0.000000000000000,0.000000000000000,0.022727272727300,0.022727272727300,0.000000000000000, , ,{C8F16F3A-E959-45C0-8F01-DFB842D1ACB2},5/06/2025 0:00:00, ,5/06/2025 0:00:00, ,6.000000000000000,Roy Trustee 2022 Ltd,Johnson Forestry Services
{52595034-90CA-4CFD-9F2D-4C5E4DA0EA65},1435.000000000000000,No,30/12.13,39.000000000000000,975.000000000000000,Yes,0.000000000000000,0.000000000000000,0.000000000000000,0.000000000000000,0.000000000000000,0.000000000000000,1.000000000000000,0.000000000000000,25/13,0.000000000000000,0.000000000000000,0.000000000000000,0.000000000000000,0.000000000000000,0.000000000000000,0.025641025641000,0.000000000000000, , ,{C8F16F3A-E959-45C0-8F01-DFB842D1ACB2},5/06/2025 0:00:00, ,5/06/2025 0:00:00, ,3.000000000000000,Roy Trustee 2022 Ltd,Johnson Forestry Services
{AA4C05AD-EC8F-4A6A-A0F8-AC2EDA97AF57},1433.000000000000000,No,15/11.48,44.000000000000000,1100.000000000000000,Yes,0.000000000000000,1.000000000000000,0.000000000000000,0.000000000000000,0.000000000000000,1.000000000000000,0.000000000000000,0.000000000000000,25/13,0.000000000000000,0.022727272727300,0.000000000000000,0.000000000000000,0.000000000000000,0.022727272727300,0.000000000000000,0.000000000000000, , ,{C8F16F3A-E959-45C0-8F01-DFB842D1ACB2},5/06/2025 0:00:00, ,5/06/2025 0:00:00, ,4.000000000000000,Roy Trustee 2022 Ltd,Johnson Forestry Services
{E10AD625-714D-4CA8-B4D2-B756DF05D0AE},1425.000000000000000,No,25/11.85,42.000000000000000,1050.000000000000000,Yes,0.000000000000000,1.000000000000000,0.000000000000000,0.000000000000000,0.000000000000000,0.000000000000000,1.000000000000000,0.000000000000000,25/13,0.000000000000000,0.023809523809500,0.000000000000000,0.000000000000000,0.000000000000000,0.000000000000000,0.023809523809500,0.000000000000000, , ,{C8F16F3A-E959-45C0-8F01-DFB842D1ACB2},5/06/2025 0:00:00, ,5/06/2025 0:00:00, ,4.000000000000000,Roy Trustee 2022 Ltd,Johnson Forestry Services
{E68BA820-1D8D-456F-AF80-EB8BD5B1E3F8},1419.000000000000000,No,15/11.48,38.000000000000000,950.000000000000000,No,0.000000000000000,0.000000000000000,0.000000000000000,0.000000000000000,0.000000000000000,0.000000000000000,0.000000000000000,0.000000000000000,25/13,0.000000000000000,0.000000000000000,0.000000000000000,0.000000000000000,0.000000000000000,0.000000000000000,0.000000000000000,0.000000000000000, ,Moved off fence,{C8F16F3A-E959-45C0-8F01-DFB842D1ACB2},5/06/2025 0:00:00, ,5/06/2025 0:00:00, ,0.000000000000000,Roy Trustee 2022 Ltd,Johnson Forestry Services
{761B6C42-4FA3-41E3-A517-B141C795A5D9},1421.000000000000000,No,15/11.48,41.000000000000000,1025.000000000000000,Yes,0.000000000000000,0.000000000000000,0.000000000000000,0.000000000000000,0.000000000000000,1.000000000000000,1.000000000000000,0.000000000000000,25/13,0.000000000000000,0.000000000000000,0.000000000000000,0.000000000000000,0.000000000000000,0.024390243902400,0.024390243902400,0.000000000000000, , ,{C8F16F3A-E959-45C0-8F01-DFB842D1ACB2},5/06/2025 0:00:00, ,5/06/2025 0:00:00, ,6.000000000000000,Roy Trustee 2022 Ltd,Johnson Forestry Services
{219543A4-3633-468F-ACB4-7AB125C0EA8E},1431.000000000000000,No,15/11.48,42.000000000000000,1050.000000000000000,Yes,0.000000000000000,1.000000000000000,0.000000000000000,0.000000000000000,0.000000000000000,0.000000000000000,1.000000000000000,0.000000000000000,25/13,0.000000000000000,0.023809523809500,0.000000000000000,0.000000000000000,0.000000000000000,0.000000000000000,0.023809523809500,0.000000000000000, ,Plot moved from track and water way,{C8F16F3A-E959-45C0-8F01-DFB842D1ACB2},5/06/2025 0:00:00, ,5/06/2025 0:00:00, ,4.000000000000000,Roy Trustee 2022 Ltd,Johnson Forestry Services
{499681C5-F2E6-4439-8709-6C2567665C2B},1413.000000000000000,No,20/11.64,41.000000000000000,1025.000000000000000,Yes,0.000000000000000,0.000000000000000,2.000000000000000,0.000000000000000,0.000000000000000,0.000000000000000,0.000000000000000,0.000000000000000,25/13,0.000000000000000,0.000000000000000,0.048780487804900,0.000000000000000,0.000000000000000,0.000000000000000,0.000000000000000,0.000000000000000, , ,{C8F16F3A-E959-45C0-8F01-DFB842D1ACB2},5/06/2025 0:00:00, ,5/06/2025 0:00:00, ,6.000000000000000,Roy Trustee 2022 Ltd,Johnson Forestry Services
{2A63FEC6-3300-4B4F-AC26-7A56BC8029FC},1407.000000000000000,No,20/11.64,23.000000000000000,575.000000000000000,No,0.000000000000000,0.000000000000000,0.000000000000000,0.000000000000000,0.000000000000000,0.000000000000000,0.000000000000000,0.000000000000000,25/13,0.000000000000000,0.000000000000000,0.000000000000000,0.000000000000000,0.000000000000000,0.000000000000000,0.000000000000000,0.000000000000000,Yes,Quite a wet area so parts couldnt plant,{12EF7A15-C0DD-44EC-B76B-68E6D0EDDCFA},6/06/2025 0:00:00, ,6/06/2025 0:00:00, ,0.000000000000000,Roy Trustee 2022 Ltd,Johnson Forestry Services
{4298DEE7-B7E8-404C-A05C-9E8380CFA968},1331.000000000000000,No,15/11.48,39.000000000000000,975.000000000000000,Yes,0.000000000000000,1.000000000000000,0.000000000000000,0.000000000000000,0.000000000000000,0.000000000000000,0.000000000000000,0.000000000000000,25/53,0.000000000000000,0.025641025641000,0.000000000000000,0.000000000000000,0.000000000000000,0.000000000000000,0.000000000000000,0.000000000000000, , ,{08AE6FC8-5285-4E00-9FB3-A049EBBB4D95},6/06/2025 0:00:00, ,6/06/2025 0:00:00, ,1.000000000000000,Roy Trustee 2022 Ltd,Proforest
{B1322B5C-2B42-453D-9CA9-19E7A3C2F300},1313.000000000000000,No,15/11.48,41.000000000000000,1025.000000000000000,Yes,0.000000000000000,0.000000000000000,1.000000000000000,0.000000000000000,0.000000000000000,0.000000000000000,0.000000000000000,0.000000000000000,25/53,0.000000000000000,0.000000000000000,0.024390243902400,0.000000000000000,0.000000000000000,0.000000000000000,0.000000000000000,0.000000000000000, , ,{08AE6FC8-5285-4E00-9FB3-A049EBBB4D95},6/06/2025 0:00:00, ,6/06/2025 0:00:00, ,3.000000000000000,Roy Trustee 2022 Ltd,Proforest
{4186F452-6154-4813-909D-3A027FEFEB45},1329.000000000000000,No,15/11.48,43.000000000000000,1075.000000000000000,Yes,0.000000000000000,2.000000000000000,0.000000000000000,0.000000000000000,0.000000000000000,0.000000000000000,0.000000000000000,0.000000000000000,25/53,0.000000000000000,0.046511627907000,0.000000000000000,0.000000000000000,0.000000000000000,0.000000000000000,0.000000000000000,0.000000000000000, , ,{08AE6FC8-5285-4E00-9FB3-A049EBBB4D95},6/06/2025 0:00:00, ,6/06/2025 0:00:00, ,2.000000000000000,Roy Trustee 2022 Ltd,Proforest
{C4EDF733-8FA1-47BF-A8F4-0939A26A381D},1347.000000000000000,No,10/11.37,37.000000000000000,925.000000000000000,Yes,0.000000000000000,1.000000000000000,1.000000000000000,0.000000000000000,0.000000000000000,0.000000000000000,0.000000000000000,0.000000000000000,25/53,0.000000000000000,0.027027027027000,0.027027027027000,0.000000000000000,0.000000000000000,0.000000000000000,0.000000000000000,0.000000000000000, , ,{08AE6FC8-5285-4E00-9FB3-A049EBBB4D95},6/06/2025 0:00:00, ,6/06/2025 0:00:00, ,4.000000000000000,Roy Trustee 2022 Ltd,Proforest
{DA7907AB-490C-4AF2-8A12-BB9EC62ABA29},1351.000000000000000,No,10/11.37,43.000000000000000,1075.000000000000000,Yes,0.000000000000000,0.000000000000000,2.000000000000000,0.000000000000000,0.000000000000000,0.000000000000000,0.000000000000000,0.000000000000000,25/53,0.000000000000000,0.000000000000000,0.046511627907000,0.000000000000000,0.000000000000000,0.000000000000000,0.000000000000000,0.000000000000000, ,"Moved plot away from track .

Long roots",{08AE6FC8-5285-4E00-9FB3-A049EBBB4D95},6/06/2025 0:00:00, ,6/06/2025 0:00:00, ,6.000000000000000,Roy Trustee 2022 Ltd,Proforest
{C7F2232F-ED5D-472A-8940-AB7C661B4D56},245.000000000000000,No,25/11.85,42.000000000000000,1050.000000000000000,Yes,1.000000000000000,1.000000000000000,0.000000000000000,0.000000000000000,0.000000000000000,0.000000000000000,0.000000000000000,0.000000000000000,25/55,0.023809523809500,0.023809523809500,0.000000000000000,0.000000000000000,0.000000000000000,0.000000000000000,0.000000000000000,0.000000000000000, , ,{08AE6FC8-5285-4E00-9FB3-A049EBBB4D95},6/06/2025 0:00:00, ,6/06/2025 0:00:00, ,2.000000000000000,Roy Trustee 2022 Ltd,Proforest
{1967E589-1865-4F59-9925-6F3858523047},253.000000000000000,No,15/11.48,42.000000000000000,1050.000000000000000,Yes,0.000000000000000,2.000000000000000,0.000000000000000,0.000000000000000,0.000000000000000,0.000000000000000,1.000000000000000,0.000000000000000,25/55,0.000000000000000,0.047619047619000,0.000000000000000,0.000000000000000,0.000000000000000,0.000000000000000,0.023809523809500,0.000000000000000, , ,{08AE6FC8-5285-4E00-9FB3-A049EBBB4D95},6/06/2025 0:00:00, ,6/06/2025 0:00:00, ,5.000000000000000,Roy Trustee 2022 Ltd,Proforest
{21E6DA0E-F138-4C82-8679-A07816838870},263.000000000000000,No,15/11.48,42.000000000000000,1050.000000000000000,Yes,0.000000000000000,2.000000000000000,0.000000000000000,0.000000000000000,0.000000000000000,0.000000000000000,0.000000000000000,0.000000000000000,25/55,0.000000000000000,0.047619047619000,0.000000000000000,0.000000000000000,0.000000000000000,0.000000000000000,0.000000000000000,0.000000000000000, , ,{08AE6FC8-5285-4E00-9FB3-A049EBBB4D95},6/06/2025 0:00:00, ,6/06/2025 0:00:00, ,2.000000000000000,Roy Trustee 2022 Ltd,Proforest
{EB7ACA74-8778-4589-ABB2-445C4123E140},255.000000000000000,No,20/11.64,40.000000000000000,1000.000000000000000,No,0.000000000000000,0.000000000000000,0.000000000000000,0.000000000000000,0.000000000000000,0.000000000000000,0.000000000000000,0.000000000000000,25/55,0.000000000000000,0.000000000000000,0.000000000000000,0.000000000000000,0.000000000000000,0.000000000000000,0.000000000000000,0.000000000000000, , ,{08AE6FC8-5285-4E00-9FB3-A049EBBB4D95},6/06/2025 0:00:00, ,6/06/2025 0:00:00, ,0.000000000000000,Roy Trustee 2022 Ltd,Proforest
{3543F1B3-C68F-41FB-A7D3-831D63520B5D},45.000000000000000,No,5/11.31,44.000000000000000,1100.000000000000000,No,0.000000000000000,0.000000000000000,0.000000000000000,0.000000000000000,0.000000000000000,0.000000000000000,0.000000000000000,0.000000000000000,25/61,0.000000000000000,0.000000000000000,0.000000000000000,0.000000000000000,0.000000000000000,0.000000000000000,0.000000000000000,0.000000000000000, , ,{790C7EF2-0709-4B60-9502-8CA5507EE5F5},6/06/2025 0:00:00, ,6/06/2025 0:00:00, ,0.000000000000000,Roy Trustee 2022 Ltd,Forest View Contracting
{49C7A732-0697-4B9A-9906-BA354D593B18},31.000000000000000,No,5/11.31,38.000000000000000,950.000000000000000,No,0.000000000000000,0.000000000000000,0.000000000000000,0.000000000000000,0.000000000000000,0.000000000000000,0.000000000000000,0.000000000000000,25/61,0.000000000000000,0.000000000000000,0.000000000000000,0.000000000000000,0.000000000000000,0.000000000000000,0.000000000000000,0.000000000000000, , ,{790C7EF2-0709-4B60-9502-8CA5507EE5F5},6/06/2025 0:00:00, ,6/06/2025 0:00:00, ,0.000000000000000,Roy Trustee 2022 Ltd,Forest View Contracting
{04F20FE5-5210-465D-9268-44CAE3485BA7},77.000000000000000,No,0/11.31,41.000000000000000,1025.000000000000000,No,0.000000000000000,0.000000000000000,0.000000000000000,0.000000000000000,0.000000000000000,0.000000000000000,0.000000000000000,0.000000000000000,25/61,0.000000000000000,0.000000000000000,0.000000000000000,0.000000000000000,0.000000000000000,0.000000000000000,0.000000000000000,0.000000000000000, , ,{790C7EF2-0709-4B60-9502-8CA5507EE5F5},6/06/2025 0:00:00, ,6/06/2025 0:00:00, ,0.000000000000000,Roy Trustee 2022 Ltd,Forest View Contracting
{32A9EA9C-5CBB-4967-A0D6-29841C8629F1},57.000000000000000,No,10/11.37,42.000000000000000,1050.000000000000000,No,0.000000000000000,0.000000000000000,0.000000000000000,0.000000000000000,0.000000000000000,0.000000000000000,0.000000000000000,0.000000000000000,25/61,0.000000000000000,0.000000000000000,0.000000000000000,0.000000000000000,0.000000000000000,0.000000000000000,0.000000000000000,0.000000000000000, , ,{790C7EF2-0709-4B60-9502-8CA5507EE5F5},6/06/2025 0:00:00, ,6/06/2025 0:00:00, ,0.000000000000000,Roy Trustee 2022 Ltd,Forest View Contracting
{2764D575-713E-411F-B8E3-D39408383A93},33.000000000000000,No,5/11.31,42.000000000000000,1050.000000000000000,No,0.000000000000000,0.000000000000000,0.000000000000000,0.000000000000000,0.000000000000000,0.000000000000000,0.000000000000000,0.000000000000000,25/61,0.000000000000000,0.000000000000000,0.000000000000000,0.000000000000000,0.000000000000000,0.000000000000000,0.000000000000000,0.000000000000000, , ,{790C7EF2-0709-4B60-9502-8CA5507EE5F5},6/06/2025 0:00:00, ,6/06/2025 0:00:00, ,0.000000000000000,Roy Trustee 2022 Ltd,Forest View Contracting
{150BFFB7-CB23-48AC-B761-98E800AA25D2},13.000000000000000,No,15/11.48,43.000000000000000,1075.000000000000000,No,0.000000000000000,0.000000000000000,0.000000000000000,0.000000000000000,0.000000000000000,0.000000000000000,0.000000000000000,0.000000000000000,25/61,0.000000000000000,0.000000000000000,0.000000000000000,0.000000000000000,0.000000000000000,0.000000000000000,0.000000000000000,0.000000000000000, , ,{790C7EF2-0709-4B60-9502-8CA5507EE5F5},6/06/2025 0:00:00, ,6/06/2025 0:00:00, ,0.000000000000000,Roy Trustee 2022 Ltd,Forest View Contracting
{A9B26B7F-2B6E-46D9-A866-AEE4327AECC7},3.000000000000000,No,5/11.31,39.000000000000000,975.000000000000000,No,0.000000000000000,0.000000000000000,0.000000000000000,0.000000000000000,0.000000000000000,0.000000000000000,0.000000000000000,0.000000000000000,25/61,0.000000000000000,0.000000000000000,0.000000000000000,0.000000000000000,0.000000000000000,0.000000000000000,0.000000000000000,0.000000000000000, , ,{790C7EF2-0709-4B60-9502-8CA5507EE5F5},6/06/2025 0:00:00, ,6/06/2025 0:00:00, ,0.000000000000000,Roy Trustee 2022 Ltd,Forest View Contracting
{998BD67A-08E3-4CD6-8D80-E121E8DC9A9A},15.000000000000000,No,10/11.37,39.000000000000000,975.000000000000000,No,0.000000000000000,0.000000000000000,0.000000000000000,0.000000000000000,0.000000000000000,0.000000000000000,0.000000000000000,0.000000000000000,25/61,0.000000000000000,0.000000000000000,0.000000000000000,0.000000000000000,0.000000000000000,0.000000000000000,0.000000000000000,0.000000000000000, ,"
",{790C7EF2-0709-4B60-9502-8CA5507EE5F5},6/06/2025 0:00:00, ,6/06/2025 0:00:00, ,0.000000000000000,Roy Trustee 2022 Ltd,Forest View Contracting
{C1DCBDA9-C3CF-46D9-86A9-E714B980EA4D},1441.000000000000000,No,15/11.48,45.000000000000000,1125.000000000000000,Yes,0.000000000000000,0.000000000000000,0.000000000000000,0.000000000000000,0.000000000000000,0.000000000000000,1.000000000000000,0.000000000000000,25/13,0.000000000000000,0.000000000000000,0.022222222222200,0.000000000000000,0.000000000000000,0.000000000000000,0.000000000000000,0.000000000000000,Yes,Rework completed,{C6B59CD0-AF99-4CA5-8E72-FE79E045EA2F},6/06/2025 0:00:00, ,6/06/2025 0:00:00, ,3.000000000000000,Roy Trustee 2022 Ltd,Johnson Forestry Services
{67E831F5-E104-4F13-8099-D4F2D2E28956},555.000000000000000,No,5/11.31,40.000000000000000,1000.000000000000000,No,0.000000000000000,0.000000000000000,0.000000000000000,0.000000000000000,0.000000000000000,0.000000000000000,0.000000000000000,0.000000000000000,25/66,0.000000000000000,0.000000000000000,0.000000000000000,0.000000000000000,0.000000000000000,0.000000000000000,0.000000000000000,0.000000000000000, , ,{531BA778-196F-40B2-9B1E-B438EAF5BA64},6/06/2025 0:00:00, ,6/06/2025 0:00:00, ,0.000000000000000,Roy Trustee 2022 Ltd,GD Rural Skills Limited
{EEC9655C-1C76-4434-AA17-652DF7B36D91},553.000000000000000,No,5/11.31,41.000000000000000,1025.000000000000000,No,0.000000000000000,0.000000000000000,0.000000000000000,0.000000000000000,0.000000000000000,0.000000000000000,0.000000000000000,0.000000000000000,25/66,0.000000000000000,0.000000000000000,0.000000000000000,0.000000000000000,0.000000000000000,0.000000000000000,0.000000000000000,0.000000000000000, , ,{531BA778-196F-40B2-9B1E-B438EAF5BA64},6/06/2025 0:00:00, ,6/06/2025 0:00:00, ,0.000000000000000,Roy Trustee 2022 Ltd,GD Rural Skills Limited
{636B51CE-524D-469C-85D8-5AC855A48AD2},1023.000000000000000,No,10/11.37,40.000000000000000,1000.000000000000000,No,0.000000000000000,0.000000000000000,0.000000000000000,0.000000000000000,0.000000000000000,0.000000000000000,0.000000000000000,0.000000000000000,25/70,0.000000000000000,0.000000000000000,0.000000000000000,0.000000000000000,0.000000000000000,0.000000000000000,0.000000000000000,0.000000000000000, , ,{60972FDA-93AB-45FF-91F3-F64A3E48AF3A},6/06/2025 0:00:00, ,6/06/2025 0:00:00, ,0.000000000000000,Roy Trustee 2022 Ltd,GD Rural Skills Limited
{23D123AF-461D-4461-8CD4-C2176348D97E},1039.000000000000000,No,15/11.48,39.000000000000000,975.000000000000000,Yes,1.000000000000000,1.000000000000000,0.000000000000000,0.000000000000000,0.000000000000000,0.000000000000000,1.000000000000000,0.000000000000000,25/70,0.025641025641000,0.025641025641000,0.000000000000000,0.000000000000000,0.000000000000000,0.000000000000000,0.025641025641000,0.000000000000000, , ,{60972FDA-93AB-45FF-91F3-F64A3E48AF3A},6/06/2025 0:00:00, ,6/06/2025 0:00:00, ,5.000000000000000,Roy Trustee 2022 Ltd,GD Rural Skills Limited
{0BB1BACA-D57C-4A5E-8E3C-3AE1FF7947AC},1041.000000000000000,No,20/11.64,40.000000000000000,1000.000000000000000,Yes,0.000000000000000,2.000000000000000,0.000000000000000,0.000000000000000,0.000000000000000,0.000000000000000,0.000000000000000,0.000000000000000,25/70,0.000000000000000,0.050000000000000,0.000000000000000,0.000000000000000,0.000000000000000,0.000000000000000,0.000000000000000,0.000000000000000, , ,{60972FDA-93AB-45FF-91F3-F64A3E48AF3A},6/06/2025 0:00:00, ,6/06/2025 0:00:00, ,2.000000000000000,Roy Trustee 2022 Ltd,GD Rural Skills Limited
{1CB53FCF-2B14-4183-A54E-1D9888BB499E},2075.000000000000000,No,25/11.85,37.000000000000000,925.000000000000000,Yes,0.000000000000000,0.000000000000000,0.000000000000000,0.000000000000000,0.000000000000000,0.000000000000000,1.000000000000000,0.000000000000000,25/7,0.000000000000000,0.000000000000000,0.000000000000000,0.000000000000000,0.000000000000000,0.000000000000000,0.027027027027000,0.000000000000000, , ,{6878FC9B-1656-4AB2-929E-A7C7CEB705AD},8/06/2025 0:00:00, ,8/06/2025 0:00:00, ,3.000000000000000,Roy Trustee 2022 Ltd,Johnson Forestry Services
{4FE2C64D-8F63-4605-A791-057DE720C4E4},2071.000000000000000,No,20/11.64,44.000000000000000,1100.000000000000000,Yes,0.000000000000000,0.000000000000000,0.000000000000000,0.000000000000000,0.000000000000000,0.000000000000000,1.000000000000000,0.000000000000000,25/7,0.000000000000000,0.000000000000000,0.000000000000000,0.000000000000000,0.000000000000000,0.000000000000000,0.022727272727300,0.000000000000000, , ,{6878FC9B-1656-4AB2-929E-A7C7CEB705AD},8/06/2025 0:00:00, ,8/06/2025 0:00:00, ,3.000000000000000,Roy Trustee 2022 Ltd,Johnson Forestry Services
{784C6843-94E2-4809-B966-C2DAF62BA6CB},2065.000000000000000,No,20/11.64,43.000000000000000,1075.000000000000000,Yes,0.000000000000000,0.000000000000000,0.000000000000000,0.000000000000000,0.000000000000000,1.000000000000000,1.000000000000000,0.000000000000000,25/7,0.000000000000000,0.000000000000000,0.000000000000000,0.000000000000000,0.000000000000000,0.023255813953500,0.023255813953500,0.000000000000000, , ,{6878FC9B-1656-4AB2-929E-A7C7CEB705AD},8/06/2025 0:00:00, ,8/06/2025 0:00:00, ,6.000000000000000,Roy Trustee 2022 Ltd,Johnson Forestry Services
{D854FF88-9B87-4765-95A5-5B11E3428FFC},2151.000000000000000,No,5/11.31,40.000000000000000,1000.000000000000000,No,0.000000000000000,0.000000000000000,0.000000000000000,0.000000000000000,0.000000000000000,0.000000000000000,0.000000000000000,0.000000000000000,25/7,0.000000000000000,0.000000000000000,0.000000000000000,0.000000000000000,0.000000000000000,0.000000000000000,0.000000000000000,0.000000000000000, , ,{6878FC9B-1656-4AB2-929E-A7C7CEB705AD},8/06/2025 0:00:00, ,8/06/2025 0:00:00, ,0.000000000000000,Roy Trustee 2022 Ltd,Johnson Forestry Services
{54B2DF25-5135-4218-BF80-8CEAF13B150A},2133.000000000000000,No,10/11.37,42.000000000000000,1050.000000000000000,No,0.000000000000000,0.000000000000000,0.000000000000000,0.000000000000000,0.000000000000000,0.000000000000000,0.000000000000000,0.000000000000000,25/7,0.000000000000000,0.000000000000000,0.000000000000000,0.000000000000000,0.000000000000000,0.000000000000000,0.000000000000000,0.000000000000000, , ,{6878FC9B-1656-4AB2-929E-A7C7CEB705AD},8/06/2025 0:00:00, ,8/06/2025 0:00:00, ,0.000000000000000,Roy Trustee 2022 Ltd,Johnson Forestry Services
{79A6B7FC-3D2C-4E75-B5AA-BDEEBA5A926E},239.000000000000000,No,25/11.85,43.000000000000000,1075.000000000000000,Yes,0.000000000000000,0.000000000000000,1.000000000000000,0.000000000000000,0.000000000000000,1.000000000000000,0.000000000000000,0.000000000000000,25/55,0.000000000000000,0.000000000000000,0.023255813953500,0.000000000000000,0.000000000000000,0.023255813953500,0.000000000000000,0.000000000000000, , ,{8E67CA69-4A91-485B-96A8-98B41A376C66},8/06/2025 0:00:00, ,25/09/2025 0:00:00,ScarlettMichelle,0.000000000000000,Roy Trustee 2022 Ltd,Proforest
{969C4DA8-CD44-4FD1-9D36-C7C2EB64B91E},2191.000000000000000,No,5/11.31,36.000000000000000,900.000000000000000,Yes,0.000000000000000,1.000000000000000,0.000000000000000,0.000000000000000,0.000000000000000,0.000000000000000,0.000000000000000,0.000000000000000,25/31,0.000000000000000,0.027777777777800,0.000000000000000,0.000000000000000,0.000000000000000,0.000000000000000,0.000000000000000,0.000000000000000, , ,{7CA7B36E-5AA1-40B1-A914-96F0DFEF88E0},9/06/2025 0:00:00, ,9/06/2025 0:00:00, ,1.000000000000000,Roy Trustee 2022 Ltd,Johnson Forestry Services
{56EDFBE6-066D-4C39-BBDB-9FFB2B7AA619},2183.000000000000000,No,15/11.48,36.000000000000000,900.000000000000000,Yes,0.000000000000000,1.000000000000000,0.000000000000000,0.000000000000000,0.000000000000000,0.000000000000000,1.000000000000000,0.000000000000000,25/31,0.000000000000000,0.027777777777800,0.000000000000000,0.000000000000000,0.000000000000000,0.000000000000000,0.027777777777800,0.000000000000000, , ,{7CA7B36E-5AA1-40B1-A914-96F0DFEF88E0},9/06/2025 0:00:00, ,9/06/2025 0:00:00, ,4.000000000000000,Roy Trustee 2022 Ltd,Johnson Forestry Services
{A93F23C7-08AB-42A1-A1A4-0B85ADF50760},2185.000000000000000,No,10/11.37,38.000000000000000,950.000000000000000,Yes,0.000000000000000,2.000000000000000,0.000000000000000,0.000000000000000,0.000000000000000,0.000000000000000,0.000000000000000,0.000000000000000,25/31,0.000000000000000,0.052631578947400,0.000000000000000,0.000000000000000,0.000000000000000,0.000000000000000,0.000000000000000,0.000000000000000, ,Moved plot over from shelter blet trees,{7CA7B36E-5AA1-40B1-A914-96F0DFEF88E0},9/06/2025 0:00:00, ,9/06/2025 0:00:00, ,2.000000000000000,Roy Trustee 2022 Ltd,Johnson Forestry Services
{468A7564-E346-462F-A24C-973F98F3904B},2181.000000000000000,No,5/11.31,36.000000000000000,900.000000000000000,No,0.000000000000000,0.000000000000000,0.000000000000000,0.000000000000000,0.000000000000000,0.000000000000000,0.000000000000000,0.000000000000000,25/31,0.000000000000000,0.000000000000000,0.000000000000000,0.000000000000000,0.000000000000000,0.000000000000000,0.000000000000000,0.000000000000000, , ,{7CA7B36E-5AA1-40B1-A914-96F0DFEF88E0},9/06/2025 0:00:00, ,9/06/2025 0:00:00, ,0.000000000000000,Roy Trustee 2022 Ltd,Johnson Forestry Services
{3E7DA8D2-60D9-460A-80CF-E313CC000565},2171.000000000000000,No,10/11.37,42.000000000000000,1050.000000000000000,Yes,0.000000000000000,0.000000000000000,1.000000000000000,0.000000000000000,0.000000000000000,0.000000000000000,0.000000000000000,0.000000000000000,25/31,0.000000000000000,0.000000000000000,0.023809523809500,0.000000000000000,0.000000000000000,0.000000000000000,0.000000000000000,0.000000000000000, , ,{7CA7B36E-5AA1-40B1-A914-96F0DFEF88E0},9/06/2025 0:00:00, ,9/06/2025 0:00:00, ,3.000000000000000,Roy Trustee 2022 Ltd,Johnson Forestry Services
{A6199214-3F8C-4EDD-8D1F-A63D391D96DB},2165.000000000000000,No,15/11.48,36.000000000000000,900.000000000000000,Yes,0.000000000000000,0.000000000000000,2.000000000000000,0.000000000000000,0.000000000000000,0.000000000000000,0.000000000000000,0.000000000000000,25/31,0.000000000000000,0.000000000000000,0.055555555555600,0.000000000000000,0.000000000000000,0.000000000000000,0.000000000000000,0.000000000000000, , ,{7CA7B36E-5AA1-40B1-A914-96F0DFEF88E0},9/06/2025 0:00:00, ,9/06/2025 0:00:00, ,6.000000000000000,Roy Trustee 2022 Ltd,Johnson Forestry Services
{EE4EC698-DAFE-4A96-B53C-3464EAAC6DCA},2173.000000000000000,No,25/11.85,36.000000000000000,900.000000000000000,No,0.000000000000000,0.000000000000000,0.000000000000000,0.000000000000000,0.000000000000000,0.000000000000000,0.000000000000000,0.000000000000000,25/31,0.000000000000000,0.000000000000000,0.000000000000000,0.000000000000000,0.000000000000000,0.000000000000000,0.000000000000000,0.000000000000000, , ,{7CA7B36E-5AA1-40B1-A914-96F0DFEF88E0},9/06/2025 0:00:00, ,9/06/2025 0:00:00, ,0.000000000000000,Roy Trustee 2022 Ltd,Johnson Forestry Services
{7B8D5D7E-5775-4383-84EC-301C4CB7472D},241.000000000000000,No,20/11.64,38.000000000000000,950.000000000000000,Yes,1.000000000000000,1.000000000000000,0.000000000000000,0.000000000000000,0.000000000000000,0.000000000000000,0.000000000000000,0.000000000000000,25/55,0.026315789473700,0.026315789473700,0.000000000000000,0.000000000000000,0.000000000000000,0.000000000000000,0.000000000000000,0.000000000000000, ,Moved due to rocks,{4E84A2B1-DB19-40E8-A20B-D5293B3127B8},9/06/2025 0:00:00, ,13/06/2025 0:00:00,ScarlettMichelle,2.000000000000000,Roy Trustee 2022 Ltd,Proforest
{2D06C3FA-1FA4-46FB-8812-19B72A049D28},249.000000000000000,No,0/11.31,37.000000000000000,925.000000000000000,Yes,0.000000000000000,2.000000000000000,1.000000000000000,0.000000000000000,0.000000000000000,0.000000000000000,0.000000000000000,0.000000000000000,25/55,0.000000000000000,0.054054054054100,0.027027027027000,0.000000000000000,0.000000000000000,0.000000000000000,0.000000000000000,0.000000000000000, , ,{4E84A2B1-DB19-40E8-A20B-D5293B3127B8},9/06/2025 0:00:00, ,13/06/2025 0:00:00,ScarlettMichelle,5.000000000000000,Roy Trustee 2022 Ltd,Proforest
{259F43DF-95B7-42C0-BE6A-7B7C9C91DE67},261.000000000000000,No,5/11.31,40.000000000000000,1000.000000000000000,Yes,1.000000000000000,2.000000000000000,0.000000000000000,0.000000000000000,0.000000000000000,0.000000000000000,0.000000000000000,0.000000000000000,25/55,0.025000000000000,0.050000000000000,0.000000000000000,0.000000000000000,0.000000000000000,0.000000000000000,0.000000000000000,0.000000000000000, , ,{4E84A2B1-DB19-40E8-A20B-D5293B3127B8},9/06/2025 0:00:00, ,13/06/2025 0:00:00,ScarlettMichelle,3.000000000000000,Roy Trustee 2022 Ltd,Proforest
{7DD0567B-724C-4451-90C5-1A1A1ACA1CD3},273.000000000000000,No,5/11.31,44.000000000000000,1100.000000000000000,Yes,0.000000000000000,0.000000000000000,2.000000000000000,0.000000000000000,0.000000000000000,0.000000000000000,0.000000000000000,0.000000000000000,25/55,0.000000000000000,0.000000000000000,0.045454545454500,0.000000000000000,0.000000000000000,0.000000000000000,0.000000000000000,0.000000000000000, , ,{4E84A2B1-DB19-40E8-A20B-D5293B3127B8},9/06/2025 0:00:00, ,13/06/2025 0:00:00,ScarlettMichelle,6.000000000000000,Roy Trustee 2022 Ltd,Proforest
{327EFACB-E17B-48A6-BA0C-923879F29EEF},235.000000000000000,No,25/11.85,38.000000000000000,950.000000000000000,Yes,0.000000000000000,1.000000000000000,0.000000000000000,0.000000000000000,0.000000000000000,1.000000000000000,0.000000000000000,0.000000000000000,25/55,0.000000000000000,0.026315789473700,0.000000000000000,0.000000000000000,0.000000000000000,0.026315789473700,0.000000000000000,0.000000000000000, , ,{4E84A2B1-DB19-40E8-A20B-D5293B3127B8},9/06/2025 0:00:00, ,13/06/2025 0:00:00,ScarlettMichelle,4.000000000000000,Roy Trustee 2022 Ltd,Proforest
{106B6C58-B6D1-46EA-BC39-C92F63C6DD84},237.000000000000000,No,5/11.31,38.000000000000000,950.000000000000000,Yes,1.000000000000000,1.000000000000000,0.000000000000000,0.000000000000000,0.000000000000000,0.000000000000000,1.000000000000000,0.000000000000000,25/55,0.026315789473700,0.026315789473700,0.000000000000000,0.000000000000000,0.000000000000000,0.000000000000000,0.026315789473700,0.000000000000000, ,Rocky on ridge line,{4E84A2B1-DB19-40E8-A20B-D5293B3127B8},9/06/2025 0:00:00, ,13/06/2025 0:00:00,ScarlettMichelle,5.000000000000000,Roy Trustee 2022 Ltd,Proforest
{27D2D07C-556E-40E0-AD20-5CD6B0A74B64},243.000000000000000,No,10/11.37,43.000000000000000,1075.000000000000000,Yes,0.000000000000000,3.000000000000000,0.000000000000000,0.000000000000000,0.000000000000000,0.000000000000000,1.000000000000000,0.000000000000000,25/55,0.000000000000000,0.069767441860500,0.000000000000000,0.000000000000000,0.000000000000000,0.000000000000000,0.023255813953500,0.000000000000000, , ,{4E84A2B1-DB19-40E8-A20B-D5293B3127B8},9/06/2025 0:00:00, ,13/06/2025 0:00:00,ScarlettMichelle,6.000000000000000,Roy Trustee 2022 Ltd,Proforest
{8BE06EE9-E918-4BBE-8FBD-967F06C6E7FD},1189.000000000000000,No,15/11.48,42.000000000000000,1050.000000000000000,Yes,0.000000000000000,3.000000000000000,0.000000000000000,0.000000000000000,0.000000000000000,0.000000000000000,0.000000000000000,0.000000000000000,25/64,0.000000000000000,0.071428571428600,0.000000000000000,0.000000000000000,0.000000000000000,0.000000000000000,0.000000000000000,0.000000000000000, , ,{8F4BE6C3-B1B8-4037-A0F7-04E4C244E9C0},9/06/2025 0:00:00, ,13/06/2025 0:00:00,ScarlettMichelle,3.000000000000000,Roy Trustee 2022 Ltd,Proforest
{E8E59E24-160A-4CE3-988D-00ECCD7A07A5},1201.000000000000000,No,15/11.48,41.000000000000000,1025.000000000000000,No,0.000000000000000,0.000000000000000,0.000000000000000,0.000000000000000,0.000000000000000,0.000000000000000,0.000000000000000,0.000000000000000,25/64,0.000000000000000,0.000000000000000,0.000000000000000,0.000000000000000,0.000000000000000,0.000000000000000,0.000000000000000,0.000000000000000, ,Moved out of swap .,{96666EFB-9DA1-4F37-8CC2-E113560421B7},9/06/2025 0:00:00, ,9/06/2025 0:00:00, ,0.000000000000000,Roy Trustee 2022 Ltd,Proforest
{76DFAAC7-C28E-4A7C-B7DC-77E1039F15F7},79.000000000000000,No,5/11.31,40.000000000000000,1000.000000000000000,No,0.000000000000000,0.000000000000000,0.000000000000000,0.000000000000000,0.000000000000000,0.000000000000000,0.000000000000000,0.000000000000000,25/61,0.000000000000000,0.000000000000000,0.000000000000000,0.000000000000000,0.000000000000000,0.000000000000000,0.000000000000000,0.000000000000000, , ,{968E07B4-05CA-4989-9743-F70903F18938},9/06/2025 0:00:00, ,9/06/2025 0:00:00, ,0.000000000000000,Roy Trustee 2022 Ltd,Forest View Contracting
{89684881-9725-44CF-A8E2-08F6627DECBF},17.000000000000000,No,5/11.31,36.000000000000000,900.000000000000000,No,0.000000000000000,0.000000000000000,0.000000000000000,0.000000000000000,0.000000000000000,0.000000000000000,0.000000000000000,0.000000000000000,25/61,0.000000000000000,0.000000000000000,0.000000000000000,0.000000000000000,0.000000000000000,0.000000000000000,0.000000000000000,0.000000000000000, , ,{968E07B4-05CA-4989-9743-F70903F18938},9/06/2025 0:00:00, ,9/06/2025 0:00:00, ,0.000000000000000,Roy Trustee 2022 Ltd,Forest View Contracting
{E8D3B8FC-34BF-4961-B8AE-FD6F680D97FC},71.000000000000000,No,0/11.31,44.000000000000000,1100.000000000000000,No,0.000000000000000,0.000000000000000,0.000000000000000,0.000000000000000,0.000000000000000,0.000000000000000,0.000000000000000,0.000000000000000,25/61,0.000000000000000,0.000000000000000,0.000000000000000,0.000000000000000,0.000000000000000,0.000000000000000,0.000000000000000,0.000000000000000, , ,{968E07B4-05CA-4989-9743-F70903F18938},9/06/2025 0:00:00, ,9/06/2025 0:00:00, ,0.000000000000000,Roy Trustee 2022 Ltd,Forest View Contracting
{9B1AC3E3-DEC9-43B6-B111-CFA238C35C7D},67.000000000000000,No,5/11.31,41.000000000000000,1025.000000000000000,No,0.000000000000000,0.000000000000000,0.000000000000000,0.000000000000000,0.000000000000000,0.000000000000000,0.000000000000000,0.000000000000000,25/61,0.000000000000000,0.000000000000000,0.000000000000000,0.000000000000000,0.000000000000000,0.000000000000000,0.000000000000000,0.000000000000000, , ,{968E07B4-05CA-4989-9743-F70903F18938},9/06/2025 0:00:00, ,9/06/2025 0:00:00, ,0.000000000000000,Roy Trustee 2022 Ltd,Forest View Contracting
{CDB17FB6-D9BA-415B-AC11-872B026EB63A},65.000000000000000,No,5/11.31,38.000000000000000,950.000000000000000,No,0.000000000000000,0.000000000000000,0.000000000000000,0.000000000000000,0.000000000000000,0.000000000000000,0.000000000000000,0.000000000000000,25/61,0.000000000000000,0.000000000000000,0.000000000000000,0.000000000000000,0.000000000000000,0.000000000000000,0.000000000000000,0.000000000000000, , ,{968E07B4-05CA-4989-9743-F70903F18938},9/06/2025 0:00:00, ,9/06/2025 0:00:00, ,0.000000000000000,Roy Trustee 2022 Ltd,Forest View Contracting
{E4B670DA-DED7-44F0-B29C-C415F5E8F204},69.000000000000000,No,5/11.31,44.000000000000000,1100.000000000000000,No,0.000000000000000,0.000000000000000,0.000000000000000,0.000000000000000,0.000000000000000,0.000000000000000,0.000000000000000,0.000000000000000,25/61,0.000000000000000,0.000000000000000,0.000000000000000,0.000000000000000,0.000000000000000,0.000000000000000,0.000000000000000,0.000000000000000, , ,{968E07B4-05CA-4989-9743-F70903F18938},9/06/2025 0:00:00, ,9/06/2025 0:00:00, ,0.000000000000000,Roy Trustee 2022 Ltd,Forest View Contracting
{15BEA46F-4C73-481A-AB8D-EC146985FBF7},61.000000000000000,No,10/11.37,38.000000000000000,950.000000000000000,No,0.000000000000000,0.000000000000000,0.000000000000000,0.000000000000000,0.000000000000000,0.000000000000000,0.000000000000000,0.000000000000000,25/61,0.000000000000000,0.000000000000000,0.000000000000000,0.000000000000000,0.000000000000000,0.000000000000000,0.000000000000000,0.000000000000000, , ,{968E07B4-05CA-4989-9743-F70903F18938},9/06/2025 0:00:00, ,9/06/2025 0:00:00, ,0.000000000000000,Roy Trustee 2022 Ltd,Forest View Contracting
{68C45520-B884-428F-8470-55A87EEB8739},59.000000000000000,No,5/11.31,36.000000000000000,900.000000000000000,No,0.000000000000000,0.000000000000000,0.000000000000000,0.000000000000000,0.000000000000000,0.000000000000000,0.000000000000000,0.000000000000000,25/61,0.000000000000000,0.000000000000000,0.000000000000000,0.000000000000000,0.000000000000000,0.000000000000000,0.000000000000000,0.000000000000000, , ,{968E07B4-05CA-4989-9743-F70903F18938},9/06/2025 0:00:00, ,9/06/2025 0:00:00, ,0.000000000000000,Roy Trustee 2022 Ltd,Forest View Contracting
{9FFB9BA6-A2D7-41D1-BD53-0313B6D0AAB2},49.000000000000000,No,10/11.37,38.000000000000000,950.000000000000000,No,0.000000000000000,0.000000000000000,0.000000000000000,0.000000000000000,0.000000000000000,0.000000000000000,0.000000000000000,0.000000000000000,25/61,0.000000000000000,0.000000000000000,0.000000000000000,0.000000000000000,0.000000000000000,0.000000000000000,0.000000000000000,0.000000000000000, , ,{968E07B4-05CA-4989-9743-F70903F18938},9/06/2025 0:00:00, ,9/06/2025 0:00:00, ,0.000000000000000,Roy Trustee 2022 Ltd,Forest View Contracting
{8531820E-F9B5-4EC3-AF21-33A27855587F},51.000000000000000,No,10/11.37,44.000000000000000,1100.000000000000000,No,0.000000000000000,0.000000000000000,0.000000000000000,0.000000000000000,0.000000000000000,0.000000000000000,0.000000000000000,0.000000000000000,25/61,0.000000000000000,0.000000000000000,0.000000000000000,0.000000000000000,0.000000000000000,0.000000000000000,0.000000000000000,0.000000000000000, , ,{968E07B4-05CA-4989-9743-F70903F18938},9/06/2025 0:00:00, ,9/06/2025 0:00:00, ,0.000000000000000,Roy Trustee 2022 Ltd,Forest View Contracting
{08920E10-C15A-43D4-A6A4-8D3736416236},35.000000000000000,No,0/11.31,40.000000000000000,1000.000000000000000,No,0.000000000000000,0.000000000000000,0.000000000000000,0.000000000000000,0.000000000000000,0.000000000000000,0.000000000000000,0.000000000000000,25/61,0.000000000000000,0.000000000000000,0.000000000000000,0.000000000000000,0.000000000000000,0.000000000000000,0.000000000000000,0.000000000000000, , ,{968E07B4-05CA-4989-9743-F70903F18938},9/06/2025 0:00:00, ,9/06/2025 0:00:00, ,0.000000000000000,Roy Trustee 2022 Ltd,Forest View Contracting
{AE47F1CD-5FAD-4FE9-B767-1B38F8E2A3EA},1199.000000000000000,No,25/11.85,36.000000000000000,900.000000000000000,Yes,0.000000000000000,0.000000000000000,2.000000000000000,0.000000000000000,0.000000000000000,0.000000000000000,0.000000000000000,0.000000000000000,25/64,0.000000000000000,0.000000000000000,0.055555555555600,0.000000000000000,0.000000000000000,0.000000000000000,0.000000000000000,0.000000000000000, , ,{C113BCFE-4D26-43E6-95DF-E3D83B589281},10/06/2025 0:00:00, ,15/06/2025 0:00:00,ScarlettMichelle,6.000000000000000,Roy Trustee 2022 Ltd,Proforest
{F3CAF6EC-B5D2-4B7D-88D9-B96D59AE3C17},1187.000000000000000,No,30/12.13,44.000000000000000,1100.000000000000000,Yes,1.000000000000000,3.000000000000000,0.000000000000000,0.000000000000000,0.000000000000000,0.000000000000000,0.000000000000000,0.000000000000000,25/64,0.022727272727300,0.068181818181800,0.000000000000000,0.000000000000000,0.000000000000000,0.000000000000000,0.000000000000000,0.000000000000000, , ,{C113BCFE-4D26-43E6-95DF-E3D83B589281},10/06/2025 0:00:00, ,15/06/2025 0:00:00,ScarlettMichelle,4.000000000000000,Roy Trustee 2022 Ltd,Proforest
{4B813303-1D9E-4138-BB75-F12CB4B27590},1185.000000000000000,No,15/11.48,40.000000000000000,1000.000000000000000,Yes,0.000000000000000,2.000000000000000,1.000000000000000,0.000000000000000,0.000000000000000,0.000000000000000,0.000000000000000,0.000000000000000,25/64,0.000000000000000,0.050000000000000,0.025000000000000,0.000000000000000,0.000000000000000,0.000000000000000,0.000000000000000,0.000000000000000, , ,{C113BCFE-4D26-43E6-95DF-E3D83B589281},10/06/2025 0:00:00, ,15/06/2025 0:00:00,ScarlettMichelle,5.000000000000000,Roy Trustee 2022 Ltd,Proforest
{73D16B05-E84E-4ACA-8DC1-5C35FC0BB8BC},1211.000000000000000,No,15/11.48,36.000000000000000,900.000000000000000,Yes,1.000000000000000,2.000000000000000,0.000000000000000,0.000000000000000,0.000000000000000,1.000000000000000,0.000000000000000,0.000000000000000,25/64,0.027777777777800,0.055555555555600,0.000000000000000,0.000000000000000,0.000000000000000,0.027777777777800,0.000000000000000,0.000000000000000, , ,{C113BCFE-4D26-43E6-95DF-E3D83B589281},10/06/2025 0:00:00, ,15/06/2025 0:00:00,ScarlettMichelle,6.000000000000000,Roy Trustee 2022 Ltd,Proforest
{36D1B104-D16E-4508-82FF-587F854AC597},1195.000000000000000,No,25/11.85,43.000000000000000,1075.000000000000000,Yes,1.000000000000000,1.000000000000000,1.000000000000000,0.000000000000000,0.000000000000000,0.000000000000000,0.000000000000000,0.000000000000000,25/64,0.023255813953500,0.023255813953500,0.023255813953500,0.000000000000000,0.000000000000000,0.000000000000000,0.000000000000000,0.000000000000000, ,Roots up found was long root systems,{C113BCFE-4D26-43E6-95DF-E3D83B589281},10/06/2025 0:00:00, ,15/06/2025 0:00:00,ScarlettMichelle,5.000000000000000,Roy Trustee 2022 Ltd,Proforest
{592DC725-1E1E-49C0-888E-BBB6E506020F},1193.000000000000000,No,30/12.13,44.000000000000000,1100.000000000000000,Yes,3.000000000000000,2.000000000000000,0.000000000000000,0.000000000000000,0.000000000000000,0.000000000000000,0.000000000000000,0.000000000000000,25/64,0.068181818181800,0.045454545454500,0.000000000000000,0.000000000000000,0.000000000000000,0.000000000000000,0.000000000000000,0.000000000000000, , ,{C113BCFE-4D26-43E6-95DF-E3D83B589281},10/06/2025 0:00:00, ,15/06/2025 0:00:00,ScarlettMichelle,5.000000000000000,Roy Trustee 2022 Ltd,Proforest
{C88E0F6C-E17F-4319-8E90-1E6A64B5AF76},1179.000000000000000,No,20/11.64,44.000000000000000,1100.000000000000000,Yes,0.000000000000000,2.000000000000000,1.000000000000000,0.000000000000000,0.000000000000000,0.000000000000000,0.000000000000000,0.000000000000000,25/64,0.000000000000000,0.000000000000000,0.000000000000000,0.000000000000000,0.000000000000000,0.000000000000000,0.000000000000000,0.000000000000000, , ,{C113BCFE-4D26-43E6-95DF-E3D83B589281},10/06/2025 0:00:00, ,25/09/2025 0:00:00,ScarlettMichelle,5.000000000000000,Roy Trustee 2022 Ltd,Proforest
{718E7A28-6AC7-41CD-87AD-B21A53E3158E},1181.000000000000000,No,30/12.13,36.000000000000000,900.000000000000000,Yes,0.000000000000000,3.000000000000000,0.000000000000000,0.000000000000000,0.000000000000000,0.000000000000000,0.000000000000000,0.000000000000000,25/64,0.000000000000000,0.000000000000000,0.000000000000000,0.000000000000000,0.000000000000000,0.000000000000000,0.000000000000000,0.000000000000000, , ,{C113BCFE-4D26-43E6-95DF-E3D83B589281},10/06/2025 0:00:00, ,25/09/2025 0:00:00,ScarlettMichelle,3.000000000000000,Roy Trustee 2022 Ltd,Proforest
{CCA19028-D6F6-4741-8985-9B3AD4BA797F},1171.000000000000000,No,30/12.13,44.000000000000000,1100.000000000000000,Yes,0.000000000000000,1.000000000000000,1.000000000000000,0.000000000000000,0.000000000000000,0.000000000000000,0.000000000000000,0.000000000000000,25/64,0.000000000000000,0.022727272727300,0.022727272727300,0.000000000000000,0.000000000000000,0.000000000000000,0.000000000000000,0.000000000000000, , ,{C113BCFE-4D26-43E6-95DF-E3D83B589281},10/06/2025 0:00:00, ,15/06/2025 0:00:00,ScarlettMichelle,4.000000000000000,Roy Trustee 2022 Ltd,Proforest
{CC59CA3A-86B8-409E-B600-4EC38F863D65},1199.000000000000000,No,25/11.85,36.000000000000000,900.000000000000000,Yes,0.000000000000000,0.000000000000000,2.000000000000000,0.000000000000000,0.000000000000000,0.000000000000000,0.000000000000000,0.000000000000000,25/64,0.000000000000000,0.000000000000000,0.055555555555600,0.000000000000000,0.000000000000000,0.000000000000000,0.000000000000000,0.000000000000000, ,Some long roots,{34B8A4AC-1CB6-408D-BFFF-DAED56E5D090},10/06/2025 0:00:00, ,15/06/2025 0:00:00,ScarlettMichelle,6.000000000000000,Roy Trustee 2022 Ltd,Proforest
{954D2637-642A-4E03-8AAA-29AA1F66D6E2},1187.000000000000000,No,30/12.13,44.000000000000000,1100.000000000000000,Yes,1.000000000000000,3.000000000000000,0.000000000000000,0.000000000000000,0.000000000000000,0.000000000000000,0.000000000000000,0.000000000000000,25/64,0.022727272727300,0.068181818181800,0.000000000000000,0.000000000000000,0.000000000000000,0.000000000000000,0.000000000000000,0.000000000000000, , ,{34B8A4AC-1CB6-408D-BFFF-DAED56E5D090},10/06/2025 0:00:00, ,15/06/2025 0:00:00,ScarlettMichelle,4.000000000000000,Roy Trustee 2022 Ltd,Proforest
{77DB921B-EDF1-4215-B034-C99E9E9C8AD7},1185.000000000000000,No,15/11.48,40.000000000000000,1000.000000000000000,Yes,0.000000000000000,2.000000000000000,1.000000000000000,0.000000000000000,0.000000000000000,0.000000000000000,0.000000000000000,0.000000000000000,25/64,0.000000000000000,0.050000000000000,0.025000000000000,0.000000000000000,0.000000000000000,0.000000000000000,0.000000000000000,0.000000000000000, , ,{34B8A4AC-1CB6-408D-BFFF-DAED56E5D090},10/06/2025 0:00:00, ,15/06/2025 0:00:00,ScarlettMichelle,5.000000000000000,Roy Trustee 2022 Ltd,Proforest
{8BAC812B-5999-4A1A-BAA3-93C1045E26C3},1211.000000000000000,No,15/11.48,36.000000000000000,900.000000000000000,Yes,1.000000000000000,2.000000000000000,0.000000000000000,0.000000000000000,0.000000000000000,1.000000000000000,0.000000000000000,0.000000000000000,25/64,0.027777777777800,0.055555555555600,0.000000000000000,0.000000000000000,0.000000000000000,0.027777777777800,0.000000000000000,0.000000000000000, , ,{34B8A4AC-1CB6-408D-BFFF-DAED56E5D090},10/06/2025 0:00:00, ,15/06/2025 0:00:00,ScarlettMichelle,6.000000000000000,Roy Trustee 2022 Ltd,Proforest
{9BCD9CE1-D33F-4EC0-AD79-750D3D753193},1195.000000000000000,No,25/11.85,43.000000000000000,1075.000000000000000,Yes,1.000000000000000,1.000000000000000,1.000000000000000,0.000000000000000,0.000000000000000,0.000000000000000,0.000000000000000,0.000000000000000,25/64,0.023255813953500,0.023255813953500,0.023255813953500,0.000000000000000,0.000000000000000,0.000000000000000,0.000000000000000,0.000000000000000, ,Roots up found was long root systems,{34B8A4AC-1CB6-408D-BFFF-DAED56E5D090},10/06/2025 0:00:00, ,15/06/2025 0:00:00,ScarlettMichelle,5.000000000000000,Roy Trustee 2022 Ltd,Proforest
{AC474EC0-B825-48B4-99F7-4408C0AAE57F},1193.000000000000000,No,30/12.13,44.000000000000000,1100.000000000000000,Yes,3.000000000000000,2.000000000000000,0.000000000000000,0.000000000000000,0.000000000000000,0.000000000000000,0.000000000000000,0.000000000000000,25/64,0.068181818181800,0.045454545454500,0.000000000000000,0.000000000000000,0.000000000000000,0.000000000000000,0.000000000000000,0.000000000000000, , ,{34B8A4AC-1CB6-408D-BFFF-DAED56E5D090},10/06/2025 0:00:00, ,15/06/2025 0:00:00,ScarlettMichelle,5.000000000000000,Roy Trustee 2022 Ltd,Proforest
{526D43BD-04FB-4C92-9611-2FEE046A74DA},1179.000000000000000,No,20/11.64,44.000000000000000,1100.000000000000000,Yes,0.000000000000000,2.000000000000000,1.000000000000000,0.000000000000000,0.000000000000000,0.000000000000000,0.000000000000000,0.000000000000000,25/64,0.000000000000000,0.000000000000000,0.000000000000000,0.000000000000000,0.000000000000000,0.000000000000000,0.000000000000000,0.000000000000000, , ,{34B8A4AC-1CB6-408D-BFFF-DAED56E5D090},10/06/2025 0:00:00, ,25/09/2025 0:00:00,ScarlettMichelle,5.000000000000000,Roy Trustee 2022 Ltd,Proforest
{6157ADA0-F6C3-4635-B9E8-F3BB477713DE},1181.000000000000000,No,30/12.13,36.000000000000000,900.000000000000000,Yes,0.000000000000000,3.000000000000000,0.000000000000000,0.000000000000000,0.000000000000000,0.000000000000000,0.000000000000000,0.000000000000000,25/64,0.000000000000000,0.000000000000000,0.000000000000000,0.000000000000000,0.000000000000000,0.000000000000000,0.000000000000000,0.000000000000000, , ,{34B8A4AC-1CB6-408D-BFFF-DAED56E5D090},10/06/2025 0:00:00, ,25/09/2025 0:00:00,ScarlettMichelle,3.000000000000000,Roy Trustee 2022 Ltd,Proforest
{F7205EDC-D51B-4037-AF1D-8A6A5B9C8080},1171.000000000000000,No,30/12.13,44.000000000000000,1100.000000000000000,Yes,0.000000000000000,1.000000000000000,1.000000000000000,0.000000000000000,0.000000000000000,0.000000000000000,0.000000000000000,0.000000000000000,25/64,0.000000000000000,0.022727272727300,0.022727272727300,0.000000000000000,0.000000000000000,0.000000000000000,0.000000000000000,0.000000000000000, , ,{34B8A4AC-1CB6-408D-BFFF-DAED56E5D090},10/06/2025 0:00:00, ,15/06/2025 0:00:00,ScarlettMichelle,4.000000000000000,Roy Trustee 2022 Ltd,Proforest
{ACFBEEA7-9DCA-480E-8EE8-D0736ECD836A},73.000000000000000,No,10/11.37,41.000000000000000,1025.000000000000000,No,0.000000000000000,0.000000000000000,0.000000000000000,0.000000000000000,0.000000000000000,0.000000000000000,0.000000000000000,0.000000000000000,25/61,0.000000000000000,0.000000000000000,0.000000000000000,0.000000000000000,0.000000000000000,0.000000000000000,0.000000000000000,0.000000000000000, , ,{8B917128-19F3-48FC-955F-9F369EC67FFB},10/06/2025 0:00:00, ,10/06/2025 0:00:00, ,0.000000000000000,Roy Trustee 2022 Ltd,Forest View Contracting
{5D1A7E50-B19B-4FA0-909B-117188F9D9B9},81.000000000000000,No,5/11.31,41.000000000000000,1025.000000000000000,No,0.000000000000000,0.000000000000000,0.000000000000000,0.000000000000000,0.000000000000000,0.000000000000000,0.000000000000000,0.000000000000000,25/61,0.000000000000000,0.000000000000000,0.000000000000000,0.000000000000000,0.000000000000000,0.000000000000000,0.000000000000000,0.000000000000000, , ,{8B917128-19F3-48FC-955F-9F369EC67FFB},10/06/2025 0:00:00, ,10/06/2025 0:00:00, ,0.000000000000000,Roy Trustee 2022 Ltd,Forest View Contracting
{1258958E-4E45-4DEB-B596-BA36DAF71499},87.000000000000000,No,0/11.31,43.000000000000000,1075.000000000000000,No,0.000000000000000,0.000000000000000,0.000000000000000,0.000000000000000,0.000000000000000,0.000000000000000,0.000000000000000,0.000000000000000,25/61,0.000000000000000,0.000000000000000,0.000000000000000,0.000000000000000,0.000000000000000,0.000000000000000,0.000000000000000,0.000000000000000, , ,{8B917128-19F3-48FC-955F-9F369EC67FFB},10/06/2025 0:00:00, ,10/06/2025 0:00:00, ,0.000000000000000,Roy Trustee 2022 Ltd,Forest View Contracting
{D8119195-5629-4DA8-A190-9F103C9E41C7},19.000000000000000,No,0/11.31,38.000000000000000,950.000000000000000,No,0.000000000000000,0.000000000000000,0.000000000000000,0.000000000000000,0.000000000000000,0.000000000000000,0.000000000000000,0.000000000000000,25/61,0.000000000000000,0.000000000000000,0.000000000000000,0.000000000000000,0.000000000000000,0.000000000000000,0.000000000000000,0.000000000000000, ,"
",{8B917128-19F3-48FC-955F-9F369EC67FFB},10/06/2025 0:00:00, ,10/06/2025 0:00:00, ,0.000000000000000,Roy Trustee 2022 Ltd,Forest View Contracting
{9953F93A-F04C-4B55-AF42-BE4B02F6F331},83.000000000000000,No,0/11.31,40.000000000000000,1000.000000000000000,No,0.000000000000000,0.000000000000000,0.000000000000000,0.000000000000000,0.000000000000000,0.000000000000000,0.000000000000000,0.000000000000000,25/61,0.000000000000000,0.000000000000000,0.000000000000000,0.000000000000000,0.000000000000000,0.000000000000000,0.000000000000000,0.000000000000000, , ,{8B917128-19F3-48FC-955F-9F369EC67FFB},10/06/2025 0:00:00, ,10/06/2025 0:00:00, ,0.000000000000000,Roy Trustee 2022 Ltd,Forest View Contracting
{B8E00F93-0A48-46B5-802C-1BAC8C5FA16B},75.000000000000000,No,0/11.31,39.000000000000000,975.000000000000000,No,0.000000000000000,0.000000000000000,0.000000000000000,0.000000000000000,0.000000000000000,0.000000000000000,0.000000000000000,0.000000000000000,25/61,0.000000000000000,0.000000000000000,0.000000000000000,0.000000000000000,0.000000000000000,0.000000000000000,0.000000000000000,0.000000000000000, , ,{8B917128-19F3-48FC-955F-9F369EC67FFB},10/06/2025 0:00:00, ,10/06/2025 0:00:00, ,0.000000000000000,Roy Trustee 2022 Ltd,Forest View Contracting
{90868251-9FB6-49C9-85AD-AFE9199A2B68},85.000000000000000,No,0/11.31,39.000000000000000,975.000000000000000,No,0.000000000000000,0.000000000000000,0.000000000000000,0.000000000000000,0.000000000000000,0.000000000000000,0.000000000000000,0.000000000000000,25/61,0.000000000000000,0.000000000000000,0.000000000000000,0.000000000000000,0.000000000000000,0.000000000000000,0.000000000000000,0.000000000000000, , ,{8B917128-19F3-48FC-955F-9F369EC67FFB},10/06/2025 0:00:00, ,10/06/2025 0:00:00, ,0.000000000000000,Roy Trustee 2022 Ltd,Forest View Contracting
{F7501189-6B34-45CF-849B-E69BBB0CC572},993.000000000000000,No,20/11.64,37.000000000000000,925.000000000000000,No,0.000000000000000,0.000000000000000,0.000000000000000,0.000000000000000,0.000000000000000,0.000000000000000,0.000000000000000,0.000000000000000,25/70,0.000000000000000,0.000000000000000,0.000000000000000,0.000000000000000,0.000000000000000,0.000000000000000,0.000000000000000,0.000000000000000, , ,{15E9C787-A74A-4DFC-8C46-5EA324B2038D},10/06/2025 0:00:00, ,10/06/2025 0:00:00, ,0.000000000000000,Roy Trustee 2022 Ltd,Forest View Contracting
{E8CC3499-D52D-41C8-8354-6F3D73AFA9C5},975.000000000000000,No,5/11.31,39.000000000000000,975.000000000000000,No,0.000000000000000,0.000000000000000,0.000000000000000,0.000000000000000,0.000000000000000,0.000000000000000,0.000000000000000,0.000000000000000,25/70,0.000000000000000,0.000000000000000,0.000000000000000,0.000000000000000,0.000000000000000,0.000000000000000,0.000000000000000,0.000000000000000, ,"

",{15E9C787-A74A-4DFC-8C46-5EA324B2038D},10/06/2025 0:00:00, ,10/06/2025 0:00:00, ,0.000000000000000,Roy Trustee 2022 Ltd,Forest View Contracting
{B5EE1C32-D47C-4C4D-B441-4F983257C9ED},2157.000000000000000,No,10/11.37,37.000000000000000,925.000000000000000,Yes,0.000000000000000,0.000000000000000,0.000000000000000,0.000000000000000,0.000000000000000,0.000000000000000,1.000000000000000,0.000000000000000,25/7,0.000000000000000,0.000000000000000,0.000000000000000,0.000000000000000,0.000000000000000,0.000000000000000,0.027027027027000,0.000000000000000, ,Plot moved.off boudary and water way,{BAE76556-30FA-4C34-971C-A404B02B80B6},10/06/2025 0:00:00, ,10/06/2025 0:00:00, ,3.000000000000000,Roy Trustee 2022 Ltd,Johnson Forestry Services
{EF3698E7-5474-4292-AABA-2DADC8FFEDC4},2155.000000000000000,No,10/11.37,38.000000000000000,950.000000000000000,Yes,0.000000000000000,1.000000000000000,0.000000000000000,0.000000000000000,0.000000000000000,0.000000000000000,1.000000000000000,0.000000000000000,25/7,0.000000000000000,0.026315789473700,0.000000000000000,0.000000000000000,0.000000000000000,0.000000000000000,0.026315789473700,0.000000000000000, , ,{BAE76556-30FA-4C34-971C-A404B02B80B6},10/06/2025 0:00:00, ,10/06/2025 0:00:00, ,4.000000000000000,Roy Trustee 2022 Ltd,Johnson Forestry Services
{78DEE458-7234-47A6-AB18-6AE18A90554A},2133.000000000000000,No,15/11.48,37.000000000000000,925.000000000000000,No,0.000000000000000,0.000000000000000,0.000000000000000,0.000000000000000,0.000000000000000,0.000000000000000,0.000000000000000,0.000000000000000,25/7,0.000000000000000,0.000000000000000,0.000000000000000,0.000000000000000,0.000000000000000,0.000000000000000,0.000000000000000,0.000000000000000, ,"Plot moved off track, and wond row",{BAE76556-30FA-4C34-971C-A404B02B80B6},10/06/2025 0:00:00, ,10/06/2025 0:00:00, ,0.000000000000000,Roy Trustee 2022 Ltd,Johnson Forestry Services
{E2FC5975-EAE4-4A27-9F72-38DCE4575652},2121.000000000000000,No,20/11.64,39.000000000000000,975.000000000000000,No,0.000000000000000,0.000000000000000,0.000000000000000,0.000000000000000,0.000000000000000,0.000000000000000,0.000000000000000,0.000000000000000,25/7,0.000000000000000,0.000000000000000,0.000000000000000,0.000000000000000,0.000000000000000,0.000000000000000,0.000000000000000,0.000000000000000, ,Plot moved off track and native scrub,{BAE76556-30FA-4C34-971C-A404B02B80B6},10/06/2025 0:00:00, ,10/06/2025 0:00:00, ,0.000000000000000,Roy Trustee 2022 Ltd,Johnson Forestry Services
{0C0C7EB4-9723-460B-B604-795AECD022B1},2145.000000000000000,No,20/11.64,39.000000000000000,975.000000000000000,Yes,0.000000000000000,0.000000000000000,0.000000000000000,0.000000000000000,0.000000000000000,0.000000000000000,1.000000000000000,0.000000000000000,25/7,0.000000000000000,0.000000000000000,0.000000000000000,0.000000000000000,0.000000000000000,0.000000000000000,0.025641025641000,0.000000000000000, ,Moved up out of widrow and native scrub,{BAE76556-30FA-4C34-971C-A404B02B80B6},10/06/2025 0:00:00, ,10/06/2025 0:00:00, ,3.000000000000000,Roy Trustee 2022 Ltd,Johnson Forestry Services
{6CF0CC18-157E-49FB-8810-72EE80424EC9},2147.000000000000000,No,15/11.48,37.000000000000000,925.000000000000000,Yes,0.000000000000000,1.000000000000000,1.000000000000000,0.000000000000000,0.000000000000000,0.000000000000000,0.000000000000000,0.000000000000000,25/7,0.000000000000000,0.027027027027000,0.027027027027000,0.000000000000000,0.000000000000000,0.000000000000000,0.000000000000000,0.000000000000000, , ,{BAE76556-30FA-4C34-971C-A404B02B80B6},10/06/2025 0:00:00, ,10/06/2025 0:00:00, ,4.000000000000000,Roy Trustee 2022 Ltd,Johnson Forestry Services
{5E87C423-5BBB-4C89-B288-244224D180F1},2135.000000000000000,No,30/12.13,42.000000000000000,1050.000000000000000,Yes,1.000000000000000,0.000000000000000,1.000000000000000,0.000000000000000,0.000000000000000,0.000000000000000,0.000000000000000,0.000000000000000,25/7,0.023809523809500,0.000000000000000,0.023809523809500,0.000000000000000,0.000000000000000,0.000000000000000,0.000000000000000,0.000000000000000, , ,{BAE76556-30FA-4C34-971C-A404B02B80B6},10/06/2025 0:00:00, ,10/06/2025 0:00:00, ,4.000000000000000,Roy Trustee 2022 Ltd,Johnson Forestry Services
{AFE3110B-6E59-478D-859F-C3A14EB57359},2123.000000000000000,No,10/11.37,38.000000000000000,950.000000000000000,Yes,2.000000000000000,1.000000000000000,0.000000000000000,0.000000000000000,0.000000000000000,0.000000000000000,0.000000000000000,0.000000000000000,25/7,0.052631578947400,0.026315789473700,0.000000000000000,0.000000000000000,0.000000000000000,0.000000000000000,0.000000000000000,0.000000000000000, , ,{BAE76556-30FA-4C34-971C-A404B02B80B6},10/06/2025 0:00:00, ,10/06/2025 0:00:00, ,3.000000000000000,Roy Trustee 2022 Ltd,Johnson Forestry Services
{5A3961CA-9624-4E6F-A3D8-A27DD099D5D7},2107.000000000000000,No,10/11.37,37.000000000000000,925.000000000000000,Yes,1.000000000000000,0.000000000000000,0.000000000000000,0.000000000000000,0.000000000000000,0.000000000000000,1.000000000000000,0.000000000000000,25/7,0.027027027027000,0.000000000000000,0.000000000000000,0.000000000000000,0.000000000000000,0.000000000000000,0.027027027027000,0.000000000000000, , ,{BAE76556-30FA-4C34-971C-A404B02B80B6},10/06/2025 0:00:00, ,10/06/2025 0:00:00, ,4.000000000000000,Roy Trustee 2022 Ltd,Johnson Forestry Services
{AE2F7F8F-7DBC-4E5B-B131-FFA1C4D1EDC4},1173.000000000000000,No,15/11.48,38.000000000000000,950.000000000000000,Yes,2.000000000000000,0.000000000000000,1.000000000000000,0.000000000000000,0.000000000000000,0.000000000000000,0.000000000000000,0.000000000000000,25/64,0.052631578947400,0.000000000000000,0.026315789473700,0.000000000000000,0.000000000000000,0.000000000000000,0.000000000000000,0.000000000000000, ,"1 roots up long roots 
",{1F7C658F-DA28-4ABC-9F1B-2BA33A5273BE},11/06/2025 0:00:00, ,15/06/2025 0:00:00,ScarlettMichelle,5.000000000000000,Roy Trustee 2022 Ltd,Proforest
{45BDA969-48BE-48AD-9CA6-BBE63B37BCD1},1183.000000000000000,No,20/11.64,41.000000000000000,1025.000000000000000,Yes,0.000000000000000,0.000000000000000,1.000000000000000,0.000000000000000,0.000000000000000,1.000000000000000,0.000000000000000,0.000000000000000,25/64,0.000000000000000,0.000000000000000,0.024390243902400,0.000000000000000,0.000000000000000,0.024390243902400,0.000000000000000,0.000000000000000, , ,{1F7C658F-DA28-4ABC-9F1B-2BA33A5273BE},11/06/2025 0:00:00, ,15/06/2025 0:00:00,ScarlettMichelle,6.000000000000000,Roy Trustee 2022 Ltd,Proforest
{F2857BF5-D180-4F2E-8422-943A691C6874},1183.000000000000000,No,30/12.13,44.000000000000000,1100.000000000000000,Yes,1.000000000000000,2.000000000000000,1.000000000000000,0.000000000000000,0.000000000000000,0.000000000000000,0.000000000000000,0.000000000000000,25/64,0.022727272727300,0.045454545454500,0.022727272727300,0.000000000000000,0.000000000000000,0.000000000000000,0.000000000000000,0.000000000000000, , ,{1F7C658F-DA28-4ABC-9F1B-2BA33A5273BE},11/06/2025 0:00:00, ,15/06/2025 0:00:00,ScarlettMichelle,6.000000000000000,Roy Trustee 2022 Ltd,Proforest
{4097F09E-4C3D-4E98-8242-E26C3825E112},1173.000000000000000,No,20/11.64,42.000000000000000,1050.000000000000000,Yes,0.000000000000000,0.000000000000000,1.000000000000000,0.000000000000000,0.000000000000000,1.000000000000000,0.000000000000000,0.000000000000000,25/64,0.000000000000000,0.000000000000000,0.023809523809500,0.000000000000000,0.000000000000000,0.023809523809500,0.000000000000000,0.000000000000000, , ,{1F7C658F-DA28-4ABC-9F1B-2BA33A5273BE},11/06/2025 0:00:00, ,15/06/2025 0:00:00,ScarlettMichelle,6.000000000000000,Roy Trustee 2022 Ltd,Proforest
{3BC0DF06-D3CD-4983-915A-7EC1C5454FD6},1169.000000000000000,No,5/11.31,44.000000000000000,1100.000000000000000,Yes,0.000000000000000,2.000000000000000,0.000000000000000,0.000000000000000,0.000000000000000,0.000000000000000,0.000000000000000,0.000000000000000,25/64,0.000000000000000,0.045454545454500,0.000000000000000,0.000000000000000,0.000000000000000,0.000000000000000,0.000000000000000,0.000000000000000, , ,{1F7C658F-DA28-4ABC-9F1B-2BA33A5273BE},11/06/2025 0:00:00, ,15/06/2025 0:00:00,ScarlettMichelle,2.000000000000000,Roy Trustee 2022 Ltd,Proforest
{8A02738E-213B-4A06-9AFE-DA9885472667},2083.000000000000000,No,10/11.37,37.000000000000000,925.000000000000000,Yes,0.000000000000000,0.000000000000000,2.000000000000000,0.000000000000000,0.000000000000000,0.000000000000000,0.000000000000000,0.000000000000000,25/7,0.000000000000000,0.000000000000000,0.054054054054100,0.000000000000000,0.000000000000000,0.000000000000000,0.000000000000000,0.000000000000000, , ,{7FF84672-1B58-4DE5-92DF-8F549842B60B},11/06/2025 0:00:00, ,11/06/2025 0:00:00, ,6.000000000000000,Roy Trustee 2022 Ltd,Johnson Forestry Services
{4EB50089-F823-4438-8AAB-D4A4AF34B3EA},2099.000000000000000,No,20/11.64,41.000000000000000,1025.000000000000000,Yes,0.000000000000000,0.000000000000000,2.000000000000000,0.000000000000000,0.000000000000000,0.000000000000000,0.000000000000000,0.000000000000000,25/7,0.000000000000000,0.000000000000000,0.048780487804900,0.000000000000000,0.000000000000000,0.000000000000000,0.000000000000000,0.000000000000000, , ,{7FF84672-1B58-4DE5-92DF-8F549842B60B},11/06/2025 0:00:00, ,11/06/2025 0:00:00, ,6.000000000000000,Roy Trustee 2022 Ltd,Johnson Forestry Services
{A3731AE1-7F29-4DCD-89A7-9C8E88678E83},2115.000000000000000,No,15/11.48,36.000000000000000,900.000000000000000,Yes,0.000000000000000,0.000000000000000,0.000000000000000,0.000000000000000,0.000000000000000,0.000000000000000,2.000000000000000,0.000000000000000,25/7,0.000000000000000,0.000000000000000,0.000000000000000,0.000000000000000,0.000000000000000,0.000000000000000,0.055555555555600,0.000000000000000, , ,{7FF84672-1B58-4DE5-92DF-8F549842B60B},11/06/2025 0:00:00, ,11/06/2025 0:00:00, ,6.000000000000000,Roy Trustee 2022 Ltd,Johnson Forestry Services
{7987323C-C648-4DBF-8774-12834BABE760},2117.000000000000000,No,20/11.64,42.000000000000000,1050.000000000000000,Yes,1.000000000000000,0.000000000000000,1.000000000000000,0.000000000000000,0.000000000000000,0.000000000000000,0.000000000000000,0.000000000000000,25/7,0.023809523809500,0.000000000000000,0.023809523809500,0.000000000000000,0.000000000000000,0.000000000000000,0.000000000000000,0.000000000000000, , ,{7FF84672-1B58-4DE5-92DF-8F549842B60B},11/06/2025 0:00:00, ,11/06/2025 0:00:00, ,4.000000000000000,Roy Trustee 2022 Ltd,Johnson Forestry Services
{CD9FC7FF-4114-4F70-BEAC-FF38E17FF1B6},2085.000000000000000,No,25/11.85,39.000000000000000,975.000000000000000,Yes,0.000000000000000,1.000000000000000,0.000000000000000,0.000000000000000,0.000000000000000,0.000000000000000,0.000000000000000,0.000000000000000,25/7,0.000000000000000,0.025641025641000,0.000000000000000,0.000000000000000,0.000000000000000,0.000000000000000,0.000000000000000,0.000000000000000, , ,{DBAA87BF-ED72-4C7F-83FE-717CC38779D7},12/06/2025 0:00:00, ,12/06/2025 0:00:00, ,1.000000000000000,Roy Trustee 2022 Ltd,Johnson Forestry Services
{938DDDE0-4B96-482A-9CC5-C7CAF8F1A21E},2101.000000000000000,No,30/12.13,38.000000000000000,950.000000000000000,No,0.000000000000000,0.000000000000000,0.000000000000000,0.000000000000000,0.000000000000000,0.000000000000000,0.000000000000000,0.000000000000000,25/7,0.000000000000000,0.000000000000000,0.000000000000000,0.000000000000000,0.000000000000000,0.000000000000000,0.000000000000000,0.000000000000000, , ,{DBAA87BF-ED72-4C7F-83FE-717CC38779D7},12/06/2025 0:00:00, ,12/06/2025 0:00:00, ,0.000000000000000,Roy Trustee 2022 Ltd,Johnson Forestry Services
{8CDE4A56-1D9D-4968-A9C0-835C537645FD},2103.000000000000000,No,20/11.64,37.000000000000000,925.000000000000000,No,0.000000000000000,0.000000000000000,0.000000000000000,0.000000000000000,0.000000000000000,0.000000000000000,0.000000000000000,0.000000000000000,25/7,0.000000000000000,0.000000000000000,0.000000000000000,0.000000000000000,0.000000000000000,0.000000000000000,0.000000000000000,0.000000000000000, , ,{DBAA87BF-ED72-4C7F-83FE-717CC38779D7},12/06/2025 0:00:00, ,12/06/2025 0:00:00, ,0.000000000000000,Roy Trustee 2022 Ltd,Johnson Forestry Services
{85A6E77F-1786-44C3-8161-A7AD05D94165},2119.000000000000000,No,20/11.64,39.000000000000000,975.000000000000000,No,0.000000000000000,0.000000000000000,0.000000000000000,0.000000000000000,0.000000000000000,0.000000000000000,0.000000000000000,0.000000000000000,25/7,0.000000000000000,0.000000000000000,0.000000000000000,0.000000000000000,0.000000000000000,0.000000000000000,0.000000000000000,0.000000000000000, , ,{DBAA87BF-ED72-4C7F-83FE-717CC38779D7},12/06/2025 0:00:00, ,12/06/2025 0:00:00, ,0.000000000000000,Roy Trustee 2022 Ltd,Johnson Forestry Services
{DE8FEDA2-3FC1-47F4-BF34-B059E7018F07},2105.000000000000000,No,25/11.85,40.000000000000000,1000.000000000000000,Yes,0.000000000000000,1.000000000000000,1.000000000000000,0.000000000000000,0.000000000000000,0.000000000000000,0.000000000000000,0.000000000000000,25/7,0.000000000000000,0.025000000000000,0.025000000000000,0.000000000000000,0.000000000000000,0.000000000000000,0.000000000000000,0.000000000000000, , ,{DBAA87BF-ED72-4C7F-83FE-717CC38779D7},12/06/2025 0:00:00, ,12/06/2025 0:00:00, ,4.000000000000000,Roy Trustee 2022 Ltd,Johnson Forestry Services
{74CA8CAE-F75B-43BA-9AE8-C935B098DA45},2091.000000000000000,No,20/11.64,37.000000000000000,925.000000000000000,Yes,0.000000000000000,0.000000000000000,1.000000000000000,0.000000000000000,0.000000000000000,0.000000000000000,1.000000000000000,0.000000000000000,25/7,0.000000000000000,0.000000000000000,0.027027027027000,0.000000000000000,0.000000000000000,0.000000000000000,0.027027027027000,0.000000000000000, , ,{DBAA87BF-ED72-4C7F-83FE-717CC38779D7},12/06/2025 0:00:00, ,12/06/2025 0:00:00, ,6.000000000000000,Roy Trustee 2022 Ltd,Johnson Forestry Services
{647C325C-9197-4E06-8BCB-99458C4011CF},2089.000000000000000,No,25/11.85,44.000000000000000,1100.000000000000000,Yes,0.000000000000000,4.000000000000000,0.000000000000000,0.000000000000000,0.000000000000000,0.000000000000000,0.000000000000000,0.000000000000000,25/7,0.000000000000000,0.090909090909100,0.000000000000000,0.000000000000000,0.000000000000000,0.000000000000000,0.000000000000000,0.000000000000000, , ,{DBAA87BF-ED72-4C7F-83FE-717CC38779D7},12/06/2025 0:00:00, ,12/06/2025 0:00:00, ,4.000000000000000,Roy Trustee 2022 Ltd,Johnson Forestry Services
{8C20BAC9-FC1B-43AD-AAC8-2753BEA0056A},2087.000000000000000,No,5/11.31,40.000000000000000,1000.000000000000000,Yes,1.000000000000000,1.000000000000000,0.000000000000000,0.000000000000000,0.000000000000000,0.000000000000000,1.000000000000000,0.000000000000000,25/7,0.025000000000000,0.025000000000000,0.000000000000000,0.000000000000000,0.000000000000000,0.000000000000000,0.025000000000000,0.000000000000000, , ,{DBAA87BF-ED72-4C7F-83FE-717CC38779D7},12/06/2025 0:00:00, ,12/06/2025 0:00:00, ,5.000000000000000,Roy Trustee 2022 Ltd,Johnson Forestry Services
{C46C7471-E697-4E4B-B876-3BEEA3A29995},597.000000000000000,No,10/11.37,41.000000000000000,1025.000000000000000,No,0.000000000000000,0.000000000000000,0.000000000000000,0.000000000000000,0.000000000000000,0.000000000000000,0.000000000000000,0.000000000000000,25/58,0.000000000000000,0.000000000000000,0.000000000000000,0.000000000000000,0.000000000000000,0.000000000000000,0.000000000000000,0.000000000000000, , ,{ACE90E3D-9071-47BF-A1AA-A460B758CCA7},12/06/2025 0:00:00, ,12/06/2025 0:00:00, ,0.000000000000000,Roy Trustee 2022 Ltd,Forest View Contracting
{7F92F10F-40D8-4E3F-8F34-E3E26F1DACF9},579.000000000000000,No,5/11.31,38.000000000000000,950.000000000000000,No,0.000000000000000,0.000000000000000,0.000000000000000,0.000000000000000,0.000000000000000,0.000000000000000,0.000000000000000,0.000000000000000,25/58,0.000000000000000,0.000000000000000,0.000000000000000,0.000000000000000,0.000000000000000,0.000000000000000,0.000000000000000,0.000000000000000, , ,{ACE90E3D-9071-47BF-A1AA-A460B758CCA7},12/06/2025 0:00:00, ,12/06/2025 0:00:00, ,0.000000000000000,Roy Trustee 2022 Ltd,Forest View Contracting
{3B1FB64D-1471-42C1-BA67-31A0220CDDC0},587.000000000000000,No,5/11.31,36.000000000000000,900.000000000000000,No,0.000000000000000,0.000000000000000,0.000000000000000,0.000000000000000,0.000000000000000,0.000000000000000,0.000000000000000,0.000000000000000,25/58,0.000000000000000,0.000000000000000,0.000000000000000,0.000000000000000,0.000000000000000,0.000000000000000,0.000000000000000,0.000000000000000, , ,{ACE90E3D-9071-47BF-A1AA-A460B758CCA7},12/06/2025 0:00:00, ,12/06/2025 0:00:00, ,0.000000000000000,Roy Trustee 2022 Ltd,Forest View Contracting
{0CD76129-E81C-4C2F-B52F-B148281C4F3C},589.000000000000000,No,10/11.37,39.000000000000000,975.000000000000000,No,0.000000000000000,0.000000000000000,0.000000000000000,0.000000000000000,0.000000000000000,0.000000000000000,0.000000000000000,0.000000000000000,25/58,0.000000000000000,0.000000000000000,0.000000000000000,0.000000000000000,0.000000000000000,0.000000000000000,0.000000000000000,0.000000000000000, , ,{ACE90E3D-9071-47BF-A1AA-A460B758CCA7},12/06/2025 0:00:00, ,12/06/2025 0:00:00, ,0.000000000000000,Roy Trustee 2022 Ltd,Forest View Contracting
{0D9AAE3F-D4FE-4082-AC3A-2EB0E416F969},601.000000000000000,No,20/11.64,41.000000000000000,1025.000000000000000,No,0.000000000000000,0.000000000000000,0.000000000000000,0.000000000000000,0.000000000000000,0.000000000000000,0.000000000000000,0.000000000000000,25/58,0.000000000000000,0.000000000000000,0.000000000000000,0.000000000000000,0.000000000000000,0.000000000000000,0.000000000000000,0.000000000000000, , ,{ACE90E3D-9071-47BF-A1AA-A460B758CCA7},12/06/2025 0:00:00, ,12/06/2025 0:00:00, ,0.000000000000000,Roy Trustee 2022 Ltd,Forest View Contracting
{BAFC6D41-07E0-427F-B470-73A373743E73},1163.000000000000000,No,5/11.31,43.000000000000000,1075.000000000000000,No,0.000000000000000,0.000000000000000,0.000000000000000,0.000000000000000,0.000000000000000,0.000000000000000,0.000000000000000,0.000000000000000,25/64,0.000000000000000,0.000000000000000,0.000000000000000,0.000000000000000,0.000000000000000,0.000000000000000,0.000000000000000,0.000000000000000, , ,{7C5BB104-9495-420E-9BA1-C8E92E626B74},12/06/2025 0:00:00, ,15/06/2025 0:00:00,ScarlettMichelle,0.000000000000000,Roy Trustee 2022 Ltd,Proforest
{5466A5DA-8870-4E02-B299-5477DFDC142E},1165.000000000000000,No,15/11.48,46.000000000000000,1150.000000000000000,Yes,1.000000000000000,0.000000000000000,1.000000000000000,0.000000000000000,0.000000000000000,0.000000000000000,0.000000000000000,0.000000000000000,25/64,0.021739130434800,0.000000000000000,0.021739130434800,0.000000000000000,0.000000000000000,0.000000000000000,0.000000000000000,0.000000000000000,Yes, ,{7C5BB104-9495-420E-9BA1-C8E92E626B74},12/06/2025 0:00:00, ,15/06/2025 0:00:00,ScarlettMichelle,4.000000000000000,Roy Trustee 2022 Ltd,Proforest
{BA39D5EC-AB21-48FC-9E3C-F0466716552E},1177.000000000000000,No,10/11.37,38.000000000000000,950.000000000000000,Yes,0.000000000000000,2.000000000000000,1.000000000000000,0.000000000000000,0.000000000000000,0.000000000000000,0.000000000000000,0.000000000000000,25/64,0.000000000000000,0.052631578947400,0.026315789473700,0.000000000000000,0.000000000000000,0.000000000000000,0.000000000000000,0.000000000000000, , ,{7C5BB104-9495-420E-9BA1-C8E92E626B74},12/06/2025 0:00:00, ,15/06/2025 0:00:00,ScarlettMichelle,5.000000000000000,Roy Trustee 2022 Ltd,Proforest
{91CE67A7-466B-4D97-A8F5-48783BDDAC58},1167.000000000000000,No,30/12.13,48.000000000000000,1200.000000000000000,Yes,0.000000000000000,2.000000000000000,1.000000000000000,0.000000000000000,0.000000000000000,0.000000000000000,0.000000000000000,0.000000000000000,25/64,0.000000000000000,0.041666666666700,0.020833333333300,0.000000000000000,0.000000000000000,0.000000000000000,0.000000000000000,0.000000000000000,Yes, ,{7C5BB104-9495-420E-9BA1-C8E92E626B74},12/06/2025 0:00:00, ,13/06/2025 0:00:00,ScarlettMichelle,5.000000000000000,Roy Trustee 2022 Ltd,Proforest
{4E99F7A7-1E03-4432-AAA5-32C05DA989F8},423.000000000000000,No,10/11.37,35.000000000000000,875.000000000000000,Yes,0.000000000000000,0.000000000000000,1.000000000000000,0.000000000000000,0.000000000000000,1.000000000000000,0.000000000000000,0.000000000000000,25/72,0.000000000000000,0.000000000000000,0.028571428571400,0.000000000000000,0.000000000000000,0.028571428571400,0.000000000000000,0.000000000000000,Yes, ,{2999D607-9B3D-4794-9F96-6B10ACA1DF98},12/06/2025 0:00:00, ,13/06/2025 0:00:00,ScarlettMichelle,6.000000000000000,Roy Trustee 2022 Ltd,Proforest
{FB74BDF8-3F95-408B-B435-8CEEA3EC35D3},421.000000000000000,No,0/11.31,39.000000000000000,975.000000000000000,Yes,2.000000000000000,1.000000000000000,1.000000000000000,0.000000000000000,0.000000000000000,0.000000000000000,0.000000000000000,0.000000000000000,25/72,0.051282051282100,0.025641025641000,0.025641025641000,0.000000000000000,0.000000000000000,0.000000000000000,0.000000000000000,0.000000000000000, , ,{2999D607-9B3D-4794-9F96-6B10ACA1DF98},12/06/2025 0:00:00, ,13/06/2025 0:00:00,ScarlettMichelle,6.000000000000000,Roy Trustee 2022 Ltd,Proforest
{84FE1534-5B79-4CB6-AEC0-86EC8C5DCD92},405.000000000000000,No,25/11.85,44.000000000000000,1100.000000000000000,Yes,1.000000000000000,2.000000000000000,1.000000000000000,0.000000000000000,0.000000000000000,0.000000000000000,0.000000000000000,0.000000000000000,25/72,0.022727272727300,0.045454545454500,0.022727272727300,0.000000000000000,0.000000000000000,0.000000000000000,0.000000000000000,0.000000000000000, ,Plot moved up away from fence. Roots up was long roots,{2999D607-9B3D-4794-9F96-6B10ACA1DF98},12/06/2025 0:00:00, ,13/06/2025 0:00:00,ScarlettMichelle,6.000000000000000,Roy Trustee 2022 Ltd,Proforest
{E1DC37D4-CE9A-4BAA-BD92-3DA461E3D39F},407.000000000000000,No,5/11.31,42.000000000000000,1050.000000000000000,Yes,0.000000000000000,2.000000000000000,1.000000000000000,0.000000000000000,0.000000000000000,0.000000000000000,0.000000000000000,0.000000000000000,25/72,0.000000000000000,0.047619047619000,0.023809523809500,0.000000000000000,0.000000000000000,0.000000000000000,0.000000000000000,0.000000000000000, , ,{2999D607-9B3D-4794-9F96-6B10ACA1DF98},12/06/2025 0:00:00, ,13/06/2025 0:00:00,ScarlettMichelle,5.000000000000000,Roy Trustee 2022 Ltd,Proforest
{06526B2A-91F5-4D91-8744-80DAD6F8C848},389.000000000000000,No,25/11.85,41.000000000000000,1025.000000000000000,Yes,0.000000000000000,2.000000000000000,1.000000000000000,0.000000000000000,0.000000000000000,0.000000000000000,0.000000000000000,0.000000000000000,25/72,0.000000000000000,0.048780487804900,0.024390243902400,0.000000000000000,0.000000000000000,0.000000000000000,0.000000000000000,0.000000000000000, , ,{2999D607-9B3D-4794-9F96-6B10ACA1DF98},12/06/2025 0:00:00, ,13/06/2025 0:00:00,ScarlettMichelle,5.000000000000000,Roy Trustee 2022 Ltd,Proforest
{AE8E631C-C59C-4886-9122-A734ED88D316},391.000000000000000,No,5/11.31,44.000000000000000,1100.000000000000000,Yes,0.000000000000000,0.000000000000000,1.000000000000000,0.000000000000000,1.000000000000000,0.000000000000000,0.000000000000000,0.000000000000000,25/72,0.000000000000000,0.000000000000000,0.022727272727300,0.000000000000000,0.022727272727300,0.000000000000000,0.000000000000000,0.000000000000000, , ,{2999D607-9B3D-4794-9F96-6B10ACA1DF98},12/06/2025 0:00:00, ,13/06/2025 0:00:00,ScarlettMichelle,6.000000000000000,Roy Trustee 2022 Ltd,Proforest
{69555456-D0F3-4093-BBC9-AD8CD47776DE},2401.000000000000000,No,5/11.31,38.000000000000000,950.000000000000000,Yes,0.000000000000000,0.000000000000000,0.000000000000000,0.000000000000000,0.000000000000000,1.000000000000000,0.000000000000000,0.000000000000000,25/14,0.000000000000000,0.000000000000000,0.000000000000000,0.000000000000000,0.000000000000000,0.026315789473700,0.000000000000000,0.000000000000000, , ,{BB939452-BEAC-4917-A056-E7C2A55F6028},13/06/2025 0:00:00, ,13/06/2025 0:00:00, ,3.000000000000000,Roy Trustee 2022 Ltd,Johnson Forestry Services
{4343A85D-33FC-482D-8926-86D2115FA315},2397.000000000000000,No,15/11.48,37.000000000000000,925.000000000000000,No,0.000000000000000,0.000000000000000,0.000000000000000,0.000000000000000,0.000000000000000,0.000000000000000,0.000000000000000,0.000000000000000,25/14,0.000000000000000,0.000000000000000,0.000000000000000,0.000000000000000,0.000000000000000,0.000000000000000,0.000000000000000,0.000000000000000, , ,{BB939452-BEAC-4917-A056-E7C2A55F6028},13/06/2025 0:00:00, ,13/06/2025 0:00:00, ,0.000000000000000,Roy Trustee 2022 Ltd,Johnson Forestry Services
{A9A9E8DF-2BDF-4515-BD45-7F138016F66B},2395.000000000000000,No,5/11.31,38.000000000000000,950.000000000000000,Yes,0.000000000000000,2.000000000000000,0.000000000000000,0.000000000000000,0.000000000000000,0.000000000000000,0.000000000000000,0.000000000000000,25/14,0.000000000000000,0.052631578947400,0.000000000000000,0.000000000000000,0.000000000000000,0.000000000000000,0.000000000000000,0.000000000000000, , ,{BB939452-BEAC-4917-A056-E7C2A55F6028},13/06/2025 0:00:00, ,13/06/2025 0:00:00, ,2.000000000000000,Roy Trustee 2022 Ltd,Johnson Forestry Services
{0C0E5261-1240-436C-A625-C5DCB27BBDE8},1405.000000000000000,No,15/11.48,37.000000000000000,925.000000000000000,Yes,0.000000000000000,3.000000000000000,0.000000000000000,0.000000000000000,0.000000000000000,0.000000000000000,0.000000000000000,0.000000000000000,25/13,0.000000000000000,0.081081081081100,0.000000000000000,0.000000000000000,0.000000000000000,0.000000000000000,0.000000000000000,0.000000000000000, , ,{BA090306-32B8-4F80-A6BB-52EB118BDC6B},13/06/2025 0:00:00, ,13/06/2025 0:00:00, ,3.000000000000000,Roy Trustee 2022 Ltd,Johnson Forestry Services
{6F60A84F-D7AD-427D-BEBF-2F59B3F56D85},1415.000000000000000,No,5/11.31,30.000000000000000,750.000000000000000,Yes,0.000000000000000,1.000000000000000,0.000000000000000,0.000000000000000,0.000000000000000,0.000000000000000,0.000000000000000,0.000000000000000,25/13,0.000000000000000,0.033333333333300,0.000000000000000,0.000000000000000,0.000000000000000,0.000000000000000,0.000000000000000,0.000000000000000,Yes,"Rework completed, rows to wide",{BA090306-32B8-4F80-A6BB-52EB118BDC6B},13/06/2025 0:00:00, ,13/06/2025 0:00:00, ,1.000000000000000,Roy Trustee 2022 Ltd,Johnson Forestry Services
{4D833E04-A1CD-478A-B52C-6584D7E5DCBD},1417.000000000000000,No,10/11.37,37.000000000000000,925.000000000000000,Yes,0.000000000000000,2.000000000000000,0.000000000000000,0.000000000000000,0.000000000000000,0.000000000000000,0.000000000000000,0.000000000000000,25/13,0.000000000000000,0.054054054054100,0.000000000000000,0.000000000000000,0.000000000000000,0.000000000000000,0.000000000000000,0.000000000000000, , ,{BA090306-32B8-4F80-A6BB-52EB118BDC6B},13/06/2025 0:00:00, ,13/06/2025 0:00:00, ,2.000000000000000,Roy Trustee 2022 Ltd,Johnson Forestry Services
{9D5B807C-7C71-4E01-A59D-56FD4A84AD0D},1409.000000000000000,No,10/11.37,37.000000000000000,925.000000000000000,Yes,0.000000000000000,0.000000000000000,0.000000000000000,0.000000000000000,0.000000000000000,0.000000000000000,1.000000000000000,0.000000000000000,25/13,0.000000000000000,0.000000000000000,0.000000000000000,0.000000000000000,0.000000000000000,0.000000000000000,0.027027027027000,0.000000000000000, ,Plot moved up of fence line,{BA090306-32B8-4F80-A6BB-52EB118BDC6B},13/06/2025 0:00:00, ,13/06/2025 0:00:00, ,3.000000000000000,Roy Trustee 2022 Ltd,Johnson Forestry Services
{841BB898-A160-44FF-A3FA-86F91E95A95C},1411.000000000000000,No,20/11.64,36.000000000000000,900.000000000000000,No,0.000000000000000,0.000000000000000,0.000000000000000,0.000000000000000,0.000000000000000,0.000000000000000,0.000000000000000,0.000000000000000,25/13,0.000000000000000,0.000000000000000,0.000000000000000,0.000000000000000,0.000000000000000,0.000000000000000,0.000000000000000,0.000000000000000, , ,{BA090306-32B8-4F80-A6BB-52EB118BDC6B},13/06/2025 0:00:00, ,13/06/2025 0:00:00, ,0.000000000000000,Roy Trustee 2022 Ltd,Johnson Forestry Services
{B270D07D-C83E-49DA-ADE7-698C2E650819},335.000000000000000,No,15/11.48,38.000000000000000,950.000000000000000,Yes,1.000000000000000,3.000000000000000,0.000000000000000,0.000000000000000,0.000000000000000,0.000000000000000,0.000000000000000,0.000000000000000,25/72,0.026315789473700,0.078947368421100,0.000000000000000,0.000000000000000,0.000000000000000,0.000000000000000,0.000000000000000,0.000000000000000, , ,{DF5FF598-D6EE-4234-8492-69A697BFCD8D},13/06/2025 0:00:00, ,15/06/2025 0:00:00,ScarlettMichelle,4.000000000000000,Roy Trustee 2022 Ltd,Proforest
{423C8C77-3ED7-4475-8E9B-A988A25771D9},317.000000000000000,No,10/11.37,3.000000000000000,75.000000000000000,Yes,0.000000000000000,2.000000000000000,0.000000000000000,0.000000000000000,0.000000000000000,0.000000000000000,0.000000000000000,0.000000000000000,25/72,0.000000000000000,0.666666666667000,0.000000000000000,0.000000000000000,0.000000000000000,0.000000000000000,0.000000000000000,0.000000000000000,Yes, ,{DF5FF598-D6EE-4234-8492-69A697BFCD8D},13/06/2025 0:00:00, ,15/06/2025 0:00:00,ScarlettMichelle,2.000000000000000,Roy Trustee 2022 Ltd,Proforest
{8909B1DE-E53A-4E7C-860F-582706EFA23B},353.000000000000000,No,25/11.85,35.000000000000000,825.000000000000000,No,0.000000000000000,0.000000000000000,0.000000000000000,0.000000000000000,0.000000000000000,0.000000000000000,0.000000000000000,0.000000000000000,25/72,0.000000000000000,0.000000000000000,0.000000000000000,0.000000000000000,0.000000000000000,0.000000000000000,0.000000000000000,0.000000000000000,Yes, ,{DF5FF598-D6EE-4234-8492-69A697BFCD8D},13/06/2025 0:00:00, ,15/06/2025 0:00:00,ScarlettMichelle,0.000000000000000,Roy Trustee 2022 Ltd,Proforest
{5E1170FF-7257-424E-9BC6-65CADB46E967},371.000000000000000,No,5/11.31,40.000000000000000,1000.000000000000000,Yes,1.000000000000000,0.000000000000000,1.000000000000000,0.000000000000000,0.000000000000000,0.000000000000000,0.000000000000000,1.000000000000000,25/72,0.025000000000000,0.000000000000000,0.025000000000000,0.000000000000000,0.000000000000000,0.000000000000000,0.000000000000000,0.025000000000000,Yes,Roots up long roots,{DF5FF598-D6EE-4234-8492-69A697BFCD8D},13/06/2025 0:00:00, ,15/06/2025 0:00:00,ScarlettMichelle,7.000000000000000,Roy Trustee 2022 Ltd,Proforest
{0FD1B118-30BE-4D78-A765-5D94B8D5157C},373.000000000000000,No,5/11.31,45.000000000000000,1125.000000000000000,Yes,0.000000000000000,0.000000000000000,2.000000000000000,0.000000000000000,0.000000000000000,0.000000000000000,0.000000000000000,0.000000000000000,25/72,0.000000000000000,0.000000000000000,0.044444444444400,0.000000000000000,0.000000000000000,0.000000000000000,0.000000000000000,0.000000000000000,Yes, ,{DF5FF598-D6EE-4234-8492-69A697BFCD8D},13/06/2025 0:00:00, ,15/06/2025 0:00:00,ScarlettMichelle,6.000000000000000,Roy Trustee 2022 Ltd,Proforest
{0089867A-582F-4460-B441-6742B912AB2B},355.000000000000000,No,5/11.31,36.000000000000000,900.000000000000000,Yes,0.000000000000000,2.000000000000000,1.000000000000000,0.000000000000000,0.000000000000000,0.000000000000000,0.000000000000000,0.000000000000000,25/72,0.000000000000000,0.055555555555600,0.027777777777800,0.000000000000000,0.000000000000000,0.000000000000000,0.000000000000000,0.000000000000000, , ,{DF5FF598-D6EE-4234-8492-69A697BFCD8D},13/06/2025 0:00:00, ,15/06/2025 0:00:00,ScarlettMichelle,5.000000000000000,Roy Trustee 2022 Ltd,Proforest
{76C04B5B-E09A-4B55-9BA3-B04444FA2403},357.000000000000000,No,10/11.37,38.000000000000000,950.000000000000000,Yes,0.000000000000000,3.000000000000000,1.000000000000000,0.000000000000000,0.000000000000000,0.000000000000000,0.000000000000000,0.000000000000000,25/72,0.000000000000000,0.078947368421100,0.026315789473700,0.000000000000000,0.000000000000000,0.000000000000000,0.000000000000000,0.000000000000000, , ,{DF5FF598-D6EE-4234-8492-69A697BFCD8D},13/06/2025 0:00:00, ,15/06/2025 0:00:00,ScarlettMichelle,6.000000000000000,Roy Trustee 2022 Ltd,Proforest
{5BA12D02-E7DB-47F4-83D2-90539A3DFE40},319.000000000000000,No,10/11.37,40.000000000000000,1000.000000000000000,Yes,1.000000000000000,0.000000000000000,0.000000000000000,0.000000000000000,0.000000000000000,0.000000000000000,0.000000000000000,0.000000000000000,25/72,0.025000000000000,0.000000000000000,0.000000000000000,0.000000000000000,0.000000000000000,0.000000000000000,0.000000000000000,0.000000000000000, , ,{DF5FF598-D6EE-4234-8492-69A697BFCD8D},13/06/2025 0:00:00, ,15/06/2025 0:00:00,ScarlettMichelle,1.000000000000000,Roy Trustee 2022 Ltd,Proforest
{03BBF53C-3A51-460A-BFA6-8C3627C4323D},337.000000000000000,No,15/11.48,36.000000000000000,900.000000000000000,Yes,1.000000000000000,2.000000000000000,1.000000000000000,0.000000000000000,0.000000000000000,0.000000000000000,0.000000000000000,0.000000000000000,25/72,0.027777777777800,0.055555555555600,0.027777777777800,0.000000000000000,0.000000000000000,0.000000000000000,0.000000000000000,0.000000000000000, ,Plot moved down from rocky scrubby knob,{DF5FF598-D6EE-4234-8492-69A697BFCD8D},13/06/2025 0:00:00, ,15/06/2025 0:00:00,ScarlettMichelle,6.000000000000000,Roy Trustee 2022 Ltd,Proforest
{A15DC763-4E7F-4759-81CB-EBCFF46B56CC},307.000000000000000,No,15/11.48,34.000000000000000,850.000000000000000,Yes,0.000000000000000,0.000000000000000,0.000000000000000,0.000000000000000,0.000000000000000,2.000000000000000,0.000000000000000,0.000000000000000,25/72,0.000000000000000,0.000000000000000,0.000000000000000,0.000000000000000,0.000000000000000,0.058823529411800,0.000000000000000,0.000000000000000,Yes, ,{DF5FF598-D6EE-4234-8492-69A697BFCD8D},13/06/2025 0:00:00, ,15/06/2025 0:00:00,ScarlettMichelle,6.000000000000000,Roy Trustee 2022 Ltd,Proforest
{3EE62450-A792-4657-AB2D-159AF3730445},2389.000000000000000,No,15/11.48,37.000000000000000,925.000000000000000,Yes,0.000000000000000,2.000000000000000,0.000000000000000,0.000000000000000,0.000000000000000,0.000000000000000,0.000000000000000,0.000000000000000,25/14,0.000000000000000,0.054054054054100,0.000000000000000,0.000000000000000,0.000000000000000,0.000000000000000,0.000000000000000,0.000000000000000, , ,{D279613D-99AB-4EED-A563-580A57BEFB6C},16/06/2025 0:00:00, ,16/06/2025 0:00:00, ,2.000000000000000,Roy Trustee 2022 Ltd,Johnson Forestry Services
{B1CF57F3-7CBA-4ED0-A7C1-55CC209E9816},2381.000000000000000,No,20/11.64,44.000000000000000,1100.000000000000000,Yes,0.000000000000000,0.000000000000000,1.000000000000000,0.000000000000000,0.000000000000000,0.000000000000000,0.000000000000000,0.000000000000000,25/14,0.000000000000000,0.000000000000000,0.022727272727300,0.000000000000000,0.000000000000000,0.000000000000000,0.000000000000000,0.000000000000000, , ,{D279613D-99AB-4EED-A563-580A57BEFB6C},16/06/2025 0:00:00, ,16/06/2025 0:00:00, ,3.000000000000000,Roy Trustee 2022 Ltd,Johnson Forestry Services
{64804EC7-DFCD-4A5F-8169-575183C14F82},2383.000000000000000,No,20/11.64,43.000000000000000,1075.000000000000000,Yes,1.000000000000000,0.000000000000000,0.000000000000000,0.000000000000000,0.000000000000000,0.000000000000000,1.000000000000000,0.000000000000000,25/14,0.023255813953500,0.000000000000000,0.000000000000000,0.000000000000000,0.000000000000000,0.000000000000000,0.023255813953500,0.000000000000000, , ,{D279613D-99AB-4EED-A563-580A57BEFB6C},16/06/2025 0:00:00, ,16/06/2025 0:00:00, ,4.000000000000000,Roy Trustee 2022 Ltd,Johnson Forestry Services
{EE28002C-9696-4866-90D3-627609DC1657},2407.000000000000000,No,15/11.48,44.000000000000000,1100.000000000000000,Yes,0.000000000000000,0.000000000000000,0.000000000000000,0.000000000000000,0.000000000000000,1.000000000000000,0.000000000000000,1.000000000000000,25/14,0.000000000000000,0.000000000000000,0.000000000000000,0.000000000000000,0.000000000000000,0.022727272727300,0.000000000000000,0.022727272727300, , ,{D279613D-99AB-4EED-A563-580A57BEFB6C},16/06/2025 0:00:00, ,16/06/2025 0:00:00, ,6.000000000000000,Roy Trustee 2022 Ltd,Johnson Forestry Services
{7535183D-BD72-4563-9164-B3BC4948E68B},2409.000000000000000,No,15/11.48,36.000000000000000,900.000000000000000,No,0.000000000000000,0.000000000000000,0.000000000000000,0.000000000000000,0.000000000000000,0.000000000000000,0.000000000000000,0.000000000000000,25/14,0.000000000000000,0.000000000000000,0.000000000000000,0.000000000000000,0.000000000000000,0.000000000000000,0.000000000000000,0.000000000000000, , ,{D279613D-99AB-4EED-A563-580A57BEFB6C},16/06/2025 0:00:00, ,16/06/2025 0:00:00, ,0.000000000000000,Roy Trustee 2022 Ltd,Johnson Forestry Services
{5821ED6D-5149-4770-ABF1-EC2675A45F83},2405.000000000000000,No,25/11.85,37.000000000000000,925.000000000000000,No,0.000000000000000,0.000000000000000,0.000000000000000,0.000000000000000,0.000000000000000,0.000000000000000,0.000000000000000,0.000000000000000,25/14,0.000000000000000,0.000000000000000,0.000000000000000,0.000000000000000,0.000000000000000,0.000000000000000,0.000000000000000,0.000000000000000, , ,{D279613D-99AB-4EED-A563-580A57BEFB6C},16/06/2025 0:00:00, ,16/06/2025 0:00:00, ,0.000000000000000,Roy Trustee 2022 Ltd,Johnson Forestry Services
{3FC9305E-B0C1-4AF1-8811-E287C90310EF},2411.000000000000000,No,20/11.64,40.000000000000000,1000.000000000000000,No,0.000000000000000,0.000000000000000,0.000000000000000,0.000000000000000,0.000000000000000,0.000000000000000,0.000000000000000,0.000000000000000,25/14,0.000000000000000,0.000000000000000,0.000000000000000,0.000000000000000,0.000000000000000,0.000000000000000,0.000000000000000,0.000000000000000, ,Moved plot over for the native on the edge of creek,{D279613D-99AB-4EED-A563-580A57BEFB6C},16/06/2025 0:00:00, ,16/06/2025 0:00:00, ,0.000000000000000,Roy Trustee 2022 Ltd,Johnson Forestry Services
{CD4EECF7-826D-42A2-9101-08753A4D215E},599.000000000000000,No,20/11.64,37.000000000000000,925.000000000000000,No,0.000000000000000,0.000000000000000,0.000000000000000,0.000000000000000,0.000000000000000,0.000000000000000,0.000000000000000,0.000000000000000,25/58,0.000000000000000,0.000000000000000,0.000000000000000,0.000000000000000,0.000000000000000,0.000000000000000,0.000000000000000,0.000000000000000, , ,{A145E6C9-890B-4B51-8822-5611888983E6},16/06/2025 0:00:00, ,16/06/2025 0:00:00, ,0.000000000000000,Roy Trustee 2022 Ltd,Forest View Contracting
{5D3CEC2F-8E5F-4B91-B7C1-99567999137A},577.000000000000000,No,0/11.31,41.000000000000000,1025.000000000000000,No,0.000000000000000,0.000000000000000,0.000000000000000,0.000000000000000,0.000000000000000,0.000000000000000,0.000000000000000,0.000000000000000,25/58,0.000000000000000,0.000000000000000,0.000000000000000,0.000000000000000,0.000000000000000,0.000000000000000,0.000000000000000,0.000000000000000, , ,{A145E6C9-890B-4B51-8822-5611888983E6},16/06/2025 0:00:00, ,16/06/2025 0:00:00, ,0.000000000000000,Roy Trustee 2022 Ltd,Forest View Contracting
{C59D38B2-BD8E-4F16-BF3F-E2BBE89DD86C},562.000000000000000,No,5/11.31,42.000000000000000,1050.000000000000000,No,0.000000000000000,0.000000000000000,0.000000000000000,0.000000000000000,0.000000000000000,0.000000000000000,0.000000000000000,0.000000000000000,25/58,0.000000000000000,0.000000000000000,0.000000000000000,0.000000000000000,0.000000000000000,0.000000000000000,0.000000000000000,0.000000000000000, , ,{A145E6C9-890B-4B51-8822-5611888983E6},16/06/2025 0:00:00, ,16/06/2025 0:00:00, ,0.000000000000000,Roy Trustee 2022 Ltd,Forest View Contracting
{2A73B8F9-EE78-45D3-B405-F23D7EC28FB0},567.000000000000000,No,10/11.37,38.000000000000000,950.000000000000000,No,0.000000000000000,0.000000000000000,0.000000000000000,0.000000000000000,0.000000000000000,0.000000000000000,0.000000000000000,0.000000000000000,25/58,0.000000000000000,0.000000000000000,0.000000000000000,0.000000000000000,0.000000000000000,0.000000000000000,0.000000000000000,0.000000000000000, , ,{A145E6C9-890B-4B51-8822-5611888983E6},16/06/2025 0:00:00, ,16/06/2025 0:00:00, ,0.000000000000000,Roy Trustee 2022 Ltd,Forest View Contracting
{F83C5020-9C15-4023-823B-79C1B97EC9BD},603.000000000000000,No,5/11.31,40.000000000000000,1000.000000000000000,No,0.000000000000000,0.000000000000000,0.000000000000000,0.000000000000000,0.000000000000000,0.000000000000000,0.000000000000000,0.000000000000000,25/58,0.000000000000000,0.000000000000000,0.000000000000000,0.000000000000000,0.000000000000000,0.000000000000000,0.000000000000000,0.000000000000000, , ,{A145E6C9-890B-4B51-8822-5611888983E6},16/06/2025 0:00:00, ,16/06/2025 0:00:00, ,0.000000000000000,Roy Trustee 2022 Ltd,Forest View Contracting
{7085D618-FC6E-4001-81E6-BB73C43295A4},605.000000000000000,No,15/11.48,40.000000000000000,1000.000000000000000,No,0.000000000000000,0.000000000000000,0.000000000000000,0.000000000000000,0.000000000000000,0.000000000000000,0.000000000000000,0.000000000000000,25/58,0.000000000000000,0.000000000000000,0.000000000000000,0.000000000000000,0.000000000000000,0.000000000000000,0.000000000000000,0.000000000000000, , ,{A145E6C9-890B-4B51-8822-5611888983E6},16/06/2025 0:00:00, ,16/06/2025 0:00:00, ,0.000000000000000,Roy Trustee 2022 Ltd,Forest View Contracting
{7D0B7E1F-258A-40A7-9C83-E1D7A6D1C99B},595.000000000000000,No,5/11.31,40.000000000000000,1000.000000000000000,No,0.000000000000000,0.000000000000000,0.000000000000000,0.000000000000000,0.000000000000000,0.000000000000000,0.000000000000000,0.000000000000000,25/58,0.000000000000000,0.000000000000000,0.000000000000000,0.000000000000000,0.000000000000000,0.000000000000000,0.000000000000000,0.000000000000000, , ,{A145E6C9-890B-4B51-8822-5611888983E6},16/06/2025 0:00:00, ,16/06/2025 0:00:00, ,0.000000000000000,Roy Trustee 2022 Ltd,Forest View Contracting
{372112FD-EF7E-4799-85AF-66B2864F5C7E},593.000000000000000,No,20/11.64,38.000000000000000,950.000000000000000,No,0.000000000000000,0.000000000000000,0.000000000000000,0.000000000000000,0.000000000000000,0.000000000000000,0.000000000000000,0.000000000000000,25/58,0.000000000000000,0.000000000000000,0.000000000000000,0.000000000000000,0.000000000000000,0.000000000000000,0.000000000000000,0.000000000000000, , ,{A145E6C9-890B-4B51-8822-5611888983E6},16/06/2025 0:00:00, ,16/06/2025 0:00:00, ,0.000000000000000,Roy Trustee 2022 Ltd,Forest View Contracting
{FBB4B3CC-EBBD-4B2A-B918-ED5641AC0C32},571.000000000000000,No,20/11.64,43.000000000000000,1075.000000000000000,No,0.000000000000000,0.000000000000000,0.000000000000000,0.000000000000000,0.000000000000000,0.000000000000000,0.000000000000000,0.000000000000000,25/58,0.000000000000000,0.000000000000000,0.000000000000000,0.000000000000000,0.000000000000000,0.000000000000000,0.000000000000000,0.000000000000000, , ,{A145E6C9-890B-4B51-8822-5611888983E6},16/06/2025 0:00:00, ,16/06/2025 0:00:00, ,0.000000000000000,Roy Trustee 2022 Ltd,Forest View Contracting
{8BDBA3DB-F2D9-49C9-95C3-FDC6C28756DD},565.000000000000000,No,5/11.31,36.000000000000000,900.000000000000000,No,0.000000000000000,0.000000000000000,0.000000000000000,0.000000000000000,0.000000000000000,0.000000000000000,0.000000000000000,0.000000000000000,25/58,0.000000000000000,0.000000000000000,0.000000000000000,0.000000000000000,0.000000000000000,0.000000000000000,0.000000000000000,0.000000000000000, , ,{A145E6C9-890B-4B51-8822-5611888983E6},16/06/2025 0:00:00, ,16/06/2025 0:00:00, ,0.000000000000000,Roy Trustee 2022 Ltd,Forest View Contracting
{D36C18E5-0034-48A2-95BC-7CDD86AB6A46},573.000000000000000,No,10/11.37,38.000000000000000,950.000000000000000,No,0.000000000000000,0.000000000000000,0.000000000000000,0.000000000000000,0.000000000000000,0.000000000000000,0.000000000000000,0.000000000000000,25/58,0.000000000000000,0.000000000000000,0.000000000000000,0.000000000000000,0.000000000000000,0.000000000000000,0.000000000000000,0.000000000000000, , ,{A145E6C9-890B-4B51-8822-5611888983E6},16/06/2025 0:00:00, ,16/06/2025 0:00:00, ,0.000000000000000,Roy Trustee 2022 Ltd,Forest View Contracting
{2035220D-C239-4CB3-BCFD-56C38FE9DA34},585.000000000000000,No,5/11.31,41.000000000000000,1025.000000000000000,No,0.000000000000000,0.000000000000000,0.000000000000000,0.000000000000000,0.000000000000000,0.000000000000000,0.000000000000000,0.000000000000000,25/58,0.000000000000000,0.000000000000000,0.000000000000000,0.000000000000000,0.000000000000000,0.000000000000000,0.000000000000000,0.000000000000000, , ,{A145E6C9-890B-4B51-8822-5611888983E6},16/06/2025 0:00:00, ,16/06/2025 0:00:00, ,0.000000000000000,Roy Trustee 2022 Ltd,Forest View Contracting
{BB79A9B0-D8FE-4C9D-88FF-83EB117DEECF},321.000000000000000,No,15/11.48,37.000000000000000,925.000000000000000,Yes,0.000000000000000,0.000000000000000,1.000000000000000,0.000000000000000,0.000000000000000,0.000000000000000,1.000000000000000,0.000000000000000,25/72,0.000000000000000,0.000000000000000,0.027027027027000,0.000000000000000,0.000000000000000,0.000000000000000,0.027027027027000,0.000000000000000, , ,{6E089550-60C3-4B7D-9920-8EE7FE9642A3},16/06/2025 0:00:00, ,16/06/2025 0:00:00, ,0.000000000000000,Roy Trustee 2022 Ltd,Proforest
{7281303C-8A30-401A-91CB-DCBEA1837D83},339.000000000000000,No,15/11.48,39.000000000000000,975.000000000000000,Yes,0.000000000000000,2.000000000000000,1.000000000000000,0.000000000000000,0.000000000000000,0.000000000000000,0.000000000000000,0.000000000000000,25/72,0.000000000000000,0.051282051282100,0.025641025641000,0.000000000000000,0.000000000000000,0.000000000000000,0.000000000000000,0.000000000000000, ,"Roots up found was long roots 
",{6E089550-60C3-4B7D-9920-8EE7FE9642A3},16/06/2025 0:00:00, ,16/06/2025 0:00:00, ,5.000000000000000,Roy Trustee 2022 Ltd,Proforest
{4C48EF33-4455-4F24-AEF0-64FE156942C0},359.000000000000000,No,10/11.37,36.000000000000000,900.000000000000000,Yes,2.000000000000000,3.000000000000000,0.000000000000000,0.000000000000000,0.000000000000000,0.000000000000000,0.000000000000000,0.000000000000000,25/72,0.000000000000000,0.000000000000000,0.000000000000000,0.000000000000000,0.000000000000000,0.000000000000000,0.000000000000000,0.000000000000000, , ,{6E089550-60C3-4B7D-9920-8EE7FE9642A3},16/06/2025 0:00:00, ,25/09/2025 0:00:00,ScarlettMichelle,5.000000000000000,Roy Trustee 2022 Ltd,Proforest
{9A7CFFF8-6136-4CEC-8B75-E6E347FB107B},361.000000000000000,No,10/11.37,42.000000000000000,1050.000000000000000,Yes,0.000000000000000,3.000000000000000,1.000000000000000,0.000000000000000,0.000000000000000,0.000000000000000,0.000000000000000,0.000000000000000,25/72,0.000000000000000,0.071428571428600,0.023809523809500,0.000000000000000,0.000000000000000,0.000000000000000,0.000000000000000,0.000000000000000, , ,{6E089550-60C3-4B7D-9920-8EE7FE9642A3},16/06/2025 0:00:00, ,16/06/2025 0:00:00, ,6.000000000000000,Roy Trustee 2022 Ltd,Proforest
{E75C9412-B258-40A7-85EE-1ACEF80A8690},343.000000000000000,No,20/11.64,38.000000000000000,950.000000000000000,Yes,0.000000000000000,2.000000000000000,0.000000000000000,0.000000000000000,1.000000000000000,0.000000000000000,0.000000000000000,0.000000000000000,25/72,0.000000000000000,0.052631578947400,0.000000000000000,0.000000000000000,0.026315789473700,0.000000000000000,0.000000000000000,0.000000000000000, , ,{6E089550-60C3-4B7D-9920-8EE7FE9642A3},16/06/2025 0:00:00, ,16/06/2025 0:00:00, ,5.000000000000000,Roy Trustee 2022 Ltd,Proforest
{777856F2-44B3-4500-92AD-1E69720D13A6},345.000000000000000,No,20/11.64,40.000000000000000,1000.000000000000000,Yes,1.000000000000000,3.000000000000000,0.000000000000000,0.000000000000000,0.000000000000000,0.000000000000000,0.000000000000000,0.000000000000000,25/72,0.025000000000000,0.075000000000000,0.000000000000000,0.000000000000000,0.000000000000000,0.000000000000000,0.000000000000000,0.000000000000000, , ,{6E089550-60C3-4B7D-9920-8EE7FE9642A3},16/06/2025 0:00:00, ,16/06/2025 0:00:00, ,4.000000000000000,Roy Trustee 2022 Ltd,Proforest
{809D675E-20FC-4DF4-A05B-9ED4E77E94DD},327.000000000000000,No,10/11.37,37.000000000000000,925.000000000000000,Yes,0.000000000000000,4.000000000000000,0.000000000000000,0.000000000000000,0.000000000000000,0.000000000000000,0.000000000000000,0.000000000000000,25/72,0.000000000000000,0.000000000000000,0.000000000000000,0.000000000000000,0.000000000000000,0.000000000000000,0.000000000000000,0.000000000000000, , ,{6E089550-60C3-4B7D-9920-8EE7FE9642A3},16/06/2025 0:00:00, ,25/09/2025 0:00:00,ScarlettMichelle,4.000000000000000,Roy Trustee 2022 Ltd,Proforest
{30557761-812F-4D2C-8581-FA410EE579E4},325.000000000000000,No,10/11.37,41.000000000000000,1025.000000000000000,Yes,0.000000000000000,2.000000000000000,0.000000000000000,0.000000000000000,0.000000000000000,0.000000000000000,1.000000000000000,0.000000000000000,25/72,0.000000000000000,0.000000000000000,0.000000000000000,0.000000000000000,0.000000000000000,0.000000000000000,0.000000000000000,0.000000000000000, , ,{6E089550-60C3-4B7D-9920-8EE7FE9642A3},16/06/2025 0:00:00, ,25/09/2025 0:00:00,ScarlettMichelle,5.000000000000000,Roy Trustee 2022 Ltd,Proforest
{CF690400-674C-46F1-B0CC-128CC834D34E},323.000000000000000,No,25/11.85,41.000000000000000,1025.000000000000000,Yes,0.000000000000000,2.000000000000000,0.000000000000000,0.000000000000000,0.000000000000000,1.000000000000000,0.000000000000000,0.000000000000000,25/72,0.000000000000000,0.048780487804900,0.000000000000000,0.000000000000000,0.000000000000000,0.024390243902400,0.000000000000000,0.000000000000000, , ,{6E089550-60C3-4B7D-9920-8EE7FE9642A3},16/06/2025 0:00:00, ,16/06/2025 0:00:00, ,5.000000000000000,Roy Trustee 2022 Ltd,Proforest
{8FD9CE28-247E-4CC3-B875-2B463FCB47D9},2393.000000000000000,No,20/11.64,42.000000000000000,1050.000000000000000,Yes,0.000000000000000,0.000000000000000,0.000000000000000,0.000000000000000,0.000000000000000,0.000000000000000,0.000000000000000,1.000000000000000,25/14,0.000000000000000,0.000000000000000,0.000000000000000,0.000000000000000,0.000000000000000,0.000000000000000,0.000000000000000,0.023809523809500, , ,{89AA244B-CF0A-4CB1-B195-1561C116FCD2},17/06/2025 0:00:00, ,17/06/2025 0:00:00, ,3.000000000000000,Roy Trustee 2022 Ltd,Johnson Forestry Services
{4FA85E92-ED86-462A-ACDD-8402C462957B},2387.000000000000000,No,15/11.48,36.000000000000000,900.000000000000000,Yes,0.000000000000000,1.000000000000000,0.000000000000000,0.000000000000000,0.000000000000000,0.000000000000000,0.000000000000000,0.000000000000000,25/14,0.000000000000000,0.027777777777800,0.000000000000000,0.000000000000000,0.000000000000000,0.000000000000000,0.000000000000000,0.000000000000000, , ,{89AA244B-CF0A-4CB1-B195-1561C116FCD2},17/06/2025 0:00:00, ,17/06/2025 0:00:00, ,1.000000000000000,Roy Trustee 2022 Ltd,Johnson Forestry Services
{C5AF74A8-0FC3-497A-A4EF-1F159715196C},2379.000000000000000,No,15/11.48,36.000000000000000,900.000000000000000,Yes,0.000000000000000,0.000000000000000,0.000000000000000,0.000000000000000,0.000000000000000,0.000000000000000,2.000000000000000,0.000000000000000,25/14,0.000000000000000,0.000000000000000,0.000000000000000,0.000000000000000,0.000000000000000,0.000000000000000,0.055555555555600,0.000000000000000, , ,{89AA244B-CF0A-4CB1-B195-1561C116FCD2},17/06/2025 0:00:00, ,17/06/2025 0:00:00, ,6.000000000000000,Roy Trustee 2022 Ltd,Johnson Forestry Services
{A7216C45-C084-487A-867E-D3CC14835FC6},2465.000000000000000,No,15/11.48,44.000000000000000,1100.000000000000000,Yes,0.000000000000000,0.000000000000000,0.000000000000000,0.000000000000000,0.000000000000000,0.000000000000000,2.000000000000000,0.000000000000000,25/15,0.000000000000000,0.000000000000000,0.000000000000000,0.000000000000000,0.000000000000000,0.000000000000000,0.045454545454500,0.000000000000000, , ,{3AB0CB13-2ADA-40CC-9C87-E3BD4ED74604},17/06/2025 0:00:00, ,17/06/2025 0:00:00, ,6.000000000000000,Roy Trustee 2022 Ltd,Johnson Forestry Services
{50F4230B-F041-4DBA-AB44-9229F8A34540},2463.000000000000000,No,10/11.37,41.000000000000000,1025.000000000000000,No,0.000000000000000,0.000000000000000,0.000000000000000,0.000000000000000,0.000000000000000,0.000000000000000,0.000000000000000,0.000000000000000,25/15,0.000000000000000,0.000000000000000,0.000000000000000,0.000000000000000,0.000000000000000,0.000000000000000,0.000000000000000,0.000000000000000, , ,{3AB0CB13-2ADA-40CC-9C87-E3BD4ED74604},17/06/2025 0:00:00, ,17/06/2025 0:00:00, ,0.000000000000000,Roy Trustee 2022 Ltd,Johnson Forestry Services
{A772AD56-23BE-44D6-988F-9B588636CF19},2479.000000000000000,No,10/11.37,41.000000000000000,1025.000000000000000,Yes,0.000000000000000,1.000000000000000,0.000000000000000,0.000000000000000,0.000000000000000,0.000000000000000,0.000000000000000,0.000000000000000,25/15,0.000000000000000,0.024390243902400,0.000000000000000,0.000000000000000,0.000000000000000,0.000000000000000,0.000000000000000,0.000000000000000, , ,{3AB0CB13-2ADA-40CC-9C87-E3BD4ED74604},17/06/2025 0:00:00, ,17/06/2025 0:00:00, ,1.000000000000000,Roy Trustee 2022 Ltd,Johnson Forestry Services
{E37835A1-49D5-4897-9E9F-8805D371E249},2491.000000000000000,No,15/11.48,43.000000000000000,1075.000000000000000,Yes,0.000000000000000,1.000000000000000,1.000000000000000,0.000000000000000,0.000000000000000,0.000000000000000,0.000000000000000,0.000000000000000,25/15,0.000000000000000,0.023255813953500,0.023255813953500,0.000000000000000,0.000000000000000,0.000000000000000,0.000000000000000,0.000000000000000, , ,{3AB0CB13-2ADA-40CC-9C87-E3BD4ED74604},17/06/2025 0:00:00, ,17/06/2025 0:00:00, ,4.000000000000000,Roy Trustee 2022 Ltd,Johnson Forestry Services
{E42C7715-5019-4EBD-B8D8-53C1213B7D37},2449.000000000000000,No,10/11.37,41.000000000000000,1025.000000000000000,Yes,0.000000000000000,0.000000000000000,0.000000000000000,0.000000000000000,0.000000000000000,0.000000000000000,1.000000000000000,0.000000000000000,25/15,0.000000000000000,0.000000000000000,0.000000000000000,0.000000000000000,0.000000000000000,0.000000000000000,0.024390243902400,0.000000000000000, , ,{3AB0CB13-2ADA-40CC-9C87-E3BD4ED74604},17/06/2025 0:00:00, ,17/06/2025 0:00:00, ,3.000000000000000,Roy Trustee 2022 Ltd,Johnson Forestry Services
{AD12873F-9F76-4E9D-B591-CC58DF25EFB5},1593.000000000000000,No,5/11.31,36.000000000000000,900.000000000000000,Yes,0.000000000000000,2.000000000000000,0.000000000000000,0.000000000000000,0.000000000000000,0.000000000000000,0.000000000000000,0.000000000000000,55/24,0.000000000000000,0.055555555555600,0.000000000000000,0.000000000000000,0.000000000000000,0.000000000000000,0.000000000000000,0.000000000000000, , ,{5ABFDEA7-11C5-480C-B9B3-DB93E986E481},17/06/2025 0:00:00, ,25/09/2025 0:00:00,ScarlettMichelle,2.000000000000000,Roy Trustee 2022 Ltd,Proforest
{886C1F14-B3CB-42A3-93F0-3A1647EA29B6},1589.000000000000000,No,10/11.37,35.000000000000000,875.000000000000000,Yes,1.000000000000000,2.000000000000000,0.000000000000000,0.000000000000000,0.000000000000000,0.000000000000000,0.000000000000000,0.000000000000000,55/24,0.000000000000000,0.000000000000000,0.000000000000000,0.000000000000000,0.000000000000000,0.000000000000000,0.000000000000000,0.000000000000000, ,Moved plot up from the gut,{5ABFDEA7-11C5-480C-B9B3-DB93E986E481},17/06/2025 0:00:00, ,25/09/2025 0:00:00,ScarlettMichelle,3.000000000000000,Roy Trustee 2022 Ltd,Proforest
{EA200A56-81F6-46EE-A187-1FD23A41A681},1583.000000000000000,No,10/11.37,40.000000000000000,1000.000000000000000,Yes,0.000000000000000,2.000000000000000,0.000000000000000,0.000000000000000,0.000000000000000,0.000000000000000,0.000000000000000,0.000000000000000,55/24,0.000000000000000,0.050000000000000,0.000000000000000,0.000000000000000,0.000000000000000,0.000000000000000,0.000000000000000,0.000000000000000, , ,{5ABFDEA7-11C5-480C-B9B3-DB93E986E481},17/06/2025 0:00:00, ,17/06/2025 0:00:00, ,2.000000000000000,Roy Trustee 2022 Ltd,Proforest
{19EAC884-9B4E-4BA9-9442-4746DEFBD8CB},1591.000000000000000,No,20/11.64,44.000000000000000,1100.000000000000000,Yes,1.000000000000000,0.000000000000000,0.000000000000000,0.000000000000000,0.000000000000000,0.000000000000000,0.000000000000000,0.000000000000000,55/24,0.022727272727300,0.000000000000000,0.000000000000000,0.000000000000000,0.000000000000000,0.000000000000000,0.000000000000000,0.000000000000000, , ,{5ABFDEA7-11C5-480C-B9B3-DB93E986E481},17/06/2025 0:00:00, ,17/06/2025 0:00:00, ,1.000000000000000,Roy Trustee 2022 Ltd,Proforest
{B746020C-EFFE-4E15-B1E3-D95B37F948A4},1585.000000000000000,No,15/11.48,44.000000000000000,1100.000000000000000,Yes,0.000000000000000,3.000000000000000,0.000000000000000,0.000000000000000,0.000000000000000,0.000000000000000,0.000000000000000,0.000000000000000,55/24,0.000000000000000,0.000000000000000,0.000000000000000,0.000000000000000,0.000000000000000,0.000000000000000,0.000000000000000,0.000000000000000, , ,{5ABFDEA7-11C5-480C-B9B3-DB93E986E481},17/06/2025 0:00:00, ,25/09/2025 0:00:00,ScarlettMichelle,3.000000000000000,Roy Trustee 2022 Ltd,Proforest
{6B2BD137-5F5C-49E3-BC40-C5EB79D9B7D8},1587.000000000000000,No,25/11.85,39.000000000000000,975.000000000000000,Yes,0.000000000000000,2.000000000000000,0.000000000000000,0.000000000000000,0.000000000000000,1.000000000000000,0.000000000000000,0.000000000000000,55/24,0.000000000000000,0.051282051282100,0.000000000000000,0.000000000000000,0.000000000000000,0.025641025641000,0.000000000000000,0.000000000000000, ,Plot moved away from creek . Rocky face,{5ABFDEA7-11C5-480C-B9B3-DB93E986E481},17/06/2025 0:00:00, ,17/06/2025 0:00:00, ,5.000000000000000,Roy Trustee 2022 Ltd,Proforest
{4A5113DE-A3B9-46CB-B2BB-A4C4874052E2},1581.000000000000000,No,15/11.48,46.000000000000000,1150.000000000000000,Yes,0.000000000000000,3.000000000000000,0.000000000000000,0.000000000000000,0.000000000000000,0.000000000000000,1.000000000000000,0.000000000000000,55/24,0.000000000000000,0.065217391304300,0.000000000000000,0.000000000000000,0.000000000000000,0.000000000000000,0.021739130434800,0.000000000000000,Yes, ,{5ABFDEA7-11C5-480C-B9B3-DB93E986E481},17/06/2025 0:00:00, ,17/06/2025 0:00:00, ,6.000000000000000,Roy Trustee 2022 Ltd,Proforest
{6C876D74-24E2-49F2-A0B7-1275951EEB1E},1593.000000000000000,No,5/11.31,36.000000000000000,900.000000000000000,Yes,0.000000000000000,2.000000000000000,0.000000000000000,0.000000000000000,0.000000000000000,0.000000000000000,0.000000000000000,0.000000000000000,55/24,0.000000000000000,0.055555555555600,0.000000000000000,0.000000000000000,0.000000000000000,0.000000000000000,0.000000000000000,0.000000000000000, , ,{E01107AF-6153-4684-9795-CA7382850C19},17/06/2025 0:00:00, ,25/09/2025 0:00:00,ScarlettMichelle,2.000000000000000,Roy Trustee 2022 Ltd,Proforest
{548EC966-6BA2-4434-9212-DDC537E92989},1589.000000000000000,No,10/11.37,35.000000000000000,875.000000000000000,Yes,1.000000000000000,2.000000000000000,0.000000000000000,0.000000000000000,0.000000000000000,0.000000000000000,0.000000000000000,0.000000000000000,55/24,0.000000000000000,0.000000000000000,0.000000000000000,0.000000000000000,0.000000000000000,0.000000000000000,0.000000000000000,0.000000000000000, ,Moved plot up from the gut,{E01107AF-6153-4684-9795-CA7382850C19},17/06/2025 0:00:00, ,25/09/2025 0:00:00,ScarlettMichelle,3.000000000000000,Roy Trustee 2022 Ltd,Proforest
{6596D71F-104B-4306-A1C8-E73A89421DA9},1583.000000000000000,No,10/11.37,40.000000000000000,1000.000000000000000,Yes,0.000000000000000,2.000000000000000,0.000000000000000,0.000000000000000,0.000000000000000,0.000000000000000,0.000000000000000,0.000000000000000,55/24,0.000000000000000,0.050000000000000,0.000000000000000,0.000000000000000,0.000000000000000,0.000000000000000,0.000000000000000,0.000000000000000, , ,{E01107AF-6153-4684-9795-CA7382850C19},17/06/2025 0:00:00, ,17/06/2025 0:00:00, ,2.000000000000000,Roy Trustee 2022 Ltd,Proforest
{C774AD0D-EF87-4D2E-B1AC-9E42779E7948},1591.000000000000000,No,20/11.64,44.000000000000000,1100.000000000000000,Yes,1.000000000000000,0.000000000000000,0.000000000000000,0.000000000000000,0.000000000000000,0.000000000000000,0.000000000000000,0.000000000000000,55/24,0.022727272727300,0.000000000000000,0.000000000000000,0.000000000000000,0.000000000000000,0.000000000000000,0.000000000000000,0.000000000000000, , ,{E01107AF-6153-4684-9795-CA7382850C19},17/06/2025 0:00:00, ,17/06/2025 0:00:00, ,1.000000000000000,Roy Trustee 2022 Ltd,Proforest
{3B18E0CF-F69F-493E-A3AA-243FF635DDBE},1585.000000000000000,No,15/11.48,44.000000000000000,1100.000000000000000,Yes,0.000000000000000,3.000000000000000,0.000000000000000,0.000000000000000,0.000000000000000,0.000000000000000,0.000000000000000,0.000000000000000,55/24,0.000000000000000,0.000000000000000,0.000000000000000,0.000000000000000,0.000000000000000,0.000000000000000,0.000000000000000,0.000000000000000, , ,{E01107AF-6153-4684-9795-CA7382850C19},17/06/2025 0:00:00, ,25/09/2025 0:00:00,ScarlettMichelle,3.000000000000000,Roy Trustee 2022 Ltd,Proforest
{13898411-6E45-4EC4-B5BF-C96A7F142642},1587.000000000000000,No,25/11.85,39.000000000000000,975.000000000000000,Yes,0.000000000000000,2.000000000000000,0.000000000000000,0.000000000000000,0.000000000000000,1.000000000000000,0.000000000000000,0.000000000000000,55/24,0.000000000000000,0.051282051282100,0.000000000000000,0.000000000000000,0.000000000000000,0.025641025641000,0.000000000000000,0.000000000000000, ,Plot moved away from creek . Rocky face,{E01107AF-6153-4684-9795-CA7382850C19},17/06/2025 0:00:00, ,17/06/2025 0:00:00, ,5.000000000000000,Roy Trustee 2022 Ltd,Proforest
{46D54BB7-403A-4DD4-82AF-D81CEDA37DA0},1581.000000000000000,No,15/11.48,46.000000000000000,1150.000000000000000,Yes,0.000000000000000,3.000000000000000,0.000000000000000,0.000000000000000,0.000000000000000,0.000000000000000,1.000000000000000,0.000000000000000,55/24,0.000000000000000,0.065217391304300,0.000000000000000,0.000000000000000,0.000000000000000,0.000000000000000,0.021739130434800,0.000000000000000,Yes, ,{E01107AF-6153-4684-9795-CA7382850C19},17/06/2025 0:00:00, ,17/06/2025 0:00:00, ,6.000000000000000,Roy Trustee 2022 Ltd,Proforest
{2763634B-1179-494B-8EE8-2D5C47C11996},569.000000000000000,No,0/11.31,43.000000000000000,1075.000000000000000,No,0.000000000000000,0.000000000000000,0.000000000000000,0.000000000000000,0.000000000000000,0.000000000000000,0.000000000000000,0.000000000000000,25/58,0.000000000000000,0.000000000000000,0.000000000000000,0.000000000000000,0.000000000000000,0.000000000000000,0.000000000000000,0.000000000000000, , ,{1C8A2D5E-93C6-447E-8268-06A4B2C9B026},17/06/2025 0:00:00, ,17/06/2025 0:00:00, ,0.000000000000000,Roy Trustee 2022 Ltd,Forest View Contracting
{D0785601-1463-4D4E-ADCE-A8F12E53C8A1},575.000000000000000,No,5/11.31,44.000000000000000,1100.000000000000000,No,0.000000000000000,0.000000000000000,0.000000000000000,0.000000000000000,0.000000000000000,0.000000000000000,0.000000000000000,0.000000000000000,25/58,0.000000000000000,0.000000000000000,0.000000000000000,0.000000000000000,0.000000000000000,0.000000000000000,0.000000000000000,0.000000000000000, , ,{1C8A2D5E-93C6-447E-8268-06A4B2C9B026},17/06/2025 0:00:00, ,17/06/2025 0:00:00, ,0.000000000000000,Roy Trustee 2022 Ltd,Forest View Contracting
{B6D51AD4-B540-42CC-BD64-2A5B9C108C11},581.000000000000000,No,15/11.48,43.000000000000000,1075.000000000000000,No,0.000000000000000,0.000000000000000,0.000000000000000,0.000000000000000,0.000000000000000,0.000000000000000,0.000000000000000,0.000000000000000,25/58,0.000000000000000,0.000000000000000,0.000000000000000,0.000000000000000,0.000000000000000,0.000000000000000,0.000000000000000,0.000000000000000, , ,{1C8A2D5E-93C6-447E-8268-06A4B2C9B026},17/06/2025 0:00:00, ,17/06/2025 0:00:00, ,0.000000000000000,Roy Trustee 2022 Ltd,Forest View Contracting
{654764D7-2741-486C-A65C-E39BC6ED5EBA},607.000000000000000,No,5/11.31,39.000000000000000,975.000000000000000,No,0.000000000000000,0.000000000000000,0.000000000000000,0.000000000000000,0.000000000000000,0.000000000000000,0.000000000000000,0.000000000000000,25/58,0.000000000000000,0.000000000000000,0.000000000000000,0.000000000000000,0.000000000000000,0.000000000000000,0.000000000000000,0.000000000000000, , ,{1C8A2D5E-93C6-447E-8268-06A4B2C9B026},17/06/2025 0:00:00, ,17/06/2025 0:00:00, ,0.000000000000000,Roy Trustee 2022 Ltd,Forest View Contracting
{D984B4CF-419A-43F4-A67E-AA117CE64EF6},583.000000000000000,No,5/11.31,38.000000000000000,950.000000000000000,No,0.000000000000000,0.000000000000000,0.000000000000000,0.000000000000000,0.000000000000000,0.000000000000000,0.000000000000000,0.000000000000000,25/58,0.000000000000000,0.000000000000000,0.000000000000000,0.000000000000000,0.000000000000000,0.000000000000000,0.000000000000000,0.000000000000000, , ,{1C8A2D5E-93C6-447E-8268-06A4B2C9B026},17/06/2025 0:00:00, ,17/06/2025 0:00:00, ,0.000000000000000,Roy Trustee 2022 Ltd,Forest View Contracting
{A7B3C144-AB87-47DA-824A-D0CBC3CA7D97},1905.000000000000000,No,10/11.37,41.000000000000000,1025.000000000000000,No,0.000000000000000,0.000000000000000,0.000000000000000,0.000000000000000,0.000000000000000,0.000000000000000,0.000000000000000,0.000000000000000,25/63,0.000000000000000,0.000000000000000,0.000000000000000,0.000000000000000,0.000000000000000,0.000000000000000,0.000000000000000,0.000000000000000, , ,{4BF09BA4-527D-40BC-AD01-915834273163},17/06/2025 0:00:00, ,17/06/2025 0:00:00, ,0.000000000000000,Roy Trustee 2022 Ltd,Forest View Contracting
{F4D367C8-90A1-4537-BF8F-114CC2D5C6F6},1903.000000000000000,No,10/11.37,40.000000000000000,1000.000000000000000,No,0.000000000000000,0.000000000000000,0.000000000000000,0.000000000000000,0.000000000000000,0.000000000000000,0.000000000000000,0.000000000000000,25/63,0.000000000000000,0.000000000000000,0.000000000000000,0.000000000000000,0.000000000000000,0.000000000000000,0.000000000000000,0.000000000000000, , ,{4BF09BA4-527D-40BC-AD01-915834273163},17/06/2025 0:00:00, ,17/06/2025 0:00:00, ,0.000000000000000,Roy Trustee 2022 Ltd,Forest View Contracting
{800C8AEA-4228-481E-9762-0932C8A95D11},2377.000000000000000,No,20/11.64,35.000000000000000,875.000000000000000,No,0.000000000000000,0.000000000000000,0.000000000000000,0.000000000000000,0.000000000000000,0.000000000000000,0.000000000000000,0.000000000000000,25/14,0.000000000000000,0.000000000000000,0.000000000000000,0.000000000000000,0.000000000000000,0.000000000000000,0.000000000000000,0.000000000000000,Yes,Plot faalks inside 2 wind rows accounting for low stocking,{3653D94A-DDBB-48EC-8EAE-B66C34B5878C},17/06/2025 0:00:00, ,17/06/2025 0:00:00, ,0.000000000000000,Roy Trustee 2022 Ltd,Johnson Forestry Services
{D4A88A22-3943-42AE-83C4-16975C1DBEBD},2375.000000000000000,No,10/11.37,40.000000000000000,1000.000000000000000,Yes,0.000000000000000,0.000000000000000,0.000000000000000,0.000000000000000,0.000000000000000,0.000000000000000,2.000000000000000,0.000000000000000,25/14,0.000000000000000,0.000000000000000,0.000000000000000,0.000000000000000,0.000000000000000,0.000000000000000,0.050000000000000,0.000000000000000, , ,{3653D94A-DDBB-48EC-8EAE-B66C34B5878C},17/06/2025 0:00:00, ,17/06/2025 0:00:00, ,6.000000000000000,Roy Trustee 2022 Ltd,Johnson Forestry Services
{AE8BE86C-3E73-4812-A11C-B21D108C2A63},2385.000000000000000,No,10/11.37,37.000000000000000,925.000000000000000,No,0.000000000000000,0.000000000000000,0.000000000000000,0.000000000000000,0.000000000000000,0.000000000000000,0.000000000000000,0.000000000000000,25/14,0.000000000000000,0.000000000000000,0.000000000000000,0.000000000000000,0.000000000000000,0.000000000000000,0.000000000000000,0.000000000000000, , ,{36B6518A-9E1E-4122-B01A-CDEAC55884B2},18/06/2025 0:00:00, ,18/06/2025 0:00:00, ,0.000000000000000,Roy Trustee 2022 Ltd,Johnson Forestry Services
{92D721FC-9881-4B63-A64D-A3F4F469984E},2391.000000000000000,No,20/11.64,36.000000000000000,900.000000000000000,Yes,0.000000000000000,0.000000000000000,0.000000000000000,0.000000000000000,0.000000000000000,1.000000000000000,0.000000000000000,0.000000000000000,25/14,0.000000000000000,0.000000000000000,0.000000000000000,0.000000000000000,0.000000000000000,0.027777777777800,0.000000000000000,0.000000000000000, ,Moved plot up out of native.,{36B6518A-9E1E-4122-B01A-CDEAC55884B2},18/06/2025 0:00:00, ,18/06/2025 0:00:00, ,3.000000000000000,Roy Trustee 2022 Ltd,Johnson Forestry Services
{980674A9-ABC3-4053-AFA4-14FCA8730198},2399.000000000000000,No,20/11.64,36.000000000000000,900.000000000000000,Yes,0.000000000000000,0.000000000000000,0.000000000000000,0.000000000000000,0.000000000000000,0.000000000000000,1.000000000000000,1.000000000000000,25/14,0.000000000000000,0.000000000000000,0.000000000000000,0.000000000000000,0.000000000000000,0.000000000000000,0.027777777777800,0.027777777777800, , ,{36B6518A-9E1E-4122-B01A-CDEAC55884B2},18/06/2025 0:00:00, ,18/06/2025 0:00:00, ,6.000000000000000,Roy Trustee 2022 Ltd,Johnson Forestry Services
{ACD34245-4448-4BA7-A85B-6E7484426768},2403.000000000000000,No,20/11.64,37.000000000000000,925.000000000000000,Yes,0.000000000000000,0.000000000000000,0.000000000000000,0.000000000000000,0.000000000000000,0.000000000000000,0.000000000000000,2.000000000000000,25/14,0.000000000000000,0.000000000000000,0.000000000000000,0.000000000000000,0.000000000000000,0.000000000000000,0.000000000000000,0.054054054054100, ,Heavy native and grass bush's.,{36B6518A-9E1E-4122-B01A-CDEAC55884B2},18/06/2025 0:00:00, ,18/06/2025 0:00:00, ,6.000000000000000,Roy Trustee 2022 Ltd,Johnson Forestry Services
{B00A79E8-B047-4710-9987-D01E8A8D5DEB},2455.000000000000000,No,15/11.48,39.000000000000000,975.000000000000000,No,0.000000000000000,0.000000000000000,0.000000000000000,0.000000000000000,0.000000000000000,0.000000000000000,0.000000000000000,0.000000000000000,25/15,0.000000000000000,0.000000000000000,0.000000000000000,0.000000000000000,0.000000000000000,0.000000000000000,0.000000000000000,0.000000000000000, , ,{33EADEBF-B10C-47A6-BB2A-9EB87E13DCAA},18/06/2025 0:00:00, ,18/06/2025 0:00:00, ,0.000000000000000,Roy Trustee 2022 Ltd,Johnson Forestry Services
{16FA727E-DA0B-4206-BA35-18A0189541E8},2457.000000000000000,No,25/11.85,38.000000000000000,950.000000000000000,Yes,0.000000000000000,0.000000000000000,2.000000000000000,0.000000000000000,0.000000000000000,0.000000000000000,0.000000000000000,0.000000000000000,25/15,0.000000000000000,0.000000000000000,0.052631578947400,0.000000000000000,0.000000000000000,0.000000000000000,0.000000000000000,0.000000000000000, ,Rocky groud,{33EADEBF-B10C-47A6-BB2A-9EB87E13DCAA},18/06/2025 0:00:00, ,18/06/2025 0:00:00, ,6.000000000000000,Roy Trustee 2022 Ltd,Johnson Forestry Services
{CDADFD23-7677-4E72-A253-22A669CCAD9C},2467.000000000000000,No,15/11.48,41.000000000000000,1025.000000000000000,Yes,0.000000000000000,0.000000000000000,1.000000000000000,0.000000000000000,0.000000000000000,0.000000000000000,1.000000000000000,0.000000000000000,25/15,0.000000000000000,0.000000000000000,0.024390243902400,0.000000000000000,0.000000000000000,0.000000000000000,0.024390243902400,0.000000000000000, , ,{33EADEBF-B10C-47A6-BB2A-9EB87E13DCAA},18/06/2025 0:00:00, ,18/06/2025 0:00:00, ,6.000000000000000,Roy Trustee 2022 Ltd,Johnson Forestry Services
{AFF602F1-BE51-42F6-8929-EA6AD2CCAD5B},2489.000000000000000,No,15/11.48,44.000000000000000,1100.000000000000000,Yes,0.000000000000000,0.000000000000000,0.000000000000000,0.000000000000000,0.000000000000000,2.000000000000000,0.000000000000000,0.000000000000000,25/15,0.000000000000000,0.000000000000000,0.000000000000000,0.000000000000000,0.000000000000000,0.045454545454500,0.000000000000000,0.000000000000000, ,"Hard digging, rocky ground.",{33EADEBF-B10C-47A6-BB2A-9EB87E13DCAA},18/06/2025 0:00:00, ,18/06/2025 0:00:00, ,6.000000000000000,Roy Trustee 2022 Ltd,Johnson Forestry Services
{92DCC646-9EB5-4182-90BF-E6869976A11D},2477.000000000000000,No,15/11.48,40.000000000000000,1000.000000000000000,Yes,0.000000000000000,0.000000000000000,0.000000000000000,0.000000000000000,0.000000000000000,2.000000000000000,0.000000000000000,0.000000000000000,25/15,0.000000000000000,0.000000000000000,0.000000000000000,0.000000000000000,0.000000000000000,0.050000000000000,0.000000000000000,0.000000000000000, ,"Rocky ground ,hard to get deeth.",{33EADEBF-B10C-47A6-BB2A-9EB87E13DCAA},18/06/2025 0:00:00, ,18/06/2025 0:00:00, ,6.000000000000000,Roy Trustee 2022 Ltd,Johnson Forestry Services
{40D4CABF-49AB-4A21-82ED-F103C5B18667},2475.000000000000000,No,15/11.48,41.000000000000000,1025.000000000000000,Yes,0.000000000000000,0.000000000000000,1.000000000000000,0.000000000000000,0.000000000000000,1.000000000000000,0.000000000000000,0.000000000000000,25/15,0.000000000000000,0.000000000000000,0.024390243902400,0.000000000000000,0.000000000000000,0.024390243902400,0.000000000000000,0.000000000000000, , ,{33EADEBF-B10C-47A6-BB2A-9EB87E13DCAA},18/06/2025 0:00:00, ,18/06/2025 0:00:00, ,6.000000000000000,Roy Trustee 2022 Ltd,Johnson Forestry Services
{6ED47C76-8A8D-495D-AA72-6DEA91E6B737},2463.000000000000000,No,15/11.48,38.000000000000000,950.000000000000000,No,0.000000000000000,0.000000000000000,0.000000000000000,0.000000000000000,0.000000000000000,0.000000000000000,0.000000000000000,0.000000000000000,25/15,0.000000000000000,0.000000000000000,0.000000000000000,0.000000000000000,0.000000000000000,0.000000000000000,0.000000000000000,0.000000000000000, ,Moved plot away from a muddy spring,{33EADEBF-B10C-47A6-BB2A-9EB87E13DCAA},18/06/2025 0:00:00, ,18/06/2025 0:00:00, ,0.000000000000000,Roy Trustee 2022 Ltd,Johnson Forestry Services
{E461BD29-8365-4686-A56F-1318CF31F8A7},2435.000000000000000,No,5/11.31,37.000000000000000,925.000000000000000,Yes,0.000000000000000,0.000000000000000,0.000000000000000,0.000000000000000,1.000000000000000,0.000000000000000,1.000000000000000,0.000000000000000,25/15,0.000000000000000,0.000000000000000,0.000000000000000,0.000000000000000,0.027027027027000,0.000000000000000,0.027027027027000,0.000000000000000, , ,{33EADEBF-B10C-47A6-BB2A-9EB87E13DCAA},18/06/2025 0:00:00, ,18/06/2025 0:00:00, ,6.000000000000000,Roy Trustee 2022 Ltd,Johnson Forestry Services
{417F5103-152E-4C6F-B41C-D8EBA315670B},2445.000000000000000,No,10/11.37,44.000000000000000,1100.000000000000000,Yes,0.000000000000000,0.000000000000000,0.000000000000000,0.000000000000000,0.000000000000000,1.000000000000000,1.000000000000000,0.000000000000000,25/15,0.000000000000000,0.000000000000000,0.000000000000000,0.000000000000000,0.000000000000000,0.022727272727300,0.022727272727300,0.000000000000000, , ,{33EADEBF-B10C-47A6-BB2A-9EB87E13DCAA},18/06/2025 0:00:00, ,18/06/2025 0:00:00, ,6.000000000000000,Roy Trustee 2022 Ltd,Johnson Forestry Services
{659B1734-6EEC-4E13-9D9D-315C3F9F6C15},987.000000000000000,No,0/11.31,42.000000000000000,1050.000000000000000,No,0.000000000000000,0.000000000000000,0.000000000000000,0.000000000000000,0.000000000000000,0.000000000000000,0.000000000000000,0.000000000000000,25/70,0.000000000000000,0.000000000000000,0.000000000000000,0.000000000000000,0.000000000000000,0.000000000000000,0.000000000000000,0.000000000000000, , ,{E41C1881-4F8E-473B-B32B-019BB7594277},18/06/2025 0:00:00, ,18/06/2025 0:00:00, ,0.000000000000000,Roy Trustee 2022 Ltd,Forest View Contracting
{C9512ABC-1363-46D5-B2E8-E749C2F716C5},985.000000000000000,No,5/11.31,36.000000000000000,900.000000000000000,No,0.000000000000000,0.000000000000000,0.000000000000000,0.000000000000000,0.000000000000000,0.000000000000000,0.000000000000000,0.000000000000000,25/70,0.000000000000000,0.000000000000000,0.000000000000000,0.000000000000000,0.000000000000000,0.000000000000000,0.000000000000000,0.000000000000000, ,"Missed out on another 2 trees
Concert trough and rocked area in plot.
So",{E41C1881-4F8E-473B-B32B-019BB7594277},18/06/2025 0:00:00, ,18/06/2025 0:00:00, ,0.000000000000000,Roy Trustee 2022 Ltd,Forest View Contracting
{B01D9932-3071-4216-9F63-D039DBEA03CC},983.000000000000000,No,5/11.31,42.000000000000000,1050.000000000000000,No,0.000000000000000,0.000000000000000,0.000000000000000,0.000000000000000,0.000000000000000,0.000000000000000,0.000000000000000,0.000000000000000,25/70,0.000000000000000,0.000000000000000,0.000000000000000,0.000000000000000,0.000000000000000,0.000000000000000,0.000000000000000,0.000000000000000, , ,{E41C1881-4F8E-473B-B32B-019BB7594277},18/06/2025 0:00:00, ,18/06/2025 0:00:00, ,0.000000000000000,Roy Trustee 2022 Ltd,Forest View Contracting
{18685E1A-A9A8-4871-AC00-93004E2E8D36},981.000000000000000,No,5/11.31,43.000000000000000,1075.000000000000000,No,0.000000000000000,0.000000000000000,0.000000000000000,0.000000000000000,0.000000000000000,0.000000000000000,0.000000000000000,0.000000000000000,25/70,0.000000000000000,0.000000000000000,0.000000000000000,0.000000000000000,0.000000000000000,0.000000000000000,0.000000000000000,0.000000000000000, , ,{E41C1881-4F8E-473B-B32B-019BB7594277},18/06/2025 0:00:00, ,18/06/2025 0:00:00, ,0.000000000000000,Roy Trustee 2022 Ltd,Forest View Contracting
{BCDE8B9C-D0E9-4661-AB97-020C0C366A32},999.000000000000000,No,5/11.31,40.000000000000000,1000.000000000000000,No,0.000000000000000,0.000000000000000,0.000000000000000,0.000000000000000,0.000000000000000,0.000000000000000,0.000000000000000,0.000000000000000,25/70,0.000000000000000,0.000000000000000,0.000000000000000,0.000000000000000,0.000000000000000,0.000000000000000,0.000000000000000,0.000000000000000, , ,{E41C1881-4F8E-473B-B32B-019BB7594277},18/06/2025 0:00:00, ,18/06/2025 0:00:00, ,0.000000000000000,Roy Trustee 2022 Ltd,Forest View Contracting
{94398282-DA14-4718-A7A4-A80396C9913E},989.000000000000000,No,5/11.31,39.000000000000000,975.000000000000000,No,0.000000000000000,0.000000000000000,0.000000000000000,0.000000000000000,0.000000000000000,0.000000000000000,0.000000000000000,0.000000000000000,25/70,0.000000000000000,0.000000000000000,0.000000000000000,0.000000000000000,0.000000000000000,0.000000000000000,0.000000000000000,0.000000000000000, , ,{E41C1881-4F8E-473B-B32B-019BB7594277},18/06/2025 0:00:00, ,18/06/2025 0:00:00, ,0.000000000000000,Roy Trustee 2022 Ltd,Forest View Contracting
{92A55D76-B3E0-469F-B61B-4DE7A58EE6C9},1001.000000000000000,No,10/11.37,36.000000000000000,900.000000000000000,No,0.000000000000000,0.000000000000000,0.000000000000000,0.000000000000000,0.000000000000000,0.000000000000000,0.000000000000000,0.000000000000000,25/70,0.000000000000000,0.000000000000000,0.000000000000000,0.000000000000000,0.000000000000000,0.000000000000000,0.000000000000000,0.000000000000000, , ,{E41C1881-4F8E-473B-B32B-019BB7594277},18/06/2025 0:00:00, ,18/06/2025 0:00:00, ,0.000000000000000,Roy Trustee 2022 Ltd,Forest View Contracting
{6EF30B8D-1845-4949-939F-E6EAD99400DA},1003.000000000000000,No,10/11.37,41.000000000000000,1025.000000000000000,No,0.000000000000000,0.000000000000000,0.000000000000000,0.000000000000000,0.000000000000000,0.000000000000000,0.000000000000000,0.000000000000000,25/70,0.000000000000000,0.000000000000000,0.000000000000000,0.000000000000000,0.000000000000000,0.000000000000000,0.000000000000000,0.000000000000000, , ,{E41C1881-4F8E-473B-B32B-019BB7594277},18/06/2025 0:00:00, ,18/06/2025 0:00:00, ,0.000000000000000,Roy Trustee 2022 Ltd,Forest View Contracting
{1CB7E6F6-EB4D-4EAE-AEC3-2A08F828B87F},1543.000000000000000,No,10/11.37,43.000000000000000,1075.000000000000000,Yes,0.000000000000000,2.000000000000000,1.000000000000000,0.000000000000000,0.000000000000000,0.000000000000000,0.000000000000000,0.000000000000000,25/52,0.000000000000000,0.046511627907000,0.023255813953500,0.000000000000000,0.000000000000000,0.000000000000000,0.000000000000000,0.000000000000000, , ,{5DC73904-4A3F-4B51-9A38-63F02442A7F9},18/06/2025 0:00:00, ,18/06/2025 0:00:00, ,5.000000000000000,Roy Trustee 2022 Ltd,Proforest
{915EA19B-4DE4-43F7-87B0-35BC7DB999EC},1549.000000000000000,No,15/11.48,48.000000000000000,1200.000000000000000,No,0.000000000000000,0.000000000000000,0.000000000000000,0.000000000000000,0.000000000000000,0.000000000000000,0.000000000000000,0.000000000000000,25/54,0.000000000000000,0.000000000000000,0.000000000000000,0.000000000000000,0.000000000000000,0.000000000000000,0.000000000000000,0.000000000000000,Yes, ,{5DC73904-4A3F-4B51-9A38-63F02442A7F9},18/06/2025 0:00:00, ,1/07/2025 0:00:00,ScarlettMichelle,0.000000000000000,Roy Trustee 2022 Ltd,Proforest
{251A3335-E9C3-4F85-A898-8E2878E88206},1547.000000000000000,No,20/11.64,44.000000000000000,1100.000000000000000,Yes,0.000000000000000,2.000000000000000,1.000000000000000,0.000000000000000,0.000000000000000,0.000000000000000,0.000000000000000,0.000000000000000,25/54,0.000000000000000,0.045454545454500,0.022727272727300,0.000000000000000,0.000000000000000,0.000000000000000,0.000000000000000,0.000000000000000, ,Roots up Long roots,{5DC73904-4A3F-4B51-9A38-63F02442A7F9},18/06/2025 0:00:00, ,1/07/2025 0:00:00,ScarlettMichelle,5.000000000000000,Roy Trustee 2022 Ltd,Proforest
{120588BA-3A4A-4520-8227-D08D2CE156E4},1551.000000000000000,No,15/11.48,43.000000000000000,1075.000000000000000,Yes,0.000000000000000,2.000000000000000,1.000000000000000,0.000000000000000,0.000000000000000,0.000000000000000,0.000000000000000,0.000000000000000,25/54,0.000000000000000,0.046511627907000,0.023255813953500,0.000000000000000,0.000000000000000,0.000000000000000,0.000000000000000,0.000000000000000, , ,{5DC73904-4A3F-4B51-9A38-63F02442A7F9},18/06/2025 0:00:00, ,1/07/2025 0:00:00,ScarlettMichelle,5.000000000000000,Roy Trustee 2022 Ltd,Proforest
{BADA3357-2F36-4614-8183-61306AC2DF9F},1539.000000000000000,No,10/11.37,42.000000000000000,1050.000000000000000,Yes,0.000000000000000,0.000000000000000,2.000000000000000,0.000000000000000,0.000000000000000,0.000000000000000,0.000000000000000,0.000000000000000,25/54,0.000000000000000,0.000000000000000,0.047619047619000,0.000000000000000,0.000000000000000,0.000000000000000,0.000000000000000,0.000000000000000, , ,{5DC73904-4A3F-4B51-9A38-63F02442A7F9},18/06/2025 0:00:00, ,1/07/2025 0:00:00,ScarlettMichelle,6.000000000000000,Roy Trustee 2022 Ltd,Proforest
{438F568F-C8DC-4426-B947-5F510AA4A404},1553.000000000000000,No,15/11.48,40.000000000000000,1000.000000000000000,Yes,0.000000000000000,2.000000000000000,1.000000000000000,0.000000000000000,0.000000000000000,0.000000000000000,0.000000000000000,0.000000000000000,25/54,0.000000000000000,0.050000000000000,0.025000000000000,0.000000000000000,0.000000000000000,0.000000000000000,0.000000000000000,0.000000000000000, , ,{5DC73904-4A3F-4B51-9A38-63F02442A7F9},18/06/2025 0:00:00, ,1/07/2025 0:00:00,ScarlettMichelle,5.000000000000000,Roy Trustee 2022 Ltd,Proforest
{CA28CB21-4B71-4FE6-A780-CCF75C60A16A},1545.000000000000000,No,15/11.48,41.000000000000000,1025.000000000000000,Yes,0.000000000000000,3.000000000000000,1.000000000000000,0.000000000000000,0.000000000000000,0.000000000000000,0.000000000000000,0.000000000000000,25/54,0.000000000000000,0.073170731707300,0.024390243902400,0.000000000000000,0.000000000000000,0.000000000000000,0.000000000000000,0.000000000000000, , ,{5DC73904-4A3F-4B51-9A38-63F02442A7F9},18/06/2025 0:00:00, ,1/07/2025 0:00:00,ScarlettMichelle,6.000000000000000,Roy Trustee 2022 Ltd,Proforest
{763BA6DF-9CEB-48FF-B44C-A33C2BE021AE},1537.000000000000000,No,20/11.64,45.000000000000000,1125.000000000000000,Yes,0.000000000000000,2.000000000000000,0.000000000000000,0.000000000000000,0.000000000000000,0.000000000000000,0.000000000000000,0.000000000000000,25/54,0.000000000000000,0.044444444444400,0.000000000000000,0.000000000000000,0.000000000000000,0.000000000000000,0.000000000000000,0.000000000000000,Yes, ,{5DC73904-4A3F-4B51-9A38-63F02442A7F9},18/06/2025 0:00:00, ,1/07/2025 0:00:00,ScarlettMichelle,2.000000000000000,Roy Trustee 2022 Ltd,Proforest
{956123A6-9C6A-4CB2-B08E-1C825B95491D},1521.000000000000000,No,15/11.48,36.000000000000000,900.000000000000000,Yes,0.000000000000000,3.000000000000000,1.000000000000000,0.000000000000000,0.000000000000000,0.000000000000000,0.000000000000000,0.000000000000000,25/54,0.000000000000000,0.083333333333300,0.027777777777800,0.000000000000000,0.000000000000000,0.000000000000000,0.000000000000000,0.000000000000000, ,Moved plot down from track,{5DC73904-4A3F-4B51-9A38-63F02442A7F9},18/06/2025 0:00:00, ,1/07/2025 0:00:00,ScarlettMichelle,6.000000000000000,Roy Trustee 2022 Ltd,Proforest
{591E74B0-B73A-42D1-951F-0EC3216B47D6},1507.000000000000000,No,5/11.31,43.000000000000000,1075.000000000000000,Yes,0.000000000000000,3.000000000000000,1.000000000000000,0.000000000000000,0.000000000000000,0.000000000000000,0.000000000000000,0.000000000000000,25/54,0.000000000000000,0.069767441860500,0.023255813953500,0.000000000000000,0.000000000000000,0.000000000000000,0.000000000000000,0.000000000000000, , ,{5DC73904-4A3F-4B51-9A38-63F02442A7F9},18/06/2025 0:00:00, ,1/07/2025 0:00:00,ScarlettMichelle,6.000000000000000,Roy Trustee 2022 Ltd,Proforest
{97D384A7-5597-4806-AC9B-5DFD43887389},2459.000000000000000,No,25/11.85,36.000000000000000,900.000000000000000,Yes,0.000000000000000,0.000000000000000,0.000000000000000,0.000000000000000,0.000000000000000,0.000000000000000,1.000000000000000,0.000000000000000,25/15,0.000000000000000,0.000000000000000,0.000000000000000,0.000000000000000,0.000000000000000,0.000000000000000,0.027777777777800,0.000000000000000, , ,{870C78AB-B5C0-4445-8201-8B38C2DE6702},19/06/2025 0:00:00, ,19/06/2025 0:00:00, ,3.000000000000000,Roy Trustee 2022 Ltd,Johnson Forestry Services
{5EB6CB60-3D08-4438-9A21-1B5AF541808F},2471.000000000000000,No,20/11.64,38.000000000000000,950.000000000000000,No,0.000000000000000,0.000000000000000,0.000000000000000,0.000000000000000,0.000000000000000,0.000000000000000,0.000000000000000,0.000000000000000,25/15,0.000000000000000,0.000000000000000,0.000000000000000,0.000000000000000,0.000000000000000,0.000000000000000,0.000000000000000,0.000000000000000, , ,{870C78AB-B5C0-4445-8201-8B38C2DE6702},19/06/2025 0:00:00, ,19/06/2025 0:00:00, ,0.000000000000000,Roy Trustee 2022 Ltd,Johnson Forestry Services
{AEF1F978-82FA-42E8-843E-FBADC4603149},2481.000000000000000,No,10/11.37,42.000000000000000,1050.000000000000000,Yes,0.000000000000000,0.000000000000000,1.000000000000000,0.000000000000000,0.000000000000000,0.000000000000000,0.000000000000000,0.000000000000000,25/15,0.000000000000000,0.000000000000000,0.023809523809500,0.000000000000000,0.000000000000000,0.000000000000000,0.000000000000000,0.000000000000000, , ,{870C78AB-B5C0-4445-8201-8B38C2DE6702},19/06/2025 0:00:00, ,19/06/2025 0:00:00, ,3.000000000000000,Roy Trustee 2022 Ltd,Johnson Forestry Services
{6874AA6E-FC23-448E-837D-9A6D6936875F},2469.000000000000000,No,10/11.37,37.000000000000000,925.000000000000000,No,0.000000000000000,0.000000000000000,0.000000000000000,0.000000000000000,0.000000000000000,0.000000000000000,0.000000000000000,0.000000000000000,25/15,0.000000000000000,0.000000000000000,0.000000000000000,0.000000000000000,0.000000000000000,0.000000000000000,0.000000000000000,0.000000000000000, , ,{870C78AB-B5C0-4445-8201-8B38C2DE6702},19/06/2025 0:00:00, ,19/06/2025 0:00:00, ,0.000000000000000,Roy Trustee 2022 Ltd,Johnson Forestry Services
{6BBF8661-A486-47B2-9BD3-57094E135B0E},2443.000000000000000,Yes,5/11.31,30.000000000000000,750.000000000000000,Yes,0.000000000000000,0.000000000000000,0.000000000000000,0.000000000000000,0.000000000000000,0.000000000000000,2.000000000000000,0.000000000000000,25/15,0.000000000000000,0.000000000000000,0.000000000000000,0.000000000000000,0.000000000000000,0.000000000000000,0.066666666666700,0.000000000000000,Yes,Heavy tall grass.,{870C78AB-B5C0-4445-8201-8B38C2DE6702},19/06/2025 0:00:00, ,19/06/2025 0:00:00, ,6.000000000000000,Roy Trustee 2022 Ltd,Johnson Forestry Services
{7AD63D92-FE3F-4926-A209-0C6280AD9A66},2461.000000000000000,No,10/11.37,41.000000000000000,1025.000000000000000,Yes,0.000000000000000,0.000000000000000,0.000000000000000,0.000000000000000,0.000000000000000,1.000000000000000,1.000000000000000,0.000000000000000,25/15,0.000000000000000,0.000000000000000,0.000000000000000,0.000000000000000,0.000000000000000,0.024390243902400,0.024390243902400,0.000000000000000, , ,{870C78AB-B5C0-4445-8201-8B38C2DE6702},19/06/2025 0:00:00, ,19/06/2025 0:00:00, ,6.000000000000000,Roy Trustee 2022 Ltd,Johnson Forestry Services
{050B6766-016E-44A1-94F1-04CC1C6D2745},2447.000000000000000,No,5/11.31,38.000000000000000,950.000000000000000,Yes,1.000000000000000,0.000000000000000,0.000000000000000,0.000000000000000,0.000000000000000,0.000000000000000,0.000000000000000,1.000000000000000,25/15,0.026315789473700,0.000000000000000,0.000000000000000,0.000000000000000,0.000000000000000,0.000000000000000,0.000000000000000,0.026315789473700, , ,{870C78AB-B5C0-4445-8201-8B38C2DE6702},19/06/2025 0:00:00, ,19/06/2025 0:00:00, ,4.000000000000000,Roy Trustee 2022 Ltd,Johnson Forestry Services
{C70AC0A6-161C-43F6-BF0A-D1EF2CAD3098},1005.000000000000000,No,10/11.37,41.000000000000000,1025.000000000000000,No,0.000000000000000,0.000000000000000,0.000000000000000,0.000000000000000,0.000000000000000,0.000000000000000,0.000000000000000,0.000000000000000,25/70,0.000000000000000,0.000000000000000,0.000000000000000,0.000000000000000,0.000000000000000,0.000000000000000,0.000000000000000,0.000000000000000, , ,{647EAF5A-96DD-4AC5-AA71-FD8A08D4AEE0},19/06/2025 0:00:00, ,19/06/2025 0:00:00, ,0.000000000000000,Roy Trustee 2022 Ltd,Forest View Contracting
{7F91C7AC-86C2-4408-BA46-BA68FA3CD71D},989.000000000000000,No,5/11.31,40.000000000000000,1000.000000000000000,No,0.000000000000000,0.000000000000000,0.000000000000000,0.000000000000000,0.000000000000000,0.000000000000000,0.000000000000000,0.000000000000000,25/70,0.000000000000000,0.000000000000000,0.000000000000000,0.000000000000000,0.000000000000000,0.000000000000000,0.000000000000000,0.000000000000000, , ,{647EAF5A-96DD-4AC5-AA71-FD8A08D4AEE0},19/06/2025 0:00:00, ,19/06/2025 0:00:00, ,0.000000000000000,Roy Trustee 2022 Ltd,Forest View Contracting
{DBADFD53-9931-48C9-9FDE-09510E63B46D},997.000000000000000,No,10/11.37,44.000000000000000,1100.000000000000000,No,0.000000000000000,0.000000000000000,0.000000000000000,0.000000000000000,0.000000000000000,0.000000000000000,0.000000000000000,0.000000000000000,25/70,0.000000000000000,0.000000000000000,0.000000000000000,0.000000000000000,0.000000000000000,0.000000000000000,0.000000000000000,0.000000000000000, , ,{647EAF5A-96DD-4AC5-AA71-FD8A08D4AEE0},19/06/2025 0:00:00, ,19/06/2025 0:00:00, ,0.000000000000000,Roy Trustee 2022 Ltd,Forest View Contracting
{4F301CF5-9485-4735-AAE9-9AD409C90BF5},979.000000000000000,No,10/11.37,42.000000000000000,1050.000000000000000,No,0.000000000000000,0.000000000000000,0.000000000000000,0.000000000000000,0.000000000000000,0.000000000000000,0.000000000000000,0.000000000000000,25/70,0.000000000000000,0.000000000000000,0.000000000000000,0.000000000000000,0.000000000000000,0.000000000000000,0.000000000000000,0.000000000000000, , ,{647EAF5A-96DD-4AC5-AA71-FD8A08D4AEE0},19/06/2025 0:00:00, ,19/06/2025 0:00:00, ,0.000000000000000,Roy Trustee 2022 Ltd,Forest View Contracting
{2B1BF561-0091-4996-AA11-DFABF0F7A282},1017.000000000000000,No,10/11.37,39.000000000000000,975.000000000000000,No,0.000000000000000,0.000000000000000,0.000000000000000,0.000000000000000,0.000000000000000,0.000000000000000,0.000000000000000,0.000000000000000,25/70,0.000000000000000,0.000000000000000,0.000000000000000,0.000000000000000,0.000000000000000,0.000000000000000,0.000000000000000,0.000000000000000, , ,{647EAF5A-96DD-4AC5-AA71-FD8A08D4AEE0},19/06/2025 0:00:00, ,19/06/2025 0:00:00, ,0.000000000000000,Roy Trustee 2022 Ltd,Forest View Contracting
{850D1823-102E-4FB4-BB49-9FC556418794},1029.000000000000000,No,5/11.31,43.000000000000000,1075.000000000000000,No,0.000000000000000,0.000000000000000,0.000000000000000,0.000000000000000,0.000000000000000,0.000000000000000,0.000000000000000,0.000000000000000,25/70,0.000000000000000,0.000000000000000,0.000000000000000,0.000000000000000,0.000000000000000,0.000000000000000,0.000000000000000,0.000000000000000, , ,{647EAF5A-96DD-4AC5-AA71-FD8A08D4AEE0},19/06/2025 0:00:00, ,19/06/2025 0:00:00, ,0.000000000000000,Roy Trustee 2022 Ltd,Forest View Contracting
{AD05BAE1-B2D6-46FB-9FF9-0880C3F2C295},1013.000000000000000,No,15/11.48,37.000000000000000,925.000000000000000,No,0.000000000000000,0.000000000000000,0.000000000000000,0.000000000000000,0.000000000000000,0.000000000000000,0.000000000000000,0.000000000000000,25/70,0.000000000000000,0.000000000000000,0.000000000000000,0.000000000000000,0.000000000000000,0.000000000000000,0.000000000000000,0.000000000000000, , ,{647EAF5A-96DD-4AC5-AA71-FD8A08D4AEE0},19/06/2025 0:00:00, ,19/06/2025 0:00:00, ,0.000000000000000,Roy Trustee 2022 Ltd,Forest View Contracting
{49DFAD9B-2B4E-4638-8839-188E46242F2F},1027.000000000000000,No,10/11.37,38.000000000000000,950.000000000000000,No,0.000000000000000,0.000000000000000,0.000000000000000,0.000000000000000,0.000000000000000,0.000000000000000,0.000000000000000,0.000000000000000,25/70,0.000000000000000,0.000000000000000,0.000000000000000,0.000000000000000,0.000000000000000,0.000000000000000,0.000000000000000,0.000000000000000, , ,{647EAF5A-96DD-4AC5-AA71-FD8A08D4AEE0},19/06/2025 0:00:00, ,19/06/2025 0:00:00, ,0.000000000000000,Roy Trustee 2022 Ltd,Forest View Contracting
{77C0D769-C0FE-40A6-BEFA-F0B2AED3625A},1015.000000000000000,No,10/11.37,44.000000000000000,1100.000000000000000,No,0.000000000000000,0.000000000000000,0.000000000000000,0.000000000000000,0.000000000000000,0.000000000000000,0.000000000000000,0.000000000000000,25/70,0.000000000000000,0.000000000000000,0.000000000000000,0.000000000000000,0.000000000000000,0.000000000000000,0.000000000000000,0.000000000000000, , ,{647EAF5A-96DD-4AC5-AA71-FD8A08D4AEE0},19/06/2025 0:00:00, ,19/06/2025 0:00:00, ,0.000000000000000,Roy Trustee 2022 Ltd,Forest View Contracting
{947FB03D-ED3E-43F1-BDEA-A14AF74EFFCD},2473.000000000000000,No,10/11.37,40.000000000000000,1000.000000000000000,Yes,0.000000000000000,0.000000000000000,1.000000000000000,0.000000000000000,0.000000000000000,0.000000000000000,1.000000000000000,0.000000000000000,25/15,0.000000000000000,0.000000000000000,0.025000000000000,0.000000000000000,0.000000000000000,0.000000000000000,0.025000000000000,0.000000000000000, , ,{7E3BB7BB-5C11-45E8-9BCB-920204EC4C98},19/06/2025 0:00:00, ,19/06/2025 0:00:00, ,6.000000000000000,Roy Trustee 2022 Ltd,Johnson Forestry Services
{9C1463DB-A42B-4540-AD60-A33681552BF3},2487.000000000000000,No,15/11.48,44.000000000000000,1100.000000000000000,Yes,0.000000000000000,0.000000000000000,0.000000000000000,0.000000000000000,0.000000000000000,0.000000000000000,1.000000000000000,0.000000000000000,25/15,0.000000000000000,0.000000000000000,0.000000000000000,0.000000000000000,0.000000000000000,0.000000000000000,0.022727272727300,0.000000000000000, , ,{7E3BB7BB-5C11-45E8-9BCB-920204EC4C98},19/06/2025 0:00:00, ,19/06/2025 0:00:00, ,3.000000000000000,Roy Trustee 2022 Ltd,Johnson Forestry Services
{40A6F3D2-2B7D-4A02-9ADB-DC4BA5EFD27F},2485.000000000000000,No,25/11.85,39.000000000000000,975.000000000000000,No,0.000000000000000,0.000000000000000,0.000000000000000,0.000000000000000,0.000000000000000,0.000000000000000,0.000000000000000,0.000000000000000,25/15,0.000000000000000,0.000000000000000,0.000000000000000,0.000000000000000,0.000000000000000,0.000000000000000,0.000000000000000,0.000000000000000, , ,{7E3BB7BB-5C11-45E8-9BCB-920204EC4C98},19/06/2025 0:00:00, ,19/06/2025 0:00:00, ,0.000000000000000,Roy Trustee 2022 Ltd,Johnson Forestry Services
{50FF55BD-937E-44E8-8301-1429295A202B},2497.000000000000000,No,15/11.48,42.000000000000000,1050.000000000000000,No,0.000000000000000,0.000000000000000,0.000000000000000,0.000000000000000,0.000000000000000,0.000000000000000,0.000000000000000,0.000000000000000,25/15,0.000000000000000,0.000000000000000,0.000000000000000,0.000000000000000,0.000000000000000,0.000000000000000,0.000000000000000,0.000000000000000, , ,{7E3BB7BB-5C11-45E8-9BCB-920204EC4C98},19/06/2025 0:00:00, ,19/06/2025 0:00:00, ,0.000000000000000,Roy Trustee 2022 Ltd,Johnson Forestry Services
{E12D477E-6A9D-49E8-A0D4-444A51DFB7B5},2495.000000000000000,No,25/11.85,39.000000000000000,975.000000000000000,Yes,0.000000000000000,0.000000000000000,0.000000000000000,0.000000000000000,0.000000000000000,0.000000000000000,1.000000000000000,0.000000000000000,25/15,0.000000000000000,0.000000000000000,0.000000000000000,0.000000000000000,0.000000000000000,0.000000000000000,0.025641025641000,0.000000000000000, , ,{7E3BB7BB-5C11-45E8-9BCB-920204EC4C98},19/06/2025 0:00:00, ,19/06/2025 0:00:00, ,3.000000000000000,Roy Trustee 2022 Ltd,Johnson Forestry Services
{9CF15729-F344-416F-BD27-CE915DB3FF4C},1535.000000000000000,No,20/11.64,39.000000000000000,975.000000000000000,Yes,0.000000000000000,2.000000000000000,1.000000000000000,0.000000000000000,0.000000000000000,0.000000000000000,0.000000000000000,0.000000000000000,25/52,0.000000000000000,0.051282051282100,0.025641025641000,0.000000000000000,0.000000000000000,0.000000000000000,0.000000000000000,0.000000000000000, ,Roots up long roots,{10C3C053-E5C8-4A7A-BBF3-9DBA8A89DB77},22/06/2025 0:00:00, ,22/06/2025 0:00:00, ,5.000000000000000,Roy Trustee 2022 Ltd,Proforest
{C3833CB8-47E8-40B3-B733-6375A0C20C60},1529.000000000000000,No,10/11.37,37.000000000000000,925.000000000000000,Yes,0.000000000000000,3.000000000000000,1.000000000000000,0.000000000000000,0.000000000000000,0.000000000000000,0.000000000000000,0.000000000000000,25/52,0.000000000000000,0.000000000000000,0.000000000000000,0.000000000000000,0.000000000000000,0.000000000000000,0.000000000000000,0.000000000000000, , ,{10C3C053-E5C8-4A7A-BBF3-9DBA8A89DB77},22/06/2025 0:00:00, ,25/09/2025 0:00:00,ScarlettMichelle,6.000000000000000,Roy Trustee 2022 Ltd,Proforest
{2C26D50B-4423-423E-A67E-EA4741B3DD63},1531.000000000000000,No,20/11.64,44.000000000000000,1100.000000000000000,Yes,0.000000000000000,4.000000000000000,0.000000000000000,0.000000000000000,0.000000000000000,0.000000000000000,0.000000000000000,0.000000000000000,25/52,0.000000000000000,0.000000000000000,0.000000000000000,0.000000000000000,0.000000000000000,0.000000000000000,0.000000000000000,0.000000000000000, , ,{10C3C053-E5C8-4A7A-BBF3-9DBA8A89DB77},22/06/2025 0:00:00, ,25/09/2025 0:00:00,ScarlettMichelle,4.000000000000000,Roy Trustee 2022 Ltd,Proforest
{D8E72689-E9D1-42C3-B273-D27C2FCA7EE4},1283.000000000000000,No,5/11.31,34.000000000000000,850.000000000000000,Yes,0.000000000000000,2.000000000000000,0.000000000000000,0.000000000000000,0.000000000000000,0.000000000000000,0.000000000000000,0.000000000000000,25/56,0.000000000000000,0.058823529411800,0.000000000000000,0.000000000000000,0.000000000000000,0.000000000000000,0.000000000000000,0.000000000000000,Yes, ,{C9478163-E8D5-477E-8598-2343B1E3E87E},23/06/2025 0:00:00, ,23/06/2025 0:00:00, ,2.000000000000000,Roy Trustee 2022 Ltd,Proforest
{98D64D8E-2094-4D33-9907-E095A1FBB63F},1281.000000000000000,No,5/11.31,35.000000000000000,875.000000000000000,Yes,0.000000000000000,3.000000000000000,0.000000000000000,0.000000000000000,0.000000000000000,0.000000000000000,0.000000000000000,0.000000000000000,25/56,0.000000000000000,0.000000000000000,0.000000000000000,0.000000000000000,0.000000000000000,0.000000000000000,0.000000000000000,0.000000000000000, , ,{C9478163-E8D5-477E-8598-2343B1E3E87E},23/06/2025 0:00:00, ,25/09/2025 0:00:00,ScarlettMichelle,3.000000000000000,Roy Trustee 2022 Ltd,Proforest
{66C7DE73-2467-444C-B44E-1254E7DA3D65},1287.000000000000000,No,5/11.31,43.000000000000000,1075.000000000000000,Yes,0.000000000000000,2.000000000000000,1.000000000000000,0.000000000000000,0.000000000000000,0.000000000000000,0.000000000000000,0.000000000000000,25/56,0.000000000000000,0.000000000000000,0.000000000000000,0.000000000000000,0.000000000000000,0.000000000000000,0.000000000000000,0.000000000000000, , ,{C9478163-E8D5-477E-8598-2343B1E3E87E},23/06/2025 0:00:00, ,25/09/2025 0:00:00,ScarlettMichelle,5.000000000000000,Roy Trustee 2022 Ltd,Proforest
{77C5CF7D-FCAF-4C34-ACD3-E9C69676C03E},1279.000000000000000,No,15/11.48,37.000000000000000,925.000000000000000,Yes,0.000000000000000,3.000000000000000,0.000000000000000,0.000000000000000,0.000000000000000,0.000000000000000,0.000000000000000,0.000000000000000,25/56,0.000000000000000,0.081081081081100,0.000000000000000,0.000000000000000,0.000000000000000,0.000000000000000,0.000000000000000,0.000000000000000, , ,{C9478163-E8D5-477E-8598-2343B1E3E87E},23/06/2025 0:00:00, ,23/06/2025 0:00:00, ,3.000000000000000,Roy Trustee 2022 Ltd,Proforest
{854EA9EF-38D4-44FC-B3EA-83D44312D6D4},1275.000000000000000,No,10/11.37,37.000000000000000,925.000000000000000,Yes,0.000000000000000,2.000000000000000,1.000000000000000,0.000000000000000,0.000000000000000,0.000000000000000,0.000000000000000,0.000000000000000,25/56,0.000000000000000,0.054054054054100,0.027027027027000,0.000000000000000,0.000000000000000,0.000000000000000,0.000000000000000,0.000000000000000, , ,{C9478163-E8D5-477E-8598-2343B1E3E87E},23/06/2025 0:00:00, ,23/06/2025 0:00:00, ,5.000000000000000,Roy Trustee 2022 Ltd,Proforest
{1059ED77-3057-461F-A06A-AE67B8077E75},1271.000000000000000,No,20/11.64,38.000000000000000,950.000000000000000,Yes,0.000000000000000,2.000000000000000,1.000000000000000,0.000000000000000,0.000000000000000,0.000000000000000,0.000000000000000,0.000000000000000,25/56,0.000000000000000,0.052631578947400,0.026315789473700,0.000000000000000,0.000000000000000,0.000000000000000,0.000000000000000,0.000000000000000, , ,{C9478163-E8D5-477E-8598-2343B1E3E87E},23/06/2025 0:00:00, ,23/06/2025 0:00:00, ,5.000000000000000,Roy Trustee 2022 Ltd,Proforest
{2468D04E-81F2-41CF-8ABC-202CEB6176F3},1273.000000000000000,No,10/11.37,36.000000000000000,900.000000000000000,No,0.000000000000000,0.000000000000000,0.000000000000000,0.000000000000000,0.000000000000000,0.000000000000000,0.000000000000000,0.000000000000000,25/56,0.000000000000000,0.000000000000000,0.000000000000000,0.000000000000000,0.000000000000000,0.000000000000000,0.000000000000000,0.000000000000000, , ,{C9478163-E8D5-477E-8598-2343B1E3E87E},23/06/2025 0:00:00, ,23/06/2025 0:00:00, ,0.000000000000000,Roy Trustee 2022 Ltd,Proforest
{3B8F891C-E281-4BE0-A1BC-EDE6CEEC0149},1277.000000000000000,No,20/11.64,38.000000000000000,950.000000000000000,Yes,0.000000000000000,3.000000000000000,1.000000000000000,0.000000000000000,0.000000000000000,0.000000000000000,0.000000000000000,0.000000000000000,25/56,0.000000000000000,0.000000000000000,0.000000000000000,0.000000000000000,0.000000000000000,0.000000000000000,0.000000000000000,0.000000000000000, , ,{C9478163-E8D5-477E-8598-2343B1E3E87E},23/06/2025 0:00:00, ,25/09/2025 0:00:00,ScarlettMichelle,6.000000000000000,Roy Trustee 2022 Ltd,Proforest
{E01514B0-3E1F-472C-94DD-CFC86B159AFE},1293.000000000000000,No,5/11.31,37.000000000000000,925.000000000000000,Yes,0.000000000000000,0.000000000000000,2.000000000000000,0.000000000000000,0.000000000000000,0.000000000000000,0.000000000000000,0.000000000000000,25/56,0.000000000000000,0.000000000000000,0.054054054054100,0.000000000000000,0.000000000000000,0.000000000000000,0.000000000000000,0.000000000000000, ,Long roots. Moved plot away ftom fence,{C9478163-E8D5-477E-8598-2343B1E3E87E},23/06/2025 0:00:00, ,23/06/2025 0:00:00, ,6.000000000000000,Roy Trustee 2022 Ltd,Proforest
{45CDC2C4-667A-4A7F-9DEC-E91CB759F999},1291.000000000000000,No,5/11.31,38.000000000000000,950.000000000000000,Yes,0.000000000000000,2.000000000000000,1.000000000000000,0.000000000000000,0.000000000000000,0.000000000000000,0.000000000000000,0.000000000000000,25/56,0.000000000000000,0.052631578947400,0.026315789473700,0.000000000000000,0.000000000000000,0.000000000000000,0.000000000000000,0.000000000000000, , ,{C9478163-E8D5-477E-8598-2343B1E3E87E},23/06/2025 0:00:00, ,23/06/2025 0:00:00, ,5.000000000000000,Roy Trustee 2022 Ltd,Proforest
{7F42A208-AE35-40FE-9C2E-49BEB780477D},1285.000000000000000,No,10/11.37,41.000000000000000,1025.000000000000000,Yes,0.000000000000000,3.000000000000000,1.000000000000000,0.000000000000000,0.000000000000000,0.000000000000000,0.000000000000000,0.000000000000000,25/56,0.000000000000000,0.073170731707300,0.024390243902400,0.000000000000000,0.000000000000000,0.000000000000000,0.000000000000000,0.000000000000000, , ,{C9478163-E8D5-477E-8598-2343B1E3E87E},23/06/2025 0:00:00, ,23/06/2025 0:00:00, ,6.000000000000000,Roy Trustee 2022 Ltd,Proforest
{0D26DA1E-17DA-4BA6-BBE2-4AA19B39548C},1887.000000000000000,No,10/11.37,36.000000000000000,900.000000000000000,No,0.000000000000000,0.000000000000000,0.000000000000000,0.000000000000000,0.000000000000000,0.000000000000000,0.000000000000000,0.000000000000000,25/63,0.000000000000000,0.000000000000000,0.000000000000000,0.000000000000000,0.000000000000000,0.000000000000000,0.000000000000000,0.000000000000000, ,Plot fell close to 5 meters of waterway why its low,{BBF0F8F3-477D-4863-9A92-CF83FE227F33},23/06/2025 0:00:00, ,23/06/2025 0:00:00, ,0.000000000000000,Roy Trustee 2022 Ltd,Forest View Contracting
{F071D60C-5D62-474C-8F9A-4F116F0EAC87},1889.000000000000000,No,10/11.37,38.000000000000000,950.000000000000000,No,0.000000000000000,0.000000000000000,0.000000000000000,0.000000000000000,0.000000000000000,0.000000000000000,0.000000000000000,0.000000000000000,25/63,0.000000000000000,0.000000000000000,0.000000000000000,0.000000000000000,0.000000000000000,0.000000000000000,0.000000000000000,0.000000000000000, ,Plot feel between two water ways,{BBF0F8F3-477D-4863-9A92-CF83FE227F33},23/06/2025 0:00:00, ,23/06/2025 0:00:00, ,0.000000000000000,Roy Trustee 2022 Ltd,Forest View Contracting
{B4A4B117-F5E7-4662-9C0D-23B93C6E3294},1897.000000000000000,No,5/11.31,44.000000000000000,1100.000000000000000,No,0.000000000000000,0.000000000000000,0.000000000000000,0.000000000000000,0.000000000000000,0.000000000000000,0.000000000000000,0.000000000000000,25/63,0.000000000000000,0.000000000000000,0.000000000000000,0.000000000000000,0.000000000000000,0.000000000000000,0.000000000000000,0.000000000000000, , ,{BBF0F8F3-477D-4863-9A92-CF83FE227F33},23/06/2025 0:00:00, ,23/06/2025 0:00:00, ,0.000000000000000,Roy Trustee 2022 Ltd,Forest View Contracting
{DEC090A8-2E95-4616-B406-EE752D133348},1895.000000000000000,No,10/11.37,44.000000000000000,1100.000000000000000,No,0.000000000000000,0.000000000000000,0.000000000000000,0.000000000000000,0.000000000000000,0.000000000000000,0.000000000000000,0.000000000000000,25/63,0.000000000000000,0.000000000000000,0.000000000000000,0.000000000000000,0.000000000000000,0.000000000000000,0.000000000000000,0.000000000000000, , ,{BBF0F8F3-477D-4863-9A92-CF83FE227F33},23/06/2025 0:00:00, ,23/06/2025 0:00:00, ,0.000000000000000,Roy Trustee 2022 Ltd,Forest View Contracting
{41673F29-FC06-4F61-BCFD-5B1551FC148D},1893.000000000000000,No,10/11.37,42.000000000000000,1050.000000000000000,No,0.000000000000000,0.000000000000000,0.000000000000000,0.000000000000000,0.000000000000000,0.000000000000000,0.000000000000000,0.000000000000000,25/63,0.000000000000000,0.000000000000000,0.000000000000000,0.000000000000000,0.000000000000000,0.000000000000000,0.000000000000000,0.000000000000000, , ,{BBF0F8F3-477D-4863-9A92-CF83FE227F33},23/06/2025 0:00:00, ,23/06/2025 0:00:00, ,0.000000000000000,Roy Trustee 2022 Ltd,Forest View Contracting
{64A9E544-7D03-48AE-9BFF-EC19D3B1CE36},1899.000000000000000,No,15/11.48,41.000000000000000,1025.000000000000000,No,0.000000000000000,0.000000000000000,0.000000000000000,0.000000000000000,0.000000000000000,0.000000000000000,0.000000000000000,0.000000000000000,25/63,0.000000000000000,0.000000000000000,0.000000000000000,0.000000000000000,0.000000000000000,0.000000000000000,0.000000000000000,0.000000000000000, , ,{BBF0F8F3-477D-4863-9A92-CF83FE227F33},23/06/2025 0:00:00, ,23/06/2025 0:00:00, ,0.000000000000000,Roy Trustee 2022 Ltd,Forest View Contracting
{6A00BFDC-FC0A-47DB-9C68-FDD80CA535A8},1901.000000000000000,No,15/11.48,42.000000000000000,1050.000000000000000,No,0.000000000000000,0.000000000000000,0.000000000000000,0.000000000000000,0.000000000000000,0.000000000000000,0.000000000000000,0.000000000000000,25/63,0.000000000000000,0.000000000000000,0.000000000000000,0.000000000000000,0.000000000000000,0.000000000000000,0.000000000000000,0.000000000000000, , ,{BBF0F8F3-477D-4863-9A92-CF83FE227F33},23/06/2025 0:00:00, ,23/06/2025 0:00:00, ,0.000000000000000,Roy Trustee 2022 Ltd,Forest View Contracting
{81075384-475B-4795-9609-D7B6BF3F3877},1871.000000000000000,No,10/11.37,36.000000000000000,900.000000000000000,No,0.000000000000000,0.000000000000000,0.000000000000000,0.000000000000000,0.000000000000000,0.000000000000000,0.000000000000000,0.000000000000000,25/63,0.000000000000000,0.000000000000000,0.000000000000000,0.000000000000000,0.000000000000000,0.000000000000000,0.000000000000000,0.000000000000000, , ,{534F6798-5EDF-4FB3-82F6-83B5B9C7D759},23/06/2025 0:00:00, ,23/06/2025 0:00:00, ,0.000000000000000,Roy Trustee 2022 Ltd,Forest View Contracting
{A0AB7AB3-37A3-48E8-8EB7-CB57108B51DE},1875.000000000000000,No,5/11.31,37.000000000000000,925.000000000000000,No,0.000000000000000,0.000000000000000,0.000000000000000,0.000000000000000,0.000000000000000,0.000000000000000,0.000000000000000,0.000000000000000,25/63,0.000000000000000,0.000000000000000,0.000000000000000,0.000000000000000,0.000000000000000,0.000000000000000,0.000000000000000,0.000000000000000, , ,{534F6798-5EDF-4FB3-82F6-83B5B9C7D759},23/06/2025 0:00:00, ,23/06/2025 0:00:00, ,0.000000000000000,Roy Trustee 2022 Ltd,Forest View Contracting
{C99AD5D5-BB4C-4566-8777-42651BCF9C3D},1877.000000000000000,No,10/11.37,36.000000000000000,900.000000000000000,No,0.000000000000000,0.000000000000000,0.000000000000000,0.000000000000000,0.000000000000000,0.000000000000000,0.000000000000000,0.000000000000000,25/63,0.000000000000000,0.000000000000000,0.000000000000000,0.000000000000000,0.000000000000000,0.000000000000000,0.000000000000000,0.000000000000000, , ,{534F6798-5EDF-4FB3-82F6-83B5B9C7D759},23/06/2025 0:00:00, ,23/06/2025 0:00:00, ,0.000000000000000,Roy Trustee 2022 Ltd,Forest View Contracting
{06E755FF-B521-4AC8-94A1-36999BA980A6},1863.000000000000000,No,15/11.48,33.000000000000000,825.000000000000000,No,0.000000000000000,0.000000000000000,0.000000000000000,0.000000000000000,0.000000000000000,0.000000000000000,0.000000000000000,0.000000000000000,25/63,0.000000000000000,0.000000000000000,0.000000000000000,0.000000000000000,0.000000000000000,0.000000000000000,0.000000000000000,0.000000000000000,Yes,"Swampy .
To wet to plant in some areas.",{534F6798-5EDF-4FB3-82F6-83B5B9C7D759},23/06/2025 0:00:00, ,23/06/2025 0:00:00, ,0.000000000000000,Roy Trustee 2022 Ltd,Forest View Contracting
{AD297A86-E1E4-47D7-8B62-5E662026486B},1861.000000000000000,No,5/11.31,42.000000000000000,1050.000000000000000,No,0.000000000000000,0.000000000000000,0.000000000000000,0.000000000000000,0.000000000000000,0.000000000000000,0.000000000000000,0.000000000000000,25/63,0.000000000000000,0.000000000000000,0.000000000000000,0.000000000000000,0.000000000000000,0.000000000000000,0.000000000000000,0.000000000000000, , ,{534F6798-5EDF-4FB3-82F6-83B5B9C7D759},23/06/2025 0:00:00, ,23/06/2025 0:00:00, ,0.000000000000000,Roy Trustee 2022 Ltd,Forest View Contracting
{AD7E4833-6460-45C3-BE49-0893B81E618B},1873.000000000000000,No,20/11.64,44.000000000000000,1100.000000000000000,No,0.000000000000000,0.000000000000000,0.000000000000000,0.000000000000000,0.000000000000000,0.000000000000000,0.000000000000000,0.000000000000000,25/63,0.000000000000000,0.000000000000000,0.000000000000000,0.000000000000000,0.000000000000000,0.000000000000000,0.000000000000000,0.000000000000000, , ,{534F6798-5EDF-4FB3-82F6-83B5B9C7D759},23/06/2025 0:00:00, ,23/06/2025 0:00:00, ,0.000000000000000,Roy Trustee 2022 Ltd,Forest View Contracting
{6179443E-1319-45AC-8DEC-A0D735438E2F},1885.000000000000000,No,10/11.37,44.000000000000000,1100.000000000000000,No,0.000000000000000,0.000000000000000,0.000000000000000,0.000000000000000,0.000000000000000,0.000000000000000,0.000000000000000,0.000000000000000,25/63,0.000000000000000,0.000000000000000,0.000000000000000,0.000000000000000,0.000000000000000,0.000000000000000,0.000000000000000,0.000000000000000, , ,{534F6798-5EDF-4FB3-82F6-83B5B9C7D759},23/06/2025 0:00:00, ,23/06/2025 0:00:00, ,0.000000000000000,Roy Trustee 2022 Ltd,Forest View Contracting
{1DF10FCC-8523-4E10-B246-E1F59FEFE0DA},1883.000000000000000,No,5/11.31,44.000000000000000,1100.000000000000000,No,0.000000000000000,0.000000000000000,0.000000000000000,0.000000000000000,0.000000000000000,0.000000000000000,0.000000000000000,0.000000000000000,25/63,0.000000000000000,0.000000000000000,0.000000000000000,0.000000000000000,0.000000000000000,0.000000000000000,0.000000000000000,0.000000000000000, , ,{534F6798-5EDF-4FB3-82F6-83B5B9C7D759},23/06/2025 0:00:00, ,23/06/2025 0:00:00, ,0.000000000000000,Roy Trustee 2022 Ltd,Forest View Contracting
{2826FB06-3C58-494F-B9F1-EC22F50DDF31},1857.000000000000000,No,10/11.37,39.000000000000000,975.000000000000000,No,0.000000000000000,0.000000000000000,0.000000000000000,0.000000000000000,0.000000000000000,0.000000000000000,0.000000000000000,0.000000000000000,25/63,0.000000000000000,0.000000000000000,0.000000000000000,0.000000000000000,0.000000000000000,0.000000000000000,0.000000000000000,0.000000000000000, , ,{534F6798-5EDF-4FB3-82F6-83B5B9C7D759},23/06/2025 0:00:00, ,23/06/2025 0:00:00, ,0.000000000000000,Roy Trustee 2022 Ltd,Forest View Contracting
{4C71F8AF-73A9-41E5-9F91-663AD4AD6E17},1289.000000000000000,No,20/11.64,38.000000000000000,950.000000000000000,Yes,0.000000000000000,3.000000000000000,1.000000000000000,0.000000000000000,0.000000000000000,0.000000000000000,0.000000000000000,0.000000000000000,25/56,0.000000000000000,0.000000000000000,0.000000000000000,0.000000000000000,0.000000000000000,0.000000000000000,0.000000000000000,0.000000000000000, , ,{57AA7D4C-97F6-4989-9D1C-4C2CCA242DFF},24/06/2025 0:00:00, ,25/09/2025 0:00:00,ScarlettMichelle,6.000000000000000,Roy Trustee 2022 Ltd,Proforest
{D46C6084-566F-4556-8488-1BB824188825},1295.000000000000000,No,20/11.64,43.000000000000000,1075.000000000000000,No,0.000000000000000,0.000000000000000,0.000000000000000,0.000000000000000,0.000000000000000,0.000000000000000,0.000000000000000,0.000000000000000,25/56,0.000000000000000,0.000000000000000,0.000000000000000,0.000000000000000,0.000000000000000,0.000000000000000,0.000000000000000,0.000000000000000, , ,{57AA7D4C-97F6-4989-9D1C-4C2CCA242DFF},24/06/2025 0:00:00, ,24/06/2025 0:00:00, ,0.000000000000000,Roy Trustee 2022 Ltd,Proforest
{E341AC8A-45EF-4B8E-8C93-7D6090DFE608},1567.000000000000000,No,10/11.37,42.000000000000000,1050.000000000000000,Yes,0.000000000000000,2.000000000000000,1.000000000000000,0.000000000000000,0.000000000000000,0.000000000000000,0.000000000000000,0.000000000000000,25/54,0.000000000000000,0.047619047619000,0.023809523809500,0.000000000000000,0.000000000000000,0.000000000000000,0.000000000000000,0.000000000000000, , ,{35CFE7F4-8529-4F8E-B5CF-F68ACFB455CD},24/06/2025 0:00:00, ,24/06/2025 0:00:00, ,5.000000000000000,Roy Trustee 2022 Ltd,Proforest
{96B6B173-01B7-41EA-BD9F-9CBDD92C6596},1575.000000000000000,No,5/11.31,43.000000000000000,1075.000000000000000,Yes,0.000000000000000,3.000000000000000,1.000000000000000,0.000000000000000,0.000000000000000,0.000000000000000,0.000000000000000,0.000000000000000,25/54,0.000000000000000,0.069767441860500,0.023255813953500,0.000000000000000,0.000000000000000,0.000000000000000,0.000000000000000,0.000000000000000, , ,{35CFE7F4-8529-4F8E-B5CF-F68ACFB455CD},24/06/2025 0:00:00, ,24/06/2025 0:00:00, ,6.000000000000000,Roy Trustee 2022 Ltd,Proforest
{4B6C356F-D76E-4905-BC05-C045F7022509},1577.000000000000000,No,15/11.48,42.000000000000000,1050.000000000000000,Yes,0.000000000000000,3.000000000000000,1.000000000000000,0.000000000000000,0.000000000000000,0.000000000000000,0.000000000000000,0.000000000000000,25/54,0.000000000000000,0.071428571428600,0.023809523809500,0.000000000000000,0.000000000000000,0.000000000000000,0.000000000000000,0.000000000000000, , ,{35CFE7F4-8529-4F8E-B5CF-F68ACFB455CD},24/06/2025 0:00:00, ,24/06/2025 0:00:00, ,0.000000000000000,Roy Trustee 2022 Ltd,Proforest
{07BD9183-1A17-421A-B45D-C488841BA379},1579.000000000000000,No,15/11.48,42.000000000000000,1050.000000000000000,Yes,0.000000000000000,2.000000000000000,1.000000000000000,0.000000000000000,0.000000000000000,0.000000000000000,0.000000000000000,0.000000000000000,25/54,0.000000000000000,0.047619047619000,0.023809523809500,0.000000000000000,0.000000000000000,0.000000000000000,0.000000000000000,0.000000000000000, ,Moved plot down into area boys were planting,{35CFE7F4-8529-4F8E-B5CF-F68ACFB455CD},24/06/2025 0:00:00, ,24/06/2025 0:00:00, ,5.000000000000000,Roy Trustee 2022 Ltd,Proforest
{3EAF49CE-B9CB-4EC9-843B-7F9DCF96AEF3},1573.000000000000000,No,10/11.37,44.000000000000000,1100.000000000000000,Yes,0.000000000000000,3.000000000000000,0.000000000000000,0.000000000000000,0.000000000000000,0.000000000000000,0.000000000000000,0.000000000000000,25/54,0.000000000000000,0.068181818181800,0.000000000000000,0.000000000000000,0.000000000000000,0.000000000000000,0.000000000000000,0.000000000000000, , ,{35CFE7F4-8529-4F8E-B5CF-F68ACFB455CD},24/06/2025 0:00:00, ,24/06/2025 0:00:00, ,3.000000000000000,Roy Trustee 2022 Ltd,Proforest
{91D92AB0-E690-437C-8157-698E8E57F44A},1569.000000000000000,No,10/11.37,42.000000000000000,1050.000000000000000,Yes,0.000000000000000,2.000000000000000,0.000000000000000,0.000000000000000,0.000000000000000,0.000000000000000,1.000000000000000,0.000000000000000,25/54,0.000000000000000,0.047619047619000,0.000000000000000,0.000000000000000,0.000000000000000,0.000000000000000,0.023809523809500,0.000000000000000, , ,{35CFE7F4-8529-4F8E-B5CF-F68ACFB455CD},24/06/2025 0:00:00, ,24/06/2025 0:00:00, ,5.000000000000000,Roy Trustee 2022 Ltd,Proforest
{F6ED334F-9811-448D-A586-D4FF3F442D89},1565.000000000000000,No,5/11.31,43.000000000000000,1075.000000000000000,Yes,0.000000000000000,2.000000000000000,1.000000000000000,0.000000000000000,0.000000000000000,0.000000000000000,0.000000000000000,0.000000000000000,25/54,0.000000000000000,0.046511627907000,0.023255813953500,0.000000000000000,0.000000000000000,0.000000000000000,0.000000000000000,0.000000000000000, , ,{35CFE7F4-8529-4F8E-B5CF-F68ACFB455CD},24/06/2025 0:00:00, ,24/06/2025 0:00:00, ,5.000000000000000,Roy Trustee 2022 Ltd,Proforest
{2863FDAF-C7DE-4ABC-8C05-6D6E4C192F6B},1559.000000000000000,No,5/11.31,41.000000000000000,1025.000000000000000,Yes,0.000000000000000,3.000000000000000,0.000000000000000,0.000000000000000,0.000000000000000,1.000000000000000,0.000000000000000,0.000000000000000,25/54,0.000000000000000,0.073170731707300,0.000000000000000,0.000000000000000,0.000000000000000,0.024390243902400,0.000000000000000,0.000000000000000, , ,{35CFE7F4-8529-4F8E-B5CF-F68ACFB455CD},24/06/2025 0:00:00, ,24/06/2025 0:00:00, ,6.000000000000000,Roy Trustee 2022 Ltd,Proforest
{0B975507-9B1A-4333-941C-F43593B76B07},2451.000000000000000,No,10/11.37,41.000000000000000,1025.000000000000000,No,0.000000000000000,0.000000000000000,0.000000000000000,0.000000000000000,0.000000000000000,0.000000000000000,0.000000000000000,0.000000000000000,25/15,0.000000000000000,0.000000000000000,0.000000000000000,0.000000000000000,0.000000000000000,0.000000000000000,0.000000000000000,0.000000000000000, ,"Moved plot as very wet area
",{5ADCE8D6-7EFC-4F15-83A2-89FB2A417A83},24/06/2025 0:00:00, ,24/06/2025 0:00:00, ,0.000000000000000,Roy Trustee 2022 Ltd,Johnson Forestry Services
{70D6EC4F-DE5D-44F7-A89D-D6D27AC5C037},2437.000000000000000,No,5/11.31,35.000000000000000,875.000000000000000,No,0.000000000000000,0.000000000000000,0.000000000000000,0.000000000000000,0.000000000000000,0.000000000000000,0.000000000000000,0.000000000000000,25/15,0.000000000000000,0.000000000000000,0.000000000000000,0.000000000000000,0.000000000000000,0.000000000000000,0.000000000000000,0.000000000000000,Yes,Fence line in plot,{F2A2FC0E-3924-45B9-B50D-45DF66BF9C36},24/06/2025 0:00:00, ,24/06/2025 0:00:00, ,0.000000000000000,Roy Trustee 2022 Ltd,Johnson Forestry Services
{7CF25F0F-578D-41BE-8FE9-5EFC25D3A485},2423.000000000000000,No,25/11.85,38.000000000000000,950.000000000000000,Yes,0.000000000000000,0.000000000000000,1.000000000000000,0.000000000000000,0.000000000000000,0.000000000000000,0.000000000000000,0.000000000000000,25/15,0.000000000000000,0.000000000000000,0.026315789473700,0.000000000000000,0.000000000000000,0.000000000000000,0.000000000000000,0.000000000000000, , ,{6DC81D8C-9151-4691-B036-52319573F068},24/06/2025 0:00:00, ,24/06/2025 0:00:00, ,3.000000000000000,Roy Trustee 2022 Ltd,Johnson Forestry Services
{00B7716F-153A-4847-B0DF-480B910E9368},2427.000000000000000,No,30/12.13,39.000000000000000,975.000000000000000,No,0.000000000000000,0.000000000000000,0.000000000000000,0.000000000000000,0.000000000000000,0.000000000000000,0.000000000000000,0.000000000000000,25/15,0.000000000000000,0.000000000000000,0.000000000000000,0.000000000000000,0.000000000000000,0.000000000000000,0.000000000000000,0.000000000000000, , ,{056227A3-ACDA-458B-8FB3-C2156FDCF686},24/06/2025 0:00:00, ,24/06/2025 0:00:00, ,0.000000000000000,Roy Trustee 2022 Ltd,Johnson Forestry Services
{0F286D1D-9135-4F40-8ADA-B691F9527130},1891.000000000000000,No,10/11.37,43.000000000000000,1075.000000000000000,No,0.000000000000000,0.000000000000000,0.000000000000000,0.000000000000000,0.000000000000000,0.000000000000000,0.000000000000000,0.000000000000000,25/63,0.000000000000000,0.000000000000000,0.000000000000000,0.000000000000000,0.000000000000000,0.000000000000000,0.000000000000000,0.000000000000000, , ,{BDCFDA97-4927-4269-A2CB-8B127DC9A9BD},24/06/2025 0:00:00, ,24/06/2025 0:00:00, ,0.000000000000000,Roy Trustee 2022 Ltd,Forest View Contracting
{88A9CFEA-AE95-4715-9A80-DEA9AAA51442},1879.000000000000000,No,5/11.31,42.000000000000000,1050.000000000000000,No,0.000000000000000,0.000000000000000,0.000000000000000,0.000000000000000,0.000000000000000,0.000000000000000,0.000000000000000,0.000000000000000,25/63,0.000000000000000,0.000000000000000,0.000000000000000,0.000000000000000,0.000000000000000,0.000000000000000,0.000000000000000,0.000000000000000, , ,{BDCFDA97-4927-4269-A2CB-8B127DC9A9BD},24/06/2025 0:00:00, ,24/06/2025 0:00:00, ,0.000000000000000,Roy Trustee 2022 Ltd,Forest View Contracting
{E146AD61-259F-4283-8695-9CEEFB4EB78E},1853.000000000000000,No,10/11.37,37.000000000000000,925.000000000000000,No,0.000000000000000,0.000000000000000,0.000000000000000,0.000000000000000,0.000000000000000,0.000000000000000,0.000000000000000,0.000000000000000,25/63,0.000000000000000,0.000000000000000,0.000000000000000,0.000000000000000,0.000000000000000,0.000000000000000,0.000000000000000,0.000000000000000, , ,{BDCFDA97-4927-4269-A2CB-8B127DC9A9BD},24/06/2025 0:00:00, ,24/06/2025 0:00:00, ,0.000000000000000,Roy Trustee 2022 Ltd,Forest View Contracting
{006C2686-1ABF-4604-AC66-AB090A8AAF4B},1835.000000000000000,No,10/11.37,37.000000000000000,925.000000000000000,No,0.000000000000000,0.000000000000000,0.000000000000000,0.000000000000000,0.000000000000000,0.000000000000000,0.000000000000000,0.000000000000000,25/63,0.000000000000000,0.000000000000000,0.000000000000000,0.000000000000000,0.000000000000000,0.000000000000000,0.000000000000000,0.000000000000000, , ,{BDCFDA97-4927-4269-A2CB-8B127DC9A9BD},24/06/2025 0:00:00, ,24/06/2025 0:00:00, ,0.000000000000000,Roy Trustee 2022 Ltd,Forest View Contracting
{D86D7597-9A08-440B-A1E7-E3EA41E42A9A},1837.000000000000000,No,15/11.48,38.000000000000000,950.000000000000000,No,0.000000000000000,0.000000000000000,0.000000000000000,0.000000000000000,0.000000000000000,0.000000000000000,0.000000000000000,0.000000000000000,25/63,0.000000000000000,0.000000000000000,0.000000000000000,0.000000000000000,0.000000000000000,0.000000000000000,0.000000000000000,0.000000000000000, , ,{BDCFDA97-4927-4269-A2CB-8B127DC9A9BD},24/06/2025 0:00:00, ,24/06/2025 0:00:00, ,0.000000000000000,Roy Trustee 2022 Ltd,Forest View Contracting
{9746D004-DE24-4B5D-9D51-15B46F0C4929},1851.000000000000000,No,10/11.37,37.000000000000000,925.000000000000000,No,0.000000000000000,0.000000000000000,0.000000000000000,0.000000000000000,0.000000000000000,0.000000000000000,0.000000000000000,0.000000000000000,25/63,0.000000000000000,0.000000000000000,0.000000000000000,0.000000000000000,0.000000000000000,0.000000000000000,0.000000000000000,0.000000000000000, , ,{BDCFDA97-4927-4269-A2CB-8B127DC9A9BD},24/06/2025 0:00:00, ,24/06/2025 0:00:00, ,0.000000000000000,Roy Trustee 2022 Ltd,Forest View Contracting
{D49A81C7-77FF-40F7-9440-DF37FD0CA885},1865.000000000000000,No,10/11.37,42.000000000000000,1050.000000000000000,No,0.000000000000000,0.000000000000000,0.000000000000000,0.000000000000000,0.000000000000000,0.000000000000000,0.000000000000000,0.000000000000000,25/63,0.000000000000000,0.000000000000000,0.000000000000000,0.000000000000000,0.000000000000000,0.000000000000000,0.000000000000000,0.000000000000000, , ,{BDCFDA97-4927-4269-A2CB-8B127DC9A9BD},24/06/2025 0:00:00, ,24/06/2025 0:00:00, ,0.000000000000000,Roy Trustee 2022 Ltd,Forest View Contracting
{BBE644AF-76DC-4EED-B4D2-C9251713FC08},1867.000000000000000,No,5/11.31,38.000000000000000,950.000000000000000,No,0.000000000000000,0.000000000000000,0.000000000000000,0.000000000000000,0.000000000000000,0.000000000000000,0.000000000000000,0.000000000000000,25/63,0.000000000000000,0.000000000000000,0.000000000000000,0.000000000000000,0.000000000000000,0.000000000000000,0.000000000000000,0.000000000000000, , ,{BDCFDA97-4927-4269-A2CB-8B127DC9A9BD},24/06/2025 0:00:00, ,24/06/2025 0:00:00, ,0.000000000000000,Roy Trustee 2022 Ltd,Forest View Contracting
{2AB69853-313E-4347-A15E-03B49AA8C079},1881.000000000000000,No,10/11.37,36.000000000000000,900.000000000000000,No,0.000000000000000,0.000000000000000,0.000000000000000,0.000000000000000,0.000000000000000,0.000000000000000,0.000000000000000,0.000000000000000,25/63,0.000000000000000,0.000000000000000,0.000000000000000,0.000000000000000,0.000000000000000,0.000000000000000,0.000000000000000,0.000000000000000, , ,{BDCFDA97-4927-4269-A2CB-8B127DC9A9BD},24/06/2025 0:00:00, ,24/06/2025 0:00:00, ,0.000000000000000,Roy Trustee 2022 Ltd,Forest View Contracting
{C19A29F7-32B0-47D7-866E-E2089CA76F23},1869.000000000000000,No,10/11.37,41.000000000000000,1025.000000000000000,No,0.000000000000000,0.000000000000000,0.000000000000000,0.000000000000000,0.000000000000000,0.000000000000000,0.000000000000000,0.000000000000000,25/63,0.000000000000000,0.000000000000000,0.000000000000000,0.000000000000000,0.000000000000000,0.000000000000000,0.000000000000000,0.000000000000000, , ,{BDCFDA97-4927-4269-A2CB-8B127DC9A9BD},24/06/2025 0:00:00, ,24/06/2025 0:00:00, ,0.000000000000000,Roy Trustee 2022 Ltd,Forest View Contracting
{61AF9CBA-3C98-47D5-A957-1AF71CA140CC},2505.000000000000000,No,15/11.48,39.000000000000000,975.000000000000000,No,0.000000000000000,0.000000000000000,0.000000000000000,0.000000000000000,0.000000000000000,0.000000000000000,0.000000000000000,0.000000000000000,25/15,0.000000000000000,0.000000000000000,0.000000000000000,0.000000000000000,0.000000000000000,0.000000000000000,0.000000000000000,0.000000000000000, , ,{8C3F3030-6359-4107-A50E-62B9FF7D6536},24/06/2025 0:00:00, ,24/06/2025 0:00:00, ,0.000000000000000,Roy Trustee 2022 Ltd,Johnson Forestry Services
{7AABF7CF-DE3F-49E5-BCD3-AABB558C8182},2503.000000000000000,No,15/11.48,41.000000000000000,1025.000000000000000,Yes,0.000000000000000,0.000000000000000,0.000000000000000,0.000000000000000,0.000000000000000,0.000000000000000,2.000000000000000,0.000000000000000,25/15,0.000000000000000,0.000000000000000,0.000000000000000,0.000000000000000,0.000000000000000,0.000000000000000,0.048780487804900,0.000000000000000, , ,{8C3F3030-6359-4107-A50E-62B9FF7D6536},24/06/2025 0:00:00, ,24/06/2025 0:00:00, ,6.000000000000000,Roy Trustee 2022 Ltd,Johnson Forestry Services
{C029FA4E-66A7-4150-B559-49CE4DEC069C},2501.000000000000000,No,15/11.48,41.000000000000000,1025.000000000000000,Yes,0.000000000000000,1.000000000000000,0.000000000000000,0.000000000000000,0.000000000000000,0.000000000000000,1.000000000000000,0.000000000000000,25/15,0.000000000000000,0.024390243902400,0.000000000000000,0.000000000000000,0.000000000000000,0.000000000000000,0.024390243902400,0.000000000000000, ,Moved plot away from big tree,{8C3F3030-6359-4107-A50E-62B9FF7D6536},24/06/2025 0:00:00, ,24/06/2025 0:00:00, ,4.000000000000000,Roy Trustee 2022 Ltd,Johnson Forestry Services
{CAC216BC-50D8-47BA-914A-6648F700B049},2511.000000000000000,No,20/11.64,44.000000000000000,1100.000000000000000,Yes,0.000000000000000,1.000000000000000,0.000000000000000,0.000000000000000,0.000000000000000,0.000000000000000,0.000000000000000,0.000000000000000,25/16,0.000000000000000,0.022727272727300,0.000000000000000,0.000000000000000,0.000000000000000,0.000000000000000,0.000000000000000,0.000000000000000, , ,{56152C2B-F7AB-4C26-9A8B-ACD33A2A3565},24/06/2025 0:00:00, ,24/06/2025 0:00:00, ,1.000000000000000,Roy Trustee 2022 Ltd,Johnson Forestry Services
{848FD3DB-A781-4D72-93E1-ADF04A887AEC},99.000000000000000,No,5/11.31,44.000000000000000,1100.000000000000000,No,0.000000000000000,0.000000000000000,0.000000000000000,0.000000000000000,0.000000000000000,0.000000000000000,0.000000000000000,0.000000000000000,25/62,0.000000000000000,0.000000000000000,0.000000000000000,0.000000000000000,0.000000000000000,0.000000000000000,0.000000000000000,0.000000000000000, , ,{A58FEBC7-2C84-48A3-90D4-6CA0821830A6},24/06/2025 0:00:00, ,24/06/2025 0:00:00, ,0.000000000000000,Roy Trustee 2022 Ltd,Forest View Contracting
{7F79187D-98FC-4009-91D1-FFE7990E7639},89.000000000000000,No,10/11.37,37.000000000000000,925.000000000000000,No,0.000000000000000,0.000000000000000,0.000000000000000,0.000000000000000,0.000000000000000,0.000000000000000,0.000000000000000,0.000000000000000,25/62,0.000000000000000,0.000000000000000,0.000000000000000,0.000000000000000,0.000000000000000,0.000000000000000,0.000000000000000,0.000000000000000, , ,{A58FEBC7-2C84-48A3-90D4-6CA0821830A6},24/06/2025 0:00:00, ,24/06/2025 0:00:00, ,0.000000000000000,Roy Trustee 2022 Ltd,Forest View Contracting
{E9D7F561-A5B1-457A-94CD-208ABF269899},91.000000000000000,No,5/11.31,39.000000000000000,975.000000000000000,No,0.000000000000000,0.000000000000000,0.000000000000000,0.000000000000000,0.000000000000000,0.000000000000000,0.000000000000000,0.000000000000000,25/62,0.000000000000000,0.000000000000000,0.000000000000000,0.000000000000000,0.000000000000000,0.000000000000000,0.000000000000000,0.000000000000000, , ,{A58FEBC7-2C84-48A3-90D4-6CA0821830A6},24/06/2025 0:00:00, ,24/06/2025 0:00:00, ,0.000000000000000,Roy Trustee 2022 Ltd,Forest View Contracting
{80E98359-8174-40A8-A07F-D0F28E886EBA},1571.000000000000000,No,0/11.31,33.000000000000000,825.000000000000000,Yes,0.000000000000000,2.000000000000000,0.000000000000000,0.000000000000000,0.000000000000000,0.000000000000000,1.000000000000000,0.000000000000000,25/54,0.000000000000000,0.060606060606100,0.000000000000000,0.000000000000000,0.000000000000000,0.000000000000000,0.030303030303000,0.000000000000000,Yes,Rocky ridge some of it not plantible,{F1E0D390-7701-439A-8A86-34A57A3BEC93},24/06/2025 0:00:00, ,24/06/2025 0:00:00, ,5.000000000000000,Roy Trustee 2022 Ltd,Proforest
{6C90EF15-1877-42A6-8F18-B8DAE6325127},1563.000000000000000,No,0/11.31,43.000000000000000,1075.000000000000000,Yes,0.000000000000000,3.000000000000000,0.000000000000000,0.000000000000000,0.000000000000000,0.000000000000000,0.000000000000000,0.000000000000000,25/54,0.000000000000000,0.000000000000000,0.000000000000000,0.000000000000000,0.000000000000000,0.000000000000000,0.000000000000000,0.000000000000000, , ,{F1E0D390-7701-439A-8A86-34A57A3BEC93},24/06/2025 0:00:00, ,25/09/2025 0:00:00,ScarlettMichelle,3.000000000000000,Roy Trustee 2022 Ltd,Proforest
{8E40FD3D-3484-4B7D-A643-CCDC191EF5D5},1561.000000000000000,No,5/11.31,40.000000000000000,1000.000000000000000,Yes,0.000000000000000,2.000000000000000,1.000000000000000,0.000000000000000,0.000000000000000,0.000000000000000,0.000000000000000,0.000000000000000,25/54,0.000000000000000,0.050000000000000,0.025000000000000,0.000000000000000,0.000000000000000,0.000000000000000,0.000000000000000,0.000000000000000, , ,{F1E0D390-7701-439A-8A86-34A57A3BEC93},24/06/2025 0:00:00, ,24/06/2025 0:00:00, ,5.000000000000000,Roy Trustee 2022 Ltd,Proforest
{CC70808E-13E4-473C-AA2D-A2E3D7F3AD15},2443.000000000000000,Yes,10/11.37,41.000000000000000,1025.000000000000000,No,0.000000000000000,0.000000000000000,0.000000000000000,0.000000000000000,0.000000000000000,0.000000000000000,0.000000000000000,0.000000000000000,25/15,0.000000000000000,0.000000000000000,0.000000000000000,0.000000000000000,0.000000000000000,0.000000000000000,0.000000000000000,0.000000000000000, , ,{4B8B4BFE-C6C3-4690-A92A-815474267AB8},25/06/2025 0:00:00, ,25/06/2025 0:00:00, ,0.000000000000000,Roy Trustee 2022 Ltd,Johnson Forestry Services
{B3C3D988-7D3F-4485-8FD1-BC2ED3F58EA4},2509.000000000000000,No,15/11.48,42.000000000000000,1050.000000000000000,Yes,0.000000000000000,0.000000000000000,2.000000000000000,0.000000000000000,0.000000000000000,0.000000000000000,0.000000000000000,0.000000000000000,25/16,0.000000000000000,0.000000000000000,0.047619047619000,0.000000000000000,0.000000000000000,0.000000000000000,0.000000000000000,0.000000000000000, , ,{70F85A03-D88A-40C6-9309-5C8ED674E4BB},25/06/2025 0:00:00, ,25/06/2025 0:00:00, ,6.000000000000000,Roy Trustee 2022 Ltd,Johnson Forestry Services
{2332A3A1-7307-4EBC-8A2F-5FB0C1335607},1849.000000000000000,No,5/11.31,36.000000000000000,900.000000000000000,No,0.000000000000000,0.000000000000000,0.000000000000000,0.000000000000000,0.000000000000000,0.000000000000000,0.000000000000000,0.000000000000000,25/63,0.000000000000000,0.000000000000000,0.000000000000000,0.000000000000000,0.000000000000000,0.000000000000000,0.000000000000000,0.000000000000000, , ,{F2CBBF08-3B4E-4044-9056-7E8F8C3CD82B},25/06/2025 0:00:00, ,25/06/2025 0:00:00, ,0.000000000000000,Roy Trustee 2022 Ltd,Forest View Contracting
{7ED8DC87-4C2E-43DF-A33B-20D341EEBFD2},1833.000000000000000,No,5/11.31,37.000000000000000,925.000000000000000,No,0.000000000000000,0.000000000000000,0.000000000000000,0.000000000000000,0.000000000000000,0.000000000000000,0.000000000000000,0.000000000000000,25/63,0.000000000000000,0.000000000000000,0.000000000000000,0.000000000000000,0.000000000000000,0.000000000000000,0.000000000000000,0.000000000000000, , ,{F2CBBF08-3B4E-4044-9056-7E8F8C3CD82B},25/06/2025 0:00:00, ,25/06/2025 0:00:00, ,0.000000000000000,Roy Trustee 2022 Ltd,Forest View Contracting
{F962ABF8-6B48-494A-9E35-B3CA11F4FB0F},19.000000000000000,No,5/11.31,39.000000000000000,975.000000000000000,No,0.000000000000000,0.000000000000000,0.000000000000000,0.000000000000000,0.000000000000000,0.000000000000000,0.000000000000000,0.000000000000000,25/63,0.000000000000000,0.000000000000000,0.000000000000000,0.000000000000000,0.000000000000000,0.000000000000000,0.000000000000000,0.000000000000000, , ,{F2CBBF08-3B4E-4044-9056-7E8F8C3CD82B},25/06/2025 0:00:00, ,25/09/2025 0:00:00,ScarlettMichelle,0.000000000000000,Roy Trustee 2022 Ltd,Forest View Contracting
{78EC61C0-2BE9-42CC-A79D-A7234384972D},1811.000000000000000,No,10/11.37,38.000000000000000,950.000000000000000,No,0.000000000000000,0.000000000000000,0.000000000000000,0.000000000000000,0.000000000000000,0.000000000000000,0.000000000000000,0.000000000000000,25/63,0.000000000000000,0.000000000000000,0.000000000000000,0.000000000000000,0.000000000000000,0.000000000000000,0.000000000000000,0.000000000000000, , ,{F2CBBF08-3B4E-4044-9056-7E8F8C3CD82B},25/06/2025 0:00:00, ,25/06/2025 0:00:00, ,0.000000000000000,Roy Trustee 2022 Ltd,Forest View Contracting
{AB04A512-FBFA-4510-A0DD-1FD4A6F1809A},1821.000000000000000,No,10/11.37,38.000000000000000,950.000000000000000,No,0.000000000000000,0.000000000000000,0.000000000000000,0.000000000000000,0.000000000000000,0.000000000000000,0.000000000000000,0.000000000000000,25/63,0.000000000000000,0.000000000000000,0.000000000000000,0.000000000000000,0.000000000000000,0.000000000000000,0.000000000000000,0.000000000000000, , ,{F2CBBF08-3B4E-4044-9056-7E8F8C3CD82B},25/06/2025 0:00:00, ,25/06/2025 0:00:00, ,0.000000000000000,Roy Trustee 2022 Ltd,Forest View Contracting
{B1A7EE4E-94EA-447B-9AD1-8E366C2D780B},1823.000000000000000,No,5/11.31,44.000000000000000,1100.000000000000000,No,0.000000000000000,0.000000000000000,0.000000000000000,0.000000000000000,0.000000000000000,0.000000000000000,0.000000000000000,0.000000000000000,25/63,0.000000000000000,0.000000000000000,0.000000000000000,0.000000000000000,0.000000000000000,0.000000000000000,0.000000000000000,0.000000000000000, , ,{F2CBBF08-3B4E-4044-9056-7E8F8C3CD82B},25/06/2025 0:00:00, ,25/06/2025 0:00:00, ,0.000000000000000,Roy Trustee 2022 Ltd,Forest View Contracting
{7AB416B7-1086-4D17-AFED-4834B601C2F9},1813.000000000000000,No,5/11.31,39.000000000000000,975.000000000000000,No,0.000000000000000,0.000000000000000,0.000000000000000,0.000000000000000,0.000000000000000,0.000000000000000,0.000000000000000,0.000000000000000,25/63,0.000000000000000,0.000000000000000,0.000000000000000,0.000000000000000,0.000000000000000,0.000000000000000,0.000000000000000,0.000000000000000, , ,{F2CBBF08-3B4E-4044-9056-7E8F8C3CD82B},25/06/2025 0:00:00, ,25/06/2025 0:00:00, ,0.000000000000000,Roy Trustee 2022 Ltd,Forest View Contracting
{37600715-B8E5-4C09-A399-8D029F21374E},1805.000000000000000,No,10/11.37,40.000000000000000,1000.000000000000000,No,0.000000000000000,0.000000000000000,0.000000000000000,0.000000000000000,0.000000000000000,0.000000000000000,0.000000000000000,0.000000000000000,25/63,0.000000000000000,0.000000000000000,0.000000000000000,0.000000000000000,0.000000000000000,0.000000000000000,0.000000000000000,0.000000000000000, , ,{F2CBBF08-3B4E-4044-9056-7E8F8C3CD82B},25/06/2025 0:00:00, ,25/06/2025 0:00:00, ,0.000000000000000,Roy Trustee 2022 Ltd,Forest View Contracting
{20065A98-47AB-4A89-895E-5E5D49C4A97B},1807.000000000000000,No,5/11.31,39.000000000000000,975.000000000000000,No,0.000000000000000,0.000000000000000,0.000000000000000,0.000000000000000,0.000000000000000,0.000000000000000,0.000000000000000,0.000000000000000,25/63,0.000000000000000,0.000000000000000,0.000000000000000,0.000000000000000,0.000000000000000,0.000000000000000,0.000000000000000,0.000000000000000, , ,{F2CBBF08-3B4E-4044-9056-7E8F8C3CD82B},25/06/2025 0:00:00, ,25/06/2025 0:00:00, ,0.000000000000000,Roy Trustee 2022 Ltd,Forest View Contracting
{5DAC2FCB-08FE-4651-A4DE-FD1D7E77ECD9},1809.000000000000000,No,10/11.37,41.000000000000000,1025.000000000000000,No,0.000000000000000,0.000000000000000,0.000000000000000,0.000000000000000,0.000000000000000,0.000000000000000,0.000000000000000,0.000000000000000,25/63,0.000000000000000,0.000000000000000,0.000000000000000,0.000000000000000,0.000000000000000,0.000000000000000,0.000000000000000,0.000000000000000, , ,{F2CBBF08-3B4E-4044-9056-7E8F8C3CD82B},25/06/2025 0:00:00, ,25/06/2025 0:00:00, ,0.000000000000000,Roy Trustee 2022 Ltd,Forest View Contracting
{D842D748-CE8B-44CE-86C4-FC792E97A87E},1815.000000000000000,No,10/11.37,39.000000000000000,975.000000000000000,No,0.000000000000000,0.000000000000000,0.000000000000000,0.000000000000000,0.000000000000000,0.000000000000000,0.000000000000000,0.000000000000000,25/63,0.000000000000000,0.000000000000000,0.000000000000000,0.000000000000000,0.000000000000000,0.000000000000000,0.000000000000000,0.000000000000000, , ,{F2CBBF08-3B4E-4044-9056-7E8F8C3CD82B},25/06/2025 0:00:00, ,25/06/2025 0:00:00, ,0.000000000000000,Roy Trustee 2022 Ltd,Forest View Contracting
{040D6C8E-93AE-4DE2-89FB-B082AB28E1D4},2429.000000000000000,No,5/11.31,36.000000000000000,900.000000000000000,Yes,0.000000000000000,0.000000000000000,0.000000000000000,0.000000000000000,0.000000000000000,0.000000000000000,1.000000000000000,0.000000000000000,25/15,0.000000000000000,0.000000000000000,0.000000000000000,0.000000000000000,0.000000000000000,0.000000000000000,0.027777777777800,0.000000000000000, , ,{7A9B8F79-6EBD-4EC9-BBFE-02418AF77AD0},25/06/2025 0:00:00, ,25/06/2025 0:00:00, ,3.000000000000000,Roy Trustee 2022 Ltd,Johnson Forestry Services
{C8FAB252-7474-4210-B14D-D32A8EBD04C6},2419.000000000000000,No,20/11.64,42.000000000000000,1050.000000000000000,Yes,0.000000000000000,0.000000000000000,0.000000000000000,0.000000000000000,0.000000000000000,0.000000000000000,2.000000000000000,0.000000000000000,25/15,0.000000000000000,0.000000000000000,0.000000000000000,0.000000000000000,0.000000000000000,0.000000000000000,0.047619047619000,0.000000000000000, , ,{7A9B8F79-6EBD-4EC9-BBFE-02418AF77AD0},25/06/2025 0:00:00, ,25/06/2025 0:00:00, ,6.000000000000000,Roy Trustee 2022 Ltd,Johnson Forestry Services
{BC19FE0A-1674-4D8F-A8AF-0FEA15844378},2421.000000000000000,No,5/11.31,39.000000000000000,975.000000000000000,Yes,0.000000000000000,0.000000000000000,1.000000000000000,0.000000000000000,0.000000000000000,0.000000000000000,1.000000000000000,0.000000000000000,25/15,0.000000000000000,0.000000000000000,0.025641025641000,0.000000000000000,0.000000000000000,0.000000000000000,0.025641025641000,0.000000000000000, , ,{7A9B8F79-6EBD-4EC9-BBFE-02418AF77AD0},25/06/2025 0:00:00, ,25/06/2025 0:00:00, ,6.000000000000000,Roy Trustee 2022 Ltd,Johnson Forestry Services
{FE5C57B7-EA2F-40C8-A112-7CA2B87EA786},2425.000000000000000,No,20/11.64,41.000000000000000,1025.000000000000000,Yes,0.000000000000000,0.000000000000000,0.000000000000000,0.000000000000000,0.000000000000000,0.000000000000000,2.000000000000000,0.000000000000000,25/15,0.000000000000000,0.000000000000000,0.000000000000000,0.000000000000000,0.000000000000000,0.000000000000000,0.048780487804900,0.000000000000000, , ,{7A9B8F79-6EBD-4EC9-BBFE-02418AF77AD0},25/06/2025 0:00:00, ,25/06/2025 0:00:00, ,6.000000000000000,Roy Trustee 2022 Ltd,Johnson Forestry Services
{5E940CEF-0BDE-4AC6-9878-E21EC5CAA867},2431.000000000000000,No,20/11.64,38.000000000000000,950.000000000000000,Yes,1.000000000000000,1.000000000000000,0.000000000000000,0.000000000000000,0.000000000000000,0.000000000000000,0.000000000000000,0.000000000000000,25/15,0.026315789473700,0.026315789473700,0.000000000000000,0.000000000000000,0.000000000000000,0.000000000000000,0.000000000000000,0.000000000000000, , ,{7A9B8F79-6EBD-4EC9-BBFE-02418AF77AD0},25/06/2025 0:00:00, ,25/06/2025 0:00:00, ,2.000000000000000,Roy Trustee 2022 Ltd,Johnson Forestry Services
{B6B890E6-9F23-4D4A-AAB2-465583A9C9DB},2417.000000000000000,No,10/11.37,39.000000000000000,975.000000000000000,Yes,0.000000000000000,0.000000000000000,0.000000000000000,0.000000000000000,0.000000000000000,0.000000000000000,2.000000000000000,0.000000000000000,25/15,0.000000000000000,0.000000000000000,0.000000000000000,0.000000000000000,0.000000000000000,0.000000000000000,0.051282051282100,0.000000000000000, , ,{7A9B8F79-6EBD-4EC9-BBFE-02418AF77AD0},25/06/2025 0:00:00, ,25/06/2025 0:00:00, ,6.000000000000000,Roy Trustee 2022 Ltd,Johnson Forestry Services
{2FC6152C-4596-4A76-A2CD-CA95EB23932E},2415.000000000000000,No,5/11.31,36.000000000000000,900.000000000000000,Yes,0.000000000000000,0.000000000000000,1.000000000000000,0.000000000000000,0.000000000000000,0.000000000000000,1.000000000000000,0.000000000000000,25/15,0.000000000000000,0.000000000000000,0.027777777777800,0.000000000000000,0.000000000000000,0.000000000000000,0.027777777777800,0.000000000000000, , ,{7A9B8F79-6EBD-4EC9-BBFE-02418AF77AD0},25/06/2025 0:00:00, ,25/06/2025 0:00:00, ,6.000000000000000,Roy Trustee 2022 Ltd,Johnson Forestry Services
{E09352D8-B71D-49E5-84FD-FEDFEE254593},2413.000000000000000,No,25/11.85,36.000000000000000,900.000000000000000,Yes,0.000000000000000,0.000000000000000,0.000000000000000,0.000000000000000,0.000000000000000,0.000000000000000,2.000000000000000,0.000000000000000,25/15,0.000000000000000,0.000000000000000,0.000000000000000,0.000000000000000,0.000000000000000,0.000000000000000,0.055555555555600,0.000000000000000, , ,{7A9B8F79-6EBD-4EC9-BBFE-02418AF77AD0},25/06/2025 0:00:00, ,25/06/2025 0:00:00, ,6.000000000000000,Roy Trustee 2022 Ltd,Johnson Forestry Services
{1D18B353-3A73-44B1-B12F-B91D25DA2A7C},5433.000000000000000,No,15/11.48,38.000000000000000,950.000000000000000,No,0.000000000000000,0.000000000000000,0.000000000000000,0.000000000000000,0.000000000000000,0.000000000000000,0.000000000000000,0.000000000000000,25/15,0.000000000000000,0.000000000000000,0.000000000000000,0.000000000000000,0.000000000000000,0.000000000000000,0.000000000000000,0.000000000000000, , ,{7A9B8F79-6EBD-4EC9-BBFE-02418AF77AD0},25/06/2025 0:00:00, ,25/06/2025 0:00:00, ,0.000000000000000,Roy Trustee 2022 Ltd,Johnson Forestry Services
{A0B94B12-6E89-4AE7-B4DB-B4E67F1EEC46},2441.000000000000000,No,25/11.85,37.000000000000000,925.000000000000000,No,0.000000000000000,0.000000000000000,0.000000000000000,0.000000000000000,0.000000000000000,0.000000000000000,0.000000000000000,0.000000000000000,25/15,0.000000000000000,0.000000000000000,0.000000000000000,0.000000000000000,0.000000000000000,0.000000000000000,0.000000000000000,0.000000000000000, , ,{7A9B8F79-6EBD-4EC9-BBFE-02418AF77AD0},25/06/2025 0:00:00, ,25/06/2025 0:00:00, ,0.000000000000000,Roy Trustee 2022 Ltd,Johnson Forestry Services
{4E7853DA-E43D-4FFB-9AEB-22E2BABCF8F6},2439.000000000000000,No,20/11.64,42.000000000000000,1050.000000000000000,Yes,1.000000000000000,0.000000000000000,1.000000000000000,0.000000000000000,0.000000000000000,0.000000000000000,0.000000000000000,0.000000000000000,25/15,0.023809523809500,0.000000000000000,0.023809523809500,0.000000000000000,0.000000000000000,0.000000000000000,0.000000000000000,0.000000000000000, , ,{7A9B8F79-6EBD-4EC9-BBFE-02418AF77AD0},25/06/2025 0:00:00, ,25/06/2025 0:00:00, ,4.000000000000000,Roy Trustee 2022 Ltd,Johnson Forestry Services
{A757592C-FF2A-4B6A-AD5F-B5D589F8BC8C},1505.000000000000000,No,15/11.48,44.000000000000000,1100.000000000000000,Yes,0.000000000000000,2.000000000000000,1.000000000000000,0.000000000000000,0.000000000000000,0.000000000000000,0.000000000000000,0.000000000000000,25/52,0.000000000000000,0.045454545454500,0.022727272727300,0.000000000000000,0.000000000000000,0.000000000000000,0.000000000000000,0.000000000000000, , ,{CBCDB858-2ADD-4742-8526-1A95218C59F0},25/06/2025 0:00:00, ,25/09/2025 0:00:00,ScarlettMichelle,5.000000000000000,Roy Trustee 2022 Ltd,Proforest
{09D5F785-A027-4406-9321-B91FAD5CAEA2},1503.000000000000000,No,15/11.48,44.000000000000000,1100.000000000000000,No,0.000000000000000,0.000000000000000,0.000000000000000,0.000000000000000,0.000000000000000,0.000000000000000,0.000000000000000,0.000000000000000,25/52,0.000000000000000,0.000000000000000,0.000000000000000,0.000000000000000,0.000000000000000,0.000000000000000,0.000000000000000,0.000000000000000, , ,{CBCDB858-2ADD-4742-8526-1A95218C59F0},25/06/2025 0:00:00, ,25/06/2025 0:00:00, ,0.000000000000000,Roy Trustee 2022 Ltd,Proforest
{BC264294-022C-4CA7-BD1C-4774AC043848},1501.000000000000000,No,25/11.85,46.000000000000000,1150.000000000000000,Yes,0.000000000000000,3.000000000000000,0.000000000000000,0.000000000000000,0.000000000000000,0.000000000000000,1.000000000000000,0.000000000000000,25/52,0.000000000000000,0.065217391304300,0.000000000000000,0.000000000000000,0.000000000000000,0.000000000000000,0.021739130434800,0.000000000000000,Yes, ,{CBCDB858-2ADD-4742-8526-1A95218C59F0},25/06/2025 0:00:00, ,25/06/2025 0:00:00, ,6.000000000000000,Roy Trustee 2022 Ltd,Proforest
{DC358B92-AF6B-4C04-A26A-BBB9BAD8540F},1521.000000000000000,No,10/11.37,43.000000000000000,1075.000000000000000,Yes,0.000000000000000,2.000000000000000,0.000000000000000,0.000000000000000,0.000000000000000,0.000000000000000,1.000000000000000,0.000000000000000,25/52,0.000000000000000,0.046511627907000,0.000000000000000,0.000000000000000,0.000000000000000,0.000000000000000,0.023255813953500,0.000000000000000, , ,{CBCDB858-2ADD-4742-8526-1A95218C59F0},25/06/2025 0:00:00, ,25/06/2025 0:00:00, ,5.000000000000000,Roy Trustee 2022 Ltd,Proforest
{C788F5CB-5441-4561-8EDC-114CA5C8B759},767.000000000000000,No,15/11.48,39.000000000000000,975.000000000000000,No,0.000000000000000,0.000000000000000,0.000000000000000,0.000000000000000,0.000000000000000,0.000000000000000,0.000000000000000,0.000000000000000,25/1,0.000000000000000,0.000000000000000,0.000000000000000,0.000000000000000,0.000000000000000,0.000000000000000,0.000000000000000,0.000000000000000, , ,{1884BAE5-9325-4131-9562-7CF4D8341B7B},26/06/2025 0:00:00, ,26/06/2025 0:00:00, ,0.000000000000000,Roy Trustee 2022 Ltd,Johnson Forestry Services
{5A6EE817-DBA3-415B-8D9B-8050B996507B},777.000000000000000,No,15/11.48,36.000000000000000,900.000000000000000,Yes,0.000000000000000,1.000000000000000,0.000000000000000,0.000000000000000,0.000000000000000,0.000000000000000,0.000000000000000,0.000000000000000,25/1,0.000000000000000,0.027777777777800,0.000000000000000,0.000000000000000,0.000000000000000,0.000000000000000,0.000000000000000,0.000000000000000, , ,{1884BAE5-9325-4131-9562-7CF4D8341B7B},26/06/2025 0:00:00, ,26/06/2025 0:00:00, ,1.000000000000000,Roy Trustee 2022 Ltd,Johnson Forestry Services
{ACBA535F-0FD7-46EE-8C5B-7C5B81FEEA1F},1847.000000000000000,No,5/11.31,40.000000000000000,1000.000000000000000,No,0.000000000000000,0.000000000000000,0.000000000000000,0.000000000000000,0.000000000000000,0.000000000000000,0.000000000000000,0.000000000000000,25/63,0.000000000000000,0.000000000000000,0.000000000000000,0.000000000000000,0.000000000000000,0.000000000000000,0.000000000000000,0.000000000000000, , ,{43A5B872-93CC-440A-8F65-653836B51227},26/06/2025 0:00:00, ,26/06/2025 0:00:00, ,0.000000000000000,Roy Trustee 2022 Ltd,Forest View Contracting
{0E6505C8-D3BE-41CB-B3D6-1A550B62A33E},1831.000000000000000,No,5/11.31,40.000000000000000,1000.000000000000000,No,0.000000000000000,0.000000000000000,0.000000000000000,0.000000000000000,0.000000000000000,0.000000000000000,0.000000000000000,0.000000000000000,25/63,0.000000000000000,0.000000000000000,0.000000000000000,0.000000000000000,0.000000000000000,0.000000000000000,0.000000000000000,0.000000000000000, , ,{43A5B872-93CC-440A-8F65-653836B51227},26/06/2025 0:00:00, ,26/06/2025 0:00:00, ,0.000000000000000,Roy Trustee 2022 Ltd,Forest View Contracting
{BB68F154-89E8-4B8F-844B-984F4E654851},1817.000000000000000,No,5/11.31,37.000000000000000,925.000000000000000,No,0.000000000000000,0.000000000000000,0.000000000000000,0.000000000000000,0.000000000000000,0.000000000000000,0.000000000000000,0.000000000000000,25/63,0.000000000000000,0.000000000000000,0.000000000000000,0.000000000000000,0.000000000000000,0.000000000000000,0.000000000000000,0.000000000000000, , ,{43A5B872-93CC-440A-8F65-653836B51227},26/06/2025 0:00:00, ,26/06/2025 0:00:00, ,0.000000000000000,Roy Trustee 2022 Ltd,Forest View Contracting
{3370137D-8671-40F5-B5B7-50DC16BC3361},1825.000000000000000,No,5/11.31,39.000000000000000,975.000000000000000,No,0.000000000000000,0.000000000000000,0.000000000000000,0.000000000000000,0.000000000000000,0.000000000000000,0.000000000000000,0.000000000000000,25/63,0.000000000000000,0.000000000000000,0.000000000000000,0.000000000000000,0.000000000000000,0.000000000000000,0.000000000000000,0.000000000000000, , ,{43A5B872-93CC-440A-8F65-653836B51227},26/06/2025 0:00:00, ,26/06/2025 0:00:00, ,0.000000000000000,Roy Trustee 2022 Ltd,Forest View Contracting
{6E6A3431-848E-4DB3-9EB6-FDD799E1121F},1839.000000000000000,No,5/11.31,37.000000000000000,925.000000000000000,No,0.000000000000000,0.000000000000000,0.000000000000000,0.000000000000000,0.000000000000000,0.000000000000000,0.000000000000000,0.000000000000000,25/63,0.000000000000000,0.000000000000000,0.000000000000000,0.000000000000000,0.000000000000000,0.000000000000000,0.000000000000000,0.000000000000000, , ,{43A5B872-93CC-440A-8F65-653836B51227},26/06/2025 0:00:00, ,26/06/2025 0:00:00, ,0.000000000000000,Roy Trustee 2022 Ltd,Forest View Contracting
{F32A8889-9A4A-46D5-A44C-CD3F940D7E40},1841.000000000000000,No,5/11.31,42.000000000000000,1050.000000000000000,No,0.000000000000000,0.000000000000000,0.000000000000000,0.000000000000000,0.000000000000000,0.000000000000000,0.000000000000000,0.000000000000000,25/63,0.000000000000000,0.000000000000000,0.000000000000000,0.000000000000000,0.000000000000000,0.000000000000000,0.000000000000000,0.000000000000000, , ,{43A5B872-93CC-440A-8F65-653836B51227},26/06/2025 0:00:00, ,26/06/2025 0:00:00, ,0.000000000000000,Roy Trustee 2022 Ltd,Forest View Contracting
{0AAD52C0-C2AD-4AD8-B9C1-CC35D5F99C98},2507.000000000000000,No,25/11.85,43.000000000000000,1075.000000000000000,Yes,0.000000000000000,0.000000000000000,0.000000000000000,0.000000000000000,0.000000000000000,0.000000000000000,2.000000000000000,0.000000000000000,25/16,0.000000000000000,0.000000000000000,0.000000000000000,0.000000000000000,0.000000000000000,0.000000000000000,0.046511627907000,0.000000000000000, , ,{9A708CEF-EC2A-418E-AF0D-3A7227CA8F12},26/06/2025 0:00:00, ,26/06/2025 0:00:00, ,6.000000000000000,Roy Trustee 2022 Ltd,Johnson Forestry Services
{CDE19DA7-DEE4-49B6-B348-FB43E2901D9F},1523.000000000000000,No,0/11.31,40.000000000000000,1000.000000000000000,Yes,0.000000000000000,2.000000000000000,0.000000000000000,0.000000000000000,0.000000000000000,0.000000000000000,0.000000000000000,0.000000000000000,25/54,0.000000000000000,0.050000000000000,0.000000000000000,0.000000000000000,0.000000000000000,0.000000000000000,0.000000000000000,0.000000000000000, ,1000 sph,{9507097D-2EB9-44D0-A753-59384FB5368C},26/06/2025 0:00:00, ,25/09/2025 0:00:00,ScarlettMichelle,2.000000000000000,Roy Trustee 2022 Ltd,Proforest
{69CA8A54-555E-4A37-B974-449A7C8DCF49},1519.000000000000000,No,15/11.48,40.000000000000000,1000.000000000000000,Yes,0.000000000000000,3.000000000000000,0.000000000000000,0.000000000000000,0.000000000000000,0.000000000000000,0.000000000000000,0.000000000000000,25/54,0.000000000000000,0.075000000000000,0.000000000000000,0.000000000000000,0.000000000000000,0.000000000000000,0.000000000000000,0.000000000000000, , ,{9507097D-2EB9-44D0-A753-59384FB5368C},26/06/2025 0:00:00, ,26/06/2025 0:00:00, ,3.000000000000000,Roy Trustee 2022 Ltd,Proforest
{F0FEDD37-3FE7-4C11-A3F5-3BC743B1C67A},1517.000000000000000,No,5/11.31,39.000000000000000,975.000000000000000,Yes,0.000000000000000,3.000000000000000,1.000000000000000,0.000000000000000,0.000000000000000,0.000000000000000,0.000000000000000,0.000000000000000,25/54,0.000000000000000,0.000000000000000,0.000000000000000,0.000000000000000,0.000000000000000,0.000000000000000,0.000000000000000,0.000000000000000, , ,{9507097D-2EB9-44D0-A753-59384FB5368C},26/06/2025 0:00:00, ,25/09/2025 0:00:00,ScarlettMichelle,6.000000000000000,Roy Trustee 2022 Ltd,Proforest
{B3B0313E-90A5-4319-A491-B33868F7A3B9},1498.000000000000000,No,20/11.64,37.000000000000000,925.000000000000000,Yes,0.000000000000000,3.000000000000000,0.000000000000000,0.000000000000000,0.000000000000000,0.000000000000000,0.000000000000000,0.000000000000000,25/54,0.000000000000000,0.000000000000000,0.000000000000000,0.000000000000000,0.000000000000000,0.000000000000000,0.000000000000000,0.000000000000000, , ,{9507097D-2EB9-44D0-A753-59384FB5368C},26/06/2025 0:00:00, ,25/09/2025 0:00:00,ScarlettMichelle,3.000000000000000,Roy Trustee 2022 Ltd,Proforest
{CBDE8D1D-6454-4C4F-BC98-8CEC4E7A683F},1497.000000000000000,No,15/11.48,37.000000000000000,925.000000000000000,Yes,0.000000000000000,2.000000000000000,0.000000000000000,0.000000000000000,0.000000000000000,0.000000000000000,0.000000000000000,0.000000000000000,25/54,0.000000000000000,0.000000000000000,0.000000000000000,0.000000000000000,0.000000000000000,0.000000000000000,0.000000000000000,0.000000000000000, , ,{9507097D-2EB9-44D0-A753-59384FB5368C},26/06/2025 0:00:00, ,25/09/2025 0:00:00,ScarlettMichelle,2.000000000000000,Roy Trustee 2022 Ltd,Proforest
{036CD906-7539-4DB0-ADAB-CE8F71E3591E},1481.000000000000000,No,20/11.64,39.000000000000000,975.000000000000000,Yes,0.000000000000000,1.000000000000000,0.000000000000000,0.000000000000000,0.000000000000000,1.000000000000000,0.000000000000000,0.000000000000000,25/54,0.000000000000000,0.000000000000000,0.000000000000000,0.000000000000000,0.000000000000000,0.000000000000000,0.000000000000000,0.000000000000000, , ,{9507097D-2EB9-44D0-A753-59384FB5368C},26/06/2025 0:00:00, ,25/09/2025 0:00:00,ScarlettMichelle,4.000000000000000,Roy Trustee 2022 Ltd,Proforest
{42AA4ED7-25A7-4255-81A3-2A53006C1FB4},1483.000000000000000,No,20/11.64,42.000000000000000,1050.000000000000000,Yes,0.000000000000000,2.000000000000000,1.000000000000000,0.000000000000000,0.000000000000000,0.000000000000000,0.000000000000000,0.000000000000000,25/54,0.000000000000000,0.000000000000000,0.000000000000000,0.000000000000000,0.000000000000000,0.000000000000000,0.000000000000000,0.000000000000000, , ,{9507097D-2EB9-44D0-A753-59384FB5368C},26/06/2025 0:00:00, ,25/09/2025 0:00:00,ScarlettMichelle,5.000000000000000,Roy Trustee 2022 Ltd,Proforest
{752A9E69-604D-45A2-9246-DEB9B8D74FDC},1485.000000000000000,No,15/11.48,37.000000000000000,925.000000000000000,Yes,0.000000000000000,2.000000000000000,0.000000000000000,0.000000000000000,0.000000000000000,1.000000000000000,0.000000000000000,0.000000000000000,25/54,0.000000000000000,0.054054054054100,0.000000000000000,0.000000000000000,0.000000000000000,0.027027027027000,0.000000000000000,0.000000000000000, , ,{9507097D-2EB9-44D0-A753-59384FB5368C},26/06/2025 0:00:00, ,26/06/2025 0:00:00, ,5.000000000000000,Roy Trustee 2022 Ltd,Proforest
{C48D076B-19D9-481D-A2F3-13CCC16FDE7E},1464.000000000000000,No,10/11.37,38.000000000000000,950.000000000000000,Yes,0.000000000000000,0.000000000000000,0.000000000000000,0.000000000000000,0.000000000000000,0.000000000000000,1.000000000000000,0.000000000000000,25/54,0.000000000000000,0.000000000000000,0.000000000000000,0.000000000000000,0.000000000000000,0.000000000000000,0.026315789473700,0.000000000000000, , ,{9507097D-2EB9-44D0-A753-59384FB5368C},26/06/2025 0:00:00, ,26/06/2025 0:00:00, ,3.000000000000000,Roy Trustee 2022 Ltd,Proforest
{03C58771-7433-4A24-ACC2-04454A16FC80},1465.000000000000000,No,15/11.48,41.000000000000000,1025.000000000000000,Yes,0.000000000000000,4.000000000000000,0.000000000000000,0.000000000000000,0.000000000000000,0.000000000000000,0.000000000000000,0.000000000000000,25/54,0.000000000000000,0.000000000000000,0.000000000000000,0.000000000000000,0.000000000000000,0.000000000000000,0.000000000000000,0.000000000000000, , ,{9507097D-2EB9-44D0-A753-59384FB5368C},26/06/2025 0:00:00, ,25/09/2025 0:00:00,ScarlettMichelle,4.000000000000000,Roy Trustee 2022 Ltd,Proforest
{2616932A-3099-4966-9210-8DBB7FD3F57A},1829.000000000000000,No,10/11.37,38.000000000000000,950.000000000000000,No,0.000000000000000,0.000000000000000,0.000000000000000,0.000000000000000,0.000000000000000,0.000000000000000,0.000000000000000,0.000000000000000,25/63,0.000000000000000,0.000000000000000,0.000000000000000,0.000000000000000,0.000000000000000,0.000000000000000,0.000000000000000,0.000000000000000, , ,{830A5881-BE67-4715-88A3-78986F70E93E},26/06/2025 0:00:00, ,26/06/2025 0:00:00, ,0.000000000000000,Roy Trustee 2022 Ltd,Forest View Contracting
{96478A60-F725-4046-8778-1B12EC79E133},1827.000000000000000,No,5/11.31,43.000000000000000,1075.000000000000000,No,0.000000000000000,0.000000000000000,0.000000000000000,0.000000000000000,0.000000000000000,0.000000000000000,0.000000000000000,0.000000000000000,25/63,0.000000000000000,0.000000000000000,0.000000000000000,0.000000000000000,0.000000000000000,0.000000000000000,0.000000000000000,0.000000000000000, , ,{830A5881-BE67-4715-88A3-78986F70E93E},26/06/2025 0:00:00, ,26/06/2025 0:00:00, ,0.000000000000000,Roy Trustee 2022 Ltd,Forest View Contracting
{133F85D1-4F30-4E37-8F85-79CFB7064442},1843.000000000000000,No,10/11.37,40.000000000000000,1000.000000000000000,No,0.000000000000000,0.000000000000000,0.000000000000000,0.000000000000000,0.000000000000000,0.000000000000000,0.000000000000000,0.000000000000000,25/63,0.000000000000000,0.000000000000000,0.000000000000000,0.000000000000000,0.000000000000000,0.000000000000000,0.000000000000000,0.000000000000000, , ,{830A5881-BE67-4715-88A3-78986F70E93E},26/06/2025 0:00:00, ,26/06/2025 0:00:00, ,0.000000000000000,Roy Trustee 2022 Ltd,Forest View Contracting
{09197E60-50E8-41F9-9455-C391D0E82CEB},1845.000000000000000,No,5/11.31,44.000000000000000,1100.000000000000000,No,0.000000000000000,0.000000000000000,0.000000000000000,0.000000000000000,0.000000000000000,0.000000000000000,0.000000000000000,0.000000000000000,25/63,0.000000000000000,0.000000000000000,0.000000000000000,0.000000000000000,0.000000000000000,0.000000000000000,0.000000000000000,0.000000000000000, , ,{830A5881-BE67-4715-88A3-78986F70E93E},26/06/2025 0:00:00, ,26/06/2025 0:00:00, ,0.000000000000000,Roy Trustee 2022 Ltd,Forest View Contracting
{15FDB08B-B7A8-43B7-84AF-D02089939318},1803.000000000000000,No,5/11.31,39.000000000000000,975.000000000000000,No,0.000000000000000,0.000000000000000,0.000000000000000,0.000000000000000,0.000000000000000,0.000000000000000,0.000000000000000,0.000000000000000,25/60,0.000000000000000,0.000000000000000,0.000000000000000,0.000000000000000,0.000000000000000,0.000000000000000,0.000000000000000,0.000000000000000, , ,{C2E394AC-4AC6-4868-95B2-5B7DE9780770},27/06/2025 0:00:00, ,27/06/2025 0:00:00, ,0.000000000000000,Roy Trustee 2022 Ltd,Forest View Contracting
{19FE8480-948B-49B7-B225-172019115407},1767.000000000000000,No,5/11.31,41.000000000000000,1025.000000000000000,No,0.000000000000000,0.000000000000000,0.000000000000000,0.000000000000000,0.000000000000000,0.000000000000000,0.000000000000000,0.000000000000000,25/60,0.000000000000000,0.000000000000000,0.000000000000000,0.000000000000000,0.000000000000000,0.000000000000000,0.000000000000000,0.000000000000000, , ,{C2E394AC-4AC6-4868-95B2-5B7DE9780770},27/06/2025 0:00:00, ,27/06/2025 0:00:00, ,0.000000000000000,Roy Trustee 2022 Ltd,Forest View Contracting
{454BA71B-D560-4E86-A410-1F9257433AD8},1789.000000000000000,No,10/11.37,36.000000000000000,900.000000000000000,No,0.000000000000000,0.000000000000000,0.000000000000000,0.000000000000000,0.000000000000000,0.000000000000000,0.000000000000000,0.000000000000000,25/60,0.000000000000000,0.000000000000000,0.000000000000000,0.000000000000000,0.000000000000000,0.000000000000000,0.000000000000000,0.000000000000000, , ,{C2E394AC-4AC6-4868-95B2-5B7DE9780770},27/06/2025 0:00:00, ,27/06/2025 0:00:00, ,0.000000000000000,Roy Trustee 2022 Ltd,Forest View Contracting
{91F094CC-A20D-48DE-9CA6-BC1116AA0390},1769.000000000000000,No,10/11.37,36.000000000000000,900.000000000000000,No,0.000000000000000,0.000000000000000,0.000000000000000,0.000000000000000,0.000000000000000,0.000000000000000,0.000000000000000,0.000000000000000,25/60,0.000000000000000,0.000000000000000,0.000000000000000,0.000000000000000,0.000000000000000,0.000000000000000,0.000000000000000,0.000000000000000, , ,{C2E394AC-4AC6-4868-95B2-5B7DE9780770},27/06/2025 0:00:00, ,27/06/2025 0:00:00, ,0.000000000000000,Roy Trustee 2022 Ltd,Forest View Contracting
{E637BAC0-43DC-4985-A390-E271DE0725E8},1791.000000000000000,No,5/11.31,41.000000000000000,1025.000000000000000,No,0.000000000000000,0.000000000000000,0.000000000000000,0.000000000000000,0.000000000000000,0.000000000000000,0.000000000000000,0.000000000000000,25/60,0.000000000000000,0.000000000000000,0.000000000000000,0.000000000000000,0.000000000000000,0.000000000000000,0.000000000000000,0.000000000000000, , ,{C2E394AC-4AC6-4868-95B2-5B7DE9780770},27/06/2025 0:00:00, ,27/06/2025 0:00:00, ,0.000000000000000,Roy Trustee 2022 Ltd,Forest View Contracting
{B8693917-CC0F-4683-8CF7-AB98837C15C2},1793.000000000000000,No,0/11.31,36.000000000000000,900.000000000000000,No,0.000000000000000,0.000000000000000,0.000000000000000,0.000000000000000,0.000000000000000,0.000000000000000,0.000000000000000,0.000000000000000,25/60,0.000000000000000,0.000000000000000,0.000000000000000,0.000000000000000,0.000000000000000,0.000000000000000,0.000000000000000,0.000000000000000, , ,{C2E394AC-4AC6-4868-95B2-5B7DE9780770},27/06/2025 0:00:00, ,27/06/2025 0:00:00, ,0.000000000000000,Roy Trustee 2022 Ltd,Forest View Contracting
{A8BE9C86-C601-4E97-8252-9A6EEC8D39AD},749.000000000000000,No,15/11.48,38.000000000000000,950.000000000000000,Yes,0.000000000000000,0.000000000000000,0.000000000000000,0.000000000000000,0.000000000000000,0.000000000000000,1.000000000000000,0.000000000000000,25/1,0.000000000000000,0.000000000000000,0.000000000000000,0.000000000000000,0.000000000000000,0.000000000000000,0.026315789473700,0.000000000000000, , ,{49A4FE0B-2811-4D57-9E09-9B3F3C4681C0},27/06/2025 0:00:00, ,27/06/2025 0:00:00, ,3.000000000000000,Roy Trustee 2022 Ltd,Johnson Forestry Services
{87032C75-EAD8-4C0A-BAA2-37E5CCFCE015},1463.000000000000000,No,15/11.48,42.000000000000000,1050.000000000000000,Yes,0.000000000000000,0.000000000000000,1.000000000000000,0.000000000000000,0.000000000000000,0.000000000000000,0.000000000000000,0.000000000000000,25/52,0.000000000000000,0.000000000000000,0.023809523809500,0.000000000000000,0.000000000000000,0.000000000000000,0.000000000000000,0.000000000000000, , ,{D6DE71D8-F2A6-467C-845B-62E258856A67},29/06/2025 0:00:00, ,29/06/2025 0:00:00, ,3.000000000000000,Roy Trustee 2022 Ltd,Proforest
{7DCA42EB-68DD-4815-96DB-653683F09F5A},1479.000000000000000,No,15/11.48,36.000000000000000,900.000000000000000,Yes,0.000000000000000,2.000000000000000,0.000000000000000,0.000000000000000,0.000000000000000,0.000000000000000,0.000000000000000,0.000000000000000,25/52,0.000000000000000,0.055555555555600,0.000000000000000,0.000000000000000,0.000000000000000,0.000000000000000,0.000000000000000,0.000000000000000, , ,{D6DE71D8-F2A6-467C-845B-62E258856A67},29/06/2025 0:00:00, ,29/06/2025 0:00:00, ,2.000000000000000,Roy Trustee 2022 Ltd,Proforest
{E69401A0-91B4-44F7-870E-E5379436C7C7},1477.000000000000000,No,10/11.37,44.000000000000000,1100.000000000000000,Yes,0.000000000000000,2.000000000000000,1.000000000000000,0.000000000000000,0.000000000000000,0.000000000000000,0.000000000000000,0.000000000000000,25/52,0.000000000000000,0.045454545454500,0.022727272727300,0.000000000000000,0.000000000000000,0.000000000000000,0.000000000000000,0.000000000000000, , ,{D6DE71D8-F2A6-467C-845B-62E258856A67},29/06/2025 0:00:00, ,29/06/2025 0:00:00, ,5.000000000000000,Roy Trustee 2022 Ltd,Proforest
{004C2B2F-5FD6-492E-8E55-D3D332827662},1469.000000000000000,No,15/11.48,44.000000000000000,1100.000000000000000,Yes,0.000000000000000,3.000000000000000,1.000000000000000,0.000000000000000,0.000000000000000,0.000000000000000,0.000000000000000,0.000000000000000,25/52,0.000000000000000,0.068181818181800,0.022727272727300,0.000000000000000,0.000000000000000,0.000000000000000,0.000000000000000,0.000000000000000, , ,{D6DE71D8-F2A6-467C-845B-62E258856A67},29/06/2025 0:00:00, ,29/06/2025 0:00:00, ,0.000000000000000,Roy Trustee 2022 Ltd,Proforest
{68289F53-85A6-431C-9F32-1DB110B21FCC},1471.000000000000000,No,15/11.48,44.000000000000000,1100.000000000000000,Yes,0.000000000000000,3.000000000000000,0.000000000000000,0.000000000000000,1.000000000000000,0.000000000000000,0.000000000000000,0.000000000000000,25/52,0.000000000000000,0.000000000000000,0.000000000000000,0.000000000000000,0.000000000000000,0.000000000000000,0.000000000000000,0.000000000000000, , ,{D6DE71D8-F2A6-467C-845B-62E258856A67},29/06/2025 0:00:00, ,25/09/2025 0:00:00,ScarlettMichelle,6.000000000000000,Roy Trustee 2022 Ltd,Proforest
{B94AF474-FF74-4CF8-9A01-B91ECDAA87D3},1487.000000000000000,No,5/11.31,42.000000000000000,1050.000000000000000,Yes,0.000000000000000,2.000000000000000,1.000000000000000,0.000000000000000,0.000000000000000,0.000000000000000,0.000000000000000,0.000000000000000,25/52,0.000000000000000,0.047619047619000,0.023809523809500,0.000000000000000,0.000000000000000,0.000000000000000,0.000000000000000,0.000000000000000, , ,{D6DE71D8-F2A6-467C-845B-62E258856A67},29/06/2025 0:00:00, ,29/06/2025 0:00:00, ,5.000000000000000,Roy Trustee 2022 Ltd,Proforest
{70306531-7F7D-46AB-9817-1F5A6B9D61CA},1473.000000000000000,No,15/11.48,39.000000000000000,975.000000000000000,Yes,1.000000000000000,2.000000000000000,0.000000000000000,0.000000000000000,0.000000000000000,0.000000000000000,0.000000000000000,0.000000000000000,25/52,0.000000000000000,0.000000000000000,0.000000000000000,0.000000000000000,0.000000000000000,0.000000000000000,0.000000000000000,0.000000000000000, , ,{D6DE71D8-F2A6-467C-845B-62E258856A67},29/06/2025 0:00:00, ,25/09/2025 0:00:00,ScarlettMichelle,3.000000000000000,Roy Trustee 2022 Ltd,Proforest
{DDAE8E24-510C-4C40-A2BD-91C337E6C3FE},1489.000000000000000,No,15/11.48,42.000000000000000,1050.000000000000000,Yes,1.000000000000000,2.000000000000000,1.000000000000000,0.000000000000000,0.000000000000000,0.000000000000000,0.000000000000000,0.000000000000000,25/52,0.023809523809500,0.047619047619000,0.023809523809500,0.000000000000000,0.000000000000000,0.000000000000000,0.000000000000000,0.000000000000000, , ,{D6DE71D8-F2A6-467C-845B-62E258856A67},29/06/2025 0:00:00, ,29/06/2025 0:00:00, ,6.000000000000000,Roy Trustee 2022 Ltd,Proforest
{557E94CF-6EA2-499C-AF93-73FF3BAF0409},1475.000000000000000,No,5/11.31,40.000000000000000,1000.000000000000000,Yes,1.000000000000000,1.000000000000000,0.000000000000000,0.000000000000000,0.000000000000000,1.000000000000000,0.000000000000000,0.000000000000000,25/52,0.025000000000000,0.025000000000000,0.000000000000000,0.000000000000000,0.000000000000000,0.025000000000000,0.000000000000000,0.000000000000000, ,Extremely rocky,{D6DE71D8-F2A6-467C-845B-62E258856A67},29/06/2025 0:00:00, ,29/06/2025 0:00:00, ,5.000000000000000,Roy Trustee 2022 Ltd,Proforest
{A008CD23-79F3-4225-9995-511804BE160D},755.000000000000000,No,20/11.64,38.000000000000000,950.000000000000000,Yes,1.000000000000000,0.000000000000000,0.000000000000000,0.000000000000000,0.000000000000000,0.000000000000000,0.000000000000000,0.000000000000000,25/1,0.026315789473700,0.000000000000000,0.000000000000000,0.000000000000000,0.000000000000000,0.000000000000000,0.000000000000000,0.000000000000000, , ,{C06F9A80-7AC4-48CB-8BC6-21E12099629B},30/06/2025 0:00:00, ,30/06/2025 0:00:00, ,1.000000000000000,Roy Trustee 2022 Ltd,Johnson Forestry Services
{6E8BAC1E-B7CF-44F5-BA5D-B10A451C344C},751.000000000000000,No,15/11.48,44.000000000000000,1100.000000000000000,No,0.000000000000000,0.000000000000000,0.000000000000000,0.000000000000000,0.000000000000000,0.000000000000000,0.000000000000000,0.000000000000000,25/1,0.000000000000000,0.000000000000000,0.000000000000000,0.000000000000000,0.000000000000000,0.000000000000000,0.000000000000000,0.000000000000000, , ,{C06F9A80-7AC4-48CB-8BC6-21E12099629B},30/06/2025 0:00:00, ,30/06/2025 0:00:00, ,0.000000000000000,Roy Trustee 2022 Ltd,Johnson Forestry Services
{3C0AAA1A-59D5-47C0-9713-C3EA691BAD0B},757.000000000000000,No,10/11.37,39.000000000000000,975.000000000000000,Yes,0.000000000000000,1.000000000000000,0.000000000000000,0.000000000000000,0.000000000000000,0.000000000000000,0.000000000000000,0.000000000000000,25/1,0.000000000000000,0.025641025641000,0.000000000000000,0.000000000000000,0.000000000000000,0.000000000000000,0.000000000000000,0.000000000000000, , ,{C06F9A80-7AC4-48CB-8BC6-21E12099629B},30/06/2025 0:00:00, ,30/06/2025 0:00:00, ,1.000000000000000,Roy Trustee 2022 Ltd,Johnson Forestry Services
{C23E8D63-B231-449C-88B3-67B9895E47EA},765.000000000000000,No,15/11.48,44.000000000000000,1100.000000000000000,No,0.000000000000000,0.000000000000000,0.000000000000000,0.000000000000000,0.000000000000000,0.000000000000000,0.000000000000000,0.000000000000000,25/1,0.000000000000000,0.000000000000000,0.000000000000000,0.000000000000000,0.000000000000000,0.000000000000000,0.000000000000000,0.000000000000000, ,Moved plot out from fence.,{C06F9A80-7AC4-48CB-8BC6-21E12099629B},30/06/2025 0:00:00, ,30/06/2025 0:00:00, ,0.000000000000000,Roy Trustee 2022 Ltd,Johnson Forestry Services
{B35047A6-2E42-473E-9A11-A9D713D28B01},775.000000000000000,No,20/11.64,41.000000000000000,1025.000000000000000,No,0.000000000000000,0.000000000000000,0.000000000000000,0.000000000000000,0.000000000000000,0.000000000000000,0.000000000000000,0.000000000000000,25/1,0.000000000000000,0.000000000000000,0.000000000000000,0.000000000000000,0.000000000000000,0.000000000000000,0.000000000000000,0.000000000000000, , ,{C06F9A80-7AC4-48CB-8BC6-21E12099629B},30/06/2025 0:00:00, ,30/06/2025 0:00:00, ,0.000000000000000,Roy Trustee 2022 Ltd,Johnson Forestry Services
{A4E9DB81-452C-4441-8591-07A3F202C831},763.000000000000000,No,20/11.64,36.000000000000000,900.000000000000000,No,0.000000000000000,0.000000000000000,0.000000000000000,0.000000000000000,0.000000000000000,0.000000000000000,0.000000000000000,0.000000000000000,25/1,0.000000000000000,0.000000000000000,0.000000000000000,0.000000000000000,0.000000000000000,0.000000000000000,0.000000000000000,0.000000000000000, , ,{C06F9A80-7AC4-48CB-8BC6-21E12099629B},30/06/2025 0:00:00, ,30/06/2025 0:00:00, ,0.000000000000000,Roy Trustee 2022 Ltd,Johnson Forestry Services
{78CDE921-346A-4C52-AF52-04DD5644B850},771.000000000000000,No,15/11.48,38.000000000000000,950.000000000000000,Yes,0.000000000000000,0.000000000000000,0.000000000000000,0.000000000000000,0.000000000000000,0.000000000000000,1.000000000000000,0.000000000000000,25/1,0.000000000000000,0.000000000000000,0.000000000000000,0.000000000000000,0.000000000000000,0.000000000000000,0.026315789473700,0.000000000000000, , ,{C06F9A80-7AC4-48CB-8BC6-21E12099629B},30/06/2025 0:00:00, ,30/06/2025 0:00:00, ,3.000000000000000,Roy Trustee 2022 Ltd,Johnson Forestry Services
{109483E8-8099-491C-BF5A-0A6840B21D12},1745.000000000000000,No,10/11.37,36.000000000000000,900.000000000000000,No,0.000000000000000,0.000000000000000,0.000000000000000,0.000000000000000,0.000000000000000,0.000000000000000,0.000000000000000,0.000000000000000,25/60,0.000000000000000,0.000000000000000,0.000000000000000,0.000000000000000,0.000000000000000,0.000000000000000,0.000000000000000,0.000000000000000, ,Low plot track and rocky knob,{A604E7F4-9059-40C3-9502-ED073DB19771},30/06/2025 0:00:00, ,30/06/2025 0:00:00, ,0.000000000000000,Roy Trustee 2022 Ltd,Forest View Contracting
{616E8BAC-00D6-478E-BA07-F42E25E81287},1765.000000000000000,No,10/11.37,36.000000000000000,900.000000000000000,No,0.000000000000000,0.000000000000000,0.000000000000000,0.000000000000000,0.000000000000000,0.000000000000000,0.000000000000000,0.000000000000000,25/60,0.000000000000000,0.000000000000000,0.000000000000000,0.000000000000000,0.000000000000000,0.000000000000000,0.000000000000000,0.000000000000000, , ,{A604E7F4-9059-40C3-9502-ED073DB19771},30/06/2025 0:00:00, ,30/06/2025 0:00:00, ,0.000000000000000,Roy Trustee 2022 Ltd,Forest View Contracting
{48CEB167-C024-447C-AF3D-12A48FF71C2E},1763.000000000000000,No,10/11.37,36.000000000000000,900.000000000000000,No,0.000000000000000,0.000000000000000,0.000000000000000,0.000000000000000,0.000000000000000,0.000000000000000,0.000000000000000,0.000000000000000,25/60,0.000000000000000,0.000000000000000,0.000000000000000,0.000000000000000,0.000000000000000,0.000000000000000,0.000000000000000,0.000000000000000, ,Wtaerways low plot,{A604E7F4-9059-40C3-9502-ED073DB19771},30/06/2025 0:00:00, ,30/06/2025 0:00:00, ,0.000000000000000,Roy Trustee 2022 Ltd,Forest View Contracting
{F9103FED-2669-4A64-8FA3-22B69ADFBDBB},1741.000000000000000,No,10/11.37,39.000000000000000,975.000000000000000,No,0.000000000000000,0.000000000000000,0.000000000000000,0.000000000000000,0.000000000000000,0.000000000000000,0.000000000000000,0.000000000000000,25/60,0.000000000000000,0.000000000000000,0.000000000000000,0.000000000000000,0.000000000000000,0.000000000000000,0.000000000000000,0.000000000000000, , ,{A604E7F4-9059-40C3-9502-ED073DB19771},30/06/2025 0:00:00, ,30/06/2025 0:00:00, ,0.000000000000000,Roy Trustee 2022 Ltd,Forest View Contracting
{0292DB37-8413-4DBF-B045-D0144AF4A347},1743.000000000000000,No,5/11.31,41.000000000000000,1025.000000000000000,No,0.000000000000000,0.000000000000000,0.000000000000000,0.000000000000000,0.000000000000000,0.000000000000000,0.000000000000000,0.000000000000000,25/60,0.000000000000000,0.000000000000000,0.000000000000000,0.000000000000000,0.000000000000000,0.000000000000000,0.000000000000000,0.000000000000000, , ,{A604E7F4-9059-40C3-9502-ED073DB19771},30/06/2025 0:00:00, ,30/06/2025 0:00:00, ,0.000000000000000,Roy Trustee 2022 Ltd,Forest View Contracting
{47977081-BE92-4864-9F19-A3DDC9895772},1027.000000000000000,No,5/11.31,36.000000000000000,900.000000000000000,No,0.000000000000000,0.000000000000000,0.000000000000000,0.000000000000000,0.000000000000000,0.000000000000000,0.000000000000000,0.000000000000000,25/60,0.000000000000000,0.000000000000000,0.000000000000000,0.000000000000000,0.000000000000000,0.000000000000000,0.000000000000000,0.000000000000000, , ,{A604E7F4-9059-40C3-9502-ED073DB19771},30/06/2025 0:00:00, ,30/06/2025 0:00:00, ,0.000000000000000,Roy Trustee 2022 Ltd,Forest View Contracting
{DE3CB6D1-0537-4C84-BFF6-19F0FE2ED7BD},1727.000000000000000,No,5/11.31,36.000000000000000,900.000000000000000,No,0.000000000000000,0.000000000000000,0.000000000000000,0.000000000000000,0.000000000000000,0.000000000000000,0.000000000000000,0.000000000000000,25/60,0.000000000000000,0.000000000000000,0.000000000000000,0.000000000000000,0.000000000000000,0.000000000000000,0.000000000000000,0.000000000000000, , ,{A604E7F4-9059-40C3-9502-ED073DB19771},30/06/2025 0:00:00, ,30/06/2025 0:00:00, ,0.000000000000000,Roy Trustee 2022 Ltd,Forest View Contracting
{0E66124A-96CE-4826-A335-4A07BC13299C},1783.000000000000000,No,5/11.31,39.000000000000000,975.000000000000000,No,0.000000000000000,0.000000000000000,0.000000000000000,0.000000000000000,0.000000000000000,0.000000000000000,0.000000000000000,0.000000000000000,25/60,0.000000000000000,0.000000000000000,0.000000000000000,0.000000000000000,0.000000000000000,0.000000000000000,0.000000000000000,0.000000000000000, , ,{A604E7F4-9059-40C3-9502-ED073DB19771},30/06/2025 0:00:00, ,30/06/2025 0:00:00, ,0.000000000000000,Roy Trustee 2022 Ltd,Forest View Contracting
{50EE7DC5-5521-4670-8C08-EA68393A1AAF},1785.000000000000000,No,10/11.37,34.000000000000000,850.000000000000000,No,0.000000000000000,0.000000000000000,0.000000000000000,0.000000000000000,0.000000000000000,0.000000000000000,0.000000000000000,0.000000000000000,25/60,0.000000000000000,0.000000000000000,0.000000000000000,0.000000000000000,0.000000000000000,0.000000000000000,0.000000000000000,0.000000000000000,Yes,Plot fell between creeks 5 meter off no room for more trees,{A604E7F4-9059-40C3-9502-ED073DB19771},30/06/2025 0:00:00, ,30/06/2025 0:00:00, ,0.000000000000000,Roy Trustee 2022 Ltd,Forest View Contracting
{19BBF41C-CEAA-4E26-9BBC-A3EF4D282F35},1787.000000000000000,No,5/11.31,38.000000000000000,950.000000000000000,No,0.000000000000000,0.000000000000000,0.000000000000000,0.000000000000000,0.000000000000000,0.000000000000000,0.000000000000000,0.000000000000000,25/60,0.000000000000000,0.000000000000000,0.000000000000000,0.000000000000000,0.000000000000000,0.000000000000000,0.000000000000000,0.000000000000000, , ,{A604E7F4-9059-40C3-9502-ED073DB19771},30/06/2025 0:00:00, ,30/06/2025 0:00:00, ,0.000000000000000,Roy Trustee 2022 Ltd,Forest View Contracting
{8491CE89-3709-4D33-AF46-19D8F9D06A04},1801.000000000000000,No,10/11.37,42.000000000000000,1050.000000000000000,No,0.000000000000000,0.000000000000000,0.000000000000000,0.000000000000000,0.000000000000000,0.000000000000000,0.000000000000000,0.000000000000000,25/60,0.000000000000000,0.000000000000000,0.000000000000000,0.000000000000000,0.000000000000000,0.000000000000000,0.000000000000000,0.000000000000000, , ,{A604E7F4-9059-40C3-9502-ED073DB19771},30/06/2025 0:00:00, ,30/06/2025 0:00:00, ,0.000000000000000,Roy Trustee 2022 Ltd,Forest View Contracting
{66BD50FB-15AB-4BE3-994D-D06ED4CCAF06},1771.000000000000000,No,5/11.31,43.000000000000000,1075.000000000000000,No,0.000000000000000,0.000000000000000,0.000000000000000,0.000000000000000,0.000000000000000,0.000000000000000,0.000000000000000,0.000000000000000,25/60,0.000000000000000,0.000000000000000,0.000000000000000,0.000000000000000,0.000000000000000,0.000000000000000,0.000000000000000,0.000000000000000, , ,{A604E7F4-9059-40C3-9502-ED073DB19771},30/06/2025 0:00:00, ,30/06/2025 0:00:00, ,0.000000000000000,Roy Trustee 2022 Ltd,Forest View Contracting
{4AD2D79F-A78B-4D47-89A8-6DB7D9F2022A},1151.000000000000000,No,5/11.31,44.000000000000000,1100.000000000000000,No,0.000000000000000,0.000000000000000,0.000000000000000,0.000000000000000,0.000000000000000,0.000000000000000,0.000000000000000,0.000000000000000,25/60,0.000000000000000,0.000000000000000,0.000000000000000,0.000000000000000,0.000000000000000,0.000000000000000,0.000000000000000,0.000000000000000, , ,{A604E7F4-9059-40C3-9502-ED073DB19771},30/06/2025 0:00:00, ,30/06/2025 0:00:00, ,0.000000000000000,Roy Trustee 2022 Ltd,Forest View Contracting
{459CE926-4253-4903-8245-AB3D6CD56CF8},1749.000000000000000,No,10/11.37,39.000000000000000,975.000000000000000,No,0.000000000000000,0.000000000000000,0.000000000000000,0.000000000000000,0.000000000000000,0.000000000000000,0.000000000000000,0.000000000000000,25/60,0.000000000000000,0.000000000000000,0.000000000000000,0.000000000000000,0.000000000000000,0.000000000000000,0.000000000000000,0.000000000000000, , ,{A604E7F4-9059-40C3-9502-ED073DB19771},30/06/2025 0:00:00, ,30/06/2025 0:00:00, ,0.000000000000000,Roy Trustee 2022 Ltd,Forest View Contracting
{6245AD26-EE25-4844-8BEF-AA951CD0F6E9},1747.000000000000000,No,10/11.37,37.000000000000000,925.000000000000000,No,0.000000000000000,0.000000000000000,0.000000000000000,0.000000000000000,0.000000000000000,0.000000000000000,0.000000000000000,0.000000000000000,25/60,0.000000000000000,0.000000000000000,0.000000000000000,0.000000000000000,0.000000000000000,0.000000000000000,0.000000000000000,0.000000000000000, , ,{A604E7F4-9059-40C3-9502-ED073DB19771},30/06/2025 0:00:00, ,30/06/2025 0:00:00, ,0.000000000000000,Roy Trustee 2022 Ltd,Forest View Contracting
{CF9B728B-EB82-4A06-BA56-018CB7D78E8C},1729.000000000000000,No,10/11.37,40.000000000000000,1000.000000000000000,No,0.000000000000000,0.000000000000000,0.000000000000000,0.000000000000000,0.000000000000000,0.000000000000000,0.000000000000000,0.000000000000000,25/60,0.000000000000000,0.000000000000000,0.000000000000000,0.000000000000000,0.000000000000000,0.000000000000000,0.000000000000000,0.000000000000000, , ,{A604E7F4-9059-40C3-9502-ED073DB19771},30/06/2025 0:00:00, ,30/06/2025 0:00:00, ,0.000000000000000,Roy Trustee 2022 Ltd,Forest View Contracting
{22A40EA2-4D53-4D5B-AF9A-C00187F84A2C},759.000000000000000,No,5/11.31,39.000000000000000,975.000000000000000,Yes,1.000000000000000,2.000000000000000,0.000000000000000,0.000000000000000,0.000000000000000,0.000000000000000,0.000000000000000,0.000000000000000,25/1,0.025641025641000,0.051282051282100,0.000000000000000,0.000000000000000,0.000000000000000,0.000000000000000,0.000000000000000,0.000000000000000, , ,{A4AE6EC9-9553-4DDB-89DD-C3EBD39FCB77},30/06/2025 0:00:00, ,30/06/2025 0:00:00, ,3.000000000000000,Roy Trustee 2022 Ltd,Johnson Forestry Services
{8960F70B-B18C-4F9A-B33C-F4B14CDC4DFF},769.000000000000000,No,10/11.37,37.000000000000000,925.000000000000000,No,0.000000000000000,0.000000000000000,0.000000000000000,0.000000000000000,0.000000000000000,0.000000000000000,0.000000000000000,0.000000000000000,25/1,0.000000000000000,0.000000000000000,0.000000000000000,0.000000000000000,0.000000000000000,0.000000000000000,0.000000000000000,0.000000000000000, , ,{A4AE6EC9-9553-4DDB-89DD-C3EBD39FCB77},30/06/2025 0:00:00, ,30/06/2025 0:00:00, ,0.000000000000000,Roy Trustee 2022 Ltd,Johnson Forestry Services
{03F98EBD-57EF-45E7-9A73-1E815BDA01F2},783.000000000000000,No,15/11.48,36.000000000000000,900.000000000000000,Yes,0.000000000000000,0.000000000000000,0.000000000000000,0.000000000000000,0.000000000000000,0.000000000000000,1.000000000000000,0.000000000000000,25/1,0.000000000000000,0.000000000000000,0.000000000000000,0.000000000000000,0.000000000000000,0.000000000000000,0.027777777777800,0.000000000000000, , ,{A4AE6EC9-9553-4DDB-89DD-C3EBD39FCB77},30/06/2025 0:00:00, ,30/06/2025 0:00:00, ,3.000000000000000,Roy Trustee 2022 Ltd,Johnson Forestry Services
{474EA365-8FD7-4C8B-AD80-E77BFA78D049},781.000000000000000,No,20/11.64,41.000000000000000,1025.000000000000000,Yes,1.000000000000000,0.000000000000000,1.000000000000000,0.000000000000000,0.000000000000000,0.000000000000000,0.000000000000000,0.000000000000000,25/1,0.024390243902400,0.000000000000000,0.024390243902400,0.000000000000000,0.000000000000000,0.000000000000000,0.000000000000000,0.000000000000000, , ,{A4AE6EC9-9553-4DDB-89DD-C3EBD39FCB77},30/06/2025 0:00:00, ,30/06/2025 0:00:00, ,4.000000000000000,Roy Trustee 2022 Ltd,Johnson Forestry Services
{5D8DEE23-8D79-467C-A481-F1CD47C75A46},773.000000000000000,No,15/11.48,44.000000000000000,1100.000000000000000,Yes,0.000000000000000,0.000000000000000,0.000000000000000,0.000000000000000,0.000000000000000,0.000000000000000,1.000000000000000,0.000000000000000,25/1,0.000000000000000,0.000000000000000,0.000000000000000,0.000000000000000,0.000000000000000,0.000000000000000,0.022727272727300,0.000000000000000, , ,{A4AE6EC9-9553-4DDB-89DD-C3EBD39FCB77},30/06/2025 0:00:00, ,30/06/2025 0:00:00, ,3.000000000000000,Roy Trustee 2022 Ltd,Johnson Forestry Services
{015934BB-201F-40F8-9320-87541FDEAEC0},2515.000000000000000,No,10/11.37,36.000000000000000,900.000000000000000,Yes,0.000000000000000,0.000000000000000,0.000000000000000,0.000000000000000,0.000000000000000,0.000000000000000,1.000000000000000,0.000000000000000,25/2,0.000000000000000,0.000000000000000,0.000000000000000,0.000000000000000,0.000000000000000,0.000000000000000,0.027777777777800,0.000000000000000, , ,{722C2D40-77BA-4DA0-84CE-9E3A468DE132},30/06/2025 0:00:00, ,30/06/2025 0:00:00, ,3.000000000000000,Roy Trustee 2022 Ltd,Johnson Forestry Services
{FF663A63-1A0B-4B00-95C9-EF6AD1410618},2517.000000000000000,No,15/11.48,40.000000000000000,1000.000000000000000,No,0.000000000000000,0.000000000000000,0.000000000000000,0.000000000000000,0.000000000000000,0.000000000000000,0.000000000000000,0.000000000000000,25/2,0.000000000000000,0.000000000000000,0.000000000000000,0.000000000000000,0.000000000000000,0.000000000000000,0.000000000000000,0.000000000000000, , ,{722C2D40-77BA-4DA0-84CE-9E3A468DE132},30/06/2025 0:00:00, ,30/06/2025 0:00:00, ,0.000000000000000,Roy Trustee 2022 Ltd,Johnson Forestry Services
{960CF1D4-E680-4C34-866F-00E2426CB96E},2523.000000000000000,No,10/11.37,41.000000000000000,1025.000000000000000,No,0.000000000000000,0.000000000000000,0.000000000000000,0.000000000000000,0.000000000000000,0.000000000000000,0.000000000000000,0.000000000000000,25/2,0.000000000000000,0.000000000000000,0.000000000000000,0.000000000000000,0.000000000000000,0.000000000000000,0.000000000000000,0.000000000000000, , ,{722C2D40-77BA-4DA0-84CE-9E3A468DE132},30/06/2025 0:00:00, ,30/06/2025 0:00:00, ,0.000000000000000,Roy Trustee 2022 Ltd,Johnson Forestry Services
{C50D73B2-7F11-4007-837A-0549567E845A},2525.000000000000000,No,15/11.48,44.000000000000000,1100.000000000000000,Yes,0.000000000000000,0.000000000000000,0.000000000000000,0.000000000000000,0.000000000000000,0.000000000000000,1.000000000000000,0.000000000000000,25/2,0.000000000000000,0.000000000000000,0.000000000000000,0.000000000000000,0.000000000000000,0.000000000000000,0.022727272727300,0.000000000000000, , ,{722C2D40-77BA-4DA0-84CE-9E3A468DE132},30/06/2025 0:00:00, ,30/06/2025 0:00:00, ,3.000000000000000,Roy Trustee 2022 Ltd,Johnson Forestry Services
{40CD9146-323E-46F7-8033-62FB66B3741E},1723.000000000000000,No,5/11.31,44.000000000000000,1100.000000000000000,No,0.000000000000000,0.000000000000000,0.000000000000000,0.000000000000000,0.000000000000000,0.000000000000000,0.000000000000000,0.000000000000000,25/60,0.000000000000000,0.000000000000000,0.000000000000000,0.000000000000000,0.000000000000000,0.000000000000000,0.000000000000000,0.000000000000000, ,Mark dug up trees 2 out 5 roots up,{72C0B5AC-56F8-40AD-8A84-51106FC4C12F},1/07/2025 0:00:00, ,1/07/2025 0:00:00, ,0.000000000000000,Roy Trustee 2022 Ltd,Forest View Contracting
{BA7422B8-6819-4BA6-BF8C-58C59197CF9A},1715.000000000000000,No,10/11.37,39.000000000000000,975.000000000000000,No,0.000000000000000,0.000000000000000,0.000000000000000,0.000000000000000,0.000000000000000,0.000000000000000,0.000000000000000,0.000000000000000,25/60,0.000000000000000,0.000000000000000,0.000000000000000,0.000000000000000,0.000000000000000,0.000000000000000,0.000000000000000,0.000000000000000, , ,{72C0B5AC-56F8-40AD-8A84-51106FC4C12F},1/07/2025 0:00:00, ,1/07/2025 0:00:00, ,0.000000000000000,Roy Trustee 2022 Ltd,Forest View Contracting
{A486FE92-AF02-438D-BD43-B20B5DE28C68},1739.000000000000000,No,10/11.37,40.000000000000000,1000.000000000000000,Yes,0.000000000000000,0.000000000000000,0.000000000000000,0.000000000000000,0.000000000000000,0.000000000000000,1.000000000000000,0.000000000000000,25/60,0.000000000000000,0.000000000000000,0.000000000000000,0.000000000000000,0.000000000000000,0.000000000000000,0.025000000000000,0.000000000000000, , ,{72C0B5AC-56F8-40AD-8A84-51106FC4C12F},1/07/2025 0:00:00, ,1/07/2025 0:00:00, ,3.000000000000000,Roy Trustee 2022 Ltd,Forest View Contracting
{B635DE5B-69E4-4BB1-BE5E-2F376FBCAA40},1739.000000000000000,No,5/11.31,42.000000000000000,1050.000000000000000,No,0.000000000000000,0.000000000000000,0.000000000000000,0.000000000000000,0.000000000000000,0.000000000000000,0.000000000000000,0.000000000000000,25/60,0.000000000000000,0.000000000000000,0.000000000000000,0.000000000000000,0.000000000000000,0.000000000000000,0.000000000000000,0.000000000000000, , ,{72C0B5AC-56F8-40AD-8A84-51106FC4C12F},1/07/2025 0:00:00, ,1/07/2025 0:00:00, ,0.000000000000000,Roy Trustee 2022 Ltd,Forest View Contracting
{057D22A7-DBEF-4033-B10D-48DAF9E6EB27},1781.000000000000000,No,5/11.31,42.000000000000000,1050.000000000000000,No,0.000000000000000,0.000000000000000,0.000000000000000,0.000000000000000,0.000000000000000,0.000000000000000,0.000000000000000,0.000000000000000,25/60,0.000000000000000,0.000000000000000,0.000000000000000,0.000000000000000,0.000000000000000,0.000000000000000,0.000000000000000,0.000000000000000, , ,{72C0B5AC-56F8-40AD-8A84-51106FC4C12F},1/07/2025 0:00:00, ,1/07/2025 0:00:00, ,0.000000000000000,Roy Trustee 2022 Ltd,Forest View Contracting
{5431B882-4384-4E81-B52F-7C69E92FC58A},1799.000000000000000,No,5/11.31,38.000000000000000,950.000000000000000,No,0.000000000000000,0.000000000000000,0.000000000000000,0.000000000000000,0.000000000000000,0.000000000000000,0.000000000000000,0.000000000000000,25/60,0.000000000000000,0.000000000000000,0.000000000000000,0.000000000000000,0.000000000000000,0.000000000000000,0.000000000000000,0.000000000000000, , ,{72C0B5AC-56F8-40AD-8A84-51106FC4C12F},1/07/2025 0:00:00, ,1/07/2025 0:00:00, ,0.000000000000000,Roy Trustee 2022 Ltd,Forest View Contracting
{9F7F789E-F610-4222-B0EC-201BB75F35E6},1715.000000000000000,No,10/11.37,40.000000000000000,1000.000000000000000,No,0.000000000000000,0.000000000000000,0.000000000000000,0.000000000000000,0.000000000000000,0.000000000000000,0.000000000000000,0.000000000000000,25/60,0.000000000000000,0.000000000000000,0.000000000000000,0.000000000000000,0.000000000000000,0.000000000000000,0.000000000000000,0.000000000000000, , ,{72C0B5AC-56F8-40AD-8A84-51106FC4C12F},1/07/2025 0:00:00, ,1/07/2025 0:00:00, ,0.000000000000000,Roy Trustee 2022 Ltd,Forest View Contracting
{413FC5CE-33BC-4B9E-84CD-2184E8A8615A},1707.000000000000000,No,5/11.31,36.000000000000000,900.000000000000000,No,0.000000000000000,0.000000000000000,0.000000000000000,0.000000000000000,0.000000000000000,0.000000000000000,0.000000000000000,0.000000000000000,25/60,0.000000000000000,0.000000000000000,0.000000000000000,0.000000000000000,0.000000000000000,0.000000000000000,0.000000000000000,0.000000000000000, , ,{72C0B5AC-56F8-40AD-8A84-51106FC4C12F},1/07/2025 0:00:00, ,1/07/2025 0:00:00, ,0.000000000000000,Roy Trustee 2022 Ltd,Forest View Contracting
{30E93509-6B85-4CF0-A8E5-B316109D64CE},1713.000000000000000,No,10/11.37,39.000000000000000,975.000000000000000,No,0.000000000000000,0.000000000000000,0.000000000000000,0.000000000000000,0.000000000000000,0.000000000000000,0.000000000000000,0.000000000000000,25/60,0.000000000000000,0.000000000000000,0.000000000000000,0.000000000000000,0.000000000000000,0.000000000000000,0.000000000000000,0.000000000000000, ,Couple roots up,{72C0B5AC-56F8-40AD-8A84-51106FC4C12F},1/07/2025 0:00:00, ,1/07/2025 0:00:00, ,0.000000000000000,Roy Trustee 2022 Ltd,Forest View Contracting
{9AFC6C99-2FEE-4758-8521-FE436B07BFFF},251.000000000000000,No,5/11.31,33.000000000000000,825.000000000000000,Yes,0.000000000000000,2.000000000000000,1.000000000000000,0.000000000000000,0.000000000000000,0.000000000000000,0.000000000000000,0.000000000000000,25/55,0.000000000000000,0.060606060606100,0.030303030303000,0.000000000000000,0.000000000000000,0.000000000000000,0.000000000000000,0.000000000000000,Yes,Boggy wet ground,{C999D9F7-028B-497A-AA78-4D54FF22DED2},1/07/2025 0:00:00, ,1/07/2025 0:00:00, ,5.000000000000000,Roy Trustee 2022 Ltd,Proforest
{D32B9C74-BB52-4D0C-B1DC-F1A97FEA8134},259.000000000000000,No,5/11.31,45.000000000000000,1125.000000000000000,Yes,1.000000000000000,2.000000000000000,0.000000000000000,0.000000000000000,0.000000000000000,0.000000000000000,0.000000000000000,0.000000000000000,25/55,0.022222222222200,0.044444444444400,0.000000000000000,0.000000000000000,0.000000000000000,0.000000000000000,0.000000000000000,0.000000000000000,Yes, ,{C999D9F7-028B-497A-AA78-4D54FF22DED2},1/07/2025 0:00:00, ,1/07/2025 0:00:00, ,3.000000000000000,Roy Trustee 2022 Ltd,Proforest
{B0799C14-5E29-41D7-B3E2-C02B4497CFA1},269.000000000000000,No,15/11.48,38.000000000000000,950.000000000000000,Yes,1.000000000000000,2.000000000000000,0.000000000000000,0.000000000000000,0.000000000000000,1.000000000000000,0.000000000000000,0.000000000000000,25/55,0.026315789473700,0.052631578947400,0.000000000000000,0.000000000000000,0.000000000000000,0.026315789473700,0.000000000000000,0.000000000000000, , ,{C999D9F7-028B-497A-AA78-4D54FF22DED2},1/07/2025 0:00:00, ,1/07/2025 0:00:00, ,6.000000000000000,Roy Trustee 2022 Ltd,Proforest
{22FC1706-FE80-431F-A27E-4AB86199C029},271.000000000000000,No,10/11.37,39.000000000000000,975.000000000000000,Yes,0.000000000000000,2.000000000000000,0.000000000000000,0.000000000000000,0.000000000000000,0.000000000000000,0.000000000000000,0.000000000000000,25/55,0.000000000000000,0.051282051282100,0.000000000000000,0.000000000000000,0.000000000000000,0.000000000000000,0.000000000000000,0.000000000000000, , ,{C999D9F7-028B-497A-AA78-4D54FF22DED2},1/07/2025 0:00:00, ,1/07/2025 0:00:00, ,2.000000000000000,Roy Trustee 2022 Ltd,Proforest
{FFF85867-C91C-439B-99A8-9E8115CDF3F7},285.000000000000000,No,5/11.31,37.000000000000000,925.000000000000000,Yes,0.000000000000000,2.000000000000000,1.000000000000000,0.000000000000000,0.000000000000000,0.000000000000000,0.000000000000000,0.000000000000000,25/55,0.000000000000000,0.054054054054100,0.027027027027000,0.000000000000000,0.000000000000000,0.000000000000000,0.000000000000000,0.000000000000000, , ,{C999D9F7-028B-497A-AA78-4D54FF22DED2},1/07/2025 0:00:00, ,1/07/2025 0:00:00, ,5.000000000000000,Roy Trustee 2022 Ltd,Proforest
{AE5354A2-2A93-4565-A04C-76D9C48F2556},283.000000000000000,No,0/11.31,44.000000000000000,1100.000000000000000,Yes,0.000000000000000,3.000000000000000,0.000000000000000,0.000000000000000,0.000000000000000,0.000000000000000,1.000000000000000,0.000000000000000,25/55,0.000000000000000,0.068181818181800,0.000000000000000,0.000000000000000,0.000000000000000,0.000000000000000,0.022727272727300,0.000000000000000, , ,{C999D9F7-028B-497A-AA78-4D54FF22DED2},1/07/2025 0:00:00, ,1/07/2025 0:00:00, ,6.000000000000000,Roy Trustee 2022 Ltd,Proforest
{44D24955-31EC-4B6E-861D-0BEDCD90E976},279.000000000000000,No,5/11.31,36.000000000000000,900.000000000000000,Yes,0.000000000000000,2.000000000000000,0.000000000000000,0.000000000000000,0.000000000000000,0.000000000000000,0.000000000000000,0.000000000000000,25/55,0.000000000000000,0.055555555555600,0.000000000000000,0.000000000000000,0.000000000000000,0.000000000000000,0.000000000000000,0.000000000000000, , ,{C999D9F7-028B-497A-AA78-4D54FF22DED2},1/07/2025 0:00:00, ,1/07/2025 0:00:00, ,2.000000000000000,Roy Trustee 2022 Ltd,Proforest
{5622E17C-316A-483D-AEEA-3B19EC0021A6},267.000000000000000,No,0/11.31,36.000000000000000,900.000000000000000,Yes,0.000000000000000,3.000000000000000,0.000000000000000,0.000000000000000,0.000000000000000,0.000000000000000,0.000000000000000,0.000000000000000,25/55,0.000000000000000,0.083333333333300,0.000000000000000,0.000000000000000,0.000000000000000,0.000000000000000,0.000000000000000,0.000000000000000, , ,{C999D9F7-028B-497A-AA78-4D54FF22DED2},1/07/2025 0:00:00, ,1/07/2025 0:00:00, ,3.000000000000000,Roy Trustee 2022 Ltd,Proforest
{BB68DD87-6B09-441E-B29B-8357AAFE8F7A},265.000000000000000,No,5/11.31,37.000000000000000,925.000000000000000,Yes,0.000000000000000,4.000000000000000,0.000000000000000,0.000000000000000,0.000000000000000,0.000000000000000,0.000000000000000,0.000000000000000,25/55,0.000000000000000,0.108108108108000,0.000000000000000,0.000000000000000,0.000000000000000,0.000000000000000,0.000000000000000,0.000000000000000, , ,{C999D9F7-028B-497A-AA78-4D54FF22DED2},1/07/2025 0:00:00, ,1/07/2025 0:00:00, ,4.000000000000000,Roy Trustee 2022 Ltd,Proforest
{84719EE4-B967-439E-9515-A22EDD67D5B3},275.000000000000000,No,10/11.37,38.000000000000000,950.000000000000000,Yes,2.000000000000000,2.000000000000000,0.000000000000000,0.000000000000000,0.000000000000000,0.000000000000000,0.000000000000000,0.000000000000000,25/55,0.052631578947400,0.052631578947400,0.000000000000000,0.000000000000000,0.000000000000000,0.000000000000000,0.000000000000000,0.000000000000000, , ,{C999D9F7-028B-497A-AA78-4D54FF22DED2},1/07/2025 0:00:00, ,1/07/2025 0:00:00, ,4.000000000000000,Roy Trustee 2022 Ltd,Proforest
{20CA1CA5-2625-47BB-8CDC-8615B33C2D40},277.000000000000000,No,5/11.31,37.000000000000000,925.000000000000000,Yes,1.000000000000000,3.000000000000000,0.000000000000000,0.000000000000000,0.000000000000000,0.000000000000000,0.000000000000000,0.000000000000000,25/55,0.027027027027000,0.081081081081100,0.000000000000000,0.000000000000000,0.000000000000000,0.000000000000000,0.000000000000000,0.000000000000000, , ,{C999D9F7-028B-497A-AA78-4D54FF22DED2},1/07/2025 0:00:00, ,1/07/2025 0:00:00, ,4.000000000000000,Roy Trustee 2022 Ltd,Proforest
{547F5D10-4958-423F-816C-4820D946EA9B},281.000000000000000,No,0/11.31,37.000000000000000,925.000000000000000,Yes,0.000000000000000,2.000000000000000,0.000000000000000,0.000000000000000,0.000000000000000,0.000000000000000,0.000000000000000,0.000000000000000,25/55,0.000000000000000,0.054054054054100,0.000000000000000,0.000000000000000,0.000000000000000,0.000000000000000,0.000000000000000,0.000000000000000, , ,{C999D9F7-028B-497A-AA78-4D54FF22DED2},1/07/2025 0:00:00, ,1/07/2025 0:00:00, ,2.000000000000000,Roy Trustee 2022 Ltd,Proforest
{4512FE05-CA65-40A2-96D7-39F849527ECD},1227.000000000000000,No,0/11.31,37.000000000000000,925.000000000000000,Yes,0.000000000000000,4.000000000000000,0.000000000000000,0.000000000000000,0.000000000000000,0.000000000000000,0.000000000000000,0.000000000000000,25/64,0.000000000000000,0.108108108108000,0.000000000000000,0.000000000000000,0.000000000000000,0.000000000000000,0.000000000000000,0.000000000000000, , ,{667229B1-F898-461B-85AE-FCC919721B7B},1/07/2025 0:00:00, ,1/07/2025 0:00:00, ,4.000000000000000,Roy Trustee 2022 Ltd,Proforest
{F5EA2A17-7C35-4E0A-A883-15660B7DF080},1241.000000000000000,No,10/11.37,44.000000000000000,1100.000000000000000,Yes,0.000000000000000,3.000000000000000,0.000000000000000,0.000000000000000,0.000000000000000,0.000000000000000,0.000000000000000,0.000000000000000,25/64,0.000000000000000,0.068181818181800,0.000000000000000,0.000000000000000,0.000000000000000,0.000000000000000,0.000000000000000,0.000000000000000, , ,{667229B1-F898-461B-85AE-FCC919721B7B},1/07/2025 0:00:00, ,1/07/2025 0:00:00, ,3.000000000000000,Roy Trustee 2022 Ltd,Proforest
{F5AE8264-CBEE-42DF-A20D-7050A104E6BB},1229.000000000000000,No,5/11.31,39.000000000000000,975.000000000000000,Yes,1.000000000000000,2.000000000000000,1.000000000000000,0.000000000000000,0.000000000000000,0.000000000000000,0.000000000000000,0.000000000000000,25/64,0.025641025641000,0.051282051282100,0.025641025641000,0.000000000000000,0.000000000000000,0.000000000000000,0.000000000000000,0.000000000000000, , ,{667229B1-F898-461B-85AE-FCC919721B7B},1/07/2025 0:00:00, ,1/07/2025 0:00:00, ,6.000000000000000,Roy Trustee 2022 Ltd,Proforest
{9C6CC446-6409-4213-B5FC-81F70BE3044C},1255.000000000000000,No,5/11.31,40.000000000000000,1000.000000000000000,Yes,0.000000000000000,2.000000000000000,0.000000000000000,0.000000000000000,0.000000000000000,0.000000000000000,0.000000000000000,0.000000000000000,25/64,0.000000000000000,0.050000000000000,0.000000000000000,0.000000000000000,0.000000000000000,0.000000000000000,0.000000000000000,0.000000000000000, , ,{667229B1-F898-461B-85AE-FCC919721B7B},1/07/2025 0:00:00, ,1/07/2025 0:00:00, ,2.000000000000000,Roy Trustee 2022 Ltd,Proforest
{AAED947E-054B-4494-9435-C8CD1944A916},1253.000000000000000,No,5/11.31,37.000000000000000,925.000000000000000,Yes,0.000000000000000,3.000000000000000,0.000000000000000,0.000000000000000,0.000000000000000,0.000000000000000,0.000000000000000,0.000000000000000,25/64,0.000000000000000,0.081081081081100,0.000000000000000,0.000000000000000,0.000000000000000,0.000000000000000,0.000000000000000,0.000000000000000, , ,{667229B1-F898-461B-85AE-FCC919721B7B},1/07/2025 0:00:00, ,1/07/2025 0:00:00, ,3.000000000000000,Roy Trustee 2022 Ltd,Proforest
{122C335B-EB71-4663-95F3-031F5782F8D5},1225.000000000000000,No,0/11.31,37.000000000000000,925.000000000000000,Yes,0.000000000000000,2.000000000000000,0.000000000000000,0.000000000000000,0.000000000000000,0.000000000000000,0.000000000000000,0.000000000000000,25/64,0.000000000000000,0.054054054054100,0.000000000000000,0.000000000000000,0.000000000000000,0.000000000000000,0.000000000000000,0.000000000000000, , ,{667229B1-F898-461B-85AE-FCC919721B7B},1/07/2025 0:00:00, ,1/07/2025 0:00:00, ,2.000000000000000,Roy Trustee 2022 Ltd,Proforest
{7435BFAB-B3FA-4346-922B-9FA240F04B6D},1209.000000000000000,No,5/11.31,39.000000000000000,975.000000000000000,Yes,0.000000000000000,2.000000000000000,0.000000000000000,0.000000000000000,0.000000000000000,0.000000000000000,0.000000000000000,0.000000000000000,25/64,0.000000000000000,0.051282051282100,0.000000000000000,0.000000000000000,0.000000000000000,0.000000000000000,0.000000000000000,0.000000000000000, , ,{667229B1-F898-461B-85AE-FCC919721B7B},1/07/2025 0:00:00, ,1/07/2025 0:00:00, ,2.000000000000000,Roy Trustee 2022 Ltd,Proforest
{1538C63A-9E53-4CFA-BCB8-875C8947991E},1207.000000000000000,No,15/11.48,40.000000000000000,1000.000000000000000,No,0.000000000000000,0.000000000000000,0.000000000000000,0.000000000000000,0.000000000000000,0.000000000000000,0.000000000000000,0.000000000000000,25/64,0.000000000000000,0.000000000000000,0.000000000000000,0.000000000000000,0.000000000000000,0.000000000000000,0.000000000000000,0.000000000000000, , ,{667229B1-F898-461B-85AE-FCC919721B7B},1/07/2025 0:00:00, ,1/07/2025 0:00:00, ,0.000000000000000,Roy Trustee 2022 Ltd,Proforest
{86F288F6-70F7-4C1C-9068-F9D77D6415DA},1.000000000000000,No,10/11.37,41.000000000000000,1025.000000000000000,No,0.000000000000000,0.000000000000000,0.000000000000000,0.000000000000000,0.000000000000000,0.000000000000000,0.000000000000000,0.000000000000000,25/61,0.000000000000000,0.000000000000000,0.000000000000000,0.000000000000000,0.000000000000000,0.000000000000000,0.000000000000000,0.000000000000000, , ,{98AA1DC6-CE8E-418A-8B6A-CDCD2C9B5C8F},1/07/2025 0:00:00, ,1/07/2025 0:00:00, ,0.000000000000000,Roy Trustee 2022 Ltd,Forest View Contracting
{E7F26A06-093B-4765-B6D7-17CE66B92092},9.000000000000000,No,10/11.37,41.000000000000000,1025.000000000000000,No,0.000000000000000,0.000000000000000,0.000000000000000,0.000000000000000,0.000000000000000,0.000000000000000,0.000000000000000,0.000000000000000,25/61,0.000000000000000,0.000000000000000,0.000000000000000,0.000000000000000,0.000000000000000,0.000000000000000,0.000000000000000,0.000000000000000, , ,{98AA1DC6-CE8E-418A-8B6A-CDCD2C9B5C8F},1/07/2025 0:00:00, ,1/07/2025 0:00:00, ,0.000000000000000,Roy Trustee 2022 Ltd,Forest View Contracting
{52D0085C-C182-4570-8937-DB010BEE6F82},23.000000000000000,No,10/11.37,40.000000000000000,1000.000000000000000,No,0.000000000000000,0.000000000000000,0.000000000000000,0.000000000000000,0.000000000000000,0.000000000000000,0.000000000000000,0.000000000000000,25/61,0.000000000000000,0.000000000000000,0.000000000000000,0.000000000000000,0.000000000000000,0.000000000000000,0.000000000000000,0.000000000000000, , ,{98AA1DC6-CE8E-418A-8B6A-CDCD2C9B5C8F},1/07/2025 0:00:00, ,1/07/2025 0:00:00, ,0.000000000000000,Roy Trustee 2022 Ltd,Forest View Contracting
{6A7F77EA-5058-4A08-B9CF-8FC0CAC09FBC},53.000000000000000,No,20/11.64,43.000000000000000,1075.000000000000000,No,0.000000000000000,0.000000000000000,0.000000000000000,0.000000000000000,0.000000000000000,0.000000000000000,0.000000000000000,0.000000000000000,25/61,0.000000000000000,0.000000000000000,0.000000000000000,0.000000000000000,0.000000000000000,0.000000000000000,0.000000000000000,0.000000000000000, , ,{98AA1DC6-CE8E-418A-8B6A-CDCD2C9B5C8F},1/07/2025 0:00:00, ,1/07/2025 0:00:00, ,0.000000000000000,Roy Trustee 2022 Ltd,Forest View Contracting
{6D8CC07C-DF63-44F8-B7DC-F8D8985155AC},43.000000000000000,No,10/11.37,36.000000000000000,900.000000000000000,No,0.000000000000000,0.000000000000000,0.000000000000000,0.000000000000000,0.000000000000000,0.000000000000000,0.000000000000000,0.000000000000000,25/61,0.000000000000000,0.000000000000000,0.000000000000000,0.000000000000000,0.000000000000000,0.000000000000000,0.000000000000000,0.000000000000000, ,"Very rocky in this area.
Wide spacing trying to find good ground",{98AA1DC6-CE8E-418A-8B6A-CDCD2C9B5C8F},1/07/2025 0:00:00, ,1/07/2025 0:00:00, ,0.000000000000000,Roy Trustee 2022 Ltd,Forest View Contracting
{0B5A51E3-D243-4BA9-8E5B-5CBF852DC729},25.000000000000000,No,20/11.64,44.000000000000000,1100.000000000000000,No,0.000000000000000,0.000000000000000,0.000000000000000,0.000000000000000,0.000000000000000,0.000000000000000,0.000000000000000,0.000000000000000,25/61,0.000000000000000,0.000000000000000,0.000000000000000,0.000000000000000,0.000000000000000,0.000000000000000,0.000000000000000,0.000000000000000, ,"Bit swampy on edge of plot.
Couple close trees put in",{98AA1DC6-CE8E-418A-8B6A-CDCD2C9B5C8F},1/07/2025 0:00:00, ,1/07/2025 0:00:00, ,0.000000000000000,Roy Trustee 2022 Ltd,Forest View Contracting
{E6E21888-F2F0-4108-A9E0-F5EF3D0C1314},761.000000000000000,No,25/11.85,43.000000000000000,1075.000000000000000,Yes,0.000000000000000,0.000000000000000,1.000000000000000,0.000000000000000,0.000000000000000,0.000000000000000,0.000000000000000,0.000000000000000,25/1,0.000000000000000,0.000000000000000,0.023255813953500,0.000000000000000,0.000000000000000,0.000000000000000,0.000000000000000,0.000000000000000, , ,{6C5C22F3-5F52-4AB8-ACB5-D7517D31B38A},2/07/2025 0:00:00, ,2/07/2025 0:00:00, ,3.000000000000000,Roy Trustee 2022 Ltd,Johnson Forestry Services
{F6322341-4DB8-447B-B7A5-6C518C67FD67},753.000000000000000,No,25/11.85,42.000000000000000,1050.000000000000000,No,0.000000000000000,0.000000000000000,0.000000000000000,0.000000000000000,0.000000000000000,0.000000000000000,0.000000000000000,0.000000000000000,25/1,0.000000000000000,0.000000000000000,0.000000000000000,0.000000000000000,0.000000000000000,0.000000000000000,0.000000000000000,0.000000000000000, ,"
",{6C5C22F3-5F52-4AB8-ACB5-D7517D31B38A},2/07/2025 0:00:00, ,2/07/2025 0:00:00, ,0.000000000000000,Roy Trustee 2022 Ltd,Johnson Forestry Services
{7C7E1F5A-938C-4B81-9FE8-59A532CB039B},747.000000000000000,No,20/11.64,36.000000000000000,900.000000000000000,Yes,0.000000000000000,0.000000000000000,0.000000000000000,0.000000000000000,0.000000000000000,0.000000000000000,1.000000000000000,0.000000000000000,25/1,0.000000000000000,0.000000000000000,0.000000000000000,0.000000000000000,0.000000000000000,0.000000000000000,0.027777777777800,0.000000000000000, , ,{6C5C22F3-5F52-4AB8-ACB5-D7517D31B38A},2/07/2025 0:00:00, ,2/07/2025 0:00:00, ,3.000000000000000,Roy Trustee 2022 Ltd,Johnson Forestry Services
{828521BC-0500-4A16-8E5F-DAFA792B58FB},779.000000000000000,No,30/12.13,37.000000000000000,925.000000000000000,Yes,0.000000000000000,0.000000000000000,0.000000000000000,0.000000000000000,0.000000000000000,0.000000000000000,1.000000000000000,0.000000000000000,25/1,0.000000000000000,0.000000000000000,0.000000000000000,0.000000000000000,0.000000000000000,0.000000000000000,0.027027027027000,0.000000000000000, , ,{6C5C22F3-5F52-4AB8-ACB5-D7517D31B38A},2/07/2025 0:00:00, ,2/07/2025 0:00:00, ,3.000000000000000,Roy Trustee 2022 Ltd,Johnson Forestry Services
{C26A7970-1C4C-45D2-B0FC-62ACADC1DB70},771.000000000000000,No,25/11.85,38.000000000000000,950.000000000000000,Yes,0.000000000000000,0.000000000000000,0.000000000000000,0.000000000000000,0.000000000000000,0.000000000000000,1.000000000000000,0.000000000000000,25/1,0.000000000000000,0.000000000000000,0.000000000000000,0.000000000000000,0.000000000000000,0.000000000000000,0.026315789473700,0.000000000000000, , ,{6C5C22F3-5F52-4AB8-ACB5-D7517D31B38A},2/07/2025 0:00:00, ,2/07/2025 0:00:00, ,3.000000000000000,Roy Trustee 2022 Ltd,Johnson Forestry Services
{428B71CD-0C6E-405A-A8B8-258D8589D0D3},1223.000000000000000,No,15/11.48,36.000000000000000,900.000000000000000,Yes,0.000000000000000,2.000000000000000,0.000000000000000,0.000000000000000,0.000000000000000,0.000000000000000,1.000000000000000,0.000000000000000,24/64,0.000000000000000,0.055555555555600,0.000000000000000,0.000000000000000,0.000000000000000,0.000000000000000,0.027777777777800,0.000000000000000, , ,{2C5E0C44-FD03-4172-AE8D-B144C055834B},2/07/2025 0:00:00, ,2/07/2025 0:00:00, ,5.000000000000000,Roy Trustee 2022 Ltd,Proforest
{365E0A02-92BA-4B01-BF94-BADE1ED2F367},1221.000000000000000,No,15/11.48,36.000000000000000,900.000000000000000,Yes,0.000000000000000,1.000000000000000,1.000000000000000,0.000000000000000,0.000000000000000,0.000000000000000,0.000000000000000,0.000000000000000,24/64,0.000000000000000,0.027777777777800,0.027777777777800,0.000000000000000,0.000000000000000,0.000000000000000,0.000000000000000,0.000000000000000, , ,{2C5E0C44-FD03-4172-AE8D-B144C055834B},2/07/2025 0:00:00, ,2/07/2025 0:00:00, ,4.000000000000000,Roy Trustee 2022 Ltd,Proforest
{900E1A76-8CEB-43AF-9E4A-D0D6F49B1C00},1205.000000000000000,No,5/11.31,38.000000000000000,950.000000000000000,Yes,0.000000000000000,3.000000000000000,1.000000000000000,0.000000000000000,0.000000000000000,0.000000000000000,0.000000000000000,0.000000000000000,24/64,0.000000000000000,0.000000000000000,0.000000000000000,0.000000000000000,0.000000000000000,0.000000000000000,0.000000000000000,0.000000000000000, , ,{2C5E0C44-FD03-4172-AE8D-B144C055834B},2/07/2025 0:00:00, ,25/09/2025 0:00:00,ScarlettMichelle,6.000000000000000,Roy Trustee 2022 Ltd,Proforest
{9A02A5CC-B8CA-4F98-9691-3A05D8E26BB9},1191.000000000000000,No,10/11.37,37.000000000000000,925.000000000000000,Yes,0.000000000000000,2.000000000000000,0.000000000000000,0.000000000000000,0.000000000000000,0.000000000000000,1.000000000000000,0.000000000000000,24/64,0.000000000000000,0.054054054054100,0.000000000000000,0.000000000000000,0.000000000000000,0.000000000000000,0.027027027027000,0.000000000000000, , ,{2C5E0C44-FD03-4172-AE8D-B144C055834B},2/07/2025 0:00:00, ,2/07/2025 0:00:00, ,5.000000000000000,Roy Trustee 2022 Ltd,Proforest
{21E6074A-F262-4C13-BB15-A54EAF403685},1219.000000000000000,No,10/11.37,38.000000000000000,950.000000000000000,Yes,0.000000000000000,0.000000000000000,0.000000000000000,0.000000000000000,0.000000000000000,0.000000000000000,0.000000000000000,0.000000000000000,24/64,0.000000000000000,0.000000000000000,0.000000000000000,0.000000000000000,0.000000000000000,0.000000000000000,0.000000000000000,0.000000000000000, , ,{2C5E0C44-FD03-4172-AE8D-B144C055834B},2/07/2025 0:00:00, ,2/07/2025 0:00:00, ,0.000000000000000,Roy Trustee 2022 Ltd,Proforest
{EFA60A3D-2D25-4ECC-AAC8-440A959253E2},1245.000000000000000,No,15/11.48,37.000000000000000,925.000000000000000,Yes,0.000000000000000,1.000000000000000,0.000000000000000,0.000000000000000,0.000000000000000,0.000000000000000,1.000000000000000,0.000000000000000,24/64,0.000000000000000,0.027027027027000,0.000000000000000,0.000000000000000,0.000000000000000,0.000000000000000,0.027027027027000,0.000000000000000, , ,{2C5E0C44-FD03-4172-AE8D-B144C055834B},2/07/2025 0:00:00, ,2/07/2025 0:00:00, ,4.000000000000000,Roy Trustee 2022 Ltd,Proforest
{783D33B0-8FA2-4937-8C0B-A2D855FAC948},1233.000000000000000,No,5/11.31,37.000000000000000,925.000000000000000,Yes,0.000000000000000,3.000000000000000,1.000000000000000,0.000000000000000,0.000000000000000,0.000000000000000,0.000000000000000,0.000000000000000,24/64,0.000000000000000,0.000000000000000,0.000000000000000,0.000000000000000,0.000000000000000,0.000000000000000,0.000000000000000,0.000000000000000, , ,{2C5E0C44-FD03-4172-AE8D-B144C055834B},2/07/2025 0:00:00, ,25/09/2025 0:00:00,ScarlettMichelle,6.000000000000000,Roy Trustee 2022 Ltd,Proforest
{D340F6BA-C750-4BA5-96E0-253C54B2B49B},1235.000000000000000,No,0/11.31,34.000000000000000,850.000000000000000,Yes,0.000000000000000,4.000000000000000,0.000000000000000,0.000000000000000,0.000000000000000,0.000000000000000,0.000000000000000,0.000000000000000,24/64,0.000000000000000,0.117647058824000,0.000000000000000,0.000000000000000,0.000000000000000,0.000000000000000,0.000000000000000,0.000000000000000,Yes, ,{2C5E0C44-FD03-4172-AE8D-B144C055834B},2/07/2025 0:00:00, ,2/07/2025 0:00:00, ,4.000000000000000,Roy Trustee 2022 Ltd,Proforest
{3F754563-D154-4784-A21A-2B14ED6C50EE},1247.000000000000000,No,5/11.31,38.000000000000000,950.000000000000000,Yes,0.000000000000000,2.000000000000000,0.000000000000000,0.000000000000000,0.000000000000000,0.000000000000000,0.000000000000000,0.000000000000000,24/64,0.000000000000000,0.000000000000000,0.000000000000000,0.000000000000000,0.000000000000000,0.000000000000000,0.000000000000000,0.000000000000000, , ,{2C5E0C44-FD03-4172-AE8D-B144C055834B},2/07/2025 0:00:00, ,25/09/2025 0:00:00,ScarlettMichelle,2.000000000000000,Roy Trustee 2022 Ltd,Proforest
{D306DD30-B8A2-4B4B-A879-2E407FB75ABD},1257.000000000000000,No,10/11.37,39.000000000000000,975.000000000000000,No,0.000000000000000,0.000000000000000,0.000000000000000,0.000000000000000,0.000000000000000,0.000000000000000,0.000000000000000,0.000000000000000,24/64,0.000000000000000,0.000000000000000,0.000000000000000,0.000000000000000,0.000000000000000,0.000000000000000,0.000000000000000,0.000000000000000, , ,{2C5E0C44-FD03-4172-AE8D-B144C055834B},2/07/2025 0:00:00, ,2/07/2025 0:00:00, ,0.000000000000000,Roy Trustee 2022 Ltd,Proforest
{65C993DE-938F-4375-96FD-AAA201715F2D},2067.000000000000000,No,15/11.48,40.000000000000000,1000.000000000000000,Yes,0.000000000000000,1.000000000000000,0.000000000000000,0.000000000000000,0.000000000000000,0.000000000000000,0.000000000000000,0.000000000000000,25/7,0.000000000000000,0.025000000000000,0.000000000000000,0.000000000000000,0.000000000000000,0.000000000000000,0.000000000000000,0.000000000000000, , ,{B0EA1B20-C1D5-415E-9EBC-D9EE1E7A5957},3/07/2025 0:00:00, ,3/07/2025 0:00:00, ,1.000000000000000,Roy Trustee 2022 Ltd,Johnson Forestry Services
{8862D528-A34A-48C1-A99D-DB3A1140BFA0},2063.000000000000000,No,20/11.64,40.000000000000000,1000.000000000000000,No,0.000000000000000,0.000000000000000,0.000000000000000,0.000000000000000,0.000000000000000,0.000000000000000,0.000000000000000,0.000000000000000,25/7,0.000000000000000,0.000000000000000,0.000000000000000,0.000000000000000,0.000000000000000,0.000000000000000,0.000000000000000,0.000000000000000, , ,{B0EA1B20-C1D5-415E-9EBC-D9EE1E7A5957},3/07/2025 0:00:00, ,3/07/2025 0:00:00, ,0.000000000000000,Roy Trustee 2022 Ltd,Johnson Forestry Services
{CAE56B5F-79C6-4802-94BF-9C25C6795AC9},2061.000000000000000,No,15/11.48,37.000000000000000,925.000000000000000,Yes,0.000000000000000,0.000000000000000,0.000000000000000,0.000000000000000,0.000000000000000,0.000000000000000,2.000000000000000,0.000000000000000,25/7,0.000000000000000,0.000000000000000,0.000000000000000,0.000000000000000,0.000000000000000,0.000000000000000,0.054054054054100,0.000000000000000, , ,{B0EA1B20-C1D5-415E-9EBC-D9EE1E7A5957},3/07/2025 0:00:00, ,3/07/2025 0:00:00, ,6.000000000000000,Roy Trustee 2022 Ltd,Johnson Forestry Services
{24D78289-EE51-48F8-94C6-0617E0AEBC1E},2069.000000000000000,No,15/11.48,41.000000000000000,1025.000000000000000,No,0.000000000000000,0.000000000000000,0.000000000000000,0.000000000000000,0.000000000000000,0.000000000000000,0.000000000000000,0.000000000000000,25/7,0.000000000000000,0.000000000000000,0.000000000000000,0.000000000000000,0.000000000000000,0.000000000000000,0.000000000000000,0.000000000000000, , ,{B0EA1B20-C1D5-415E-9EBC-D9EE1E7A5957},3/07/2025 0:00:00, ,3/07/2025 0:00:00, ,0.000000000000000,Roy Trustee 2022 Ltd,Johnson Forestry Services
{09E36C12-9E1B-4F07-824D-9CEC37213779},2077.000000000000000,No,10/11.37,36.000000000000000,900.000000000000000,Yes,0.000000000000000,0.000000000000000,0.000000000000000,0.000000000000000,0.000000000000000,0.000000000000000,1.000000000000000,0.000000000000000,25/7,0.000000000000000,0.000000000000000,0.000000000000000,0.000000000000000,0.000000000000000,0.000000000000000,0.027777777777800,0.000000000000000, , ,{B0EA1B20-C1D5-415E-9EBC-D9EE1E7A5957},3/07/2025 0:00:00, ,3/07/2025 0:00:00, ,3.000000000000000,Roy Trustee 2022 Ltd,Johnson Forestry Services
{2025B28B-95BE-4D21-9DFD-E4D975D75E32},2073.000000000000000,No,20/11.64,42.000000000000000,1050.000000000000000,Yes,0.000000000000000,0.000000000000000,0.000000000000000,0.000000000000000,0.000000000000000,1.000000000000000,1.000000000000000,0.000000000000000,25/7,0.000000000000000,0.000000000000000,0.000000000000000,0.000000000000000,0.000000000000000,0.023809523809500,0.023809523809500,0.000000000000000, , ,{B0EA1B20-C1D5-415E-9EBC-D9EE1E7A5957},3/07/2025 0:00:00, ,3/07/2025 0:00:00, ,6.000000000000000,Roy Trustee 2022 Ltd,Johnson Forestry Services
{1EC9AD28-8D0E-4860-80B3-EDEAABDD0E32},2079.000000000000000,No,20/11.64,40.000000000000000,1000.000000000000000,No,0.000000000000000,0.000000000000000,0.000000000000000,0.000000000000000,0.000000000000000,0.000000000000000,0.000000000000000,0.000000000000000,25/7,0.000000000000000,0.000000000000000,0.000000000000000,0.000000000000000,0.000000000000000,0.000000000000000,0.000000000000000,0.000000000000000, , ,{B0EA1B20-C1D5-415E-9EBC-D9EE1E7A5957},3/07/2025 0:00:00, ,3/07/2025 0:00:00, ,0.000000000000000,Roy Trustee 2022 Ltd,Johnson Forestry Services
{884E28F2-9951-4024-8016-E96606C429C6},2093.000000000000000,No,20/11.64,36.000000000000000,900.000000000000000,Yes,0.000000000000000,0.000000000000000,0.000000000000000,0.000000000000000,0.000000000000000,2.000000000000000,0.000000000000000,0.000000000000000,25/7,0.000000000000000,0.000000000000000,0.000000000000000,0.000000000000000,0.000000000000000,0.055555555555600,0.000000000000000,0.000000000000000, , ,{B0EA1B20-C1D5-415E-9EBC-D9EE1E7A5957},3/07/2025 0:00:00, ,3/07/2025 0:00:00, ,6.000000000000000,Roy Trustee 2022 Ltd,Johnson Forestry Services
{36BC7D85-D666-43B5-BBE1-5CE7DF4ABC16},2109.000000000000000,No,5/11.31,36.000000000000000,900.000000000000000,Yes,0.000000000000000,0.000000000000000,0.000000000000000,0.000000000000000,0.000000000000000,0.000000000000000,1.000000000000000,0.000000000000000,25/7,0.000000000000000,0.000000000000000,0.000000000000000,0.000000000000000,0.000000000000000,0.000000000000000,0.027777777777800,0.000000000000000, , ,{B0EA1B20-C1D5-415E-9EBC-D9EE1E7A5957},3/07/2025 0:00:00, ,3/07/2025 0:00:00, ,3.000000000000000,Roy Trustee 2022 Ltd,Johnson Forestry Services
{B0850D27-9A9B-47FA-89AE-35EBB6EFBB9A},657.000000000000000,No,20/11.64,38.000000000000000,950.000000000000000,Yes,0.000000000000000,0.000000000000000,1.000000000000000,0.000000000000000,0.000000000000000,0.000000000000000,0.000000000000000,0.000000000000000,25/75,0.000000000000000,0.000000000000000,0.026315789473700,0.000000000000000,0.000000000000000,0.000000000000000,0.000000000000000,0.000000000000000, , ,{03252FF7-5303-460B-9CB9-3E5D9AAF8EBC},3/07/2025 0:00:00, ,3/07/2025 0:00:00, ,3.000000000000000,Roy Trustee 2022 Ltd,Innovair
{E43B5669-7238-407B-88A0-3851E2FC4107},659.000000000000000,No,20/11.64,44.000000000000000,1100.000000000000000,Yes,0.000000000000000,0.000000000000000,2.000000000000000,0.000000000000000,0.000000000000000,0.000000000000000,0.000000000000000,0.000000000000000,25/75,0.000000000000000,0.000000000000000,0.045454545454500,0.000000000000000,0.000000000000000,0.000000000000000,0.000000000000000,0.000000000000000, , ,{03252FF7-5303-460B-9CB9-3E5D9AAF8EBC},3/07/2025 0:00:00, ,3/07/2025 0:00:00, ,6.000000000000000,Roy Trustee 2022 Ltd,Innovair
{5962830C-FB92-47A9-A84F-701EE6C24F1D},659.100000000000023,No,20/11.64,38.000000000000000,950.000000000000000,No,0.000000000000000,0.000000000000000,0.000000000000000,0.000000000000000,0.000000000000000,0.000000000000000,0.000000000000000,0.000000000000000,25/75,0.000000000000000,0.000000000000000,0.000000000000000,0.000000000000000,0.000000000000000,0.000000000000000,0.000000000000000,0.000000000000000, ,"Stocking plot only
",{03252FF7-5303-460B-9CB9-3E5D9AAF8EBC},3/07/2025 0:00:00, ,3/07/2025 0:00:00, ,0.000000000000000,Roy Trustee 2022 Ltd,Innovair
{A8DE3FBD-3CE1-4F12-95E9-87494D6B9F62},2527.000000000000000,No,15/11.48,43.000000000000000,1075.000000000000000,Yes,0.000000000000000,0.000000000000000,1.000000000000000,0.000000000000000,0.000000000000000,1.000000000000000,0.000000000000000,0.000000000000000,25/2,0.000000000000000,0.000000000000000,0.023255813953500,0.000000000000000,0.000000000000000,0.023255813953500,0.000000000000000,0.000000000000000, ,Moved plot away from big native trees.,{46018ACF-402E-4047-B848-D97A1A585ACF},3/07/2025 0:00:00, ,3/07/2025 0:00:00, ,6.000000000000000,Roy Trustee 2022 Ltd,Johnson Forestry Services
{AD9F0F1C-2065-479C-8B1C-EEAEC5CA53F0},2513.000000000000000,No,20/11.64,38.000000000000000,950.000000000000000,No,0.000000000000000,0.000000000000000,0.000000000000000,0.000000000000000,0.000000000000000,0.000000000000000,0.000000000000000,0.000000000000000,25/2,0.000000000000000,0.000000000000000,0.000000000000000,0.000000000000000,0.000000000000000,0.000000000000000,0.000000000000000,0.000000000000000, ,Moved plot over from power lines,{46018ACF-402E-4047-B848-D97A1A585ACF},3/07/2025 0:00:00, ,3/07/2025 0:00:00, ,0.000000000000000,Roy Trustee 2022 Ltd,Johnson Forestry Services
{BAF37E02-BBE3-46A2-B54D-4E0C59E78040},2519.000000000000000,Yes,20/11.64,28.000000000000000,700.000000000000000,Yes,0.000000000000000,0.000000000000000,0.000000000000000,0.000000000000000,0.000000000000000,0.000000000000000,0.000000000000000,0.000000000000000,25/2,0.000000000000000,0.000000000000000,0.000000000000000,0.000000000000000,0.000000000000000,0.000000000000000,0.000000000000000,0.000000000000000,Yes,Some area missed,{46018ACF-402E-4047-B848-D97A1A585ACF},3/07/2025 0:00:00, ,3/07/2025 0:00:00, ,0.000000000000000,Roy Trustee 2022 Ltd,Johnson Forestry Services
{8B10B8ED-2D1E-4994-8440-CDC4897C7D14},2561.000000000000000,No,20/11.64,41.000000000000000,1025.000000000000000,Yes,0.000000000000000,0.000000000000000,0.000000000000000,0.000000000000000,0.000000000000000,0.000000000000000,1.000000000000000,0.000000000000000,25/2,0.000000000000000,0.000000000000000,0.000000000000000,0.000000000000000,0.000000000000000,0.000000000000000,0.024390243902400,0.000000000000000, , ,{F6B3813A-2F27-4F7D-A3E7-3067187C0DDB},3/07/2025 0:00:00, ,3/07/2025 0:00:00, ,3.000000000000000,Roy Trustee 2022 Ltd,Johnson Forestry Services
{B484A212-D647-4275-AF12-CA07D83A5E73},2547.000000000000000,No,15/11.48,38.000000000000000,950.000000000000000,No,0.000000000000000,0.000000000000000,0.000000000000000,0.000000000000000,0.000000000000000,0.000000000000000,0.000000000000000,0.000000000000000,25/2,0.000000000000000,0.000000000000000,0.000000000000000,0.000000000000000,0.000000000000000,0.000000000000000,0.000000000000000,0.000000000000000, ,Plot moved aaay from creek and powerline boundary,{F6B3813A-2F27-4F7D-A3E7-3067187C0DDB},3/07/2025 0:00:00, ,3/07/2025 0:00:00, ,0.000000000000000,Roy Trustee 2022 Ltd,Johnson Forestry Services
{E480ADE6-C8A5-4A06-96A0-78379A8F2C69},2539.000000000000000,No,0/11.31,40.000000000000000,1000.000000000000000,Yes,0.000000000000000,0.000000000000000,0.000000000000000,0.000000000000000,0.000000000000000,0.000000000000000,3.000000000000000,0.000000000000000,25/2,0.000000000000000,0.000000000000000,0.000000000000000,0.000000000000000,0.000000000000000,0.000000000000000,0.075000000000000,0.000000000000000,Yes,Ti many loose trees,{F6B3813A-2F27-4F7D-A3E7-3067187C0DDB},3/07/2025 0:00:00, ,3/07/2025 0:00:00, ,9.000000000000000,Roy Trustee 2022 Ltd,Johnson Forestry Services
{2ED92536-62AB-49F6-AFED-3C7068327AD4},2539.000000000000000,Yes,0/11.31,40.000000000000000,1000.000000000000000,No,0.000000000000000,0.000000000000000,0.000000000000000,0.000000000000000,0.000000000000000,0.000000000000000,0.000000000000000,0.000000000000000,25/2,0.000000000000000,0.000000000000000,0.000000000000000,0.000000000000000,0.000000000000000,0.000000000000000,0.000000000000000,0.000000000000000, ,Reworjed for loise trees,{F6B3813A-2F27-4F7D-A3E7-3067187C0DDB},3/07/2025 0:00:00, ,3/07/2025 0:00:00, ,0.000000000000000,Roy Trustee 2022 Ltd,Johnson Forestry Services
{C00897A8-F25E-4D81-BD9D-C4989272A487},2537.000000000000000,No,15/11.48,44.000000000000000,1100.000000000000000,Yes,0.000000000000000,0.000000000000000,0.000000000000000,0.000000000000000,0.000000000000000,0.000000000000000,1.000000000000000,0.000000000000000,25/2,0.000000000000000,0.000000000000000,0.000000000000000,0.000000000000000,0.000000000000000,0.000000000000000,0.022727272727300,0.000000000000000, , ,{F6B3813A-2F27-4F7D-A3E7-3067187C0DDB},3/07/2025 0:00:00, ,3/07/2025 0:00:00, ,3.000000000000000,Roy Trustee 2022 Ltd,Johnson Forestry Services
{61A7AEE9-199B-43DF-B1C0-D03E6F29D8B4},2555.000000000000000,No,10/11.37,40.000000000000000,1000.000000000000000,Yes,0.000000000000000,0.000000000000000,0.000000000000000,0.000000000000000,0.000000000000000,0.000000000000000,1.000000000000000,0.000000000000000,25/2,0.000000000000000,0.000000000000000,0.000000000000000,0.000000000000000,0.000000000000000,0.000000000000000,0.025000000000000,0.000000000000000, ,Plot moved out of centre of gut,{F6B3813A-2F27-4F7D-A3E7-3067187C0DDB},3/07/2025 0:00:00, ,3/07/2025 0:00:00, ,3.000000000000000,Roy Trustee 2022 Ltd,Johnson Forestry Services
{7BA5AF32-FB7D-4956-B2D3-0CA516B6122D},2553.000000000000000,No,15/11.48,44.000000000000000,1100.000000000000000,No,0.000000000000000,0.000000000000000,0.000000000000000,0.000000000000000,0.000000000000000,0.000000000000000,0.000000000000000,0.000000000000000,25/2,0.000000000000000,0.000000000000000,0.000000000000000,0.000000000000000,0.000000000000000,0.000000000000000,0.000000000000000,0.000000000000000, , ,{F6B3813A-2F27-4F7D-A3E7-3067187C0DDB},3/07/2025 0:00:00, ,3/07/2025 0:00:00, ,0.000000000000000,Roy Trustee 2022 Ltd,Johnson Forestry Services
{6FA4B752-694A-410B-8BFA-6322608A45C2},2545.000000000000000,No,15/11.48,44.000000000000000,1100.000000000000000,Yes,1.000000000000000,0.000000000000000,0.000000000000000,0.000000000000000,0.000000000000000,0.000000000000000,0.000000000000000,0.000000000000000,25/2,0.022727272727300,0.000000000000000,0.000000000000000,0.000000000000000,0.000000000000000,0.000000000000000,0.000000000000000,0.000000000000000, , ,{F6B3813A-2F27-4F7D-A3E7-3067187C0DDB},3/07/2025 0:00:00, ,3/07/2025 0:00:00, ,1.000000000000000,Roy Trustee 2022 Ltd,Johnson Forestry Services
{09635CF6-2EB9-42E0-8177-A4D2784F2998},2535.000000000000000,No,10/11.37,43.000000000000000,1075.000000000000000,Yes,0.000000000000000,0.000000000000000,0.000000000000000,0.000000000000000,0.000000000000000,0.000000000000000,2.000000000000000,0.000000000000000,25/2,0.000000000000000,0.000000000000000,0.000000000000000,0.000000000000000,0.000000000000000,0.000000000000000,0.046511627907000,0.000000000000000, , ,{F6B3813A-2F27-4F7D-A3E7-3067187C0DDB},3/07/2025 0:00:00, ,3/07/2025 0:00:00, ,6.000000000000000,Roy Trustee 2022 Ltd,Johnson Forestry Services
{1D4CA658-7EF4-4301-905C-639F840EEFF4},183.000000000000000,No,10/11.37,38.000000000000000,950.000000000000000,Yes,0.000000000000000,2.000000000000000,0.000000000000000,0.000000000000000,0.000000000000000,0.000000000000000,0.000000000000000,0.000000000000000,25/65,0.000000000000000,0.052631578947400,0.000000000000000,0.000000000000000,0.000000000000000,0.000000000000000,0.000000000000000,0.000000000000000, , ,{492BCE54-C2A0-4CE3-BDCA-B1B936E70F08},3/07/2025 0:00:00, ,3/07/2025 0:00:00, ,2.000000000000000,Roy Trustee 2022 Ltd,Proforest
{3F4D032E-3B3A-49F1-8981-9ACF2BA9201E},183.000000000000000,No,5/11.31,41.000000000000000,1025.000000000000000,No,0.000000000000000,0.000000000000000,0.000000000000000,0.000000000000000,0.000000000000000,0.000000000000000,0.000000000000000,0.000000000000000,25/65,0.000000000000000,0.000000000000000,0.000000000000000,0.000000000000000,0.000000000000000,0.000000000000000,0.000000000000000,0.000000000000000, , ,{492BCE54-C2A0-4CE3-BDCA-B1B936E70F08},3/07/2025 0:00:00, ,3/07/2025 0:00:00, ,0.000000000000000,Roy Trustee 2022 Ltd,Proforest
{9F3291E5-C7C2-4174-B190-C69A89C081C7},197.000000000000000,No,5/11.31,38.000000000000000,950.000000000000000,Yes,1.000000000000000,0.000000000000000,1.000000000000000,0.000000000000000,0.000000000000000,0.000000000000000,0.000000000000000,0.000000000000000,25/65,0.026315789473700,0.000000000000000,0.026315789473700,0.000000000000000,0.000000000000000,0.000000000000000,0.000000000000000,0.000000000000000, , ,{492BCE54-C2A0-4CE3-BDCA-B1B936E70F08},3/07/2025 0:00:00, ,3/07/2025 0:00:00, ,4.000000000000000,Roy Trustee 2022 Ltd,Proforest
{35DFC4DF-AFD9-4328-B7BF-C7EAAE9DA143},1217.000000000000000,No,0/11.31,40.000000000000000,1000.000000000000000,Yes,0.000000000000000,3.000000000000000,1.000000000000000,0.000000000000000,0.000000000000000,0.000000000000000,0.000000000000000,0.000000000000000,25/64,0.000000000000000,0.075000000000000,0.025000000000000,0.000000000000000,0.000000000000000,0.000000000000000,0.000000000000000,0.000000000000000, , ,{5C4F7C2F-B691-4BFD-9CFF-1604DFAA2467},3/07/2025 0:00:00, ,3/07/2025 0:00:00, ,6.000000000000000,Roy Trustee 2022 Ltd,Proforest
{91512D0E-BDD2-4BB2-B938-0491493C7112},1231.000000000000000,No,5/11.31,39.000000000000000,975.000000000000000,Yes,0.000000000000000,4.000000000000000,0.000000000000000,0.000000000000000,0.000000000000000,0.000000000000000,0.000000000000000,0.000000000000000,25/64,0.000000000000000,0.102564102564000,0.000000000000000,0.000000000000000,0.000000000000000,0.000000000000000,0.000000000000000,0.000000000000000, , ,{5C4F7C2F-B691-4BFD-9CFF-1604DFAA2467},3/07/2025 0:00:00, ,3/07/2025 0:00:00, ,4.000000000000000,Roy Trustee 2022 Ltd,Proforest
{2A9F0D6F-4716-478E-B8F4-C189D4286E5E},1243.000000000000000,No,5/11.31,40.000000000000000,1000.000000000000000,Yes,0.000000000000000,3.000000000000000,1.000000000000000,0.000000000000000,0.000000000000000,0.000000000000000,0.000000000000000,0.000000000000000,25/64,0.000000000000000,0.075000000000000,0.025000000000000,0.000000000000000,0.000000000000000,0.000000000000000,0.000000000000000,0.000000000000000, , ,{5C4F7C2F-B691-4BFD-9CFF-1604DFAA2467},3/07/2025 0:00:00, ,3/07/2025 0:00:00, ,6.000000000000000,Roy Trustee 2022 Ltd,Proforest
{54B2F6CF-6B51-4D28-9B09-6D55AC1FA574},1795.000000000000000,No,5/11.31,44.000000000000000,1100.000000000000000,No,0.000000000000000,0.000000000000000,0.000000000000000,0.000000000000000,0.000000000000000,0.000000000000000,0.000000000000000,0.000000000000000,25/60,0.000000000000000,0.000000000000000,0.000000000000000,0.000000000000000,0.000000000000000,0.000000000000000,0.000000000000000,0.000000000000000, , ,{EC5A724B-E35F-4BAE-97EF-D412518F4059},3/07/2025 0:00:00, ,3/07/2025 0:00:00, ,0.000000000000000,Roy Trustee 2022 Ltd,Forest View Contracting
{CD200AE7-D264-4BB6-BB1E-AB76BAB08847},1797.000000000000000,No,0/11.31,41.000000000000000,1025.000000000000000,No,0.000000000000000,0.000000000000000,0.000000000000000,0.000000000000000,0.000000000000000,0.000000000000000,0.000000000000000,0.000000000000000,25/60,0.000000000000000,0.000000000000000,0.000000000000000,0.000000000000000,0.000000000000000,0.000000000000000,0.000000000000000,0.000000000000000, , ,{EC5A724B-E35F-4BAE-97EF-D412518F4059},3/07/2025 0:00:00, ,3/07/2025 0:00:00, ,0.000000000000000,Roy Trustee 2022 Ltd,Forest View Contracting
{ABAE7042-3684-4A73-A137-BDE14D88E6CE},1779.000000000000000,No,5/11.31,43.000000000000000,1075.000000000000000,No,0.000000000000000,0.000000000000000,0.000000000000000,0.000000000000000,0.000000000000000,0.000000000000000,0.000000000000000,0.000000000000000,25/60,0.000000000000000,0.000000000000000,0.000000000000000,0.000000000000000,0.000000000000000,0.000000000000000,0.000000000000000,0.000000000000000, , ,{EC5A724B-E35F-4BAE-97EF-D412518F4059},3/07/2025 0:00:00, ,3/07/2025 0:00:00, ,0.000000000000000,Roy Trustee 2022 Ltd,Forest View Contracting
{51E75561-BA6C-464E-9FE9-94DAF2CE56AF},1777.000000000000000,No,5/11.31,34.000000000000000,850.000000000000000,Yes,0.000000000000000,0.000000000000000,0.000000000000000,0.000000000000000,0.000000000000000,0.000000000000000,0.000000000000000,1.000000000000000,25/60,0.000000000000000,0.000000000000000,0.000000000000000,0.000000000000000,0.000000000000000,0.000000000000000,0.000000000000000,0.029411764705900,Yes,Plot fell in swamp ground too wet to plant in areas,{EC5A724B-E35F-4BAE-97EF-D412518F4059},3/07/2025 0:00:00, ,3/07/2025 0:00:00, ,3.000000000000000,Roy Trustee 2022 Ltd,Forest View Contracting
{371D9670-4D45-4271-94CF-1FA1D730CA77},1753.000000000000000,No,0/11.31,38.000000000000000,950.000000000000000,No,0.000000000000000,0.000000000000000,0.000000000000000,0.000000000000000,0.000000000000000,0.000000000000000,0.000000000000000,0.000000000000000,25/60,0.000000000000000,0.000000000000000,0.000000000000000,0.000000000000000,0.000000000000000,0.000000000000000,0.000000000000000,0.000000000000000, , ,{EC5A724B-E35F-4BAE-97EF-D412518F4059},3/07/2025 0:00:00, ,3/07/2025 0:00:00, ,0.000000000000000,Roy Trustee 2022 Ltd,Forest View Contracting
{C8480266-2B7A-40E4-9A14-608B20F288D4},1775.000000000000000,No,5/11.31,43.000000000000000,1075.000000000000000,No,0.000000000000000,0.000000000000000,0.000000000000000,0.000000000000000,0.000000000000000,0.000000000000000,0.000000000000000,0.000000000000000,25/60,0.000000000000000,0.000000000000000,0.000000000000000,0.000000000000000,0.000000000000000,0.000000000000000,0.000000000000000,0.000000000000000, , ,{EC5A724B-E35F-4BAE-97EF-D412518F4059},3/07/2025 0:00:00, ,3/07/2025 0:00:00, ,0.000000000000000,Roy Trustee 2022 Ltd,Forest View Contracting
{299BC0C9-86EA-4971-BF58-C951ABB50A2D},1733.000000000000000,No,10/11.37,44.000000000000000,1100.000000000000000,No,0.000000000000000,0.000000000000000,0.000000000000000,0.000000000000000,0.000000000000000,0.000000000000000,0.000000000000000,0.000000000000000,25/60,0.000000000000000,0.000000000000000,0.000000000000000,0.000000000000000,0.000000000000000,0.000000000000000,0.000000000000000,0.000000000000000, , ,{EC5A724B-E35F-4BAE-97EF-D412518F4059},3/07/2025 0:00:00, ,3/07/2025 0:00:00, ,0.000000000000000,Roy Trustee 2022 Ltd,Forest View Contracting
{8867CAE0-C401-415F-921F-2A555B50EF22},1719.000000000000000,No,5/11.31,44.000000000000000,1100.000000000000000,No,0.000000000000000,0.000000000000000,0.000000000000000,0.000000000000000,0.000000000000000,0.000000000000000,0.000000000000000,0.000000000000000,25/60,0.000000000000000,0.000000000000000,0.000000000000000,0.000000000000000,0.000000000000000,0.000000000000000,0.000000000000000,0.000000000000000, , ,{EC5A724B-E35F-4BAE-97EF-D412518F4059},3/07/2025 0:00:00, ,3/07/2025 0:00:00, ,0.000000000000000,Roy Trustee 2022 Ltd,Forest View Contracting
{B070EE7D-83DF-44B1-9F6E-EC594849408C},1755.000000000000000,No,10/11.37,44.000000000000000,1100.000000000000000,No,0.000000000000000,0.000000000000000,0.000000000000000,0.000000000000000,0.000000000000000,0.000000000000000,0.000000000000000,0.000000000000000,25/60,0.000000000000000,0.000000000000000,0.000000000000000,0.000000000000000,0.000000000000000,0.000000000000000,0.000000000000000,0.000000000000000, , ,{EC5A724B-E35F-4BAE-97EF-D412518F4059},3/07/2025 0:00:00, ,3/07/2025 0:00:00, ,0.000000000000000,Roy Trustee 2022 Ltd,Forest View Contracting
{74B96C0F-64EC-44E7-AA19-E32D216A757C},1757.000000000000000,No,5/11.31,44.000000000000000,1100.000000000000000,No,0.000000000000000,0.000000000000000,0.000000000000000,0.000000000000000,0.000000000000000,0.000000000000000,0.000000000000000,0.000000000000000,25/60,0.000000000000000,0.000000000000000,0.000000000000000,0.000000000000000,0.000000000000000,0.000000000000000,0.000000000000000,0.000000000000000, , ,{EC5A724B-E35F-4BAE-97EF-D412518F4059},3/07/2025 0:00:00, ,3/07/2025 0:00:00, ,0.000000000000000,Roy Trustee 2022 Ltd,Forest View Contracting
{18423245-5CF4-4F97-8611-E48C3D595638},793.000000000000000,No,15/11.48,36.000000000000000,900.000000000000000,No,0.000000000000000,0.000000000000000,0.000000000000000,0.000000000000000,0.000000000000000,0.000000000000000,0.000000000000000,0.000000000000000,25/5,0.000000000000000,0.000000000000000,0.000000000000000,0.000000000000000,0.000000000000000,0.000000000000000,0.000000000000000,0.000000000000000, , ,{D0935D0A-C1E8-4784-A052-D9A28D7DC869},4/07/2025 0:00:00, ,4/07/2025 0:00:00, ,0.000000000000000,Roy Trustee 2022 Ltd,Johnson Forestry Services
{47CBCD09-3009-44A0-8B08-7D796269AC0A},795.000000000000000,No,15/11.48,36.000000000000000,900.000000000000000,Yes,0.000000000000000,0.000000000000000,0.000000000000000,0.000000000000000,0.000000000000000,2.000000000000000,0.000000000000000,0.000000000000000,25/5,0.000000000000000,0.000000000000000,0.000000000000000,0.000000000000000,0.000000000000000,0.055555555555600,0.000000000000000,0.000000000000000, , ,{D0935D0A-C1E8-4784-A052-D9A28D7DC869},4/07/2025 0:00:00, ,4/07/2025 0:00:00, ,6.000000000000000,Roy Trustee 2022 Ltd,Johnson Forestry Services
{FE3EE043-DAEF-4FD0-8409-553DB80BDC41},167.000000000000000,No,10/11.37,41.000000000000000,1025.000000000000000,Yes,0.000000000000000,3.000000000000000,0.000000000000000,0.000000000000000,0.000000000000000,0.000000000000000,0.000000000000000,0.000000000000000,25/65,0.000000000000000,0.073170731707300,0.000000000000000,0.000000000000000,0.000000000000000,0.000000000000000,0.000000000000000,0.000000000000000, , ,{50DE9F94-313B-484D-BD22-E850FFC2741B},4/07/2025 0:00:00, ,25/09/2025 0:00:00,ScarlettMichelle,3.000000000000000,Roy Trustee 2022 Ltd,Proforest
{64E96293-06DA-4AF2-B573-64D65F316AAE},195.000000000000000,No,0/11.31,42.000000000000000,1050.000000000000000,Yes,0.000000000000000,3.000000000000000,1.000000000000000,0.000000000000000,0.000000000000000,0.000000000000000,0.000000000000000,0.000000000000000,25/65,0.000000000000000,0.000000000000000,0.000000000000000,0.000000000000000,0.000000000000000,0.000000000000000,0.000000000000000,0.000000000000000, , ,{50DE9F94-313B-484D-BD22-E850FFC2741B},4/07/2025 0:00:00, ,25/09/2025 0:00:00,ScarlettMichelle,6.000000000000000,Roy Trustee 2022 Ltd,Proforest
{2623E19E-131E-4F40-8E54-AED199960258},209.000000000000000,No,5/11.31,44.000000000000000,1100.000000000000000,Yes,0.000000000000000,4.000000000000000,0.000000000000000,0.000000000000000,0.000000000000000,0.000000000000000,0.000000000000000,0.000000000000000,25/65,0.000000000000000,0.090909090909100,0.000000000000000,0.000000000000000,0.000000000000000,0.000000000000000,0.000000000000000,0.000000000000000, , ,{50DE9F94-313B-484D-BD22-E850FFC2741B},4/07/2025 0:00:00, ,4/07/2025 0:00:00, ,4.000000000000000,Roy Trustee 2022 Ltd,Proforest
{1134DE05-F0D8-43D5-B626-98EFBFA04F9F},219.000000000000000,No,5/11.31,46.000000000000000,1150.000000000000000,Yes,0.000000000000000,2.000000000000000,1.000000000000000,0.000000000000000,0.000000000000000,0.000000000000000,0.000000000000000,0.000000000000000,25/65,0.000000000000000,0.043478260869600,0.021739130434800,0.000000000000000,0.000000000000000,0.000000000000000,0.000000000000000,0.000000000000000,Yes,Long roots,{50DE9F94-313B-484D-BD22-E850FFC2741B},4/07/2025 0:00:00, ,4/07/2025 0:00:00, ,5.000000000000000,Roy Trustee 2022 Ltd,Proforest
{A7DD41D4-187C-4E2F-886D-C4A1F53AA2B1},221.000000000000000,No,15/11.48,43.000000000000000,1075.000000000000000,Yes,0.000000000000000,2.000000000000000,0.000000000000000,1.000000000000000,0.000000000000000,0.000000000000000,0.000000000000000,0.000000000000000,25/65,0.000000000000000,0.000000000000000,0.000000000000000,0.000000000000000,0.000000000000000,0.000000000000000,0.000000000000000,0.000000000000000, , ,{50DE9F94-313B-484D-BD22-E850FFC2741B},4/07/2025 0:00:00, ,25/09/2025 0:00:00,ScarlettMichelle,3.000000000000000,Roy Trustee 2022 Ltd,Proforest
{5C31435B-18A5-461F-BCC5-CA6803F91F0A},227.000000000000000,No,5/11.31,44.000000000000000,1100.000000000000000,Yes,0.000000000000000,3.000000000000000,0.000000000000000,0.000000000000000,0.000000000000000,0.000000000000000,0.000000000000000,0.000000000000000,25/65,0.000000000000000,0.000000000000000,0.000000000000000,0.000000000000000,0.000000000000000,0.000000000000000,0.000000000000000,0.000000000000000, , ,{50DE9F94-313B-484D-BD22-E850FFC2741B},4/07/2025 0:00:00, ,25/09/2025 0:00:00,ScarlettMichelle,3.000000000000000,Roy Trustee 2022 Ltd,Proforest
{DCA39999-F8E1-49C0-98E2-93C618F46C11},201.000000000000000,No,10/11.37,44.000000000000000,1100.000000000000000,Yes,0.000000000000000,2.000000000000000,0.000000000000000,0.000000000000000,0.000000000000000,0.000000000000000,1.000000000000000,0.000000000000000,25/65,0.000000000000000,0.000000000000000,0.000000000000000,0.000000000000000,0.000000000000000,0.000000000000000,0.000000000000000,0.000000000000000, , ,{50DE9F94-313B-484D-BD22-E850FFC2741B},4/07/2025 0:00:00, ,25/09/2025 0:00:00,ScarlettMichelle,5.000000000000000,Roy Trustee 2022 Ltd,Proforest
{6C8F21DF-A274-41B9-B70A-E394ECFEC37E},185.000000000000000,No,5/11.31,37.000000000000000,925.000000000000000,Yes,0.000000000000000,3.000000000000000,1.000000000000000,0.000000000000000,0.000000000000000,0.000000000000000,0.000000000000000,0.000000000000000,25/65,0.000000000000000,0.081081081081100,0.027027027027000,0.000000000000000,0.000000000000000,0.000000000000000,0.000000000000000,0.000000000000000, ,Long roots,{50DE9F94-313B-484D-BD22-E850FFC2741B},4/07/2025 0:00:00, ,4/07/2025 0:00:00, ,6.000000000000000,Roy Trustee 2022 Ltd,Proforest
{DF79DE43-D495-409B-8807-748585F5BABC},211.000000000000000,No,10/11.37,42.000000000000000,1050.000000000000000,Yes,0.000000000000000,3.000000000000000,0.000000000000000,0.000000000000000,0.000000000000000,0.000000000000000,1.000000000000000,0.000000000000000,25/65,0.000000000000000,0.000000000000000,0.000000000000000,0.000000000000000,0.000000000000000,0.000000000000000,0.000000000000000,0.000000000000000, , ,{50DE9F94-313B-484D-BD22-E850FFC2741B},4/07/2025 0:00:00, ,25/09/2025 0:00:00,ScarlettMichelle,6.000000000000000,Roy Trustee 2022 Ltd,Proforest
{0E30D40E-267B-4E56-ACA9-83FB0A0FFA25},199.000000000000000,No,10/11.37,43.000000000000000,1075.000000000000000,Yes,0.000000000000000,2.000000000000000,0.000000000000000,0.000000000000000,0.000000000000000,0.000000000000000,1.000000000000000,0.000000000000000,25/65,0.000000000000000,0.046511627907000,0.000000000000000,0.000000000000000,0.000000000000000,0.000000000000000,0.023255813953500,0.000000000000000, , ,{50DE9F94-313B-484D-BD22-E850FFC2741B},4/07/2025 0:00:00, ,4/07/2025 0:00:00, ,5.000000000000000,Roy Trustee 2022 Ltd,Proforest
{DCFC527A-9526-438C-97A1-135ADD6C0231},681.100000000000023,No,20/11.64,42.000000000000000,1050.000000000000000,No,0.000000000000000,0.000000000000000,0.000000000000000,0.000000000000000,0.000000000000000,0.000000000000000,0.000000000000000,0.000000000000000,25/75,0.000000000000000,0.000000000000000,0.000000000000000,0.000000000000000,0.000000000000000,0.000000000000000,0.000000000000000,0.000000000000000, ,"Stocking plot only, have check a lot of trees in this area for roots up as well.",{B8E00085-F266-44C3-A533-5D0B4127BE8A},4/07/2025 0:00:00, ,4/07/2025 0:00:00, ,0.000000000000000,Roy Trustee 2022 Ltd,Innovair
{6B623416-AE28-4789-9E0C-05F0236F2213},681.000000000000000,No,20/11.64,38.000000000000000,950.000000000000000,Yes,1.000000000000000,0.000000000000000,1.000000000000000,0.000000000000000,0.000000000000000,0.000000000000000,0.000000000000000,0.000000000000000,25/75,0.026315789473700,0.000000000000000,0.026315789473700,0.000000000000000,0.000000000000000,0.000000000000000,0.000000000000000,0.000000000000000, , ,{DFCFD2E3-BB64-446D-82AC-CF53ECD2F99A},4/07/2025 0:00:00, ,4/07/2025 0:00:00, ,4.000000000000000,Roy Trustee 2022 Ltd,Innovair
{B43355F9-D958-45E0-ACC4-072E5901E7B2},1661.000000000000000,No,5/11.31,41.000000000000000,1025.000000000000000,No,0.000000000000000,0.000000000000000,0.000000000000000,0.000000000000000,0.000000000000000,0.000000000000000,0.000000000000000,0.000000000000000,25/57,0.000000000000000,0.000000000000000,0.000000000000000,0.000000000000000,0.000000000000000,0.000000000000000,0.000000000000000,0.000000000000000, , ,{80757ACF-F61F-4872-BC85-FB34B1A0EE50},6/07/2025 0:00:00, ,6/07/2025 0:00:00, ,0.000000000000000,Roy Trustee 2022 Ltd,Forest View Contracting
{B778A2C5-533C-4CA5-9C2A-9649A538C33C},1663.000000000000000,No,5/11.31,38.000000000000000,950.000000000000000,No,0.000000000000000,0.000000000000000,0.000000000000000,0.000000000000000,0.000000000000000,0.000000000000000,0.000000000000000,0.000000000000000,25/57,0.000000000000000,0.000000000000000,0.000000000000000,0.000000000000000,0.000000000000000,0.000000000000000,0.000000000000000,0.000000000000000, , ,{80757ACF-F61F-4872-BC85-FB34B1A0EE50},6/07/2025 0:00:00, ,6/07/2025 0:00:00, ,0.000000000000000,Roy Trustee 2022 Ltd,Forest View Contracting
{6FCDCE1B-81B9-4E89-ADB0-7B05063FCE47},1657.000000000000000,No,10/11.37,40.000000000000000,1000.000000000000000,Yes,0.000000000000000,0.000000000000000,2.000000000000000,0.000000000000000,0.000000000000000,0.000000000000000,0.000000000000000,0.000000000000000,25/57,0.000000000000000,0.000000000000000,0.050000000000000,0.000000000000000,0.000000000000000,0.000000000000000,0.000000000000000,0.000000000000000, ,Dug 3 up two slight roots up,{80757ACF-F61F-4872-BC85-FB34B1A0EE50},6/07/2025 0:00:00, ,6/07/2025 0:00:00, ,6.000000000000000,Roy Trustee 2022 Ltd,Forest View Contracting
{94A73D2A-A8E9-4D89-B02C-739EC71BFA63},1655.000000000000000,No,5/11.31,39.000000000000000,975.000000000000000,Yes,0.000000000000000,0.000000000000000,2.000000000000000,0.000000000000000,0.000000000000000,0.000000000000000,0.000000000000000,0.000000000000000,25/57,0.000000000000000,0.000000000000000,0.051282051282100,0.000000000000000,0.000000000000000,0.000000000000000,0.000000000000000,0.000000000000000, ,Dug 4 trees up 2 out 4 roots up,{80757ACF-F61F-4872-BC85-FB34B1A0EE50},6/07/2025 0:00:00, ,6/07/2025 0:00:00, ,6.000000000000000,Roy Trustee 2022 Ltd,Forest View Contracting
{6555F218-42A6-408F-B9A2-D8FB4A15F792},1649.000000000000000,No,10/11.37,37.000000000000000,925.000000000000000,Yes,0.000000000000000,0.000000000000000,3.000000000000000,0.000000000000000,0.000000000000000,0.000000000000000,0.000000000000000,0.000000000000000,25/57,0.000000000000000,0.000000000000000,0.081081081081100,0.000000000000000,0.000000000000000,0.000000000000000,0.000000000000000,0.000000000000000,Yes,Dig up  6 trees 3 roots up,{80757ACF-F61F-4872-BC85-FB34B1A0EE50},6/07/2025 0:00:00, ,6/07/2025 0:00:00, ,9.000000000000000,Roy Trustee 2022 Ltd,Forest View Contracting
{5B368135-19F9-42A0-9A5D-BB750D2C9D01},1659.000000000000000,No,10/11.37,39.000000000000000,975.000000000000000,Yes,3.000000000000000,0.000000000000000,0.000000000000000,0.000000000000000,0.000000000000000,0.000000000000000,0.000000000000000,0.000000000000000,25/57,0.076923076923100,0.000000000000000,0.000000000000000,0.000000000000000,0.000000000000000,0.000000000000000,0.000000000000000,0.000000000000000, , ,{80757ACF-F61F-4872-BC85-FB34B1A0EE50},6/07/2025 0:00:00, ,6/07/2025 0:00:00, ,3.000000000000000,Roy Trustee 2022 Ltd,Forest View Contracting
{558F2DD7-090C-4A50-B82E-A2E723A6B90E},1653.000000000000000,No,5/11.31,29.000000000000000,725.000000000000000,No,0.000000000000000,0.000000000000000,0.000000000000000,0.000000000000000,0.000000000000000,0.000000000000000,0.000000000000000,0.000000000000000,25/57,0.000000000000000,0.000000000000000,0.000000000000000,0.000000000000000,0.000000000000000,0.000000000000000,0.000000000000000,0.000000000000000, ,Fell on a narrow ridge between two water ways,{80757ACF-F61F-4872-BC85-FB34B1A0EE50},6/07/2025 0:00:00, ,25/09/2025 0:00:00,ScarlettMichelle,0.000000000000000,Roy Trustee 2022 Ltd,Forest View Contracting
{D744F204-3026-4012-AC09-D3C38E8AC165},1645.000000000000000,No,5/11.31,37.000000000000000,725.000000000000000,Yes,0.000000000000000,0.000000000000000,2.000000000000000,0.000000000000000,0.000000000000000,0.000000000000000,0.000000000000000,0.000000000000000,25/57,0.000000000000000,0.000000000000000,0.000000000000000,0.000000000000000,0.000000000000000,0.000000000000000,0.000000000000000,0.000000000000000,Yes, ,{80757ACF-F61F-4872-BC85-FB34B1A0EE50},6/07/2025 0:00:00, ,6/07/2025 0:00:00, ,0.000000000000000,Roy Trustee 2022 Ltd,Forest View Contracting
{FE6BD747-C86E-4448-B524-70B5B5B4126E},677.000000000000000,No,20/11.64,37.000000000000000,925.000000000000000,Yes,0.000000000000000,0.000000000000000,0.000000000000000,0.000000000000000,0.000000000000000,0.000000000000000,1.000000000000000,0.000000000000000,25/75,0.000000000000000,0.000000000000000,0.000000000000000,0.000000000000000,0.000000000000000,0.000000000000000,0.000000000000000,0.000000000000000, , ,{265C1B4B-6F73-4CA1-8DEF-CAD0E80F0EA5},7/07/2025 0:00:00, ,7/07/2025 0:00:00, ,0.000000000000000,Roy Trustee 2022 Ltd,Innovair
{116C4FCA-3530-444F-98DA-EF23FCD6F0D6},703.000000000000000,No,15/11.48,42.000000000000000,1050.000000000000000,Yes,0.000000000000000,1.000000000000000,1.000000000000000,0.000000000000000,0.000000000000000,0.000000000000000,0.000000000000000,0.000000000000000,25/75,0.000000000000000,0.023809523809500,0.023809523809500,0.000000000000000,0.000000000000000,0.000000000000000,0.000000000000000,0.000000000000000, , ,{265C1B4B-6F73-4CA1-8DEF-CAD0E80F0EA5},7/07/2025 0:00:00, ,7/07/2025 0:00:00, ,4.000000000000000,Roy Trustee 2022 Ltd,Innovair
{E022BAB1-DB61-4214-8E32-B57475B1A35C},679.000000000000000,No,20/11.64,44.000000000000000,1100.000000000000000,Yes,0.000000000000000,0.000000000000000,0.000000000000000,0.000000000000000,0.000000000000000,0.000000000000000,0.000000000000000,0.000000000000000,25/75,0.000000000000000,0.000000000000000,0.000000000000000,0.000000000000000,0.000000000000000,0.000000000000000,0.000000000000000,0.000000000000000, ,One tree right on 11.64. Counted as an out. If another was like this it would have been counted as in. Photo taken for evidence,{265C1B4B-6F73-4CA1-8DEF-CAD0E80F0EA5},7/07/2025 0:00:00, ,7/07/2025 0:00:00, ,0.000000000000000,Roy Trustee 2022 Ltd,Innovair
{7FEA768D-8EB5-4907-A113-A566C9154502},727.100000000000023,No,20/11.64,43.000000000000000,1075.000000000000000,Yes,0.000000000000000,0.000000000000000,1.000000000000000,0.000000000000000,0.000000000000000,0.000000000000000,0.000000000000000,0.000000000000000,25/75,0.000000000000000,0.000000000000000,0.023255813953500,0.000000000000000,0.000000000000000,0.000000000000000,0.000000000000000,0.000000000000000, , ,{265C1B4B-6F73-4CA1-8DEF-CAD0E80F0EA5},7/07/2025 0:00:00, ,7/07/2025 0:00:00, ,3.000000000000000,Roy Trustee 2022 Ltd,Innovair
{9C921292-A130-49D3-80F3-8514E3EEB040},789.000000000000000,No,15/11.48,44.000000000000000,1100.000000000000000,No,0.000000000000000,0.000000000000000,0.000000000000000,0.000000000000000,0.000000000000000,0.000000000000000,0.000000000000000,0.000000000000000,25/5,0.000000000000000,0.000000000000000,0.000000000000000,0.000000000000000,0.000000000000000,0.000000000000000,0.000000000000000,0.000000000000000, ,Moved plot out of water way,{AB3AC0F6-E48F-42EA-85E1-D83C7AB1B4F1},7/07/2025 0:00:00, ,25/09/2025 0:00:00,ScarlettMichelle,0.000000000000000,Roy Trustee 2022 Ltd,Johnson Forestry Services
{5072EFA8-C379-4BA9-AC42-0AFFE19AB0A5},803.000000000000000,No,15/11.48,36.000000000000000,900.000000000000000,No,0.000000000000000,0.000000000000000,0.000000000000000,0.000000000000000,0.000000000000000,0.000000000000000,0.000000000000000,0.000000000000000,25/5,0.000000000000000,0.000000000000000,0.000000000000000,0.000000000000000,0.000000000000000,0.000000000000000,0.000000000000000,0.000000000000000, ,Moved plot out of water way.,{AB3AC0F6-E48F-42EA-85E1-D83C7AB1B4F1},7/07/2025 0:00:00, ,7/07/2025 0:00:00, ,0.000000000000000,Roy Trustee 2022 Ltd,Johnson Forestry Services
{4837CDD0-0CB4-4DE8-A982-A310A90FF87B},785.000000000000000,No,10/11.37,40.000000000000000,1000.000000000000000,No,0.000000000000000,0.000000000000000,0.000000000000000,0.000000000000000,0.000000000000000,0.000000000000000,0.000000000000000,0.000000000000000,25/5,0.000000000000000,0.000000000000000,0.000000000000000,0.000000000000000,0.000000000000000,0.000000000000000,0.000000000000000,0.000000000000000, ,Moved plot away from water way,{AB3AC0F6-E48F-42EA-85E1-D83C7AB1B4F1},7/07/2025 0:00:00, ,7/07/2025 0:00:00, ,0.000000000000000,Roy Trustee 2022 Ltd,Johnson Forestry Services
{5C4ADBDC-F0F5-4FD4-BD17-A1A657640A84},787.000000000000000,No,20/11.64,39.000000000000000,975.000000000000000,Yes,0.000000000000000,0.000000000000000,0.000000000000000,0.000000000000000,0.000000000000000,0.000000000000000,1.000000000000000,0.000000000000000,25/5,0.000000000000000,0.000000000000000,0.000000000000000,0.000000000000000,0.000000000000000,0.000000000000000,0.025641025641000,0.000000000000000, , ,{AB3AC0F6-E48F-42EA-85E1-D83C7AB1B4F1},7/07/2025 0:00:00, ,7/07/2025 0:00:00, ,3.000000000000000,Roy Trustee 2022 Ltd,Johnson Forestry Services
{623786CE-4DE3-42F4-B81E-6184A4612235},791.000000000000000,No,15/11.48,31.000000000000000,775.000000000000000,No,0.000000000000000,0.000000000000000,0.000000000000000,0.000000000000000,0.000000000000000,0.000000000000000,0.000000000000000,0.000000000000000,25/5,0.000000000000000,0.000000000000000,0.000000000000000,0.000000000000000,0.000000000000000,0.000000000000000,0.000000000000000,0.000000000000000,Yes,Cant get any more trees in all plantable areas planted,{AB3AC0F6-E48F-42EA-85E1-D83C7AB1B4F1},7/07/2025 0:00:00, ,7/07/2025 0:00:00, ,0.000000000000000,Roy Trustee 2022 Ltd,Johnson Forestry Services
{19E3822E-E6FB-4C2E-8850-CA8D9221F255},2571.000000000000000,No,15/11.48,41.000000000000000,1025.000000000000000,Yes,0.000000000000000,0.000000000000000,0.000000000000000,0.000000000000000,0.000000000000000,0.000000000000000,1.000000000000000,0.000000000000000,24/2,0.000000000000000,0.000000000000000,0.000000000000000,0.000000000000000,0.000000000000000,0.000000000000000,0.024390243902400,0.000000000000000, , ,{27548893-AAB1-4BE8-A573-EC971AE8C557},7/07/2025 0:00:00, ,7/07/2025 0:00:00, ,3.000000000000000,Roy Trustee 2022 Ltd,Johnson Forestry Services
{69361EC4-A0D7-402D-880C-AED61D5C44B9},2573.000000000000000,No,20/11.64,44.000000000000000,1100.000000000000000,Yes,0.000000000000000,0.000000000000000,0.000000000000000,0.000000000000000,0.000000000000000,0.000000000000000,2.000000000000000,0.000000000000000,24/2,0.000000000000000,0.000000000000000,0.000000000000000,0.000000000000000,0.000000000000000,0.000000000000000,0.045454545454500,0.000000000000000, , ,{27548893-AAB1-4BE8-A573-EC971AE8C557},7/07/2025 0:00:00, ,7/07/2025 0:00:00, ,6.000000000000000,Roy Trustee 2022 Ltd,Johnson Forestry Services
{FC92382A-5A3F-45CE-BD79-91D8A46A5B62},2567.000000000000000,No,15/11.48,40.000000000000000,1000.000000000000000,Yes,1.000000000000000,0.000000000000000,0.000000000000000,0.000000000000000,0.000000000000000,0.000000000000000,1.000000000000000,0.000000000000000,24/2,0.025000000000000,0.000000000000000,0.000000000000000,0.000000000000000,0.000000000000000,0.000000000000000,0.025000000000000,0.000000000000000, , ,{27548893-AAB1-4BE8-A573-EC971AE8C557},7/07/2025 0:00:00, ,7/07/2025 0:00:00, ,4.000000000000000,Roy Trustee 2022 Ltd,Johnson Forestry Services
{984EBCF9-AEA3-43D2-BEBD-5A68B7F91848},2569.000000000000000,No,15/11.48,44.000000000000000,1100.000000000000000,Yes,0.000000000000000,0.000000000000000,0.000000000000000,0.000000000000000,0.000000000000000,1.000000000000000,1.000000000000000,0.000000000000000,24/2,0.000000000000000,0.000000000000000,0.000000000000000,0.000000000000000,0.000000000000000,0.022727272727300,0.022727272727300,0.000000000000000, , ,{27548893-AAB1-4BE8-A573-EC971AE8C557},7/07/2025 0:00:00, ,7/07/2025 0:00:00, ,6.000000000000000,Roy Trustee 2022 Ltd,Johnson Forestry Services
{434047B9-08B3-4694-A858-01FA8248147E},2565.000000000000000,No,15/11.48,39.000000000000000,975.000000000000000,Yes,0.000000000000000,1.000000000000000,0.000000000000000,0.000000000000000,0.000000000000000,1.000000000000000,0.000000000000000,0.000000000000000,24/2,0.000000000000000,0.025641025641000,0.000000000000000,0.000000000000000,0.000000000000000,0.025641025641000,0.000000000000000,0.000000000000000, , ,{27548893-AAB1-4BE8-A573-EC971AE8C557},7/07/2025 0:00:00, ,7/07/2025 0:00:00, ,4.000000000000000,Roy Trustee 2022 Ltd,Johnson Forestry Services
{91844829-8B16-4EF8-86B2-EC0D1937FD82},2559.000000000000000,No,10/11.37,44.000000000000000,1100.000000000000000,Yes,0.000000000000000,0.000000000000000,0.000000000000000,0.000000000000000,0.000000000000000,0.000000000000000,1.000000000000000,0.000000000000000,24/2,0.000000000000000,0.000000000000000,0.000000000000000,0.000000000000000,0.000000000000000,0.000000000000000,0.022727272727300,0.000000000000000, , ,{27548893-AAB1-4BE8-A573-EC971AE8C557},7/07/2025 0:00:00, ,7/07/2025 0:00:00, ,3.000000000000000,Roy Trustee 2022 Ltd,Johnson Forestry Services
{49FCC93F-F996-4E87-B8AB-015231EADA5C},2551.000000000000000,No,10/11.37,40.000000000000000,1000.000000000000000,Yes,0.000000000000000,1.000000000000000,0.000000000000000,0.000000000000000,0.000000000000000,1.000000000000000,0.000000000000000,0.000000000000000,24/2,0.000000000000000,0.025000000000000,0.000000000000000,0.000000000000000,0.000000000000000,0.025000000000000,0.000000000000000,0.000000000000000, , ,{27548893-AAB1-4BE8-A573-EC971AE8C557},7/07/2025 0:00:00, ,7/07/2025 0:00:00, ,4.000000000000000,Roy Trustee 2022 Ltd,Johnson Forestry Services
{7B0E6942-2933-4859-A054-2A458821ABAE},2549.000000000000000,No,10/11.37,43.000000000000000,1075.000000000000000,No,0.000000000000000,0.000000000000000,0.000000000000000,0.000000000000000,0.000000000000000,0.000000000000000,0.000000000000000,0.000000000000000,24/2,0.000000000000000,0.000000000000000,0.000000000000000,0.000000000000000,0.000000000000000,0.000000000000000,0.000000000000000,0.000000000000000, ,Ploved moved away from 2 running water way,{27548893-AAB1-4BE8-A573-EC971AE8C557},7/07/2025 0:00:00, ,7/07/2025 0:00:00, ,0.000000000000000,Roy Trustee 2022 Ltd,Johnson Forestry Services
{5DCED105-8029-4C9A-AAA6-57589B13EE5B},2557.000000000000000,No,15/11.48,43.000000000000000,1075.000000000000000,Yes,0.000000000000000,1.000000000000000,0.000000000000000,0.000000000000000,0.000000000000000,0.000000000000000,1.000000000000000,0.000000000000000,24/2,0.000000000000000,0.023255813953500,0.000000000000000,0.000000000000000,0.000000000000000,0.000000000000000,0.023255813953500,0.000000000000000, ,Plot lands out side boundary marked by venture firestry. Moved pkot to near bylocatuon within boundary,{27548893-AAB1-4BE8-A573-EC971AE8C557},7/07/2025 0:00:00, ,7/07/2025 0:00:00, ,4.000000000000000,Roy Trustee 2022 Ltd,Johnson Forestry Services
{A912D4F5-9E51-48CB-8C4F-97E78D8C3EBA},2563.000000000000000,No,20/11.64,44.000000000000000,1100.000000000000000,Yes,0.000000000000000,0.000000000000000,0.000000000000000,0.000000000000000,0.000000000000000,0.000000000000000,2.000000000000000,0.000000000000000,24/2,0.000000000000000,0.000000000000000,0.000000000000000,0.000000000000000,0.000000000000000,0.000000000000000,0.045454545454500,0.000000000000000, , ,{27548893-AAB1-4BE8-A573-EC971AE8C557},7/07/2025 0:00:00, ,7/07/2025 0:00:00, ,6.000000000000000,Roy Trustee 2022 Ltd,Johnson Forestry Services
{A3D6F668-452F-4E8C-B1FA-22D9D478B857},2543.000000000000000,No,10/11.37,39.000000000000000,975.000000000000000,Yes,0.000000000000000,0.000000000000000,0.000000000000000,0.000000000000000,0.000000000000000,0.000000000000000,2.000000000000000,0.000000000000000,24/2,0.000000000000000,0.000000000000000,0.000000000000000,0.000000000000000,0.000000000000000,0.000000000000000,0.051282051282100,0.000000000000000, , ,{27548893-AAB1-4BE8-A573-EC971AE8C557},7/07/2025 0:00:00, ,7/07/2025 0:00:00, ,6.000000000000000,Roy Trustee 2022 Ltd,Johnson Forestry Services
{1C12BB31-7DB7-4CCC-A9A6-B8A84CF48771},2533.000000000000000,No,10/11.37,37.000000000000000,925.000000000000000,No,0.000000000000000,0.000000000000000,0.000000000000000,0.000000000000000,0.000000000000000,0.000000000000000,0.000000000000000,0.000000000000000,24/2,0.000000000000000,0.000000000000000,0.000000000000000,0.000000000000000,0.000000000000000,0.000000000000000,0.000000000000000,0.000000000000000, ,Plot moved off water way,{27548893-AAB1-4BE8-A573-EC971AE8C557},7/07/2025 0:00:00, ,7/07/2025 0:00:00, ,0.000000000000000,Roy Trustee 2022 Ltd,Johnson Forestry Services
{924500D5-C3B8-49E0-A56E-D7B257C0F345},2531.000000000000000,No,10/11.37,36.000000000000000,900.000000000000000,Yes,0.000000000000000,0.000000000000000,0.000000000000000,0.000000000000000,0.000000000000000,0.000000000000000,2.000000000000000,0.000000000000000,24/2,0.000000000000000,0.000000000000000,0.000000000000000,0.000000000000000,0.000000000000000,0.000000000000000,0.055555555555600,0.000000000000000, , ,{27548893-AAB1-4BE8-A573-EC971AE8C557},7/07/2025 0:00:00, ,7/07/2025 0:00:00, ,6.000000000000000,Roy Trustee 2022 Ltd,Johnson Forestry Services
{EBBF37C9-C6C2-4231-92C3-C66B087F9D5E},727.000000000000000,No,20/11.64,39.000000000000000,975.000000000000000,Yes,0.000000000000000,0.000000000000000,1.000000000000000,0.000000000000000,0.000000000000000,0.000000000000000,0.000000000000000,0.000000000000000,25/75,0.000000000000000,0.000000000000000,0.025641025641000,0.000000000000000,0.000000000000000,0.000000000000000,0.000000000000000,0.000000000000000, , ,{223497B5-E42C-493B-9161-93E2359A2B34},8/07/2025 0:00:00, ,8/07/2025 0:00:00, ,3.000000000000000,Roy Trustee 2022 Ltd,Innovair
{B6F410AB-69F4-49BC-8379-40D1D6F23DBE},701.000000000000000,No,20/11.64,43.000000000000000,1075.000000000000000,Yes,0.000000000000000,0.000000000000000,1.000000000000000,0.000000000000000,0.000000000000000,0.000000000000000,0.000000000000000,0.000000000000000,25/75,0.000000000000000,0.000000000000000,0.023255813953500,0.000000000000000,0.000000000000000,0.000000000000000,0.000000000000000,0.000000000000000, , ,{223497B5-E42C-493B-9161-93E2359A2B34},8/07/2025 0:00:00, ,8/07/2025 0:00:00, ,3.000000000000000,Roy Trustee 2022 Ltd,Innovair
{DCD73287-F2F6-4BE3-BA36-173D24F08FD0},737.000000000000000,No,25/11.85,42.000000000000000,1050.000000000000000,Yes,0.000000000000000,1.000000000000000,1.000000000000000,0.000000000000000,0.000000000000000,0.000000000000000,0.000000000000000,0.000000000000000,25/75,0.000000000000000,0.023809523809500,0.023809523809500,0.000000000000000,0.000000000000000,0.000000000000000,0.000000000000000,0.000000000000000, ,"Large matigari tree in way to plant a tree (photo in fault photos). In/out tree on boundary counted as in (in fault photos)
",{223497B5-E42C-493B-9161-93E2359A2B34},8/07/2025 0:00:00, ,8/07/2025 0:00:00, ,4.000000000000000,Roy Trustee 2022 Ltd,Innovair
{9E4C10A0-F96A-4B7F-B826-21FCA3759BD6},737.100000000000023,No,20/11.64,39.000000000000000,975.000000000000000,Yes,0.000000000000000,0.000000000000000,0.000000000000000,0.000000000000000,0.000000000000000,1.000000000000000,1.000000000000000,0.000000000000000,25/75,0.000000000000000,0.000000000000000,0.000000000000000,0.000000000000000,0.000000000000000,0.025641025641000,0.025641025641000,0.000000000000000, ,Same tree with faults. Rest on line in plot we’re fine.,{223497B5-E42C-493B-9161-93E2359A2B34},8/07/2025 0:00:00, ,8/07/2025 0:00:00, ,6.000000000000000,Roy Trustee 2022 Ltd,Innovair
{13DB2A5A-2915-4650-BAEE-38F333061DB9},863.000000000000000,No,15/11.48,42.000000000000000,1050.000000000000000,No,0.000000000000000,0.000000000000000,0.000000000000000,0.000000000000000,0.000000000000000,0.000000000000000,0.000000000000000,0.000000000000000,25/6,0.000000000000000,0.000000000000000,0.000000000000000,0.000000000000000,0.000000000000000,0.000000000000000,0.000000000000000,0.000000000000000, , ,{4F7B4EE0-8CF2-4D31-876F-2ECE50818FEC},8/07/2025 0:00:00, ,8/07/2025 0:00:00, ,0.000000000000000,Roy Trustee 2022 Ltd,Johnson Forestry Services
{BED58F64-F9CD-49E6-9BE9-A4654DA5914B},847.000000000000000,No,15/11.48,41.000000000000000,1025.000000000000000,Yes,0.000000000000000,0.000000000000000,1.000000000000000,0.000000000000000,0.000000000000000,0.000000000000000,0.000000000000000,0.000000000000000,25/6,0.000000000000000,0.000000000000000,0.024390243902400,0.000000000000000,0.000000000000000,0.000000000000000,0.000000000000000,0.000000000000000, , ,{4F7B4EE0-8CF2-4D31-876F-2ECE50818FEC},8/07/2025 0:00:00, ,8/07/2025 0:00:00, ,3.000000000000000,Roy Trustee 2022 Ltd,Johnson Forestry Services
{87BFE47D-BE9F-4D08-91B8-1F24CBFAF404},875.000000000000000,No,15/11.48,36.000000000000000,900.000000000000000,No,0.000000000000000,0.000000000000000,0.000000000000000,0.000000000000000,0.000000000000000,0.000000000000000,0.000000000000000,0.000000000000000,25/6,0.000000000000000,0.000000000000000,0.000000000000000,0.000000000000000,0.000000000000000,0.000000000000000,0.000000000000000,0.000000000000000, , ,{4F7B4EE0-8CF2-4D31-876F-2ECE50818FEC},8/07/2025 0:00:00, ,8/07/2025 0:00:00, ,0.000000000000000,Roy Trustee 2022 Ltd,Johnson Forestry Services
{FF286140-E1D2-4B8E-ABD8-B9E3660179ED},859.000000000000000,No,10/11.37,41.000000000000000,1025.000000000000000,No,0.000000000000000,0.000000000000000,0.000000000000000,0.000000000000000,0.000000000000000,0.000000000000000,0.000000000000000,0.000000000000000,25/6,0.000000000000000,0.000000000000000,0.000000000000000,0.000000000000000,0.000000000000000,0.000000000000000,0.000000000000000,0.000000000000000, , ,{4F7B4EE0-8CF2-4D31-876F-2ECE50818FEC},8/07/2025 0:00:00, ,8/07/2025 0:00:00, ,0.000000000000000,Roy Trustee 2022 Ltd,Johnson Forestry Services
{5517D9C4-0B00-4633-90C2-4A2F83840B7D},843.000000000000000,No,15/11.48,36.000000000000000,900.000000000000000,No,0.000000000000000,0.000000000000000,0.000000000000000,0.000000000000000,0.000000000000000,0.000000000000000,0.000000000000000,0.000000000000000,25/6,0.000000000000000,0.000000000000000,0.000000000000000,0.000000000000000,0.000000000000000,0.000000000000000,0.000000000000000,0.000000000000000, , ,{4F7B4EE0-8CF2-4D31-876F-2ECE50818FEC},8/07/2025 0:00:00, ,8/07/2025 0:00:00, ,0.000000000000000,Roy Trustee 2022 Ltd,Johnson Forestry Services
{84C1CA0A-862E-4D98-80F1-64E3C86A30FB},829.000000000000000,No,25/11.85,41.000000000000000,1025.000000000000000,No,0.000000000000000,0.000000000000000,0.000000000000000,0.000000000000000,0.000000000000000,0.000000000000000,0.000000000000000,0.000000000000000,25/6,0.000000000000000,0.000000000000000,0.000000000000000,0.000000000000000,0.000000000000000,0.000000000000000,0.000000000000000,0.000000000000000, , ,{4F7B4EE0-8CF2-4D31-876F-2ECE50818FEC},8/07/2025 0:00:00, ,8/07/2025 0:00:00, ,0.000000000000000,Roy Trustee 2022 Ltd,Johnson Forestry Services
{5EFDAA20-52E9-40D6-9980-6AF594EDF69F},845.000000000000000,No,10/11.37,38.000000000000000,950.000000000000000,Yes,0.000000000000000,1.000000000000000,0.000000000000000,0.000000000000000,0.000000000000000,0.000000000000000,1.000000000000000,0.000000000000000,25/6,0.000000000000000,0.026315789473700,0.000000000000000,0.000000000000000,0.000000000000000,0.000000000000000,0.026315789473700,0.000000000000000, , ,{4F7B4EE0-8CF2-4D31-876F-2ECE50818FEC},8/07/2025 0:00:00, ,8/07/2025 0:00:00, ,4.000000000000000,Roy Trustee 2022 Ltd,Johnson Forestry Services
{23D86AA2-2050-4CFC-BCD0-70CF68B23200},125.000000000000000,No,0/11.31,37.000000000000000,925.000000000000000,Yes,0.000000000000000,1.000000000000000,1.000000000000000,0.000000000000000,0.000000000000000,0.000000000000000,0.000000000000000,0.000000000000000,25/65,0.000000000000000,0.000000000000000,0.000000000000000,0.000000000000000,0.000000000000000,0.000000000000000,0.000000000000000,0.000000000000000, , ,{3DD52EC0-ADD4-421F-B4F6-D64D5C1C0817},8/07/2025 0:00:00, ,25/09/2025 0:00:00,ScarlettMichelle,4.000000000000000,Roy Trustee 2022 Ltd,Proforest
{6814D91A-0824-4731-97E2-5DA6F8C6D298},125.000000000000000,No,0/11.31,45.000000000000000,1125.000000000000000,Yes,0.000000000000000,3.000000000000000,1.000000000000000,0.000000000000000,0.000000000000000,0.000000000000000,0.000000000000000,0.000000000000000,25/65,0.000000000000000,0.066666666666700,0.022222222222200,0.000000000000000,0.000000000000000,0.000000000000000,0.000000000000000,0.000000000000000,Yes, ,{3DD52EC0-ADD4-421F-B4F6-D64D5C1C0817},8/07/2025 0:00:00, ,8/07/2025 0:00:00, ,6.000000000000000,Roy Trustee 2022 Ltd,Proforest
{AD00C19B-6CCC-4C90-A68E-E43DD0277168},135.000000000000000,No,0/11.31,41.000000000000000,1025.000000000000000,Yes,0.000000000000000,4.000000000000000,0.000000000000000,0.000000000000000,0.000000000000000,0.000000000000000,0.000000000000000,0.000000000000000,25/65,0.000000000000000,0.097560975609800,0.000000000000000,0.000000000000000,0.000000000000000,0.000000000000000,0.000000000000000,0.000000000000000, , ,{3DD52EC0-ADD4-421F-B4F6-D64D5C1C0817},8/07/2025 0:00:00, ,8/07/2025 0:00:00, ,4.000000000000000,Roy Trustee 2022 Ltd,Proforest
{D4000960-769D-40D5-9AE4-9B686FED340E},143.000000000000000,No,0/11.31,42.000000000000000,1050.000000000000000,Yes,0.000000000000000,3.000000000000000,0.000000000000000,0.000000000000000,0.000000000000000,0.000000000000000,0.000000000000000,0.000000000000000,25/65,0.000000000000000,0.071428571428600,0.000000000000000,0.000000000000000,0.000000000000000,0.000000000000000,0.000000000000000,0.000000000000000, , ,{3DD52EC0-ADD4-421F-B4F6-D64D5C1C0817},8/07/2025 0:00:00, ,8/07/2025 0:00:00, ,3.000000000000000,Roy Trustee 2022 Ltd,Proforest
{48C33CA2-5693-498C-B478-FF95CAA8ABDD},133.000000000000000,No,5/11.31,44.000000000000000,1100.000000000000000,Yes,0.000000000000000,3.000000000000000,0.000000000000000,0.000000000000000,0.000000000000000,0.000000000000000,0.000000000000000,0.000000000000000,25/65,0.000000000000000,0.000000000000000,0.000000000000000,0.000000000000000,0.000000000000000,0.000000000000000,0.000000000000000,0.000000000000000, , ,{3DD52EC0-ADD4-421F-B4F6-D64D5C1C0817},8/07/2025 0:00:00, ,25/09/2025 0:00:00,ScarlettMichelle,3.000000000000000,Roy Trustee 2022 Ltd,Proforest
{F6A6E2A8-5FD0-48DE-BF2D-6F5E16C2DDC7},141.000000000000000,No,5/11.31,38.000000000000000,950.000000000000000,Yes,0.000000000000000,3.000000000000000,0.000000000000000,0.000000000000000,0.000000000000000,0.000000000000000,0.000000000000000,1.000000000000000,25/65,0.000000000000000,0.078947368421100,0.000000000000000,0.000000000000000,0.000000000000000,0.000000000000000,0.000000000000000,0.026315789473700, , ,{3DD52EC0-ADD4-421F-B4F6-D64D5C1C0817},8/07/2025 0:00:00, ,8/07/2025 0:00:00, ,6.000000000000000,Roy Trustee 2022 Ltd,Proforest
{D211EA7F-EC30-4DBC-B060-7EBD19E59819},139.000000000000000,No,5/11.31,44.000000000000000,1100.000000000000000,Yes,2.000000000000000,4.000000000000000,0.000000000000000,0.000000000000000,0.000000000000000,0.000000000000000,0.000000000000000,0.000000000000000,25/65,0.000000000000000,0.000000000000000,0.000000000000000,0.000000000000000,0.000000000000000,0.000000000000000,0.000000000000000,0.000000000000000, , ,{3DD52EC0-ADD4-421F-B4F6-D64D5C1C0817},8/07/2025 0:00:00, ,25/09/2025 0:00:00,ScarlettMichelle,6.000000000000000,Roy Trustee 2022 Ltd,Proforest
{05006BBE-FBC4-4FA2-B8BF-5243C92ADCFE},159.000000000000000,No,10/11.37,43.000000000000000,1075.000000000000000,Yes,0.000000000000000,2.000000000000000,1.000000000000000,0.000000000000000,0.000000000000000,0.000000000000000,0.000000000000000,0.000000000000000,25/65,0.000000000000000,0.046511627907000,0.023255813953500,0.000000000000000,0.000000000000000,0.000000000000000,0.000000000000000,0.000000000000000, , ,{3DD52EC0-ADD4-421F-B4F6-D64D5C1C0817},8/07/2025 0:00:00, ,8/07/2025 0:00:00, ,5.000000000000000,Roy Trustee 2022 Ltd,Proforest
{28F860CE-BB74-444F-8C9A-3B29DE7E845F},161.000000000000000,No,10/11.37,38.000000000000000,950.000000000000000,Yes,0.000000000000000,2.000000000000000,1.000000000000000,0.000000000000000,0.000000000000000,0.000000000000000,0.000000000000000,0.000000000000000,25/65,0.000000000000000,0.000000000000000,0.000000000000000,0.000000000000000,0.000000000000000,0.000000000000000,0.000000000000000,0.000000000000000, , ,{3DD52EC0-ADD4-421F-B4F6-D64D5C1C0817},8/07/2025 0:00:00, ,25/09/2025 0:00:00,ScarlettMichelle,5.000000000000000,Roy Trustee 2022 Ltd,Proforest
{805E8F7A-ABFE-4DA4-AC0D-42EB861C76D6},173.000000000000000,No,5/11.31,37.000000000000000,925.000000000000000,Yes,0.000000000000000,3.000000000000000,1.000000000000000,0.000000000000000,0.000000000000000,0.000000000000000,0.000000000000000,0.000000000000000,25/65,0.000000000000000,0.081081081081100,0.027027027027000,0.000000000000000,0.000000000000000,0.000000000000000,0.000000000000000,0.000000000000000, , ,{3DD52EC0-ADD4-421F-B4F6-D64D5C1C0817},8/07/2025 0:00:00, ,8/07/2025 0:00:00, ,6.000000000000000,Roy Trustee 2022 Ltd,Proforest
{D0D1A2B6-AA90-471D-991D-520336973E25},187.000000000000000,No,10/11.37,42.000000000000000,1050.000000000000000,Yes,0.000000000000000,3.000000000000000,1.000000000000000,0.000000000000000,0.000000000000000,0.000000000000000,0.000000000000000,0.000000000000000,25/65,0.000000000000000,0.000000000000000,0.000000000000000,0.000000000000000,0.000000000000000,0.000000000000000,0.000000000000000,0.000000000000000, , ,{0320BADB-8955-46E8-9A52-927B6EA370E8},8/07/2025 0:00:00, ,25/09/2025 0:00:00,ScarlettMichelle,6.000000000000000,Roy Trustee 2022 Ltd,Proforest
{24450BE1-FE3B-4CD3-A020-DDD6587A69E7},213.000000000000000,No,10/11.37,44.000000000000000,1100.000000000000000,Yes,0.000000000000000,2.000000000000000,0.000000000000000,0.000000000000000,0.000000000000000,0.000000000000000,0.000000000000000,0.000000000000000,25/65,0.000000000000000,0.000000000000000,0.000000000000000,0.000000000000000,0.000000000000000,0.000000000000000,0.000000000000000,0.000000000000000, , ,{0320BADB-8955-46E8-9A52-927B6EA370E8},8/07/2025 0:00:00, ,25/09/2025 0:00:00,ScarlettMichelle,2.000000000000000,Roy Trustee 2022 Ltd,Proforest
{F4B725F4-EBA4-456A-9679-FB3A7BE22B19},169.000000000000000,No,5/11.31,37.000000000000000,925.000000000000000,Yes,0.000000000000000,2.000000000000000,0.000000000000000,0.000000000000000,0.000000000000000,0.000000000000000,0.000000000000000,0.000000000000000,25/65,0.000000000000000,0.000000000000000,0.000000000000000,0.000000000000000,0.000000000000000,0.000000000000000,0.000000000000000,0.000000000000000, , ,{0320BADB-8955-46E8-9A52-927B6EA370E8},8/07/2025 0:00:00, ,25/09/2025 0:00:00,ScarlettMichelle,2.000000000000000,Roy Trustee 2022 Ltd,Proforest
{4C373197-665A-4705-8D37-08BD7DE17C8E},189.000000000000000,No,5/11.31,44.000000000000000,1100.000000000000000,Yes,0.000000000000000,4.000000000000000,0.000000000000000,0.000000000000000,0.000000000000000,0.000000000000000,0.000000000000000,0.000000000000000,25/65,0.000000000000000,0.000000000000000,0.000000000000000,0.000000000000000,0.000000000000000,0.000000000000000,0.000000000000000,0.000000000000000, , ,{0320BADB-8955-46E8-9A52-927B6EA370E8},8/07/2025 0:00:00, ,25/09/2025 0:00:00,ScarlettMichelle,4.000000000000000,Roy Trustee 2022 Ltd,Proforest
{A645891E-CF96-4AB4-998C-3A37786CE8A5},191.000000000000000,No,5/11.31,42.000000000000000,1050.000000000000000,Yes,0.000000000000000,3.000000000000000,1.000000000000000,0.000000000000000,0.000000000000000,0.000000000000000,0.000000000000000,0.000000000000000,25/65,0.000000000000000,0.000000000000000,0.000000000000000,0.000000000000000,0.000000000000000,0.000000000000000,0.000000000000000,0.000000000000000, , ,{0320BADB-8955-46E8-9A52-927B6EA370E8},8/07/2025 0:00:00, ,25/09/2025 0:00:00,ScarlettMichelle,6.000000000000000,Roy Trustee 2022 Ltd,Proforest
{0D416735-40F7-455A-B7D5-A31BAB7D968B},177.000000000000000,No,5/11.31,44.000000000000000,1100.000000000000000,Yes,1.000000000000000,2.000000000000000,0.000000000000000,0.000000000000000,0.000000000000000,0.000000000000000,0.000000000000000,0.000000000000000,25/65,0.022727272727300,0.045454545454500,0.000000000000000,0.000000000000000,0.000000000000000,0.000000000000000,0.000000000000000,0.000000000000000, , ,{0320BADB-8955-46E8-9A52-927B6EA370E8},8/07/2025 0:00:00, ,8/07/2025 0:00:00, ,3.000000000000000,Roy Trustee 2022 Ltd,Proforest
{EAE05C60-AC67-4CA8-83DD-EAEC60C8AD95},175.000000000000000,No,5/11.31,40.000000000000000,1000.000000000000000,Yes,0.000000000000000,2.000000000000000,1.000000000000000,0.000000000000000,0.000000000000000,0.000000000000000,0.000000000000000,0.000000000000000,25/65,0.000000000000000,0.050000000000000,0.025000000000000,0.000000000000000,0.000000000000000,0.000000000000000,0.000000000000000,0.000000000000000, ,Long roots,{0320BADB-8955-46E8-9A52-927B6EA370E8},8/07/2025 0:00:00, ,8/07/2025 0:00:00, ,5.000000000000000,Roy Trustee 2022 Ltd,Proforest
{CE8D4E84-6EEF-4691-9C9F-C8EEBF62934C},163.000000000000000,No,5/11.31,44.000000000000000,1100.000000000000000,Yes,1.000000000000000,3.000000000000000,0.000000000000000,0.000000000000000,0.000000000000000,0.000000000000000,0.000000000000000,0.000000000000000,25/65,0.000000000000000,0.000000000000000,0.000000000000000,0.000000000000000,0.000000000000000,0.000000000000000,0.000000000000000,0.000000000000000, , ,{0320BADB-8955-46E8-9A52-927B6EA370E8},8/07/2025 0:00:00, ,25/09/2025 0:00:00,ScarlettMichelle,4.000000000000000,Roy Trustee 2022 Ltd,Proforest
{B3BDA4CD-E966-4A89-A9FC-D509B6385907},155.000000000000000,No,5/11.31,45.000000000000000,1125.000000000000000,Yes,0.000000000000000,3.000000000000000,1.000000000000000,0.000000000000000,0.000000000000000,0.000000000000000,0.000000000000000,0.000000000000000,25/65,0.000000000000000,0.066666666666700,0.022222222222200,0.000000000000000,0.000000000000000,0.000000000000000,0.000000000000000,0.000000000000000,Yes, ,{0320BADB-8955-46E8-9A52-927B6EA370E8},8/07/2025 0:00:00, ,8/07/2025 0:00:00, ,6.000000000000000,Roy Trustee 2022 Ltd,Proforest
{607D28E1-9FD1-4252-99B8-F328B63C204E},2577.000000000000000,No,20/11.64,38.000000000000000,950.000000000000000,No,0.000000000000000,0.000000000000000,0.000000000000000,0.000000000000000,0.000000000000000,0.000000000000000,0.000000000000000,0.000000000000000,25/2,0.000000000000000,0.000000000000000,0.000000000000000,0.000000000000000,0.000000000000000,0.000000000000000,0.000000000000000,0.000000000000000, , ,{F87713AD-6EBE-47D0-867C-04BECECC71B6},8/07/2025 0:00:00, ,8/07/2025 0:00:00, ,0.000000000000000,Roy Trustee 2022 Ltd,Johnson Forestry Services
{4B12864D-F304-4B09-AF1D-14FEB8980BD4},2575.000000000000000,No,20/11.64,36.000000000000000,900.000000000000000,No,0.000000000000000,0.000000000000000,0.000000000000000,0.000000000000000,0.000000000000000,0.000000000000000,0.000000000000000,0.000000000000000,25/2,0.000000000000000,0.000000000000000,0.000000000000000,0.000000000000000,0.000000000000000,0.000000000000000,0.000000000000000,0.000000000000000, ,Plot moved out of native and scrub to be more representative,{F87713AD-6EBE-47D0-867C-04BECECC71B6},8/07/2025 0:00:00, ,8/07/2025 0:00:00, ,0.000000000000000,Roy Trustee 2022 Ltd,Johnson Forestry Services
{2A848811-7BFD-463A-B831-94A51B43C316},2579.000000000000000,No,30/12.13,42.000000000000000,1050.000000000000000,Yes,0.000000000000000,0.000000000000000,0.000000000000000,0.000000000000000,0.000000000000000,1.000000000000000,1.000000000000000,0.000000000000000,25/2,0.000000000000000,0.000000000000000,0.000000000000000,0.000000000000000,0.000000000000000,0.023809523809500,0.023809523809500,0.000000000000000, , ,{F87713AD-6EBE-47D0-867C-04BECECC71B6},8/07/2025 0:00:00, ,8/07/2025 0:00:00, ,6.000000000000000,Roy Trustee 2022 Ltd,Johnson Forestry Services
{190DC2E0-7485-4608-BB54-C85ADB09B3FB},2581.000000000000000,No,10/11.37,37.000000000000000,925.000000000000000,Yes,0.000000000000000,1.000000000000000,1.000000000000000,0.000000000000000,0.000000000000000,0.000000000000000,0.000000000000000,0.000000000000000,25/2,0.000000000000000,0.027027027027000,0.027027027027000,0.000000000000000,0.000000000000000,0.000000000000000,0.000000000000000,0.000000000000000, , ,{F87713AD-6EBE-47D0-867C-04BECECC71B6},8/07/2025 0:00:00, ,8/07/2025 0:00:00, ,4.000000000000000,Roy Trustee 2022 Ltd,Johnson Forestry Services
{28715C9F-6278-4C9C-ABFD-464AA74D60A1},2541.000000000000000,No,15/11.48,44.000000000000000,1100.000000000000000,Yes,0.000000000000000,1.000000000000000,0.000000000000000,0.000000000000000,0.000000000000000,0.000000000000000,1.000000000000000,0.000000000000000,25/2,0.000000000000000,0.022727272727300,0.000000000000000,0.000000000000000,0.000000000000000,0.000000000000000,0.022727272727300,0.000000000000000, , ,{F87713AD-6EBE-47D0-867C-04BECECC71B6},8/07/2025 0:00:00, ,8/07/2025 0:00:00, ,4.000000000000000,Roy Trustee 2022 Ltd,Johnson Forestry Services
{AA029DCD-4643-45BA-8A4B-F46D0501763A},2529.000000000000000,No,15/11.48,41.000000000000000,1025.000000000000000,No,0.000000000000000,0.000000000000000,0.000000000000000,0.000000000000000,0.000000000000000,0.000000000000000,0.000000000000000,0.000000000000000,25/2,0.000000000000000,0.000000000000000,0.000000000000000,0.000000000000000,0.000000000000000,0.000000000000000,0.000000000000000,0.000000000000000, , ,{F87713AD-6EBE-47D0-867C-04BECECC71B6},8/07/2025 0:00:00, ,8/07/2025 0:00:00, ,0.000000000000000,Roy Trustee 2022 Ltd,Johnson Forestry Services
{D958B9D0-778B-493E-AC08-DDBFEA269CF0},2521.000000000000000,No,10/11.37,41.000000000000000,1025.000000000000000,Yes,0.000000000000000,0.000000000000000,1.000000000000000,0.000000000000000,0.000000000000000,0.000000000000000,1.000000000000000,0.000000000000000,25/2,0.000000000000000,0.000000000000000,0.024390243902400,0.000000000000000,0.000000000000000,0.000000000000000,0.024390243902400,0.000000000000000, , ,{F87713AD-6EBE-47D0-867C-04BECECC71B6},8/07/2025 0:00:00, ,8/07/2025 0:00:00, ,6.000000000000000,Roy Trustee 2022 Ltd,Johnson Forestry Services
{4F4916B9-AA6B-4745-9527-645CA59E37A4},1651.000000000000000,No,5/11.31,40.000000000000000,1000.000000000000000,No,0.000000000000000,0.000000000000000,0.000000000000000,0.000000000000000,0.000000000000000,0.000000000000000,0.000000000000000,0.000000000000000,25/57,0.000000000000000,0.000000000000000,0.000000000000000,0.000000000000000,0.000000000000000,0.000000000000000,0.000000000000000,0.000000000000000, , ,{B59BFAC8-0726-4702-833D-97EE523728BB},8/07/2025 0:00:00, ,25/09/2025 0:00:00,ScarlettMichelle,0.000000000000000,Roy Trustee 2022 Ltd,Forest View Contracting
{DD593984-E9B7-4076-91D6-E8C19E2D83EB},1643.000000000000000,No,10/11.37,36.000000000000000,900.000000000000000,No,0.000000000000000,0.000000000000000,0.000000000000000,0.000000000000000,0.000000000000000,0.000000000000000,0.000000000000000,0.000000000000000,25/57,0.000000000000000,0.000000000000000,0.000000000000000,0.000000000000000,0.000000000000000,0.000000000000000,0.000000000000000,0.000000000000000, , ,{B59BFAC8-0726-4702-833D-97EE523728BB},8/07/2025 0:00:00, ,8/07/2025 0:00:00, ,0.000000000000000,Roy Trustee 2022 Ltd,Forest View Contracting
{ECDBAA62-220D-474D-9590-E2FB5980E483},1647.000000000000000,No,5/11.31,44.000000000000000,1100.000000000000000,Yes,0.000000000000000,1.000000000000000,1.000000000000000,0.000000000000000,0.000000000000000,0.000000000000000,1.000000000000000,0.000000000000000,25/57,0.000000000000000,0.000000000000000,0.000000000000000,0.000000000000000,0.000000000000000,0.000000000000000,0.000000000000000,0.000000000000000, ,Dig up 6 1 with roots up,{B59BFAC8-0726-4702-833D-97EE523728BB},8/07/2025 0:00:00, ,25/09/2025 0:00:00,ScarlettMichelle,0.000000000000000,Roy Trustee 2022 Ltd,Forest View Contracting
{CFC08A22-B3FF-4D47-9B16-2D7DB15F926D},1623.000000000000000,No,10/11.37,38.000000000000000,950.000000000000000,Yes,0.000000000000000,1.000000000000000,2.000000000000000,0.000000000000000,0.000000000000000,0.000000000000000,0.000000000000000,0.000000000000000,25/57,0.000000000000000,0.026315789473700,0.052631578947400,0.000000000000000,0.000000000000000,0.000000000000000,0.000000000000000,0.000000000000000,Yes, ,{B59BFAC8-0726-4702-833D-97EE523728BB},8/07/2025 0:00:00, ,8/07/2025 0:00:00, ,7.000000000000000,Roy Trustee 2022 Ltd,Forest View Contracting
{1C784FFB-7B1B-45B2-8D9C-4127501EE2EF},1611.000000000000000,No,5/11.31,36.000000000000000,900.000000000000000,Yes,0.000000000000000,0.000000000000000,1.000000000000000,0.000000000000000,0.000000000000000,0.000000000000000,0.000000000000000,0.000000000000000,25/57,0.000000000000000,0.000000000000000,0.027777777777800,0.000000000000000,0.000000000000000,0.000000000000000,0.000000000000000,0.000000000000000, ,Wide rows,{B59BFAC8-0726-4702-833D-97EE523728BB},8/07/2025 0:00:00, ,8/07/2025 0:00:00, ,3.000000000000000,Roy Trustee 2022 Ltd,Forest View Contracting
{E2B7E5B3-C6EC-4FA4-BB3B-127BE10EB16A},1609.000000000000000,No,5/11.31,42.000000000000000,1050.000000000000000,No,0.000000000000000,0.000000000000000,0.000000000000000,0.000000000000000,0.000000000000000,0.000000000000000,0.000000000000000,0.000000000000000,25/57,0.000000000000000,0.000000000000000,0.000000000000000,0.000000000000000,0.000000000000000,0.000000000000000,0.000000000000000,0.000000000000000, , ,{B59BFAC8-0726-4702-833D-97EE523728BB},8/07/2025 0:00:00, ,8/07/2025 0:00:00, ,0.000000000000000,Roy Trustee 2022 Ltd,Forest View Contracting
{9173711B-4EEF-41CD-A309-7634B5ECD102},1599.000000000000000,No,5/11.31,39.000000000000000,975.000000000000000,Yes,0.000000000000000,0.000000000000000,1.000000000000000,0.000000000000000,0.000000000000000,0.000000000000000,1.000000000000000,0.000000000000000,25/57,0.000000000000000,0.000000000000000,0.025641025641000,0.000000000000000,0.000000000000000,0.000000000000000,0.025641025641000,0.000000000000000, , ,{B59BFAC8-0726-4702-833D-97EE523728BB},8/07/2025 0:00:00, ,8/07/2025 0:00:00, ,6.000000000000000,Roy Trustee 2022 Ltd,Forest View Contracting
{A7B7E1C6-91F6-4FDF-9B24-49C2559F0EFD},833.000000000000000,No,10/11.37,41.000000000000000,1025.000000000000000,Yes,0.000000000000000,2.000000000000000,0.000000000000000,0.000000000000000,0.000000000000000,0.000000000000000,0.000000000000000,0.000000000000000,25/6,0.000000000000000,0.048780487804900,0.000000000000000,0.000000000000000,0.000000000000000,0.000000000000000,0.000000000000000,0.000000000000000, , ,{4554BC0E-AFF0-4B57-B806-13F4AFED760A},9/07/2025 0:00:00, ,9/07/2025 0:00:00, ,2.000000000000000,Roy Trustee 2022 Ltd,Johnson Forestry Services
{55A89F0F-5AAF-4175-9E5D-E09F01D9C5D7},823.000000000000000,No,10/11.37,39.000000000000000,975.000000000000000,Yes,0.000000000000000,2.000000000000000,0.000000000000000,0.000000000000000,0.000000000000000,0.000000000000000,0.000000000000000,0.000000000000000,25/6,0.000000000000000,0.051282051282100,0.000000000000000,0.000000000000000,0.000000000000000,0.000000000000000,0.000000000000000,0.000000000000000, , ,{4554BC0E-AFF0-4B57-B806-13F4AFED760A},9/07/2025 0:00:00, ,9/07/2025 0:00:00, ,2.000000000000000,Roy Trustee 2022 Ltd,Johnson Forestry Services
{6334633E-B3B1-4156-AAC9-835475FA4328},849.000000000000000,No,15/11.48,39.000000000000000,975.000000000000000,Yes,0.000000000000000,0.000000000000000,0.000000000000000,0.000000000000000,0.000000000000000,0.000000000000000,1.000000000000000,0.000000000000000,25/6,0.000000000000000,0.000000000000000,0.000000000000000,0.000000000000000,0.000000000000000,0.000000000000000,0.025641025641000,0.000000000000000, ,Moved plot away from water way,{4554BC0E-AFF0-4B57-B806-13F4AFED760A},9/07/2025 0:00:00, ,9/07/2025 0:00:00, ,3.000000000000000,Roy Trustee 2022 Ltd,Johnson Forestry Services
{057E0DFF-17C5-48E8-8DF7-C5416C19F610},865.000000000000000,No,10/11.37,37.000000000000000,925.000000000000000,Yes,0.000000000000000,3.000000000000000,0.000000000000000,0.000000000000000,0.000000000000000,0.000000000000000,0.000000000000000,0.000000000000000,25/6,0.000000000000000,0.081081081081100,0.000000000000000,0.000000000000000,0.000000000000000,0.000000000000000,0.000000000000000,0.000000000000000, ,Moved plot away from fence,{4554BC0E-AFF0-4B57-B806-13F4AFED760A},9/07/2025 0:00:00, ,9/07/2025 0:00:00, ,3.000000000000000,Roy Trustee 2022 Ltd,Johnson Forestry Services
{5B09FB0F-2967-4D44-8072-BAC20A504649},835.000000000000000,No,10/11.37,36.000000000000000,900.000000000000000,Yes,0.000000000000000,1.000000000000000,1.000000000000000,0.000000000000000,0.000000000000000,0.000000000000000,0.000000000000000,0.000000000000000,25/6,0.000000000000000,0.027777777777800,0.027777777777800,0.000000000000000,0.000000000000000,0.000000000000000,0.000000000000000,0.000000000000000, , ,{4554BC0E-AFF0-4B57-B806-13F4AFED760A},9/07/2025 0:00:00, ,9/07/2025 0:00:00, ,4.000000000000000,Roy Trustee 2022 Ltd,Johnson Forestry Services
{E7D1A0B3-AEB7-45BA-B4B6-4001CB8C5C4E},2201.000000000000000,No,5/11.31,39.000000000000000,975.000000000000000,No,0.000000000000000,0.000000000000000,0.000000000000000,0.000000000000000,0.000000000000000,0.000000000000000,0.000000000000000,0.000000000000000,25/31,0.000000000000000,0.000000000000000,0.000000000000000,0.000000000000000,0.000000000000000,0.000000000000000,0.000000000000000,0.000000000000000, , ,{159E6F0C-F09F-47E9-988D-CC9FB1D4B703},9/07/2025 0:00:00, ,9/07/2025 0:00:00, ,0.000000000000000,Roy Trustee 2022 Ltd,Johnson Forestry Services
{7A7E5B9D-1236-48E9-9DB4-11FE5FD72E6F},2193.000000000000000,No,10/11.37,42.000000000000000,1050.000000000000000,Yes,0.000000000000000,2.000000000000000,0.000000000000000,0.000000000000000,0.000000000000000,0.000000000000000,0.000000000000000,0.000000000000000,25/31,0.000000000000000,0.047619047619000,0.000000000000000,0.000000000000000,0.000000000000000,0.000000000000000,0.000000000000000,0.000000000000000, , ,{159E6F0C-F09F-47E9-988D-CC9FB1D4B703},9/07/2025 0:00:00, ,9/07/2025 0:00:00, ,2.000000000000000,Roy Trustee 2022 Ltd,Johnson Forestry Services
{0D75CE00-BEA3-4279-B1FF-32DEDBA69F96},2195.000000000000000,No,5/11.31,38.000000000000000,950.000000000000000,Yes,0.000000000000000,0.000000000000000,0.000000000000000,0.000000000000000,0.000000000000000,1.000000000000000,1.000000000000000,0.000000000000000,25/31,0.000000000000000,0.000000000000000,0.000000000000000,0.000000000000000,0.000000000000000,0.026315789473700,0.026315789473700,0.000000000000000, , ,{159E6F0C-F09F-47E9-988D-CC9FB1D4B703},9/07/2025 0:00:00, ,9/07/2025 0:00:00, ,6.000000000000000,Roy Trustee 2022 Ltd,Johnson Forestry Services
{C0FC95D9-BC46-41BB-BCAD-7F44DD20A2FE},2187.000000000000000,No,10/11.37,36.000000000000000,900.000000000000000,No,0.000000000000000,0.000000000000000,0.000000000000000,0.000000000000000,0.000000000000000,0.000000000000000,0.000000000000000,0.000000000000000,25/31,0.000000000000000,0.000000000000000,0.000000000000000,0.000000000000000,0.000000000000000,0.000000000000000,0.000000000000000,0.000000000000000, , ,{159E6F0C-F09F-47E9-988D-CC9FB1D4B703},9/07/2025 0:00:00, ,9/07/2025 0:00:00, ,0.000000000000000,Roy Trustee 2022 Ltd,Johnson Forestry Services
{D66281E3-4C47-494A-AF62-05FA79E3D298},2179.000000000000000,No,5/11.31,36.000000000000000,900.000000000000000,No,0.000000000000000,0.000000000000000,0.000000000000000,0.000000000000000,0.000000000000000,0.000000000000000,0.000000000000000,0.000000000000000,25/31,0.000000000000000,0.000000000000000,0.000000000000000,0.000000000000000,0.000000000000000,0.000000000000000,0.000000000000000,0.000000000000000, , ,{159E6F0C-F09F-47E9-988D-CC9FB1D4B703},9/07/2025 0:00:00, ,9/07/2025 0:00:00, ,0.000000000000000,Roy Trustee 2022 Ltd,Johnson Forestry Services
{F0E0C47D-75A5-4368-9BCC-0620D6BA53F0},2161.000000000000000,No,15/11.48,43.000000000000000,1075.000000000000000,Yes,0.000000000000000,3.000000000000000,1.000000000000000,0.000000000000000,0.000000000000000,0.000000000000000,0.000000000000000,0.000000000000000,25/31,0.000000000000000,0.069767441860500,0.023255813953500,0.000000000000000,0.000000000000000,0.000000000000000,0.000000000000000,0.000000000000000, , ,{159E6F0C-F09F-47E9-988D-CC9FB1D4B703},9/07/2025 0:00:00, ,9/07/2025 0:00:00, ,6.000000000000000,Roy Trustee 2022 Ltd,Johnson Forestry Services
{BD5D2461-CB13-4C40-92C4-07680DFEC1EA},2167.000000000000000,No,20/11.64,37.000000000000000,925.000000000000000,No,0.000000000000000,0.000000000000000,0.000000000000000,0.000000000000000,0.000000000000000,0.000000000000000,0.000000000000000,0.000000000000000,25/31,0.000000000000000,0.000000000000000,0.000000000000000,0.000000000000000,0.000000000000000,0.000000000000000,0.000000000000000,0.000000000000000, , ,{159E6F0C-F09F-47E9-988D-CC9FB1D4B703},9/07/2025 0:00:00, ,9/07/2025 0:00:00, ,0.000000000000000,Roy Trustee 2022 Ltd,Johnson Forestry Services
{72F03797-7BD3-4C93-ADFF-E0A0CC321D95},2175.000000000000000,No,5/11.31,36.000000000000000,900.000000000000000,Yes,0.000000000000000,1.000000000000000,0.000000000000000,0.000000000000000,0.000000000000000,0.000000000000000,0.000000000000000,0.000000000000000,25/31,0.000000000000000,0.027777777777800,0.000000000000000,0.000000000000000,0.000000000000000,0.000000000000000,0.000000000000000,0.000000000000000, , ,{159E6F0C-F09F-47E9-988D-CC9FB1D4B703},9/07/2025 0:00:00, ,9/07/2025 0:00:00, ,1.000000000000000,Roy Trustee 2022 Ltd,Johnson Forestry Services
{B79C1803-B6F8-46FF-A832-F713CD3A69D7},883.000000000000000,No,5/11.31,39.000000000000000,975.000000000000000,Yes,0.000000000000000,0.000000000000000,1.000000000000000,0.000000000000000,0.000000000000000,0.000000000000000,1.000000000000000,0.000000000000000,25/6,0.000000000000000,0.000000000000000,0.025641025641000,0.000000000000000,0.000000000000000,0.000000000000000,0.025641025641000,0.000000000000000, , ,{936942C1-56FA-4789-BBB9-A349702625E5},9/07/2025 0:00:00, ,9/07/2025 0:00:00, ,6.000000000000000,Roy Trustee 2022 Ltd,Johnson Forestry Services
{51DA4224-608B-4E23-AF45-AB5CEC5B39E3},877.000000000000000,No,5/11.31,40.000000000000000,1000.000000000000000,Yes,0.000000000000000,0.000000000000000,0.000000000000000,0.000000000000000,0.000000000000000,0.000000000000000,1.000000000000000,0.000000000000000,25/6,0.000000000000000,0.000000000000000,0.000000000000000,0.000000000000000,0.000000000000000,0.000000000000000,0.025000000000000,0.000000000000000, , ,{936942C1-56FA-4789-BBB9-A349702625E5},9/07/2025 0:00:00, ,9/07/2025 0:00:00, ,3.000000000000000,Roy Trustee 2022 Ltd,Johnson Forestry Services
{A449A3F4-645B-4A50-A0B5-A31A5A14D9D1},861.000000000000000,No,5/11.31,38.000000000000000,950.000000000000000,Yes,0.000000000000000,0.000000000000000,0.000000000000000,0.000000000000000,0.000000000000000,0.000000000000000,1.000000000000000,0.000000000000000,25/6,0.000000000000000,0.000000000000000,0.000000000000000,0.000000000000000,0.000000000000000,0.000000000000000,0.026315789473700,0.000000000000000, , ,{936942C1-56FA-4789-BBB9-A349702625E5},9/07/2025 0:00:00, ,9/07/2025 0:00:00, ,3.000000000000000,Roy Trustee 2022 Ltd,Johnson Forestry Services
{3D353690-7B49-417D-92F3-4CF825F0481C},879.000000000000000,No,5/11.31,40.000000000000000,1000.000000000000000,Yes,0.000000000000000,0.000000000000000,0.000000000000000,0.000000000000000,0.000000000000000,0.000000000000000,2.000000000000000,0.000000000000000,25/6,0.000000000000000,0.000000000000000,0.000000000000000,0.000000000000000,0.000000000000000,0.000000000000000,0.050000000000000,0.000000000000000, , ,{936942C1-56FA-4789-BBB9-A349702625E5},9/07/2025 0:00:00, ,9/07/2025 0:00:00, ,6.000000000000000,Roy Trustee 2022 Ltd,Johnson Forestry Services
{3369E863-E60D-4679-A32A-DFEFAF9C7225},885.000000000000000,No,5/11.31,42.000000000000000,1050.000000000000000,Yes,0.000000000000000,1.000000000000000,0.000000000000000,0.000000000000000,0.000000000000000,0.000000000000000,1.000000000000000,0.000000000000000,25/6,0.000000000000000,0.023809523809500,0.000000000000000,0.000000000000000,0.000000000000000,0.000000000000000,0.023809523809500,0.000000000000000, , ,{936942C1-56FA-4789-BBB9-A349702625E5},9/07/2025 0:00:00, ,9/07/2025 0:00:00, ,4.000000000000000,Roy Trustee 2022 Ltd,Johnson Forestry Services
{8AC949C0-CE98-451A-9CA1-6335B37E0E5C},887.000000000000000,No,10/11.37,42.000000000000000,1050.000000000000000,Yes,0.000000000000000,0.000000000000000,0.000000000000000,0.000000000000000,0.000000000000000,0.000000000000000,1.000000000000000,0.000000000000000,25/6,0.000000000000000,0.000000000000000,0.000000000000000,0.000000000000000,0.000000000000000,0.000000000000000,0.023809523809500,0.000000000000000, , ,{936942C1-56FA-4789-BBB9-A349702625E5},9/07/2025 0:00:00, ,9/07/2025 0:00:00, ,3.000000000000000,Roy Trustee 2022 Ltd,Johnson Forestry Services
{EA36EDF4-2FFB-4598-A633-E34ABFDDBCA1},725.000000000000000,No,25/11.85,42.000000000000000,1050.000000000000000,Yes,0.000000000000000,1.000000000000000,0.000000000000000,0.000000000000000,0.000000000000000,0.000000000000000,1.000000000000000,0.000000000000000,25/75,0.000000000000000,0.023809523809500,0.000000000000000,0.000000000000000,0.000000000000000,0.000000000000000,0.023809523809500,0.000000000000000, , ,{26CE8434-B91F-4616-BE13-4336D8D436E1},9/07/2025 0:00:00, ,9/07/2025 0:00:00, ,4.000000000000000,Roy Trustee 2022 Ltd,Innovair
{CF887AF6-80FA-4856-A2A9-2D938958DBC6},669.000000000000000,No,25/11.85,38.000000000000000,950.000000000000000,Yes,0.000000000000000,0.000000000000000,0.000000000000000,0.000000000000000,0.000000000000000,1.000000000000000,0.000000000000000,0.000000000000000,25/75,0.000000000000000,0.000000000000000,0.000000000000000,0.000000000000000,0.000000000000000,0.026315789473700,0.000000000000000,0.000000000000000, , ,{26CE8434-B91F-4616-BE13-4336D8D436E1},9/07/2025 0:00:00, ,9/07/2025 0:00:00, ,3.000000000000000,Roy Trustee 2022 Ltd,Innovair
{6145A963-300C-4619-9980-1D789AFCA7D6},669.100000000000023,No,20/11.64,35.000000000000000,875.000000000000000,Yes,1.000000000000000,0.000000000000000,0.000000000000000,0.000000000000000,0.000000000000000,0.000000000000000,0.000000000000000,0.000000000000000,25/75,0.028571428571400,0.000000000000000,0.000000000000000,0.000000000000000,0.000000000000000,0.000000000000000,0.000000000000000,0.000000000000000,Yes,One row was too wide 5m in plot. Will get this fixed and do another stocking plot further along face to make sure it is just this area. Added two trees in wide area to make it 925.,{26CE8434-B91F-4616-BE13-4336D8D436E1},9/07/2025 0:00:00, ,9/07/2025 0:00:00, ,1.000000000000000,Roy Trustee 2022 Ltd,Innovair
{F4521DAD-8A51-4C5B-A340-FEF8847649A0},669.200000000000045,No,20/11.64,38.000000000000000,950.000000000000000,No,0.000000000000000,0.000000000000000,0.000000000000000,0.000000000000000,0.000000000000000,0.000000000000000,0.000000000000000,0.000000000000000,25/75,0.000000000000000,0.000000000000000,0.000000000000000,0.000000000000000,0.000000000000000,0.000000000000000,0.000000000000000,0.000000000000000, ,Stocking plot to check area beside 875 plot (fixed),{26CE8434-B91F-4616-BE13-4336D8D436E1},9/07/2025 0:00:00, ,9/07/2025 0:00:00, ,0.000000000000000,Roy Trustee 2022 Ltd,Innovair
{64DF2456-B3EB-4452-B6BB-2F0F12F38784},725.100000000000023,No,25/11.85,41.000000000000000,1025.000000000000000,No,0.000000000000000,0.000000000000000,0.000000000000000,0.000000000000000,0.000000000000000,0.000000000000000,0.000000000000000,0.000000000000000,25/75,0.000000000000000,0.000000000000000,0.000000000000000,0.000000000000000,0.000000000000000,0.000000000000000,0.000000000000000,0.000000000000000, ,Best plot of the day,{26CE8434-B91F-4616-BE13-4336D8D436E1},9/07/2025 0:00:00, ,9/07/2025 0:00:00, ,0.000000000000000,Roy Trustee 2022 Ltd,Innovair
{BBCFF640-D1C6-4AC4-B4BB-689D5EDB4D49},1631.000000000000000,No,10/11.37,39.000000000000000,975.000000000000000,Yes,2.000000000000000,0.000000000000000,0.000000000000000,0.000000000000000,0.000000000000000,0.000000000000000,0.000000000000000,0.000000000000000,25/70,0.051282051282100,0.000000000000000,0.000000000000000,0.000000000000000,0.000000000000000,0.000000000000000,0.000000000000000,0.000000000000000, , ,{DD30DB6F-4057-4589-9919-233DC088A626},9/07/2025 0:00:00, ,9/07/2025 0:00:00, ,2.000000000000000,Roy Trustee 2022 Ltd,Forest View Contracting
{8BF57FF8-3FBA-493A-9010-FDC857C88BFE},1033.000000000000000,No,5/11.31,39.000000000000000,975.000000000000000,Yes,0.000000000000000,0.000000000000000,2.000000000000000,0.000000000000000,0.000000000000000,0.000000000000000,0.000000000000000,0.000000000000000,25/70,0.000000000000000,0.000000000000000,0.051282051282100,0.000000000000000,0.000000000000000,0.000000000000000,0.000000000000000,0.000000000000000, , ,{DD30DB6F-4057-4589-9919-233DC088A626},9/07/2025 0:00:00, ,9/07/2025 0:00:00, ,6.000000000000000,Roy Trustee 2022 Ltd,Forest View Contracting
{43E9EF3A-819E-41B4-A28A-E7D158DB6EBA},1049.000000000000000,No,5/11.31,39.000000000000000,975.000000000000000,Yes,0.000000000000000,0.000000000000000,1.000000000000000,0.000000000000000,0.000000000000000,0.000000000000000,0.000000000000000,0.000000000000000,25/70,0.000000000000000,0.000000000000000,0.025641025641000,0.000000000000000,0.000000000000000,0.000000000000000,0.000000000000000,0.000000000000000, , ,{DD30DB6F-4057-4589-9919-233DC088A626},9/07/2025 0:00:00, ,9/07/2025 0:00:00, ,3.000000000000000,Roy Trustee 2022 Ltd,Forest View Contracting
{38F971DA-517D-409E-8313-850BE675DEE7},1051.000000000000000,No,5/11.31,42.000000000000000,1050.000000000000000,No,0.000000000000000,0.000000000000000,0.000000000000000,0.000000000000000,0.000000000000000,0.000000000000000,0.000000000000000,0.000000000000000,25/70,0.000000000000000,0.000000000000000,0.000000000000000,0.000000000000000,0.000000000000000,0.000000000000000,0.000000000000000,0.000000000000000, , ,{DD30DB6F-4057-4589-9919-233DC088A626},9/07/2025 0:00:00, ,9/07/2025 0:00:00, ,0.000000000000000,Roy Trustee 2022 Ltd,Forest View Contracting
{85BF99D7-1E8B-4B6D-941A-F5D5235D810A},1055.000000000000000,No,10/11.37,37.000000000000000,925.000000000000000,Yes,0.000000000000000,0.000000000000000,0.000000000000000,0.000000000000000,0.000000000000000,1.000000000000000,1.000000000000000,0.000000000000000,25/70,0.000000000000000,0.000000000000000,0.000000000000000,0.000000000000000,0.000000000000000,0.027027027027000,0.027027027027000,0.000000000000000, , ,{DD30DB6F-4057-4589-9919-233DC088A626},9/07/2025 0:00:00, ,9/07/2025 0:00:00, ,6.000000000000000,Roy Trustee 2022 Ltd,Forest View Contracting
{39F8C161-55EA-4203-A4A6-097E2E0DABF3},1067.000000000000000,No,5/11.31,38.000000000000000,950.000000000000000,Yes,0.000000000000000,0.000000000000000,1.000000000000000,0.000000000000000,0.000000000000000,0.000000000000000,0.000000000000000,0.000000000000000,25/70,0.000000000000000,0.000000000000000,0.026315789473700,0.000000000000000,0.000000000000000,0.000000000000000,0.000000000000000,0.000000000000000, , ,{DD30DB6F-4057-4589-9919-233DC088A626},9/07/2025 0:00:00, ,9/07/2025 0:00:00, ,3.000000000000000,Roy Trustee 2022 Ltd,Forest View Contracting
{B1A8D572-4EE4-4798-B25C-B756C521F01D},1669.000000000000000,No,0/11.31,35.000000000000000,875.000000000000000,Yes,0.000000000000000,0.000000000000000,1.000000000000000,0.000000000000000,0.000000000000000,0.000000000000000,2.000000000000000,0.000000000000000,25/70,0.000000000000000,0.000000000000000,0.028571428571400,0.000000000000000,0.000000000000000,0.000000000000000,0.057142857142900,0.000000000000000,Yes, ,{DD30DB6F-4057-4589-9919-233DC088A626},9/07/2025 0:00:00, ,9/07/2025 0:00:00, ,9.000000000000000,Roy Trustee 2022 Ltd,Forest View Contracting
{0492D5E9-CEB8-4B8A-9196-EBC248D89F05},1053.000000000000000,No,10/11.37,36.000000000000000,900.000000000000000,Yes,0.000000000000000,0.000000000000000,0.000000000000000,0.000000000000000,0.000000000000000,0.000000000000000,3.000000000000000,0.000000000000000,25/70,0.000000000000000,0.000000000000000,0.000000000000000,0.000000000000000,0.000000000000000,0.000000000000000,0.083333333333300,0.000000000000000,Yes,One planter 3 loose on same line,{DD30DB6F-4057-4589-9919-233DC088A626},9/07/2025 0:00:00, ,9/07/2025 0:00:00, ,9.000000000000000,Roy Trustee 2022 Ltd,Forest View Contracting
{3357259B-5C42-43F3-8DD3-EBFC7EB77DAE},127.000000000000000,No,0/11.31,41.000000000000000,1025.000000000000000,Yes,0.000000000000000,3.000000000000000,1.000000000000000,0.000000000000000,0.000000000000000,0.000000000000000,0.000000000000000,0.000000000000000,25/25,0.000000000000000,0.000000000000000,0.000000000000000,0.000000000000000,0.000000000000000,0.000000000000000,0.000000000000000,0.000000000000000, , ,{02DA04DF-D76E-4C98-AE9B-4E7B69072B0D},9/07/2025 0:00:00, ,25/09/2025 0:00:00,ScarlettMichelle,6.000000000000000,Roy Trustee 2022 Ltd,Proforest
{2379D19E-8BB8-4516-83B4-D4D0D5D98230},129.000000000000000,No,0/11.31,38.000000000000000,950.000000000000000,Yes,2.000000000000000,2.000000000000000,0.000000000000000,0.000000000000000,0.000000000000000,0.000000000000000,0.000000000000000,0.000000000000000,25/25,0.000000000000000,0.000000000000000,0.000000000000000,0.000000000000000,0.000000000000000,0.000000000000000,0.000000000000000,0.000000000000000, , ,{02DA04DF-D76E-4C98-AE9B-4E7B69072B0D},9/07/2025 0:00:00, ,25/09/2025 0:00:00,ScarlettMichelle,4.000000000000000,Roy Trustee 2022 Ltd,Proforest
{10233E86-9CC2-463E-9A20-1698B5151899},165.000000000000000,No,5/11.31,37.000000000000000,925.000000000000000,Yes,0.000000000000000,2.000000000000000,0.000000000000000,0.000000000000000,0.000000000000000,0.000000000000000,0.000000000000000,0.000000000000000,25/25,0.000000000000000,0.054054054054100,0.000000000000000,0.000000000000000,0.000000000000000,0.000000000000000,0.000000000000000,0.000000000000000, , ,{02DA04DF-D76E-4C98-AE9B-4E7B69072B0D},9/07/2025 0:00:00, ,9/07/2025 0:00:00, ,2.000000000000000,Roy Trustee 2022 Ltd,Proforest
{8631B182-7E73-4EA1-AB20-F7B16F0F9025},179.000000000000000,No,15/11.48,38.000000000000000,950.000000000000000,Yes,1.000000000000000,2.000000000000000,0.000000000000000,0.000000000000000,0.000000000000000,0.000000000000000,0.000000000000000,0.000000000000000,25/25,0.026315789473700,0.052631578947400,0.000000000000000,0.000000000000000,0.000000000000000,0.000000000000000,0.000000000000000,0.000000000000000, , ,{02DA04DF-D76E-4C98-AE9B-4E7B69072B0D},9/07/2025 0:00:00, ,9/07/2025 0:00:00, ,3.000000000000000,Roy Trustee 2022 Ltd,Proforest
{D4158F55-0A1B-4CE6-BF28-A20BA0FD5FB5},193.000000000000000,No,0/11.31,42.000000000000000,1050.000000000000000,Yes,0.000000000000000,2.000000000000000,1.000000000000000,0.000000000000000,0.000000000000000,0.000000000000000,0.000000000000000,0.000000000000000,25/25,0.000000000000000,0.047619047619000,0.023809523809500,0.000000000000000,0.000000000000000,0.000000000000000,0.000000000000000,0.000000000000000, , ,{02DA04DF-D76E-4C98-AE9B-4E7B69072B0D},9/07/2025 0:00:00, ,9/07/2025 0:00:00, ,5.000000000000000,Roy Trustee 2022 Ltd,Proforest
{B9C80833-B2C1-4940-A509-2A95D91E2C7B},207.000000000000000,No,5/11.31,42.000000000000000,1050.000000000000000,Yes,1.000000000000000,3.000000000000000,0.000000000000000,0.000000000000000,0.000000000000000,0.000000000000000,0.000000000000000,0.000000000000000,25/25,0.023809523809500,0.071428571428600,0.000000000000000,0.000000000000000,0.000000000000000,0.000000000000000,0.000000000000000,0.000000000000000, , ,{02DA04DF-D76E-4C98-AE9B-4E7B69072B0D},9/07/2025 0:00:00, ,9/07/2025 0:00:00, ,4.000000000000000,Roy Trustee 2022 Ltd,Proforest
{D918EE6A-8C19-4830-89F8-8A24AD3FD2B1},217.000000000000000,No,5/11.31,42.000000000000000,1050.000000000000000,Yes,0.000000000000000,3.000000000000000,0.000000000000000,0.000000000000000,0.000000000000000,0.000000000000000,0.000000000000000,0.000000000000000,25/25,0.000000000000000,0.071428571428600,0.000000000000000,0.000000000000000,0.000000000000000,0.000000000000000,0.000000000000000,0.000000000000000, , ,{02DA04DF-D76E-4C98-AE9B-4E7B69072B0D},9/07/2025 0:00:00, ,9/07/2025 0:00:00, ,3.000000000000000,Roy Trustee 2022 Ltd,Proforest
{405792F8-91C2-4668-8CBD-E2890B109B0C},215.000000000000000,No,10/11.37,43.000000000000000,1075.000000000000000,Yes,0.000000000000000,3.000000000000000,0.000000000000000,0.000000000000000,0.000000000000000,0.000000000000000,1.000000000000000,0.000000000000000,25/25,0.000000000000000,0.069767441860500,0.000000000000000,0.000000000000000,0.000000000000000,0.000000000000000,0.023255813953500,0.000000000000000, , ,{02DA04DF-D76E-4C98-AE9B-4E7B69072B0D},9/07/2025 0:00:00, ,9/07/2025 0:00:00, ,6.000000000000000,Roy Trustee 2022 Ltd,Proforest
{6949DA45-0AF9-4C6E-818C-6E1C2B7DF615},223.000000000000000,No,5/11.31,43.000000000000000,1075.000000000000000,Yes,1.000000000000000,2.000000000000000,0.000000000000000,0.000000000000000,0.000000000000000,0.000000000000000,0.000000000000000,0.000000000000000,25/25,0.023255813953500,0.046511627907000,0.000000000000000,0.000000000000000,0.000000000000000,0.000000000000000,0.000000000000000,0.000000000000000, , ,{02DA04DF-D76E-4C98-AE9B-4E7B69072B0D},9/07/2025 0:00:00, ,9/07/2025 0:00:00, ,3.000000000000000,Roy Trustee 2022 Ltd,Proforest
{ED959B54-6CC2-4E5D-8A49-A498D619C93E},203.000000000000000,No,10/11.37,38.000000000000000,950.000000000000000,Yes,0.000000000000000,4.000000000000000,0.000000000000000,0.000000000000000,0.000000000000000,0.000000000000000,0.000000000000000,0.000000000000000,25/25,0.000000000000000,0.000000000000000,0.000000000000000,0.000000000000000,0.000000000000000,0.000000000000000,0.000000000000000,0.000000000000000, , ,{02DA04DF-D76E-4C98-AE9B-4E7B69072B0D},9/07/2025 0:00:00, ,25/09/2025 0:00:00,ScarlettMichelle,4.000000000000000,Roy Trustee 2022 Ltd,Proforest
{9D51DBEA-1C67-4BCB-AFBE-47CD8DD658C3},255.000000000000000,No,10/11.37,44.000000000000000,1100.000000000000000,Yes,0.000000000000000,4.000000000000000,0.000000000000000,0.000000000000000,0.000000000000000,0.000000000000000,0.000000000000000,0.000000000000000,25/25,0.000000000000000,0.090909090909100,0.000000000000000,0.000000000000000,0.000000000000000,0.000000000000000,0.000000000000000,0.000000000000000, , ,{02DA04DF-D76E-4C98-AE9B-4E7B69072B0D},9/07/2025 0:00:00, ,9/07/2025 0:00:00, ,4.000000000000000,Roy Trustee 2022 Ltd,Proforest
{8A1C175D-D2A3-4301-803E-0C26D6A06141},801.000000000000000,No,25/11.85,36.000000000000000,900.000000000000000,No,0.000000000000000,0.000000000000000,0.000000000000000,0.000000000000000,0.000000000000000,0.000000000000000,0.000000000000000,0.000000000000000,25/5,0.000000000000000,0.000000000000000,0.000000000000000,0.000000000000000,0.000000000000000,0.000000000000000,0.000000000000000,0.000000000000000, ,Gorse patch that couldn’t get planted otherwise would’ve been higher,{223B3738-EFA9-4335-818F-4E29B5EFE669},10/07/2025 0:00:00, ,10/07/2025 0:00:00, ,0.000000000000000,Roy Trustee 2022 Ltd,Johnson Forestry Services
{BD89E389-F0C4-4101-A12A-B53BC9558DCB},805.000000000000000,No,30/12.13,37.000000000000000,925.000000000000000,No,0.000000000000000,0.000000000000000,0.000000000000000,0.000000000000000,0.000000000000000,0.000000000000000,0.000000000000000,0.000000000000000,25/5,0.000000000000000,0.000000000000000,0.000000000000000,0.000000000000000,0.000000000000000,0.000000000000000,0.000000000000000,0.000000000000000, , ,{223B3738-EFA9-4335-818F-4E29B5EFE669},10/07/2025 0:00:00, ,10/07/2025 0:00:00, ,0.000000000000000,Roy Trustee 2022 Ltd,Johnson Forestry Services
{FF8D5A2E-1A62-403D-8C5C-D19E3003BD13},723.000000000000000,No,25/11.85,38.000000000000000,950.000000000000000,Yes,0.000000000000000,0.000000000000000,2.000000000000000,0.000000000000000,0.000000000000000,0.000000000000000,0.000000000000000,0.000000000000000,25/75,0.000000000000000,0.000000000000000,0.052631578947400,0.000000000000000,0.000000000000000,0.000000000000000,0.000000000000000,0.000000000000000, ,"Quite a rocky area in this plot. One roots up seemed because of extra long roots, other one was inexcusable",{615B711A-B815-4AD4-B374-068FD2531C05},10/07/2025 0:00:00, ,10/07/2025 0:00:00, ,6.000000000000000,Roy Trustee 2022 Ltd,Innovair
{B1C0D451-82EF-499E-8AB4-41C745B658EA},735.000000000000000,No,25/11.85,46.000000000000000,1150.000000000000000,Yes,0.000000000000000,1.000000000000000,1.000000000000000,0.000000000000000,0.000000000000000,0.000000000000000,0.000000000000000,0.000000000000000,25/75,0.000000000000000,0.021739130434800,0.021739130434800,0.000000000000000,0.000000000000000,0.000000000000000,0.000000000000000,0.000000000000000,Yes,Couple of trees in through the mategari that were to close. Have fixed plot and will check another area across face to make sure stocking is fine. Plot is now 1100,{615B711A-B815-4AD4-B374-068FD2531C05},10/07/2025 0:00:00, ,10/07/2025 0:00:00, ,4.000000000000000,Roy Trustee 2022 Ltd,Innovair
{C6D8F670-440A-4831-9EF0-08A615282D1B},743.000000000000000,No,20/11.64,44.000000000000000,1100.000000000000000,Yes,0.000000000000000,1.000000000000000,1.000000000000000,0.000000000000000,0.000000000000000,0.000000000000000,0.000000000000000,0.000000000000000,25/75,0.000000000000000,0.022727272727300,0.022727272727300,0.000000000000000,0.000000000000000,0.000000000000000,0.000000000000000,0.000000000000000, , ,{615B711A-B815-4AD4-B374-068FD2531C05},10/07/2025 0:00:00, ,10/07/2025 0:00:00, ,4.000000000000000,Roy Trustee 2022 Ltd,Innovair
{0CD4C036-5174-4DEE-A094-8E9EB609C5D6},867.000000000000000,No,10/11.37,42.000000000000000,1050.000000000000000,Yes,0.000000000000000,0.000000000000000,1.000000000000000,0.000000000000000,0.000000000000000,0.000000000000000,0.000000000000000,0.000000000000000,25/6,0.000000000000000,0.000000000000000,0.023809523809500,0.000000000000000,0.000000000000000,0.000000000000000,0.000000000000000,0.000000000000000, , ,{22B134E3-BBB6-42E4-BF62-F068CF8B5ACF},10/07/2025 0:00:00, ,10/07/2025 0:00:00, ,3.000000000000000,Roy Trustee 2022 Ltd,Johnson Forestry Services
{3D70BB29-EC16-4796-BD8A-0BFD669DDC6B},745.100000000000023,No,20/11.64,43.000000000000000,1075.000000000000000,Yes,0.000000000000000,0.000000000000000,0.000000000000000,0.000000000000000,0.000000000000000,1.000000000000000,0.000000000000000,0.000000000000000,25/75,0.000000000000000,0.000000000000000,0.000000000000000,0.000000000000000,0.000000000000000,0.023255813953500,0.000000000000000,0.000000000000000, ,"One tree I checked had one small root up, so I checked two trees more on the same line and they were fine, therefore didn’t count it.",{F0E66B37-3EBE-41D1-9532-83FBE2B5342B},11/07/2025 0:00:00, ,11/07/2025 0:00:00, ,3.000000000000000,Roy Trustee 2022 Ltd,Innovair
{54B9D494-3489-461C-83DA-3665FD044A3D},745.000000000000000,No,20/11.64,44.000000000000000,1100.000000000000000,Yes,0.000000000000000,0.000000000000000,1.000000000000000,0.000000000000000,0.000000000000000,0.000000000000000,0.000000000000000,0.000000000000000,25/75,0.000000000000000,0.000000000000000,0.022727272727300,0.000000000000000,0.000000000000000,0.000000000000000,0.000000000000000,0.000000000000000, , ,{F0E66B37-3EBE-41D1-9532-83FBE2B5342B},11/07/2025 0:00:00, ,11/07/2025 0:00:00, ,3.000000000000000,Roy Trustee 2022 Ltd,Innovair
{1B6A727E-EF86-4226-9C34-9ECB2BD86F34},841.000000000000000,No,15/11.48,38.000000000000000,950.000000000000000,Yes,0.000000000000000,1.000000000000000,1.000000000000000,0.000000000000000,0.000000000000000,0.000000000000000,0.000000000000000,0.000000000000000,25/6,0.000000000000000,0.026315789473700,0.026315789473700,0.000000000000000,0.000000000000000,0.000000000000000,0.000000000000000,0.000000000000000, , ,{035838AF-EC2D-46D4-A1DD-AF4FFCBABF3E},11/07/2025 0:00:00, ,11/07/2025 0:00:00, ,4.000000000000000,Roy Trustee 2022 Ltd,Johnson Forestry Services
{FF27821E-AC3C-49D7-8B68-BEA72597D2CF},869.000000000000000,No,20/11.64,39.000000000000000,975.000000000000000,Yes,0.000000000000000,2.000000000000000,0.000000000000000,0.000000000000000,0.000000000000000,1.000000000000000,0.000000000000000,0.000000000000000,25/6,0.000000000000000,0.051282051282100,0.000000000000000,0.000000000000000,0.000000000000000,0.025641025641000,0.000000000000000,0.000000000000000, , ,{035838AF-EC2D-46D4-A1DD-AF4FFCBABF3E},11/07/2025 0:00:00, ,11/07/2025 0:00:00, ,5.000000000000000,Roy Trustee 2022 Ltd,Johnson Forestry Services
{A82C36E8-58FE-4629-AA8B-1226A99BE030},853.000000000000000,No,20/11.64,42.000000000000000,1050.000000000000000,Yes,0.000000000000000,0.000000000000000,1.000000000000000,0.000000000000000,0.000000000000000,1.000000000000000,0.000000000000000,0.000000000000000,25/6,0.000000000000000,0.000000000000000,0.023809523809500,0.000000000000000,0.000000000000000,0.023809523809500,0.000000000000000,0.000000000000000, , ,{035838AF-EC2D-46D4-A1DD-AF4FFCBABF3E},11/07/2025 0:00:00, ,11/07/2025 0:00:00, ,6.000000000000000,Roy Trustee 2022 Ltd,Johnson Forestry Services
{4C5C3444-E02A-49AF-B785-38971024BCC6},810.000000000000000,Yes,15/11.48,42.000000000000000,1050.000000000000000,No,0.000000000000000,0.000000000000000,0.000000000000000,0.000000000000000,0.000000000000000,0.000000000000000,0.000000000000000,0.000000000000000,25/6,0.000000000000000,0.000000000000000,0.000000000000000,0.000000000000000,0.000000000000000,0.000000000000000,0.000000000000000,0.000000000000000, , ,{9F0F2F8F-A8FD-48A5-97B0-60D9EF9C771C},11/07/2025 0:00:00, ,11/07/2025 0:00:00, ,0.000000000000000,Roy Trustee 2022 Ltd,Johnson Forestry Services
{42452340-C333-4A26-8E0D-FD038BA27551},817.000000000000000,No,15/11.48,40.000000000000000,1000.000000000000000,No,0.000000000000000,0.000000000000000,0.000000000000000,0.000000000000000,0.000000000000000,0.000000000000000,0.000000000000000,0.000000000000000,25/6,0.000000000000000,0.000000000000000,0.000000000000000,0.000000000000000,0.000000000000000,0.000000000000000,0.000000000000000,0.000000000000000, , ,{9F0F2F8F-A8FD-48A5-97B0-60D9EF9C771C},11/07/2025 0:00:00, ,11/07/2025 0:00:00, ,0.000000000000000,Roy Trustee 2022 Ltd,Johnson Forestry Services
{D9721D86-D4F4-4242-A3FB-C91A23A98674},807.000000000000000,No,5/11.31,43.000000000000000,1075.000000000000000,Yes,0.000000000000000,0.000000000000000,1.000000000000000,0.000000000000000,0.000000000000000,0.000000000000000,0.000000000000000,0.000000000000000,25/6,0.000000000000000,0.000000000000000,0.023255813953500,0.000000000000000,0.000000000000000,0.000000000000000,0.000000000000000,0.000000000000000, , ,{9F0F2F8F-A8FD-48A5-97B0-60D9EF9C771C},11/07/2025 0:00:00, ,11/07/2025 0:00:00, ,3.000000000000000,Roy Trustee 2022 Ltd,Johnson Forestry Services
{5982AC68-A3D7-468F-8CBC-D3516EA1FB88},821.000000000000000,No,15/11.48,37.000000000000000,925.000000000000000,Yes,0.000000000000000,2.000000000000000,0.000000000000000,0.000000000000000,0.000000000000000,0.000000000000000,0.000000000000000,0.000000000000000,25/6,0.000000000000000,0.054054054054100,0.000000000000000,0.000000000000000,0.000000000000000,0.000000000000000,0.000000000000000,0.000000000000000, , ,{9F0F2F8F-A8FD-48A5-97B0-60D9EF9C771C},11/07/2025 0:00:00, ,11/07/2025 0:00:00, ,2.000000000000000,Roy Trustee 2022 Ltd,Johnson Forestry Services
{C32F9534-9D08-4846-8319-8FC37FC046D6},831.000000000000000,No,15/11.48,38.000000000000000,950.000000000000000,Yes,1.000000000000000,0.000000000000000,0.000000000000000,0.000000000000000,0.000000000000000,0.000000000000000,1.000000000000000,0.000000000000000,25/6,0.026315789473700,0.000000000000000,0.000000000000000,0.000000000000000,0.000000000000000,0.000000000000000,0.026315789473700,0.000000000000000, , ,{9F0F2F8F-A8FD-48A5-97B0-60D9EF9C771C},11/07/2025 0:00:00, ,11/07/2025 0:00:00, ,4.000000000000000,Roy Trustee 2022 Ltd,Johnson Forestry Services
{FCEC4617-1713-4D32-B8BE-67D6D8907100},809.000000000000000,No,15/11.48,37.000000000000000,925.000000000000000,Yes,2.000000000000000,0.000000000000000,0.000000000000000,0.000000000000000,0.000000000000000,0.000000000000000,0.000000000000000,0.000000000000000,25/6,0.054054054054100,0.000000000000000,0.000000000000000,0.000000000000000,0.000000000000000,0.000000000000000,0.000000000000000,0.000000000000000, , ,{9F0F2F8F-A8FD-48A5-97B0-60D9EF9C771C},11/07/2025 0:00:00, ,11/07/2025 0:00:00, ,2.000000000000000,Roy Trustee 2022 Ltd,Johnson Forestry Services
{9B3F656E-FA71-43E4-B3F5-93B721A84DE6},813.000000000000000,No,20/11.64,43.000000000000000,1075.000000000000000,Yes,0.000000000000000,2.000000000000000,0.000000000000000,0.000000000000000,0.000000000000000,0.000000000000000,0.000000000000000,0.000000000000000,25/6,0.000000000000000,0.046511627907000,0.000000000000000,0.000000000000000,0.000000000000000,0.000000000000000,0.000000000000000,0.000000000000000, , ,{9F0F2F8F-A8FD-48A5-97B0-60D9EF9C771C},11/07/2025 0:00:00, ,11/07/2025 0:00:00, ,2.000000000000000,Roy Trustee 2022 Ltd,Johnson Forestry Services
{BB831B2F-3B81-4209-9752-3E3D2DD383BC},819.000000000000000,No,5/11.31,37.000000000000000,925.000000000000000,No,0.000000000000000,0.000000000000000,0.000000000000000,0.000000000000000,0.000000000000000,0.000000000000000,0.000000000000000,0.000000000000000,25/6,0.000000000000000,0.000000000000000,0.000000000000000,0.000000000000000,0.000000000000000,0.000000000000000,0.000000000000000,0.000000000000000, , ,{9F0F2F8F-A8FD-48A5-97B0-60D9EF9C771C},11/07/2025 0:00:00, ,11/07/2025 0:00:00, ,0.000000000000000,Roy Trustee 2022 Ltd,Johnson Forestry Services
{3FD30AA9-24C8-45A0-9A23-54C8CE0C8B96},811.000000000000000,No,15/11.48,36.000000000000000,900.000000000000000,No,0.000000000000000,0.000000000000000,0.000000000000000,0.000000000000000,0.000000000000000,0.000000000000000,0.000000000000000,0.000000000000000,25/6,0.000000000000000,0.000000000000000,0.000000000000000,0.000000000000000,0.000000000000000,0.000000000000000,0.000000000000000,0.000000000000000, , ,{9F0F2F8F-A8FD-48A5-97B0-60D9EF9C771C},11/07/2025 0:00:00, ,11/07/2025 0:00:00, ,0.000000000000000,Roy Trustee 2022 Ltd,Johnson Forestry Services
{E5CA8C45-D4E9-4423-8CFB-8A9A33F757CB},881.000000000000000,No,10/11.37,42.000000000000000,1050.000000000000000,Yes,0.000000000000000,0.000000000000000,0.000000000000000,0.000000000000000,0.000000000000000,0.000000000000000,2.000000000000000,0.000000000000000,25/6,0.000000000000000,0.000000000000000,0.000000000000000,0.000000000000000,0.000000000000000,0.000000000000000,0.047619047619000,0.000000000000000, , ,{9F0F2F8F-A8FD-48A5-97B0-60D9EF9C771C},11/07/2025 0:00:00, ,11/07/2025 0:00:00, ,6.000000000000000,Roy Trustee 2022 Ltd,Johnson Forestry Services
{3A1C0250-EEEE-4C7B-A78A-61F0C23FCA4E},837.000000000000000,No,20/11.64,38.000000000000000,950.000000000000000,Yes,0.000000000000000,1.000000000000000,0.000000000000000,0.000000000000000,0.000000000000000,0.000000000000000,1.000000000000000,0.000000000000000,25/6,0.000000000000000,0.026315789473700,0.000000000000000,0.000000000000000,0.000000000000000,0.000000000000000,0.026315789473700,0.000000000000000, , ,{9F0F2F8F-A8FD-48A5-97B0-60D9EF9C771C},11/07/2025 0:00:00, ,11/07/2025 0:00:00, ,4.000000000000000,Roy Trustee 2022 Ltd,Johnson Forestry Services
{6283CA9A-3C42-4FCB-AE9F-379ECD080E2C},855.000000000000000,No,15/11.48,36.000000000000000,900.000000000000000,Yes,0.000000000000000,0.000000000000000,0.000000000000000,0.000000000000000,0.000000000000000,0.000000000000000,1.000000000000000,0.000000000000000,25/6,0.000000000000000,0.000000000000000,0.000000000000000,0.000000000000000,0.000000000000000,0.000000000000000,0.027777777777800,0.000000000000000, , ,{9F0F2F8F-A8FD-48A5-97B0-60D9EF9C771C},11/07/2025 0:00:00, ,11/07/2025 0:00:00, ,3.000000000000000,Roy Trustee 2022 Ltd,Johnson Forestry Services
{D626DF60-CF36-430C-8E17-3457AC3F0A2E},439.000000000000000,No,10/11.37,40.000000000000000,1000.000000000000000,Yes,0.000000000000000,3.000000000000000,0.000000000000000,0.000000000000000,0.000000000000000,0.000000000000000,0.000000000000000,1.000000000000000,25/72,0.000000000000000,0.075000000000000,0.000000000000000,0.000000000000000,0.000000000000000,0.000000000000000,0.000000000000000,0.025000000000000, , ,{FD92F2EF-C03F-4D96-A7C5-2D4FACD3C2F0},13/07/2025 0:00:00, ,13/07/2025 0:00:00, ,6.000000000000000,Roy Trustee 2022 Ltd,Proforest
{E3E0796C-3972-4435-A72A-2AD0A76B4B1F},437.000000000000000,No,20/11.64,44.000000000000000,1100.000000000000000,Yes,0.000000000000000,2.000000000000000,0.000000000000000,0.000000000000000,0.000000000000000,0.000000000000000,0.000000000000000,0.000000000000000,25/72,0.000000000000000,0.045454545454500,0.000000000000000,0.000000000000000,0.000000000000000,0.000000000000000,0.000000000000000,0.000000000000000, , ,{FD92F2EF-C03F-4D96-A7C5-2D4FACD3C2F0},13/07/2025 0:00:00, ,13/07/2025 0:00:00, ,2.000000000000000,Roy Trustee 2022 Ltd,Proforest
{E6C57350-9CA2-4D85-95AD-6034A97B8102},425.000000000000000,No,5/11.31,40.000000000000000,1000.000000000000000,Yes,0.000000000000000,3.000000000000000,0.000000000000000,0.000000000000000,0.000000000000000,0.000000000000000,0.000000000000000,0.000000000000000,25/72,0.000000000000000,0.075000000000000,0.000000000000000,0.000000000000000,0.000000000000000,0.000000000000000,0.000000000000000,0.000000000000000, , ,{FD92F2EF-C03F-4D96-A7C5-2D4FACD3C2F0},13/07/2025 0:00:00, ,13/07/2025 0:00:00, ,3.000000000000000,Roy Trustee 2022 Ltd,Proforest
{32967D46-476B-4DDD-BB5B-243810B6B480},427.000000000000000,No,10/11.37,42.000000000000000,1050.000000000000000,Yes,0.000000000000000,3.000000000000000,0.000000000000000,0.000000000000000,0.000000000000000,0.000000000000000,0.000000000000000,0.000000000000000,25/72,0.000000000000000,0.071428571428600,0.000000000000000,0.000000000000000,0.000000000000000,0.000000000000000,0.000000000000000,0.000000000000000, , ,{FD92F2EF-C03F-4D96-A7C5-2D4FACD3C2F0},13/07/2025 0:00:00, ,13/07/2025 0:00:00, ,3.000000000000000,Roy Trustee 2022 Ltd,Proforest
{6FD0DD1F-409A-4DF9-8E68-919DEDADE558},411.000000000000000,No,0/11.31,39.000000000000000,975.000000000000000,Yes,0.000000000000000,3.000000000000000,0.000000000000000,0.000000000000000,0.000000000000000,0.000000000000000,0.000000000000000,0.000000000000000,25/72,0.000000000000000,0.076923076923100,0.000000000000000,0.000000000000000,0.000000000000000,0.000000000000000,0.000000000000000,0.000000000000000, , ,{FD92F2EF-C03F-4D96-A7C5-2D4FACD3C2F0},13/07/2025 0:00:00, ,13/07/2025 0:00:00, ,3.000000000000000,Roy Trustee 2022 Ltd,Proforest
{0799CDF5-FA42-44EB-BA61-2E5B846F9927},393.000000000000000,No,5/11.31,36.000000000000000,900.000000000000000,Yes,0.000000000000000,2.000000000000000,1.000000000000000,0.000000000000000,0.000000000000000,0.000000000000000,0.000000000000000,0.000000000000000,25/72,0.000000000000000,0.000000000000000,0.027777777777800,0.000000000000000,0.000000000000000,0.000000000000000,0.000000000000000,0.000000000000000, , ,{FD92F2EF-C03F-4D96-A7C5-2D4FACD3C2F0},13/07/2025 0:00:00, ,13/07/2025 0:00:00, ,5.000000000000000,Roy Trustee 2022 Ltd,Proforest
{B757565E-E85E-4B8C-BFCD-6DC760A9B15E},375.000000000000000,No,0/11.31,42.000000000000000,1050.000000000000000,Yes,0.000000000000000,2.000000000000000,0.000000000000000,0.000000000000000,0.000000000000000,0.000000000000000,0.000000000000000,0.000000000000000,25/72,0.000000000000000,0.047619047619000,0.000000000000000,0.000000000000000,0.000000000000000,0.000000000000000,0.000000000000000,0.000000000000000, , ,{FD92F2EF-C03F-4D96-A7C5-2D4FACD3C2F0},13/07/2025 0:00:00, ,13/07/2025 0:00:00, ,2.000000000000000,Roy Trustee 2022 Ltd,Proforest
{BA34998E-7239-48D3-A8CB-68065C0B027D},377.000000000000000,No,0/11.31,42.000000000000000,1050.000000000000000,Yes,0.000000000000000,3.000000000000000,0.000000000000000,0.000000000000000,0.000000000000000,0.000000000000000,0.000000000000000,0.000000000000000,25/72,0.000000000000000,0.071428571428600,0.000000000000000,0.000000000000000,0.000000000000000,0.000000000000000,0.000000000000000,0.000000000000000, , ,{FD92F2EF-C03F-4D96-A7C5-2D4FACD3C2F0},13/07/2025 0:00:00, ,13/07/2025 0:00:00, ,0.000000000000000,Roy Trustee 2022 Ltd,Proforest
{29060EC0-A773-43F1-9E04-E7E3C798F000},871.000000000000000,No,15/11.48,43.000000000000000,1075.000000000000000,No,0.000000000000000,0.000000000000000,0.000000000000000,0.000000000000000,0.000000000000000,0.000000000000000,0.000000000000000,0.000000000000000,25/6,0.000000000000000,0.000000000000000,0.000000000000000,0.000000000000000,0.000000000000000,0.000000000000000,0.000000000000000,0.000000000000000, , ,{37EAFE40-6725-4BD7-874E-BB02B031755C},14/07/2025 0:00:00, ,14/07/2025 0:00:00, ,0.000000000000000,Roy Trustee 2022 Ltd,Johnson Forestry Services
{854D4D42-767D-4E6E-80D9-6BCF60D42A2C},857.000000000000000,No,15/11.48,40.000000000000000,1000.000000000000000,Yes,1.000000000000000,0.000000000000000,0.000000000000000,0.000000000000000,0.000000000000000,1.000000000000000,0.000000000000000,0.000000000000000,25/6,0.025000000000000,0.000000000000000,0.000000000000000,0.000000000000000,0.000000000000000,0.025000000000000,0.000000000000000,0.000000000000000, , ,{37EAFE40-6725-4BD7-874E-BB02B031755C},14/07/2025 0:00:00, ,14/07/2025 0:00:00, ,4.000000000000000,Roy Trustee 2022 Ltd,Johnson Forestry Services
{599A261E-9B40-4270-80D5-CB2BC6420185},723.100000000000023,No,20/11.64,45.000000000000000,1125.000000000000000,Yes,0.000000000000000,0.000000000000000,0.000000000000000,0.000000000000000,0.000000000000000,1.000000000000000,0.000000000000000,0.000000000000000,25/75,0.000000000000000,0.000000000000000,0.000000000000000,0.000000000000000,0.000000000000000,0.022222222222200,0.000000000000000,0.000000000000000,Yes,Plot came out 1 tree too high. Have had a good look around same ridge and am not to concerned about high stocking throughout. Have left as is,{47BF2F09-5D1F-4F7C-B977-944D219B18AE},14/07/2025 0:00:00, ,14/07/2025 0:00:00, ,3.000000000000000,Roy Trustee 2022 Ltd,Innovair
{BFCDB437-0A7A-48B1-BF70-D4C3876521FF},697.000000000000000,No,25/11.85,43.000000000000000,1075.000000000000000,No,0.000000000000000,0.000000000000000,0.000000000000000,0.000000000000000,0.000000000000000,0.000000000000000,0.000000000000000,0.000000000000000,25/75,0.000000000000000,0.000000000000000,0.000000000000000,0.000000000000000,0.000000000000000,0.000000000000000,0.000000000000000,0.000000000000000, ,Honestly couldn’t fault this plot at all. One of the best iv done in the block,{47BF2F09-5D1F-4F7C-B977-944D219B18AE},14/07/2025 0:00:00, ,14/07/2025 0:00:00, ,0.000000000000000,Roy Trustee 2022 Ltd,Innovair
{E479D539-C631-4176-BD90-92815347D1D5},675.000000000000000,No,20/11.64,41.000000000000000,1025.000000000000000,Yes,0.000000000000000,1.000000000000000,0.000000000000000,0.000000000000000,0.000000000000000,1.000000000000000,0.000000000000000,0.000000000000000,25/75,0.000000000000000,0.024390243902400,0.000000000000000,0.000000000000000,0.000000000000000,0.024390243902400,0.000000000000000,0.000000000000000, ,"Moved plot up a bit due to large swampy area interfering 
",{47BF2F09-5D1F-4F7C-B977-944D219B18AE},14/07/2025 0:00:00, ,14/07/2025 0:00:00, ,4.000000000000000,Roy Trustee 2022 Ltd,Innovair
{5D5D8499-7981-4A20-939A-59C4F6611EC8},851.000000000000000,No,10/11.37,38.000000000000000,950.000000000000000,No,0.000000000000000,0.000000000000000,0.000000000000000,0.000000000000000,0.000000000000000,0.000000000000000,0.000000000000000,0.000000000000000,25/6,0.000000000000000,0.000000000000000,0.000000000000000,0.000000000000000,0.000000000000000,0.000000000000000,0.000000000000000,0.000000000000000, , ,{930691C9-80B9-49AB-A94B-D9945A38121E},14/07/2025 0:00:00, ,14/07/2025 0:00:00, ,0.000000000000000,Roy Trustee 2022 Ltd,Johnson Forestry Services
{DB719732-BABB-4C23-A9BA-5A4EC8909CAB},839.000000000000000,No,30/12.13,44.000000000000000,1100.000000000000000,Yes,0.000000000000000,0.000000000000000,0.000000000000000,0.000000000000000,0.000000000000000,0.000000000000000,2.000000000000000,0.000000000000000,25/6,0.000000000000000,0.000000000000000,0.000000000000000,0.000000000000000,0.000000000000000,0.000000000000000,0.045454545454500,0.000000000000000, ,Plot moved away from creek and vegetation,{930691C9-80B9-49AB-A94B-D9945A38121E},14/07/2025 0:00:00, ,14/07/2025 0:00:00, ,6.000000000000000,Roy Trustee 2022 Ltd,Johnson Forestry Services
{882A0E24-0CAD-4256-9079-1D896B8B6852},873.000000000000000,No,5/11.31,39.000000000000000,975.000000000000000,No,0.000000000000000,0.000000000000000,0.000000000000000,0.000000000000000,0.000000000000000,0.000000000000000,0.000000000000000,0.000000000000000,25/6,0.000000000000000,0.000000000000000,0.000000000000000,0.000000000000000,0.000000000000000,0.000000000000000,0.000000000000000,0.000000000000000, , ,{930691C9-80B9-49AB-A94B-D9945A38121E},14/07/2025 0:00:00, ,14/07/2025 0:00:00, ,0.000000000000000,Roy Trustee 2022 Ltd,Johnson Forestry Services
{1BDC48F5-48C0-4E3B-B576-8A8358010C90},2081.000000000000000,No,5/11.31,36.000000000000000,900.000000000000000,No,0.000000000000000,0.000000000000000,0.000000000000000,0.000000000000000,0.000000000000000,0.000000000000000,0.000000000000000,0.000000000000000,25/7,0.000000000000000,0.000000000000000,0.000000000000000,0.000000000000000,0.000000000000000,0.000000000000000,0.000000000000000,0.000000000000000, , ,{DA7DA615-2944-421B-8154-6CCCD9E88CDE},14/07/2025 0:00:00, ,14/07/2025 0:00:00, ,0.000000000000000,Roy Trustee 2022 Ltd,Johnson Forestry Services
{6AA702BB-4917-47E0-81E3-39795110E194},2097.000000000000000,No,10/11.37,38.000000000000000,950.000000000000000,Yes,0.000000000000000,0.000000000000000,0.000000000000000,0.000000000000000,0.000000000000000,0.000000000000000,1.000000000000000,0.000000000000000,25/7,0.000000000000000,0.000000000000000,0.000000000000000,0.000000000000000,0.000000000000000,0.000000000000000,0.026315789473700,0.000000000000000, , ,{DA7DA615-2944-421B-8154-6CCCD9E88CDE},14/07/2025 0:00:00, ,14/07/2025 0:00:00, ,3.000000000000000,Roy Trustee 2022 Ltd,Johnson Forestry Services
{24C3F3DD-6574-4BB2-8334-7BC7D3675E11},2111.000000000000000,No,15/11.48,39.000000000000000,975.000000000000000,Yes,0.000000000000000,0.000000000000000,0.000000000000000,0.000000000000000,0.000000000000000,0.000000000000000,1.000000000000000,0.000000000000000,25/7,0.000000000000000,0.000000000000000,0.000000000000000,0.000000000000000,0.000000000000000,0.000000000000000,0.025641025641000,0.000000000000000, , ,{DA7DA615-2944-421B-8154-6CCCD9E88CDE},14/07/2025 0:00:00, ,14/07/2025 0:00:00, ,3.000000000000000,Roy Trustee 2022 Ltd,Johnson Forestry Services
{4F319318-EDFE-40E9-95D5-7EFD3218DA95},2125.000000000000000,No,20/11.64,44.000000000000000,1100.000000000000000,Yes,0.000000000000000,0.000000000000000,0.000000000000000,0.000000000000000,0.000000000000000,0.000000000000000,2.000000000000000,0.000000000000000,25/7,0.000000000000000,0.000000000000000,0.000000000000000,0.000000000000000,0.000000000000000,0.000000000000000,0.045454545454500,0.000000000000000, , ,{DA7DA615-2944-421B-8154-6CCCD9E88CDE},14/07/2025 0:00:00, ,14/07/2025 0:00:00, ,6.000000000000000,Roy Trustee 2022 Ltd,Johnson Forestry Services
{0B8EE262-9B4A-499A-A566-9CAEB86DFA32},2137.000000000000000,No,25/11.85,38.000000000000000,950.000000000000000,No,0.000000000000000,0.000000000000000,0.000000000000000,0.000000000000000,0.000000000000000,0.000000000000000,0.000000000000000,0.000000000000000,25/7,0.000000000000000,0.000000000000000,0.000000000000000,0.000000000000000,0.000000000000000,0.000000000000000,0.000000000000000,0.000000000000000, , ,{DA7DA615-2944-421B-8154-6CCCD9E88CDE},14/07/2025 0:00:00, ,14/07/2025 0:00:00, ,0.000000000000000,Roy Trustee 2022 Ltd,Johnson Forestry Services
{3CEE9947-B166-44F7-8D4F-991E059BA222},2127.000000000000000,No,15/11.48,38.000000000000000,950.000000000000000,Yes,0.000000000000000,1.000000000000000,0.000000000000000,0.000000000000000,0.000000000000000,0.000000000000000,1.000000000000000,0.000000000000000,25/7,0.000000000000000,0.026315789473700,0.000000000000000,0.000000000000000,0.000000000000000,0.000000000000000,0.026315789473700,0.000000000000000, , ,{DA7DA615-2944-421B-8154-6CCCD9E88CDE},14/07/2025 0:00:00, ,14/07/2025 0:00:00, ,4.000000000000000,Roy Trustee 2022 Ltd,Johnson Forestry Services
{0CED9755-46C3-40E5-8D5B-3B02DF400B18},2131.000000000000000,No,10/11.37,44.000000000000000,1100.000000000000000,Yes,0.000000000000000,0.000000000000000,1.000000000000000,0.000000000000000,0.000000000000000,0.000000000000000,1.000000000000000,0.000000000000000,25/7,0.000000000000000,0.000000000000000,0.022727272727300,0.000000000000000,0.000000000000000,0.000000000000000,0.022727272727300,0.000000000000000, , ,{DA7DA615-2944-421B-8154-6CCCD9E88CDE},14/07/2025 0:00:00, ,14/07/2025 0:00:00, ,6.000000000000000,Roy Trustee 2022 Ltd,Johnson Forestry Services
{6A5C0009-9D7F-4001-B136-4C9E27B2FFC1},2141.000000000000000,No,15/11.48,30.000000000000000,750.000000000000000,No,0.000000000000000,0.000000000000000,0.000000000000000,0.000000000000000,0.000000000000000,0.000000000000000,0.000000000000000,0.000000000000000,25/7,0.000000000000000,0.000000000000000,0.000000000000000,0.000000000000000,0.000000000000000,0.000000000000000,0.000000000000000,0.000000000000000,Yes,Rocky ground unable to be planted causing low stocking,{DA7DA615-2944-421B-8154-6CCCD9E88CDE},14/07/2025 0:00:00, ,14/07/2025 0:00:00, ,0.000000000000000,Roy Trustee 2022 Ltd,Johnson Forestry Services
{0ECE4CAB-BFA0-4C78-8054-D7837C22CFDB},2139.000000000000000,No,10/11.37,36.000000000000000,900.000000000000000,Yes,1.000000000000000,0.000000000000000,0.000000000000000,0.000000000000000,0.000000000000000,0.000000000000000,0.000000000000000,0.000000000000000,25/7,0.027777777777800,0.000000000000000,0.000000000000000,0.000000000000000,0.000000000000000,0.000000000000000,0.000000000000000,0.000000000000000, , ,{DA7DA615-2944-421B-8154-6CCCD9E88CDE},14/07/2025 0:00:00, ,14/07/2025 0:00:00, ,1.000000000000000,Roy Trustee 2022 Ltd,Johnson Forestry Services
{B444CFFD-A19B-4B54-B1BD-C67433E785D4},2149.000000000000000,No,10/11.37,37.000000000000000,925.000000000000000,No,0.000000000000000,0.000000000000000,0.000000000000000,0.000000000000000,0.000000000000000,0.000000000000000,0.000000000000000,0.000000000000000,25/7,0.000000000000000,0.000000000000000,0.000000000000000,0.000000000000000,0.000000000000000,0.000000000000000,0.000000000000000,0.000000000000000, , ,{DA7DA615-2944-421B-8154-6CCCD9E88CDE},14/07/2025 0:00:00, ,14/07/2025 0:00:00, ,0.000000000000000,Roy Trustee 2022 Ltd,Johnson Forestry Services
{50709D3C-C631-48ED-95F2-9F308481F57F},2143.000000000000000,No,5/11.31,38.000000000000000,950.000000000000000,Yes,0.000000000000000,0.000000000000000,0.000000000000000,0.000000000000000,0.000000000000000,0.000000000000000,1.000000000000000,0.000000000000000,25/7,0.000000000000000,0.000000000000000,0.000000000000000,0.000000000000000,0.000000000000000,0.000000000000000,0.026315789473700,0.000000000000000, , ,{DA7DA615-2944-421B-8154-6CCCD9E88CDE},14/07/2025 0:00:00, ,14/07/2025 0:00:00, ,3.000000000000000,Roy Trustee 2022 Ltd,Johnson Forestry Services
{55E8C8C9-60D6-493E-B5E2-7E029F6639A7},1615.000000000000000,No,15/11.48,37.000000000000000,925.000000000000000,No,0.000000000000000,0.000000000000000,0.000000000000000,0.000000000000000,0.000000000000000,0.000000000000000,0.000000000000000,0.000000000000000,25/57,0.000000000000000,0.000000000000000,0.000000000000000,0.000000000000000,0.000000000000000,0.000000000000000,0.000000000000000,0.000000000000000, ,"A lot of fern and tussok.
Water ways and swampy areas.
",{CE2AE317-CD46-4786-A7AA-53C0DA555C4C},14/07/2025 0:00:00, ,14/07/2025 0:00:00, ,0.000000000000000,Roy Trustee 2022 Ltd,Forest View Contracting
{4D357AA8-AF98-40D6-8412-694BD9F77EDC},1613.000000000000000,No,5/11.31,36.000000000000000,900.000000000000000,No,0.000000000000000,0.000000000000000,0.000000000000000,0.000000000000000,0.000000000000000,0.000000000000000,0.000000000000000,0.000000000000000,25/57,0.000000000000000,0.000000000000000,0.000000000000000,0.000000000000000,0.000000000000000,0.000000000000000,0.000000000000000,0.000000000000000, , ,{CE2AE317-CD46-4786-A7AA-53C0DA555C4C},14/07/2025 0:00:00, ,14/07/2025 0:00:00, ,0.000000000000000,Roy Trustee 2022 Ltd,Forest View Contracting
{1BA51EAA-F193-4CCA-895F-6D7877D61AB5},1603.000000000000000,No,15/11.48,44.000000000000000,1100.000000000000000,No,0.000000000000000,0.000000000000000,0.000000000000000,0.000000000000000,0.000000000000000,0.000000000000000,0.000000000000000,0.000000000000000,25/57,0.000000000000000,0.000000000000000,0.000000000000000,0.000000000000000,0.000000000000000,0.000000000000000,0.000000000000000,0.000000000000000, , ,{CE2AE317-CD46-4786-A7AA-53C0DA555C4C},14/07/2025 0:00:00, ,14/07/2025 0:00:00, ,0.000000000000000,Roy Trustee 2022 Ltd,Forest View Contracting
{67E43327-38A9-440B-901F-2B4377368023},1605.000000000000000,No,20/11.64,44.000000000000000,1100.000000000000000,No,0.000000000000000,0.000000000000000,0.000000000000000,0.000000000000000,0.000000000000000,0.000000000000000,0.000000000000000,0.000000000000000,25/57,0.000000000000000,0.000000000000000,0.000000000000000,0.000000000000000,0.000000000000000,0.000000000000000,0.000000000000000,0.000000000000000, ,"Quite hard getting even spacing.
Fern/tussok/rock/waterways/swampy. 
Quality is good and stocking pretty good
 to.
Fair bit of spot planting on this face.",{CE2AE317-CD46-4786-A7AA-53C0DA555C4C},14/07/2025 0:00:00, ,14/07/2025 0:00:00, ,0.000000000000000,Roy Trustee 2022 Ltd,Forest View Contracting
{3A14E5CB-3317-4E5A-AEB1-E8BA6A9F60A7},1617.000000000000000,No,20/11.64,41.000000000000000,1025.000000000000000,No,0.000000000000000,0.000000000000000,0.000000000000000,0.000000000000000,0.000000000000000,0.000000000000000,0.000000000000000,0.000000000000000,25/57,0.000000000000000,0.000000000000000,0.000000000000000,0.000000000000000,0.000000000000000,0.000000000000000,0.000000000000000,0.000000000000000, , ,{CE2AE317-CD46-4786-A7AA-53C0DA555C4C},14/07/2025 0:00:00, ,14/07/2025 0:00:00, ,0.000000000000000,Roy Trustee 2022 Ltd,Forest View Contracting
{98336253-701E-4526-9402-955746E682C3},1619.000000000000000,No,20/11.64,44.000000000000000,1100.000000000000000,No,0.000000000000000,0.000000000000000,0.000000000000000,0.000000000000000,0.000000000000000,0.000000000000000,0.000000000000000,0.000000000000000,25/57,0.000000000000000,0.000000000000000,0.000000000000000,0.000000000000000,0.000000000000000,0.000000000000000,0.000000000000000,0.000000000000000, , ,{CE2AE317-CD46-4786-A7AA-53C0DA555C4C},14/07/2025 0:00:00, ,14/07/2025 0:00:00, ,0.000000000000000,Roy Trustee 2022 Ltd,Forest View Contracting
{757EFD7F-5AEB-4CC3-B8AF-95A4C28489D6},1607.000000000000000,No,10/11.37,41.000000000000000,1025.000000000000000,Yes,0.000000000000000,0.000000000000000,0.000000000000000,0.000000000000000,0.000000000000000,0.000000000000000,1.000000000000000,0.000000000000000,25/57,0.000000000000000,0.000000000000000,0.000000000000000,0.000000000000000,0.000000000000000,0.000000000000000,0.024390243902400,0.000000000000000, , ,{CE2AE317-CD46-4786-A7AA-53C0DA555C4C},14/07/2025 0:00:00, ,14/07/2025 0:00:00, ,3.000000000000000,Roy Trustee 2022 Ltd,Forest View Contracting
{7DF01629-CDEB-455B-8024-40CF590BE96B},1627.000000000000000,No,15/11.48,44.000000000000000,1100.000000000000000,No,0.000000000000000,0.000000000000000,0.000000000000000,0.000000000000000,0.000000000000000,0.000000000000000,0.000000000000000,0.000000000000000,25/57,0.000000000000000,0.000000000000000,0.000000000000000,0.000000000000000,0.000000000000000,0.000000000000000,0.000000000000000,0.000000000000000, , ,{CE2AE317-CD46-4786-A7AA-53C0DA555C4C},14/07/2025 0:00:00, ,14/07/2025 0:00:00, ,0.000000000000000,Roy Trustee 2022 Ltd,Forest View Contracting
{6DCF617D-C78C-4904-9171-BDC08574A65E},1625.000000000000000,No,10/11.37,41.000000000000000,1025.000000000000000,Yes,0.000000000000000,0.000000000000000,0.000000000000000,0.000000000000000,0.000000000000000,0.000000000000000,1.000000000000000,0.000000000000000,25/57,0.000000000000000,0.000000000000000,0.000000000000000,0.000000000000000,0.000000000000000,0.000000000000000,0.024390243902400,0.000000000000000, , ,{CE2AE317-CD46-4786-A7AA-53C0DA555C4C},14/07/2025 0:00:00, ,14/07/2025 0:00:00, ,3.000000000000000,Roy Trustee 2022 Ltd,Forest View Contracting
{4549C798-53D6-4BA3-85BB-3528EF4C0B8D},1631.000000000000000,No,20/11.64,37.000000000000000,925.000000000000000,No,0.000000000000000,0.000000000000000,0.000000000000000,0.000000000000000,0.000000000000000,0.000000000000000,0.000000000000000,0.000000000000000,25/57,0.000000000000000,0.000000000000000,0.000000000000000,0.000000000000000,0.000000000000000,0.000000000000000,0.000000000000000,0.000000000000000, , ,{CE2AE317-CD46-4786-A7AA-53C0DA555C4C},14/07/2025 0:00:00, ,14/07/2025 0:00:00, ,0.000000000000000,Roy Trustee 2022 Ltd,Forest View Contracting
{EBB74371-EAEE-4DF9-BFB1-F74CABAE4ECA},1629.000000000000000,No,20/11.64,38.000000000000000,950.000000000000000,No,0.000000000000000,0.000000000000000,0.000000000000000,0.000000000000000,0.000000000000000,0.000000000000000,0.000000000000000,0.000000000000000,25/57,0.000000000000000,0.000000000000000,0.000000000000000,0.000000000000000,0.000000000000000,0.000000000000000,0.000000000000000,0.000000000000000, , ,{CE2AE317-CD46-4786-A7AA-53C0DA555C4C},14/07/2025 0:00:00, ,14/07/2025 0:00:00, ,0.000000000000000,Roy Trustee 2022 Ltd,Forest View Contracting
{6FC9DB66-FEFA-4EB1-B698-115EFD4F0C02},1261.000000000000000,No,10/11.37,43.000000000000000,1075.000000000000000,Yes,0.000000000000000,2.000000000000000,0.000000000000000,0.000000000000000,0.000000000000000,0.000000000000000,0.000000000000000,0.000000000000000,25/64,0.000000000000000,0.046511627907000,0.000000000000000,0.000000000000000,0.000000000000000,0.000000000000000,0.000000000000000,0.000000000000000, , ,{B8F0CE15-3249-48F0-8793-302F6992A6F8},14/07/2025 0:00:00, ,14/07/2025 0:00:00, ,2.000000000000000,Roy Trustee 2022 Ltd,Proforest
{BFEDB34A-300F-4571-B518-825183B9B686},1267.000000000000000,No,10/11.37,37.000000000000000,925.000000000000000,Yes,1.000000000000000,3.000000000000000,0.000000000000000,0.000000000000000,0.000000000000000,0.000000000000000,0.000000000000000,0.000000000000000,25/64,0.027027027027000,0.081081081081100,0.000000000000000,0.000000000000000,0.000000000000000,0.000000000000000,0.000000000000000,0.000000000000000, , ,{B8F0CE15-3249-48F0-8793-302F6992A6F8},14/07/2025 0:00:00, ,14/07/2025 0:00:00, ,4.000000000000000,Roy Trustee 2022 Ltd,Proforest
{E6C936DA-DEB4-4BBA-A0F2-099FEBF4D407},1269.000000000000000,No,15/11.48,40.000000000000000,1000.000000000000000,Yes,0.000000000000000,3.000000000000000,0.000000000000000,0.000000000000000,0.000000000000000,0.000000000000000,0.000000000000000,1.000000000000000,25/64,0.000000000000000,0.075000000000000,0.000000000000000,0.000000000000000,0.000000000000000,0.000000000000000,0.000000000000000,0.025000000000000, , ,{B8F0CE15-3249-48F0-8793-302F6992A6F8},14/07/2025 0:00:00, ,14/07/2025 0:00:00, ,6.000000000000000,Roy Trustee 2022 Ltd,Proforest
{7C8050F6-D062-40F2-A66C-1A87080E5D28},1237.000000000000000,No,5/11.31,36.000000000000000,900.000000000000000,Yes,0.000000000000000,2.000000000000000,0.000000000000000,0.000000000000000,0.000000000000000,0.000000000000000,0.000000000000000,0.000000000000000,25/64,0.000000000000000,0.055555555555600,0.000000000000000,0.000000000000000,0.000000000000000,0.000000000000000,0.000000000000000,0.000000000000000, , ,{B8F0CE15-3249-48F0-8793-302F6992A6F8},14/07/2025 0:00:00, ,14/07/2025 0:00:00, ,2.000000000000000,Roy Trustee 2022 Ltd,Proforest
{B1023692-8634-4D31-9CB9-F8E189567DC6},1249.000000000000000,No,5/11.31,36.000000000000000,900.000000000000000,Yes,0.000000000000000,2.000000000000000,1.000000000000000,0.000000000000000,0.000000000000000,0.000000000000000,0.000000000000000,0.000000000000000,25/64,0.000000000000000,0.055555555555600,0.027777777777800,0.000000000000000,0.000000000000000,0.000000000000000,0.000000000000000,0.000000000000000, ,Long roots,{B8F0CE15-3249-48F0-8793-302F6992A6F8},14/07/2025 0:00:00, ,14/07/2025 0:00:00, ,5.000000000000000,Roy Trustee 2022 Ltd,Proforest
{765654D1-1A0E-4BD9-832F-214C10F81202},1259.000000000000000,No,5/11.31,41.000000000000000,1025.000000000000000,Yes,0.000000000000000,3.000000000000000,0.000000000000000,1.000000000000000,0.000000000000000,0.000000000000000,0.000000000000000,0.000000000000000,25/64,0.000000000000000,0.073170731707300,0.000000000000000,0.024390243902400,0.000000000000000,0.000000000000000,0.000000000000000,0.000000000000000, , ,{B8F0CE15-3249-48F0-8793-302F6992A6F8},14/07/2025 0:00:00, ,14/07/2025 0:00:00, ,4.000000000000000,Roy Trustee 2022 Ltd,Proforest
{A2D176FB-E841-4DB0-A722-0FFB0A8AB3AE},1239.000000000000000,No,10/11.37,41.000000000000000,1025.000000000000000,Yes,0.000000000000000,3.000000000000000,0.000000000000000,0.000000000000000,0.000000000000000,1.000000000000000,0.000000000000000,0.000000000000000,25/64,0.000000000000000,0.073170731707300,0.000000000000000,0.000000000000000,0.000000000000000,0.024390243902400,0.000000000000000,0.000000000000000, , ,{B8F0CE15-3249-48F0-8793-302F6992A6F8},14/07/2025 0:00:00, ,14/07/2025 0:00:00, ,6.000000000000000,Roy Trustee 2022 Ltd,Proforest
{2C0B47FB-019A-4C08-8846-4B422778ECB1},741.000000000000000,No,20/11.64,45.000000000000000,1125.000000000000000,Yes,0.000000000000000,1.000000000000000,0.000000000000000,0.000000000000000,0.000000000000000,0.000000000000000,0.000000000000000,0.000000000000000,25/75,0.000000000000000,0.022222222222200,0.000000000000000,0.000000000000000,0.000000000000000,0.000000000000000,0.000000000000000,0.000000000000000,Yes,"One tree was an in and out. Counted as in which gave 1125
",{CF1EEB2F-649E-431A-8B8E-D6ED17D28FBD},15/07/2025 0:00:00, ,15/07/2025 0:00:00, ,1.000000000000000,Roy Trustee 2022 Ltd,Innovair
{ACA8613E-5A98-44E0-82F7-7CD355E0ADA7},733.000000000000000,No,15/11.48,40.000000000000000,1000.000000000000000,Yes,0.000000000000000,0.000000000000000,1.000000000000000,0.000000000000000,0.000000000000000,0.000000000000000,0.000000000000000,0.000000000000000,25/75,0.000000000000000,0.000000000000000,0.025000000000000,0.000000000000000,0.000000000000000,0.000000000000000,0.000000000000000,0.000000000000000, ,One line in plot was a fill in from below contour line so 2 potential trees could have been extra if that wasn’t the case.,{596BB90B-50E8-4803-B52E-EECCD01D8CA7},15/07/2025 0:00:00, ,15/07/2025 0:00:00, ,3.000000000000000,Roy Trustee 2022 Ltd,Innovair
{84FF3165-73A3-41DB-BBB9-A1D7470E65AB},1637.000000000000000,No,10/11.37,37.000000000000000,925.000000000000000,No,0.000000000000000,0.000000000000000,0.000000000000000,0.000000000000000,0.000000000000000,0.000000000000000,0.000000000000000,0.000000000000000,25/57,0.000000000000000,0.000000000000000,0.000000000000000,0.000000000000000,0.000000000000000,0.000000000000000,0.000000000000000,0.000000000000000, ,"Looked good 
2 trees just out.",{E0CEC55E-4705-4AE2-9D0E-C9654DE202D8},15/07/2025 0:00:00, ,15/07/2025 0:00:00, ,0.000000000000000,Roy Trustee 2022 Ltd,Forest View Contracting
{4320D28E-2B9D-4A97-B445-CEAA81C477CC},1633.000000000000000,No,15/11.48,40.000000000000000,1000.000000000000000,No,0.000000000000000,0.000000000000000,0.000000000000000,0.000000000000000,0.000000000000000,0.000000000000000,0.000000000000000,0.000000000000000,25/57,0.000000000000000,0.000000000000000,0.000000000000000,0.000000000000000,0.000000000000000,0.000000000000000,0.000000000000000,0.000000000000000, , ,{E0CEC55E-4705-4AE2-9D0E-C9654DE202D8},15/07/2025 0:00:00, ,15/07/2025 0:00:00, ,0.000000000000000,Roy Trustee 2022 Ltd,Forest View Contracting
{F1B387CD-C3CB-48D5-91AB-11583F79871C},1635.000000000000000,No,15/11.48,38.000000000000000,950.000000000000000,No,0.000000000000000,0.000000000000000,0.000000000000000,0.000000000000000,0.000000000000000,0.000000000000000,0.000000000000000,0.000000000000000,25/57,0.000000000000000,0.000000000000000,0.000000000000000,0.000000000000000,0.000000000000000,0.000000000000000,0.000000000000000,0.000000000000000, , ,{E0CEC55E-4705-4AE2-9D0E-C9654DE202D8},15/07/2025 0:00:00, ,15/07/2025 0:00:00, ,0.000000000000000,Roy Trustee 2022 Ltd,Forest View Contracting
{FC7C3903-B321-4D9B-BC26-39EDE25FE23F},1641.000000000000000,No,15/11.48,37.000000000000000,925.000000000000000,No,0.000000000000000,0.000000000000000,0.000000000000000,0.000000000000000,0.000000000000000,0.000000000000000,0.000000000000000,0.000000000000000,25/57,0.000000000000000,0.000000000000000,0.000000000000000,0.000000000000000,0.000000000000000,0.000000000000000,0.000000000000000,0.000000000000000, , ,{E0CEC55E-4705-4AE2-9D0E-C9654DE202D8},15/07/2025 0:00:00, ,15/07/2025 0:00:00, ,0.000000000000000,Roy Trustee 2022 Ltd,Forest View Contracting
{A17579F3-F03B-4F0D-A2A6-EC7C792C011A},1639.000000000000000,No,20/11.64,44.000000000000000,1100.000000000000000,No,0.000000000000000,0.000000000000000,0.000000000000000,0.000000000000000,0.000000000000000,0.000000000000000,0.000000000000000,0.000000000000000,25/57,0.000000000000000,0.000000000000000,0.000000000000000,0.000000000000000,0.000000000000000,0.000000000000000,0.000000000000000,0.000000000000000, , ,{E0CEC55E-4705-4AE2-9D0E-C9654DE202D8},15/07/2025 0:00:00, ,15/07/2025 0:00:00, ,0.000000000000000,Roy Trustee 2022 Ltd,Forest View Contracting
{DE1EBA24-86C3-41B6-98C4-8CFF9E32FC88},1141.000000000000000,No,10/11.37,37.000000000000000,925.000000000000000,No,0.000000000000000,0.000000000000000,0.000000000000000,0.000000000000000,0.000000000000000,0.000000000000000,0.000000000000000,0.000000000000000,25/71,0.000000000000000,0.000000000000000,0.000000000000000,0.000000000000000,0.000000000000000,0.000000000000000,0.000000000000000,0.000000000000000, , ,{940ECFA0-670B-4DA4-96AF-F5B342663761},15/07/2025 0:00:00, ,15/07/2025 0:00:00, ,0.000000000000000,Roy Trustee 2022 Ltd,Forest View Contracting
{57F458CC-8D68-410D-B9E2-2A276F7A822E},1145.000000000000000,No,10/11.37,40.000000000000000,1000.000000000000000,No,0.000000000000000,0.000000000000000,0.000000000000000,0.000000000000000,0.000000000000000,0.000000000000000,0.000000000000000,0.000000000000000,25/71,0.000000000000000,0.000000000000000,0.000000000000000,0.000000000000000,0.000000000000000,0.000000000000000,0.000000000000000,0.000000000000000, , ,{940ECFA0-670B-4DA4-96AF-F5B342663761},15/07/2025 0:00:00, ,15/07/2025 0:00:00, ,0.000000000000000,Roy Trustee 2022 Ltd,Forest View Contracting
{FA6A7C20-61E1-411E-A8BD-6F4B4A33AA02},1155.000000000000000,No,5/11.31,37.000000000000000,925.000000000000000,No,0.000000000000000,0.000000000000000,0.000000000000000,0.000000000000000,0.000000000000000,0.000000000000000,0.000000000000000,0.000000000000000,25/71,0.000000000000000,0.000000000000000,0.000000000000000,0.000000000000000,0.000000000000000,0.000000000000000,0.000000000000000,0.000000000000000, , ,{940ECFA0-670B-4DA4-96AF-F5B342663761},15/07/2025 0:00:00, ,15/07/2025 0:00:00, ,0.000000000000000,Roy Trustee 2022 Ltd,Forest View Contracting
{60328AB0-721F-4E19-A42E-A7C3FAF04305},1157.000000000000000,No,5/11.31,39.000000000000000,975.000000000000000,No,0.000000000000000,0.000000000000000,0.000000000000000,0.000000000000000,0.000000000000000,0.000000000000000,0.000000000000000,0.000000000000000,25/71,0.000000000000000,0.000000000000000,0.000000000000000,0.000000000000000,0.000000000000000,0.000000000000000,0.000000000000000,0.000000000000000, , ,{940ECFA0-670B-4DA4-96AF-F5B342663761},15/07/2025 0:00:00, ,15/07/2025 0:00:00, ,0.000000000000000,Roy Trustee 2022 Ltd,Forest View Contracting
{829EC0CD-5627-48D8-BE6D-DF82A52F2FDF},2589.000000000000000,No,20/11.64,36.000000000000000,900.000000000000000,No,0.000000000000000,0.000000000000000,0.000000000000000,0.000000000000000,0.000000000000000,0.000000000000000,0.000000000000000,0.000000000000000,25/11,0.000000000000000,0.000000000000000,0.000000000000000,0.000000000000000,0.000000000000000,0.000000000000000,0.000000000000000,0.000000000000000, , ,{EA4097EC-317B-4547-8AE2-9648E63DE612},16/07/2025 0:00:00, ,16/07/2025 0:00:00, ,0.000000000000000,Roy Trustee 2022 Ltd,Johnson Forestry Services
{01866DCB-C309-4D61-90FD-1ACCC1FA2EA8},2599.000000000000000,No,20/11.64,38.000000000000000,950.000000000000000,Yes,0.000000000000000,0.000000000000000,1.000000000000000,0.000000000000000,0.000000000000000,0.000000000000000,1.000000000000000,0.000000000000000,25/11,0.000000000000000,0.000000000000000,0.026315789473700,0.000000000000000,0.000000000000000,0.000000000000000,0.026315789473700,0.000000000000000, , ,{EA4097EC-317B-4547-8AE2-9648E63DE612},16/07/2025 0:00:00, ,16/07/2025 0:00:00, ,6.000000000000000,Roy Trustee 2022 Ltd,Johnson Forestry Services
{B620083B-BD06-4D11-ADF7-CE4883805C7B},2613.000000000000000,No,20/11.64,41.000000000000000,1025.000000000000000,No,0.000000000000000,0.000000000000000,0.000000000000000,0.000000000000000,0.000000000000000,0.000000000000000,0.000000000000000,0.000000000000000,25/11,0.000000000000000,0.000000000000000,0.000000000000000,0.000000000000000,0.000000000000000,0.000000000000000,0.000000000000000,0.000000000000000, , ,{EA4097EC-317B-4547-8AE2-9648E63DE612},16/07/2025 0:00:00, ,16/07/2025 0:00:00, ,0.000000000000000,Roy Trustee 2022 Ltd,Johnson Forestry Services
{C5B9E212-CB31-44D9-B17C-6B261A7892F5},2607.000000000000000,No,15/11.48,40.000000000000000,1000.000000000000000,No,0.000000000000000,0.000000000000000,0.000000000000000,0.000000000000000,0.000000000000000,0.000000000000000,0.000000000000000,0.000000000000000,25/11,0.000000000000000,0.000000000000000,0.000000000000000,0.000000000000000,0.000000000000000,0.000000000000000,0.000000000000000,0.000000000000000, , ,{EA4097EC-317B-4547-8AE2-9648E63DE612},16/07/2025 0:00:00, ,16/07/2025 0:00:00, ,0.000000000000000,Roy Trustee 2022 Ltd,Johnson Forestry Services
{DE6EF2E0-C279-4C66-A1D5-0EC3A438DD7A},2605.000000000000000,No,20/11.64,38.000000000000000,950.000000000000000,Yes,0.000000000000000,0.000000000000000,0.000000000000000,0.000000000000000,0.000000000000000,0.000000000000000,2.000000000000000,0.000000000000000,25/11,0.000000000000000,0.000000000000000,0.000000000000000,0.000000000000000,0.000000000000000,0.000000000000000,0.052631578947400,0.000000000000000, , ,{EA4097EC-317B-4547-8AE2-9648E63DE612},16/07/2025 0:00:00, ,16/07/2025 0:00:00, ,6.000000000000000,Roy Trustee 2022 Ltd,Johnson Forestry Services
{F16C1616-2D18-4857-A2AC-26989E286847},2597.000000000000000,No,20/11.64,39.000000000000000,975.000000000000000,No,0.000000000000000,0.000000000000000,0.000000000000000,0.000000000000000,0.000000000000000,0.000000000000000,0.000000000000000,0.000000000000000,25/11,0.000000000000000,0.000000000000000,0.000000000000000,0.000000000000000,0.000000000000000,0.000000000000000,0.000000000000000,0.000000000000000, ,Moved plot out of water way.,{EA4097EC-317B-4547-8AE2-9648E63DE612},16/07/2025 0:00:00, ,16/07/2025 0:00:00, ,0.000000000000000,Roy Trustee 2022 Ltd,Johnson Forestry Services
{1367A3A5-6E97-4EF0-9E60-904074B1B6CE},2609.000000000000000,No,25/11.85,40.000000000000000,1000.000000000000000,Yes,0.000000000000000,0.000000000000000,0.000000000000000,0.000000000000000,1.000000000000000,1.000000000000000,0.000000000000000,0.000000000000000,25/11,0.000000000000000,0.000000000000000,0.000000000000000,0.000000000000000,0.025000000000000,0.025000000000000,0.000000000000000,0.000000000000000, ,Moved plot away from rocky bluff,{EA4097EC-317B-4547-8AE2-9648E63DE612},16/07/2025 0:00:00, ,16/07/2025 0:00:00, ,6.000000000000000,Roy Trustee 2022 Ltd,Johnson Forestry Services
{3EB5B652-5826-4F47-87F8-6AB362DA97FB},2615.000000000000000,No,20/11.64,40.000000000000000,1000.000000000000000,Yes,0.000000000000000,2.000000000000000,0.000000000000000,0.000000000000000,0.000000000000000,0.000000000000000,0.000000000000000,0.000000000000000,25/11,0.000000000000000,0.050000000000000,0.000000000000000,0.000000000000000,0.000000000000000,0.000000000000000,0.000000000000000,0.000000000000000, , ,{EA4097EC-317B-4547-8AE2-9648E63DE612},16/07/2025 0:00:00, ,16/07/2025 0:00:00, ,2.000000000000000,Roy Trustee 2022 Ltd,Johnson Forestry Services
{DBF27B37-4530-49B4-BEA7-A971AF3D711A},2617.000000000000000,No,15/11.48,36.000000000000000,900.000000000000000,Yes,0.000000000000000,1.000000000000000,1.000000000000000,0.000000000000000,0.000000000000000,0.000000000000000,0.000000000000000,0.000000000000000,25/11,0.000000000000000,0.027777777777800,0.027777777777800,0.000000000000000,0.000000000000000,0.000000000000000,0.000000000000000,0.000000000000000, , ,{EA4097EC-317B-4547-8AE2-9648E63DE612},16/07/2025 0:00:00, ,16/07/2025 0:00:00, ,4.000000000000000,Roy Trustee 2022 Ltd,Johnson Forestry Services
{19A8A8CF-2061-411D-BAF9-0A6A7DE283F6},2625.000000000000000,No,20/11.64,37.000000000000000,925.000000000000000,Yes,0.000000000000000,1.000000000000000,0.000000000000000,0.000000000000000,0.000000000000000,1.000000000000000,0.000000000000000,0.000000000000000,25/11,0.000000000000000,0.027027027027000,0.000000000000000,0.000000000000000,0.000000000000000,0.027027027027000,0.000000000000000,0.000000000000000, , ,{EA4097EC-317B-4547-8AE2-9648E63DE612},16/07/2025 0:00:00, ,16/07/2025 0:00:00, ,4.000000000000000,Roy Trustee 2022 Ltd,Johnson Forestry Services
{BC951491-28B7-403B-AB79-CC8D2F258620},2627.000000000000000,No,20/11.64,38.000000000000000,950.000000000000000,No,0.000000000000000,0.000000000000000,0.000000000000000,0.000000000000000,0.000000000000000,0.000000000000000,0.000000000000000,0.000000000000000,25/11,0.000000000000000,0.000000000000000,0.000000000000000,0.000000000000000,0.000000000000000,0.000000000000000,0.000000000000000,0.000000000000000, , ,{EA4097EC-317B-4547-8AE2-9648E63DE612},16/07/2025 0:00:00, ,16/07/2025 0:00:00, ,0.000000000000000,Roy Trustee 2022 Ltd,Johnson Forestry Services
{13F3C0BC-6B91-4AAE-AFDA-AE88FDC09340},639.000000000000000,No,15/11.48,44.000000000000000,1100.000000000000000,No,0.000000000000000,0.000000000000000,0.000000000000000,0.000000000000000,0.000000000000000,0.000000000000000,0.000000000000000,0.000000000000000,25/75,0.000000000000000,0.000000000000000,0.000000000000000,0.000000000000000,0.000000000000000,0.000000000000000,0.000000000000000,0.000000000000000, , ,{FE1B9890-599A-4A60-8292-B16A2742D266},16/07/2025 0:00:00, ,16/07/2025 0:00:00, ,0.000000000000000,Roy Trustee 2022 Ltd,Innovair
{59A8EB8E-3383-489A-9BD6-2646DF9CA908},287.000000000000000,No,0/11.31,47.000000000000000,1175.000000000000000,Yes,0.000000000000000,3.000000000000000,0.000000000000000,0.000000000000000,0.000000000000000,0.000000000000000,0.000000000000000,0.000000000000000,25/72,0.000000000000000,0.063829787234000,0.000000000000000,0.000000000000000,0.000000000000000,0.000000000000000,0.000000000000000,0.000000000000000, , ,{FAE307AA-507F-4957-B525-AA28245F7ED2},16/07/2025 0:00:00, ,25/09/2025 0:00:00,ScarlettMichelle,3.000000000000000,Roy Trustee 2022 Ltd,Proforest
{4FCF71BA-D9C2-49D7-8BC7-937F2A93EF37},297.000000000000000,No,20/11.64,43.000000000000000,1075.000000000000000,Yes,0.000000000000000,2.000000000000000,0.000000000000000,0.000000000000000,0.000000000000000,0.000000000000000,0.000000000000000,0.000000000000000,25/72,0.000000000000000,0.046511627907000,0.000000000000000,0.000000000000000,0.000000000000000,0.000000000000000,0.000000000000000,0.000000000000000, , ,{FAE307AA-507F-4957-B525-AA28245F7ED2},16/07/2025 0:00:00, ,16/07/2025 0:00:00, ,2.000000000000000,Roy Trustee 2022 Ltd,Proforest
{84F91C71-D7EB-4183-9D0B-7EED8411EF87},299.000000000000000,No,20/11.64,41.000000000000000,1025.000000000000000,Yes,1.000000000000000,3.000000000000000,0.000000000000000,0.000000000000000,0.000000000000000,0.000000000000000,0.000000000000000,0.000000000000000,25/72,0.000000000000000,0.000000000000000,0.000000000000000,0.000000000000000,0.000000000000000,0.000000000000000,0.000000000000000,0.000000000000000, , ,{FAE307AA-507F-4957-B525-AA28245F7ED2},16/07/2025 0:00:00, ,25/09/2025 0:00:00,ScarlettMichelle,4.000000000000000,Roy Trustee 2022 Ltd,Proforest
{F4841500-136D-4C1E-855B-4B740D259313},311.000000000000000,No,15/11.48,42.000000000000000,1050.000000000000000,Yes,0.000000000000000,2.000000000000000,1.000000000000000,0.000000000000000,0.000000000000000,0.000000000000000,0.000000000000000,0.000000000000000,25/72,0.000000000000000,0.047619047619000,0.023809523809500,0.000000000000000,0.000000000000000,0.000000000000000,0.000000000000000,0.000000000000000, , ,{FAE307AA-507F-4957-B525-AA28245F7ED2},16/07/2025 0:00:00, ,16/07/2025 0:00:00, ,5.000000000000000,Roy Trustee 2022 Ltd,Proforest
{627A7B1A-6AC6-4700-A195-214C90130D71},295.000000000000000,No,15/11.48,42.000000000000000,1050.000000000000000,Yes,1.000000000000000,3.000000000000000,0.000000000000000,0.000000000000000,0.000000000000000,0.000000000000000,0.000000000000000,0.000000000000000,25/72,0.000000000000000,0.000000000000000,0.000000000000000,0.000000000000000,0.000000000000000,0.000000000000000,0.000000000000000,0.000000000000000, , ,{FAE307AA-507F-4957-B525-AA28245F7ED2},16/07/2025 0:00:00, ,25/09/2025 0:00:00,ScarlettMichelle,4.000000000000000,Roy Trustee 2022 Ltd,Proforest
{08A5F3DF-40CF-4000-8905-D493140F1D09},289.000000000000000,No,20/11.64,44.000000000000000,1100.000000000000000,Yes,0.000000000000000,3.000000000000000,0.000000000000000,0.000000000000000,0.000000000000000,0.000000000000000,0.000000000000000,0.000000000000000,25/72,0.000000000000000,0.000000000000000,0.000000000000000,0.000000000000000,0.000000000000000,0.000000000000000,0.000000000000000,0.000000000000000, , ,{FAE307AA-507F-4957-B525-AA28245F7ED2},16/07/2025 0:00:00, ,25/09/2025 0:00:00,ScarlettMichelle,3.000000000000000,Roy Trustee 2022 Ltd,Proforest
{52F7F813-8D33-4617-BC27-24F6C841664D},293.000000000000000,No,15/11.48,36.000000000000000,900.000000000000000,Yes,0.000000000000000,2.000000000000000,1.000000000000000,1.000000000000000,0.000000000000000,0.000000000000000,0.000000000000000,0.000000000000000,25/72,0.000000000000000,0.055555555555600,0.027777777777800,0.027777777777800,0.000000000000000,0.000000000000000,0.000000000000000,0.000000000000000, , ,{FAE307AA-507F-4957-B525-AA28245F7ED2},16/07/2025 0:00:00, ,16/07/2025 0:00:00, ,6.000000000000000,Roy Trustee 2022 Ltd,Proforest
{D50BA333-5D83-4F3E-94D0-F837AE4E6758},291.000000000000000,No,5/11.31,39.000000000000000,975.000000000000000,Yes,0.000000000000000,2.000000000000000,0.000000000000000,0.000000000000000,0.000000000000000,0.000000000000000,0.000000000000000,0.000000000000000,25/72,0.000000000000000,0.051282051282100,0.000000000000000,0.000000000000000,0.000000000000000,0.000000000000000,0.000000000000000,0.000000000000000, , ,{FAE307AA-507F-4957-B525-AA28245F7ED2},16/07/2025 0:00:00, ,16/07/2025 0:00:00, ,2.000000000000000,Roy Trustee 2022 Ltd,Proforest
{08F5FC4F-F9EA-4608-B5D1-F4DFA5AE7FD6},301.000000000000000,No,15/11.48,36.000000000000000,900.000000000000000,Yes,0.000000000000000,2.000000000000000,0.000000000000000,0.000000000000000,0.000000000000000,0.000000000000000,0.000000000000000,0.000000000000000,25/72,0.000000000000000,0.055555555555600,0.000000000000000,0.000000000000000,0.000000000000000,0.000000000000000,0.000000000000000,0.000000000000000, , ,{FAE307AA-507F-4957-B525-AA28245F7ED2},16/07/2025 0:00:00, ,16/07/2025 0:00:00, ,2.000000000000000,Roy Trustee 2022 Ltd,Proforest
{9ABFA136-379E-4B6D-A351-A9EC9496F867},303.000000000000000,No,5/11.31,43.000000000000000,1075.000000000000000,No,0.000000000000000,0.000000000000000,0.000000000000000,0.000000000000000,0.000000000000000,0.000000000000000,0.000000000000000,0.000000000000000,25/72,0.000000000000000,0.000000000000000,0.000000000000000,0.000000000000000,0.000000000000000,0.000000000000000,0.000000000000000,0.000000000000000, , ,{FAE307AA-507F-4957-B525-AA28245F7ED2},16/07/2025 0:00:00, ,25/09/2025 0:00:00,ScarlettMichelle,0.000000000000000,Roy Trustee 2022 Ltd,Proforest
{ED372BBA-8DD6-43F8-8046-E6D109C4D0F1},1251.000000000000000,No,5/11.31,41.000000000000000,1025.000000000000000,Yes,0.000000000000000,3.000000000000000,0.000000000000000,0.000000000000000,0.000000000000000,0.000000000000000,0.000000000000000,0.000000000000000,25/65,0.000000000000000,0.073170731707300,0.000000000000000,0.000000000000000,0.000000000000000,0.000000000000000,0.000000000000000,0.000000000000000, , ,{B3EE7DCF-3E7A-4B9A-8C62-E04E41659DA8},16/07/2025 0:00:00, ,16/07/2025 0:00:00, ,3.000000000000000,Roy Trustee 2022 Ltd,Proforest
{87E10290-ACF7-47AA-9157-1A544F8B7129},347.000000000000000,No,10/11.37,39.000000000000000,975.000000000000000,Yes,0.000000000000000,2.000000000000000,1.000000000000000,0.000000000000000,0.000000000000000,0.000000000000000,0.000000000000000,0.000000000000000,25/72,0.000000000000000,0.051282051282100,0.025641025641000,0.000000000000000,0.000000000000000,0.000000000000000,0.000000000000000,0.000000000000000, , ,{3B73D548-59EC-4A40-91BA-14034161916C},16/07/2025 0:00:00, ,16/07/2025 0:00:00, ,5.000000000000000,Roy Trustee 2022 Ltd,Proforest
{A2C68444-CCEB-44CC-9D91-3356E3AEFF7B},329.000000000000000,No,15/11.48,39.000000000000000,975.000000000000000,Yes,0.000000000000000,3.000000000000000,0.000000000000000,0.000000000000000,1.000000000000000,0.000000000000000,0.000000000000000,0.000000000000000,25/72,0.000000000000000,0.076923076923100,0.000000000000000,0.000000000000000,0.025641025641000,0.000000000000000,0.000000000000000,0.000000000000000, ,Roots exposed were Long roots,{3B73D548-59EC-4A40-91BA-14034161916C},16/07/2025 0:00:00, ,16/07/2025 0:00:00, ,6.000000000000000,Roy Trustee 2022 Ltd,Proforest
{282775E5-D9EE-4A56-B843-6EB670F13EFE},313.000000000000000,No,15/11.48,37.000000000000000,925.000000000000000,Yes,0.000000000000000,2.000000000000000,1.000000000000000,0.000000000000000,0.000000000000000,0.000000000000000,0.000000000000000,0.000000000000000,25/72,0.000000000000000,0.000000000000000,0.000000000000000,0.000000000000000,0.000000000000000,0.000000000000000,0.000000000000000,0.000000000000000, , ,{3B73D548-59EC-4A40-91BA-14034161916C},16/07/2025 0:00:00, ,25/09/2025 0:00:00,ScarlettMichelle,5.000000000000000,Roy Trustee 2022 Ltd,Proforest
{0E4FAD29-D540-4931-894E-3C8A415E76B1},315.000000000000000,No,15/11.48,43.000000000000000,1075.000000000000000,Yes,0.000000000000000,3.000000000000000,1.000000000000000,0.000000000000000,0.000000000000000,0.000000000000000,0.000000000000000,0.000000000000000,25/72,0.000000000000000,0.000000000000000,0.000000000000000,0.000000000000000,0.000000000000000,0.000000000000000,0.000000000000000,0.000000000000000, , ,{3B73D548-59EC-4A40-91BA-14034161916C},16/07/2025 0:00:00, ,25/09/2025 0:00:00,ScarlettMichelle,6.000000000000000,Roy Trustee 2022 Ltd,Proforest
{4CE4DC62-5511-41D6-92CA-E81873FB5872},331.000000000000000,No,0/11.31,43.000000000000000,1075.000000000000000,Yes,0.000000000000000,2.000000000000000,0.000000000000000,0.000000000000000,0.000000000000000,0.000000000000000,0.000000000000000,0.000000000000000,25/72,0.000000000000000,0.000000000000000,0.000000000000000,0.000000000000000,0.000000000000000,0.000000000000000,0.000000000000000,0.000000000000000, , ,{3B73D548-59EC-4A40-91BA-14034161916C},16/07/2025 0:00:00, ,25/09/2025 0:00:00,ScarlettMichelle,2.000000000000000,Roy Trustee 2022 Ltd,Proforest
{2F1942F7-C09C-40E5-AD99-B64171F35B64},333.000000000000000,No,5/11.31,41.000000000000000,1025.000000000000000,Yes,0.000000000000000,2.000000000000000,0.000000000000000,0.000000000000000,0.000000000000000,1.000000000000000,0.000000000000000,0.000000000000000,25/72,0.000000000000000,0.048780487804900,0.000000000000000,0.000000000000000,0.000000000000000,0.024390243902400,0.000000000000000,0.000000000000000, , ,{3B73D548-59EC-4A40-91BA-14034161916C},16/07/2025 0:00:00, ,16/07/2025 0:00:00, ,5.000000000000000,Roy Trustee 2022 Ltd,Proforest
{14D3567C-784A-4250-A6C9-F00A029EB890},351.000000000000000,No,15/11.48,37.000000000000000,925.000000000000000,Yes,0.000000000000000,3.000000000000000,1.000000000000000,0.000000000000000,0.000000000000000,0.000000000000000,0.000000000000000,0.000000000000000,25/72,0.000000000000000,0.000000000000000,0.000000000000000,0.000000000000000,0.000000000000000,0.000000000000000,0.000000000000000,0.000000000000000, , ,{3B73D548-59EC-4A40-91BA-14034161916C},16/07/2025 0:00:00, ,25/09/2025 0:00:00,ScarlettMichelle,6.000000000000000,Roy Trustee 2022 Ltd,Proforest
{B17D858B-8146-43AF-A15C-36477640CE52},349.000000000000000,No,10/11.37,36.000000000000000,900.000000000000000,Yes,0.000000000000000,3.000000000000000,0.000000000000000,0.000000000000000,0.000000000000000,0.000000000000000,1.000000000000000,0.000000000000000,25/72,0.000000000000000,0.083333333333300,0.000000000000000,0.000000000000000,0.000000000000000,0.000000000000000,0.027777777777800,0.000000000000000, , ,{3B73D548-59EC-4A40-91BA-14034161916C},16/07/2025 0:00:00, ,16/07/2025 0:00:00, ,6.000000000000000,Roy Trustee 2022 Ltd,Proforest
{8BD4338F-5DE8-4E89-852B-4EC3A81FBBEB},1147.000000000000000,No,10/11.37,37.000000000000000,925.000000000000000,No,0.000000000000000,0.000000000000000,0.000000000000000,0.000000000000000,0.000000000000000,0.000000000000000,0.000000000000000,0.000000000000000,25/71,0.000000000000000,0.000000000000000,0.000000000000000,0.000000000000000,0.000000000000000,0.000000000000000,0.000000000000000,0.000000000000000, , ,{9F9C0B2D-9228-4D74-940F-1EB415048500},16/07/2025 0:00:00, ,16/07/2025 0:00:00, ,0.000000000000000,Roy Trustee 2022 Ltd,Forest View Contracting
{65D5570B-812C-4EC8-AA8E-B66A43B5B88A},1104.000000000000000,No,10/11.37,36.000000000000000,900.000000000000000,No,0.000000000000000,0.000000000000000,0.000000000000000,0.000000000000000,0.000000000000000,0.000000000000000,0.000000000000000,0.000000000000000,25/71,0.000000000000000,0.000000000000000,0.000000000000000,0.000000000000000,0.000000000000000,0.000000000000000,0.000000000000000,0.000000000000000, , ,{9F9C0B2D-9228-4D74-940F-1EB415048500},16/07/2025 0:00:00, ,16/07/2025 0:00:00, ,0.000000000000000,Roy Trustee 2022 Ltd,Forest View Contracting
{9BAFBA5E-0E90-4BE7-8592-6C27DBF96676},1117.000000000000000,No,20/11.64,36.000000000000000,900.000000000000000,No,0.000000000000000,0.000000000000000,0.000000000000000,0.000000000000000,0.000000000000000,0.000000000000000,0.000000000000000,0.000000000000000,25/71,0.000000000000000,0.000000000000000,0.000000000000000,0.000000000000000,0.000000000000000,0.000000000000000,0.000000000000000,0.000000000000000, , ,{9F9C0B2D-9228-4D74-940F-1EB415048500},16/07/2025 0:00:00, ,16/07/2025 0:00:00, ,0.000000000000000,Roy Trustee 2022 Ltd,Forest View Contracting
{D2E109BA-CB1F-422E-A4E0-CB89CF70C235},1161.000000000000000,No,5/11.31,44.000000000000000,1100.000000000000000,No,0.000000000000000,0.000000000000000,0.000000000000000,0.000000000000000,0.000000000000000,0.000000000000000,0.000000000000000,0.000000000000000,25/71,0.000000000000000,0.000000000000000,0.000000000000000,0.000000000000000,0.000000000000000,0.000000000000000,0.000000000000000,0.000000000000000, , ,{9F9C0B2D-9228-4D74-940F-1EB415048500},16/07/2025 0:00:00, ,16/07/2025 0:00:00, ,0.000000000000000,Roy Trustee 2022 Ltd,Forest View Contracting
{3C1C065B-01ED-4F35-9003-B9A926CA9D42},1089.000000000000000,No,20/11.64,44.000000000000000,1100.000000000000000,No,0.000000000000000,0.000000000000000,0.000000000000000,0.000000000000000,0.000000000000000,0.000000000000000,0.000000000000000,0.000000000000000,25/71,0.000000000000000,0.000000000000000,0.000000000000000,0.000000000000000,0.000000000000000,0.000000000000000,0.000000000000000,0.000000000000000, , ,{9F9C0B2D-9228-4D74-940F-1EB415048500},16/07/2025 0:00:00, ,16/07/2025 0:00:00, ,0.000000000000000,Roy Trustee 2022 Ltd,Forest View Contracting
{8449D652-7B76-4139-94AA-C93EF4024645},1621.000000000000000,No,5/11.31,39.000000000000000,975.000000000000000,No,0.000000000000000,0.000000000000000,0.000000000000000,0.000000000000000,0.000000000000000,0.000000000000000,0.000000000000000,0.000000000000000,25/57,0.000000000000000,0.000000000000000,0.000000000000000,0.000000000000000,0.000000000000000,0.000000000000000,0.000000000000000,0.000000000000000, , ,{841E0F5F-F555-4652-BA54-7DE9ECAD6615},16/07/2025 0:00:00, ,25/09/2025 0:00:00,ScarlettMichelle,0.000000000000000,Roy Trustee 2022 Ltd,Forest View Contracting
{82924D65-3646-4281-A236-6794D62DFDBE},1601.000000000000000,No,5/11.31,45.000000000000000,1125.000000000000000,No,0.000000000000000,0.000000000000000,0.000000000000000,0.000000000000000,0.000000000000000,0.000000000000000,0.000000000000000,0.000000000000000,25/57,0.000000000000000,0.000000000000000,0.000000000000000,0.000000000000000,0.000000000000000,0.000000000000000,0.000000000000000,0.000000000000000,Yes, ,{841E0F5F-F555-4652-BA54-7DE9ECAD6615},16/07/2025 0:00:00, ,16/07/2025 0:00:00, ,0.000000000000000,Roy Trustee 2022 Ltd,Forest View Contracting
{E2219140-C21A-4F69-A03C-ABB57AE736FC},2635.000000000000000,No,10/11.37,36.000000000000000,900.000000000000000,Yes,0.000000000000000,2.000000000000000,0.000000000000000,1.000000000000000,0.000000000000000,0.000000000000000,0.000000000000000,0.000000000000000,25/11,0.000000000000000,0.055555555555600,0.000000000000000,0.027777777777800,0.000000000000000,0.000000000000000,0.000000000000000,0.000000000000000, , ,{C392F0B7-CAB6-444F-8135-B1671A00A764},17/07/2025 0:00:00, ,17/07/2025 0:00:00, ,3.000000000000000,Roy Trustee 2022 Ltd,Johnson Forestry Services
{C68FE27A-8652-46A3-9894-D8AD5224CC4D},2637.000000000000000,No,15/11.48,36.000000000000000,900.000000000000000,Yes,0.000000000000000,1.000000000000000,0.000000000000000,0.000000000000000,0.000000000000000,0.000000000000000,0.000000000000000,0.000000000000000,25/11,0.000000000000000,0.027777777777800,0.000000000000000,0.000000000000000,0.000000000000000,0.000000000000000,0.000000000000000,0.000000000000000, , ,{C392F0B7-CAB6-444F-8135-B1671A00A764},17/07/2025 0:00:00, ,17/07/2025 0:00:00, ,1.000000000000000,Roy Trustee 2022 Ltd,Johnson Forestry Services
{CF7CE7EF-7947-4BC4-960D-6A76CF9B1E36},2633.000000000000000,No,15/11.48,31.000000000000000,775.000000000000000,No,0.000000000000000,0.000000000000000,0.000000000000000,0.000000000000000,0.000000000000000,0.000000000000000,0.000000000000000,0.000000000000000,25/11,0.000000000000000,0.000000000000000,0.000000000000000,0.000000000000000,0.000000000000000,0.000000000000000,0.000000000000000,0.000000000000000,Yes,Plot between two water ways,{C392F0B7-CAB6-444F-8135-B1671A00A764},17/07/2025 0:00:00, ,17/07/2025 0:00:00, ,0.000000000000000,Roy Trustee 2022 Ltd,Johnson Forestry Services
{70D4EC4B-EDCF-41CA-A93E-A8449BDC76EF},2629.000000000000000,No,15/11.48,37.000000000000000,925.000000000000000,No,0.000000000000000,0.000000000000000,0.000000000000000,0.000000000000000,0.000000000000000,0.000000000000000,0.000000000000000,0.000000000000000,25/11,0.000000000000000,0.000000000000000,0.000000000000000,0.000000000000000,0.000000000000000,0.000000000000000,0.000000000000000,0.000000000000000, , ,{C392F0B7-CAB6-444F-8135-B1671A00A764},17/07/2025 0:00:00, ,17/07/2025 0:00:00, ,0.000000000000000,Roy Trustee 2022 Ltd,Johnson Forestry Services
{A0D4BB07-FF72-4B7B-AD46-517A5E6287CD},367.000000000000000,No,5/11.31,37.000000000000000,925.000000000000000,Yes,2.000000000000000,3.000000000000000,0.000000000000000,0.000000000000000,0.000000000000000,0.000000000000000,0.000000000000000,0.000000000000000,25/72,0.054054054054100,0.081081081081100,0.000000000000000,0.000000000000000,0.000000000000000,0.000000000000000,0.000000000000000,0.000000000000000, , ,{C18FB58B-65BE-4A85-8C6A-8171CC5A1AB7},17/07/2025 0:00:00, ,17/07/2025 0:00:00, ,5.000000000000000,Roy Trustee 2022 Ltd,Proforest
{009B4944-D468-4278-8CBC-DA8BD639C38C},369.000000000000000,No,15/11.48,39.000000000000000,975.000000000000000,Yes,1.000000000000000,1.000000000000000,0.000000000000000,0.000000000000000,1.000000000000000,0.000000000000000,0.000000000000000,0.000000000000000,25/72,0.025641025641000,0.025641025641000,0.000000000000000,0.000000000000000,0.025641025641000,0.000000000000000,0.000000000000000,0.000000000000000, , ,{C18FB58B-65BE-4A85-8C6A-8171CC5A1AB7},17/07/2025 0:00:00, ,17/07/2025 0:00:00, ,5.000000000000000,Roy Trustee 2022 Ltd,Proforest
{8AEE45E7-CBD8-4213-BDF7-BBFD23FF77AF},385.000000000000000,No,10/11.37,42.000000000000000,1050.000000000000000,Yes,0.000000000000000,3.000000000000000,1.000000000000000,0.000000000000000,0.000000000000000,0.000000000000000,0.000000000000000,0.000000000000000,25/72,0.000000000000000,0.071428571428600,0.023809523809500,0.000000000000000,0.000000000000000,0.000000000000000,0.000000000000000,0.000000000000000, , ,{C18FB58B-65BE-4A85-8C6A-8171CC5A1AB7},17/07/2025 0:00:00, ,17/07/2025 0:00:00, ,6.000000000000000,Roy Trustee 2022 Ltd,Proforest
{6184B929-AF41-4DD7-895F-AB1A23469A42},383.000000000000000,No,10/11.37,41.000000000000000,1025.000000000000000,Yes,0.000000000000000,4.000000000000000,0.000000000000000,0.000000000000000,0.000000000000000,0.000000000000000,0.000000000000000,0.000000000000000,25/72,0.000000000000000,0.097560975609800,0.000000000000000,0.000000000000000,0.000000000000000,0.000000000000000,0.000000000000000,0.000000000000000, , ,{C18FB58B-65BE-4A85-8C6A-8171CC5A1AB7},17/07/2025 0:00:00, ,17/07/2025 0:00:00, ,4.000000000000000,Roy Trustee 2022 Ltd,Proforest
{DBD0ABB7-6820-4FD6-AA7F-F56C7F85621E},365.000000000000000,No,10/11.37,43.000000000000000,1075.000000000000000,Yes,0.000000000000000,3.000000000000000,0.000000000000000,0.000000000000000,0.000000000000000,0.000000000000000,1.000000000000000,0.000000000000000,25/72,0.000000000000000,0.069767441860500,0.000000000000000,0.000000000000000,0.000000000000000,0.000000000000000,0.023255813953500,0.000000000000000, , ,{C18FB58B-65BE-4A85-8C6A-8171CC5A1AB7},17/07/2025 0:00:00, ,17/07/2025 0:00:00, ,6.000000000000000,Roy Trustee 2022 Ltd,Proforest
{9C9EB629-DA64-4260-9893-B0A166BD3963},381.000000000000000,No,10/11.37,36.000000000000000,900.000000000000000,No,0.000000000000000,0.000000000000000,0.000000000000000,0.000000000000000,0.000000000000000,0.000000000000000,0.000000000000000,0.000000000000000,25/72,0.000000000000000,0.000000000000000,0.000000000000000,0.000000000000000,0.000000000000000,0.000000000000000,0.000000000000000,0.000000000000000, , ,{C18FB58B-65BE-4A85-8C6A-8171CC5A1AB7},17/07/2025 0:00:00, ,17/07/2025 0:00:00, ,0.000000000000000,Roy Trustee 2022 Ltd,Proforest
{8720077F-C9A9-4F53-9A75-AB501D57FE74},399.000000000000000,No,15/11.48,39.000000000000000,975.000000000000000,Yes,0.000000000000000,3.000000000000000,1.000000000000000,0.000000000000000,0.000000000000000,0.000000000000000,0.000000000000000,0.000000000000000,25/72,0.000000000000000,0.076923076923100,0.025641025641000,0.000000000000000,0.000000000000000,0.000000000000000,0.000000000000000,0.000000000000000, , ,{C18FB58B-65BE-4A85-8C6A-8171CC5A1AB7},17/07/2025 0:00:00, ,17/07/2025 0:00:00, ,6.000000000000000,Roy Trustee 2022 Ltd,Proforest
{0F6DDD78-2357-42AF-86D9-712AA352482A},401.000000000000000,No,15/11.48,44.000000000000000,1100.000000000000000,Yes,0.000000000000000,2.000000000000000,0.000000000000000,0.000000000000000,0.000000000000000,0.000000000000000,0.000000000000000,1.000000000000000,25/72,0.000000000000000,0.045454545454500,0.000000000000000,0.000000000000000,0.000000000000000,0.000000000000000,0.000000000000000,0.022727272727300, , ,{C18FB58B-65BE-4A85-8C6A-8171CC5A1AB7},17/07/2025 0:00:00, ,17/07/2025 0:00:00, ,5.000000000000000,Roy Trustee 2022 Ltd,Proforest
{588B9F20-B5BB-4D2C-A440-6ACBE961E4A2},403.000000000000000,No,10/11.37,45.000000000000000,1125.000000000000000,Yes,0.000000000000000,3.000000000000000,0.000000000000000,0.000000000000000,0.000000000000000,0.000000000000000,1.000000000000000,0.000000000000000,25/72,0.000000000000000,0.066666666666700,0.000000000000000,0.000000000000000,0.000000000000000,0.000000000000000,0.022222222222200,0.000000000000000,Yes, ,{C18FB58B-65BE-4A85-8C6A-8171CC5A1AB7},17/07/2025 0:00:00, ,17/07/2025 0:00:00, ,6.000000000000000,Roy Trustee 2022 Ltd,Proforest
{7052EF4B-D30B-43BE-ACF2-70A7B865BBBA},419.000000000000000,No,5/11.31,37.000000000000000,925.000000000000000,Yes,0.000000000000000,3.000000000000000,0.000000000000000,0.000000000000000,0.000000000000000,0.000000000000000,0.000000000000000,0.000000000000000,25/72,0.000000000000000,0.081081081081100,0.000000000000000,0.000000000000000,0.000000000000000,0.000000000000000,0.000000000000000,0.000000000000000, , ,{C18FB58B-65BE-4A85-8C6A-8171CC5A1AB7},17/07/2025 0:00:00, ,17/07/2025 0:00:00, ,3.000000000000000,Roy Trustee 2022 Ltd,Proforest
{C9DE41AA-9ABE-457D-B5D5-A085761043A6},431.000000000000000,No,0/11.31,42.000000000000000,1050.000000000000000,Yes,0.000000000000000,5.000000000000000,0.000000000000000,0.000000000000000,0.000000000000000,0.000000000000000,0.000000000000000,0.000000000000000,25/72,0.000000000000000,0.119047619048000,0.000000000000000,0.000000000000000,0.000000000000000,0.000000000000000,0.000000000000000,0.000000000000000, , ,{C18FB58B-65BE-4A85-8C6A-8171CC5A1AB7},17/07/2025 0:00:00, ,17/07/2025 0:00:00, ,5.000000000000000,Roy Trustee 2022 Ltd,Proforest
{3258DE16-5968-451A-8B8F-B2E2834D6E1E},417.000000000000000,No,0/11.31,42.000000000000000,1050.000000000000000,Yes,0.000000000000000,4.000000000000000,0.000000000000000,0.000000000000000,0.000000000000000,0.000000000000000,0.000000000000000,0.000000000000000,25/72,0.000000000000000,0.095238095238100,0.000000000000000,0.000000000000000,0.000000000000000,0.000000000000000,0.000000000000000,0.000000000000000, , ,{C18FB58B-65BE-4A85-8C6A-8171CC5A1AB7},17/07/2025 0:00:00, ,17/07/2025 0:00:00, ,4.000000000000000,Roy Trustee 2022 Ltd,Proforest
{CDF27FE9-BD86-4969-8D02-541EAC461323},1129.000000000000000,No,20/11.64,42.000000000000000,1050.000000000000000,No,0.000000000000000,0.000000000000000,0.000000000000000,0.000000000000000,0.000000000000000,0.000000000000000,0.000000000000000,0.000000000000000,25/71,0.000000000000000,0.000000000000000,0.000000000000000,0.000000000000000,0.000000000000000,0.000000000000000,0.000000000000000,0.000000000000000, , ,{820EF126-078E-4268-B23F-530B7EC059F1},17/07/2025 0:00:00, ,17/07/2025 0:00:00, ,0.000000000000000,Roy Trustee 2022 Ltd,Forest View Contracting
{0DF5AB1A-8F4B-4AA1-95A2-5D172A4E0D7C},1159.000000000000000,No,10/11.37,40.000000000000000,1000.000000000000000,No,0.000000000000000,0.000000000000000,0.000000000000000,0.000000000000000,0.000000000000000,0.000000000000000,0.000000000000000,0.000000000000000,25/71,0.000000000000000,0.000000000000000,0.000000000000000,0.000000000000000,0.000000000000000,0.000000000000000,0.000000000000000,0.000000000000000, , ,{820EF126-078E-4268-B23F-530B7EC059F1},17/07/2025 0:00:00, ,17/07/2025 0:00:00, ,0.000000000000000,Roy Trustee 2022 Ltd,Forest View Contracting
{BF7F810E-765B-42D0-8B54-E18E7A8C5DC5},1151.000000000000000,No,20/11.64,41.000000000000000,1025.000000000000000,No,0.000000000000000,0.000000000000000,0.000000000000000,0.000000000000000,0.000000000000000,0.000000000000000,0.000000000000000,0.000000000000000,25/71,0.000000000000000,0.000000000000000,0.000000000000000,0.000000000000000,0.000000000000000,0.000000000000000,0.000000000000000,0.000000000000000, , ,{820EF126-078E-4268-B23F-530B7EC059F1},17/07/2025 0:00:00, ,17/07/2025 0:00:00, ,0.000000000000000,Roy Trustee 2022 Ltd,Forest View Contracting
{2883CC4D-A0A0-4805-9F49-0E07039D6B8E},1053.000000000000000,No,25/11.85,42.000000000000000,1050.000000000000000,No,0.000000000000000,0.000000000000000,0.000000000000000,0.000000000000000,0.000000000000000,0.000000000000000,0.000000000000000,0.000000000000000,25/71,0.000000000000000,0.000000000000000,0.000000000000000,0.000000000000000,0.000000000000000,0.000000000000000,0.000000000000000,0.000000000000000, , ,{820EF126-078E-4268-B23F-530B7EC059F1},17/07/2025 0:00:00, ,17/07/2025 0:00:00, ,0.000000000000000,Roy Trustee 2022 Ltd,Forest View Contracting
{D9A47916-D594-48B1-BF69-9B76557BFCB5},1149.000000000000000,No,10/11.37,43.000000000000000,1075.000000000000000,Yes,0.000000000000000,0.000000000000000,0.000000000000000,0.000000000000000,0.000000000000000,0.000000000000000,1.000000000000000,0.000000000000000,25/71,0.000000000000000,0.000000000000000,0.000000000000000,0.000000000000000,0.000000000000000,0.000000000000000,0.023255813953500,0.000000000000000, , ,{820EF126-078E-4268-B23F-530B7EC059F1},17/07/2025 0:00:00, ,17/07/2025 0:00:00, ,3.000000000000000,Roy Trustee 2022 Ltd,Forest View Contracting
{8CC402F7-7ACB-48AA-92FA-7AFA67896E02},1107.000000000000000,No,10/11.37,39.000000000000000,975.000000000000000,No,0.000000000000000,0.000000000000000,0.000000000000000,0.000000000000000,0.000000000000000,0.000000000000000,0.000000000000000,0.000000000000000,25/71,0.000000000000000,0.000000000000000,0.000000000000000,0.000000000000000,0.000000000000000,0.000000000000000,0.000000000000000,0.000000000000000, , ,{820EF126-078E-4268-B23F-530B7EC059F1},17/07/2025 0:00:00, ,17/07/2025 0:00:00, ,0.000000000000000,Roy Trustee 2022 Ltd,Forest View Contracting
{0E88D92B-31CA-48EA-8904-EE8FCDFCB3CC},1143.000000000000000,No,5/11.31,38.000000000000000,950.000000000000000,No,0.000000000000000,0.000000000000000,0.000000000000000,0.000000000000000,0.000000000000000,0.000000000000000,0.000000000000000,0.000000000000000,25/71,0.000000000000000,0.000000000000000,0.000000000000000,0.000000000000000,0.000000000000000,0.000000000000000,0.000000000000000,0.000000000000000, , ,{820EF126-078E-4268-B23F-530B7EC059F1},17/07/2025 0:00:00, ,17/07/2025 0:00:00, ,0.000000000000000,Roy Trustee 2022 Ltd,Forest View Contracting
{4DCF0ECE-AB89-41A9-B44C-08F797259E66},1119.000000000000000,No,0/11.31,42.000000000000000,1050.000000000000000,No,0.000000000000000,0.000000000000000,0.000000000000000,0.000000000000000,0.000000000000000,0.000000000000000,0.000000000000000,0.000000000000000,25/71,0.000000000000000,0.000000000000000,0.000000000000000,0.000000000000000,0.000000000000000,0.000000000000000,0.000000000000000,0.000000000000000, , ,{820EF126-078E-4268-B23F-530B7EC059F1},17/07/2025 0:00:00, ,17/07/2025 0:00:00, ,0.000000000000000,Roy Trustee 2022 Ltd,Forest View Contracting
{A6B58C79-8C47-4982-859C-3FA06A8B34ED},1139.000000000000000,No,5/11.31,41.000000000000000,1025.000000000000000,No,0.000000000000000,0.000000000000000,0.000000000000000,0.000000000000000,0.000000000000000,0.000000000000000,0.000000000000000,0.000000000000000,25/71,0.000000000000000,0.000000000000000,0.000000000000000,0.000000000000000,0.000000000000000,0.000000000000000,0.000000000000000,0.000000000000000, , ,{820EF126-078E-4268-B23F-530B7EC059F1},17/07/2025 0:00:00, ,17/07/2025 0:00:00, ,0.000000000000000,Roy Trustee 2022 Ltd,Forest View Contracting
{4558500B-C690-4604-8196-9AEF822E52CB},2113.000000000000000,No,5/11.31,36.000000000000000,900.000000000000000,Yes,0.000000000000000,0.000000000000000,0.000000000000000,0.000000000000000,0.000000000000000,0.000000000000000,1.000000000000000,0.000000000000000,25/7,0.000000000000000,0.000000000000000,0.000000000000000,0.000000000000000,0.000000000000000,0.000000000000000,0.027777777777800,0.000000000000000, , ,{C2AA45A0-45E5-4948-92CB-856DF211BE96},17/07/2025 0:00:00, ,17/07/2025 0:00:00, ,3.000000000000000,Roy Trustee 2022 Ltd,Johnson Forestry Services
{769BD800-EE0C-4690-9C53-EFCAF4B51985},2129.000000000000000,No,10/11.37,36.000000000000000,900.000000000000000,Yes,1.000000000000000,0.000000000000000,0.000000000000000,0.000000000000000,0.000000000000000,0.000000000000000,0.000000000000000,0.000000000000000,25/7,0.027777777777800,0.000000000000000,0.000000000000000,0.000000000000000,0.000000000000000,0.000000000000000,0.000000000000000,0.000000000000000, , ,{C2AA45A0-45E5-4948-92CB-856DF211BE96},17/07/2025 0:00:00, ,17/07/2025 0:00:00, ,1.000000000000000,Roy Trustee 2022 Ltd,Johnson Forestry Services
{FD0400BF-5042-4964-A5A6-E6215DCE1B6C},2623.000000000000000,No,30/12.13,40.000000000000000,1000.000000000000000,Yes,0.000000000000000,1.000000000000000,0.000000000000000,0.000000000000000,0.000000000000000,0.000000000000000,1.000000000000000,0.000000000000000,25/11,0.000000000000000,0.025000000000000,0.000000000000000,0.000000000000000,0.000000000000000,0.000000000000000,0.025000000000000,0.000000000000000, , ,{C7DB99F1-E1A9-4E32-886F-CFE7BDFF28CF},17/07/2025 0:00:00, ,17/07/2025 0:00:00, ,4.000000000000000,Roy Trustee 2022 Ltd,Johnson Forestry Services
{1631B782-9E4F-41E7-B231-1CDA62A32292},2611.000000000000000,No,25/11.85,38.000000000000000,950.000000000000000,Yes,0.000000000000000,2.000000000000000,0.000000000000000,0.000000000000000,0.000000000000000,0.000000000000000,1.000000000000000,0.000000000000000,25/11,0.000000000000000,0.052631578947400,0.000000000000000,0.000000000000000,0.000000000000000,0.000000000000000,0.026315789473700,0.000000000000000, , ,{C7DB99F1-E1A9-4E32-886F-CFE7BDFF28CF},17/07/2025 0:00:00, ,17/07/2025 0:00:00, ,5.000000000000000,Roy Trustee 2022 Ltd,Johnson Forestry Services
{78216A71-3420-4F6A-A0A8-0B7F0AFBD8BD},2583.000000000000000,No,30/12.13,37.000000000000000,925.000000000000000,Yes,1.000000000000000,0.000000000000000,1.000000000000000,0.000000000000000,0.000000000000000,0.000000000000000,0.000000000000000,0.000000000000000,25/11,0.027027027027000,0.000000000000000,0.027027027027000,0.000000000000000,0.000000000000000,0.000000000000000,0.000000000000000,0.000000000000000, , ,{F150629E-ABD9-4B5C-90D9-233CA4ED85F7},17/07/2025 0:00:00, ,17/07/2025 0:00:00, ,4.000000000000000,Roy Trustee 2022 Ltd,Johnson Forestry Services
{8BA61DD3-FC52-4E71-8F6C-EA1B5DBFFADB},2585.000000000000000,No,25/11.85,40.000000000000000,1000.000000000000000,Yes,0.000000000000000,0.000000000000000,1.000000000000000,0.000000000000000,0.000000000000000,0.000000000000000,0.000000000000000,0.000000000000000,25/11,0.000000000000000,0.000000000000000,0.025000000000000,0.000000000000000,0.000000000000000,0.000000000000000,0.000000000000000,0.000000000000000, , ,{F150629E-ABD9-4B5C-90D9-233CA4ED85F7},17/07/2025 0:00:00, ,17/07/2025 0:00:00, ,3.000000000000000,Roy Trustee 2022 Ltd,Johnson Forestry Services
{65F33F76-4363-4B46-876C-22E8C9767B79},2587.000000000000000,No,20/11.64,36.000000000000000,900.000000000000000,Yes,0.000000000000000,0.000000000000000,0.000000000000000,0.000000000000000,0.000000000000000,0.000000000000000,1.000000000000000,0.000000000000000,25/11,0.000000000000000,0.000000000000000,0.000000000000000,0.000000000000000,0.000000000000000,0.000000000000000,0.027777777777800,0.000000000000000, , ,{F150629E-ABD9-4B5C-90D9-233CA4ED85F7},17/07/2025 0:00:00, ,17/07/2025 0:00:00, ,3.000000000000000,Roy Trustee 2022 Ltd,Johnson Forestry Services
{FB71323D-05F6-4137-8CFE-FCB84D014348},2595.000000000000000,No,15/11.48,36.000000000000000,900.000000000000000,No,0.000000000000000,0.000000000000000,0.000000000000000,0.000000000000000,0.000000000000000,0.000000000000000,0.000000000000000,0.000000000000000,25/11,0.000000000000000,0.000000000000000,0.000000000000000,0.000000000000000,0.000000000000000,0.000000000000000,0.000000000000000,0.000000000000000, , ,{F150629E-ABD9-4B5C-90D9-233CA4ED85F7},17/07/2025 0:00:00, ,17/07/2025 0:00:00, ,0.000000000000000,Roy Trustee 2022 Ltd,Johnson Forestry Services
{913E3FD2-D1EF-41E1-8516-BFAAF6BCEAFF},2593.000000000000000,No,10/11.37,36.000000000000000,900.000000000000000,Yes,0.000000000000000,1.000000000000000,0.000000000000000,0.000000000000000,0.000000000000000,0.000000000000000,1.000000000000000,0.000000000000000,25/11,0.000000000000000,0.027777777777800,0.000000000000000,0.000000000000000,0.000000000000000,0.000000000000000,0.027777777777800,0.000000000000000, , ,{F150629E-ABD9-4B5C-90D9-233CA4ED85F7},17/07/2025 0:00:00, ,17/07/2025 0:00:00, ,4.000000000000000,Roy Trustee 2022 Ltd,Johnson Forestry Services
{31C4B25C-8D7D-441D-9824-742A6FD3B461},2591.000000000000000,No,25/11.85,44.000000000000000,1100.000000000000000,Yes,0.000000000000000,0.000000000000000,1.000000000000000,0.000000000000000,0.000000000000000,0.000000000000000,1.000000000000000,0.000000000000000,25/11,0.000000000000000,0.000000000000000,0.022727272727300,0.000000000000000,0.000000000000000,0.000000000000000,0.022727272727300,0.000000000000000, , ,{F150629E-ABD9-4B5C-90D9-233CA4ED85F7},17/07/2025 0:00:00, ,17/07/2025 0:00:00, ,6.000000000000000,Roy Trustee 2022 Ltd,Johnson Forestry Services
{0CD70D26-34F9-4AE0-84C0-D12B2DB83803},2603.000000000000000,No,25/11.85,40.000000000000000,1000.000000000000000,Yes,0.000000000000000,1.000000000000000,0.000000000000000,0.000000000000000,0.000000000000000,0.000000000000000,1.000000000000000,0.000000000000000,25/11,0.000000000000000,0.025000000000000,0.000000000000000,0.000000000000000,0.000000000000000,0.000000000000000,0.025000000000000,0.000000000000000, , ,{F150629E-ABD9-4B5C-90D9-233CA4ED85F7},17/07/2025 0:00:00, ,17/07/2025 0:00:00, ,4.000000000000000,Roy Trustee 2022 Ltd,Johnson Forestry Services
{5E204CF5-8F8C-48C4-8BA2-05A300776007},673.000000000000000,No,20/11.64,39.000000000000000,975.000000000000000,Yes,0.000000000000000,1.000000000000000,0.000000000000000,0.000000000000000,0.000000000000000,0.000000000000000,0.000000000000000,0.000000000000000,25/75,0.000000000000000,0.025641025641000,0.000000000000000,0.000000000000000,0.000000000000000,0.000000000000000,0.000000000000000,0.000000000000000, , ,{FAA0094D-47CD-4BCB-8A93-898E49644E2C},18/07/2025 0:00:00, ,18/07/2025 0:00:00, ,1.000000000000000,Roy Trustee 2022 Ltd,Innovair
{911F5CE2-6044-46FE-93E2-EAB4EC5BE681},721.100000000000023,No,20/11.64,43.000000000000000,1075.000000000000000,Yes,0.000000000000000,0.000000000000000,0.000000000000000,0.000000000000000,0.000000000000000,0.000000000000000,1.000000000000000,0.000000000000000,25/75,0.000000000000000,0.000000000000000,0.000000000000000,0.000000000000000,0.000000000000000,0.000000000000000,0.000000000000000,0.000000000000000, , ,{FAA0094D-47CD-4BCB-8A93-898E49644E2C},18/07/2025 0:00:00, ,18/07/2025 0:00:00, ,0.000000000000000,Roy Trustee 2022 Ltd,Innovair
{234C317A-1331-4F56-A063-B7DA8710EC5C},695.000000000000000,No,30/12.13,46.000000000000000,1150.000000000000000,Yes,0.000000000000000,1.000000000000000,0.000000000000000,0.000000000000000,0.000000000000000,0.000000000000000,0.000000000000000,0.000000000000000,25/75,0.000000000000000,0.021739130434800,0.000000000000000,0.000000000000000,0.000000000000000,0.000000000000000,0.000000000000000,0.000000000000000,Yes,"Plot came out high. I did a stocking plot 70m across the hill and it came out 1025. Will fix this area if necessary 
",{FAA0094D-47CD-4BCB-8A93-898E49644E2C},18/07/2025 0:00:00, ,18/07/2025 0:00:00, ,1.000000000000000,Roy Trustee 2022 Ltd,Innovair
{DDDAD5EC-FB3D-427A-8817-3FB4ED4543AD},2713.000000000000000,No,15/11.48,40.000000000000000,1000.000000000000000,No,0.000000000000000,0.000000000000000,0.000000000000000,0.000000000000000,0.000000000000000,0.000000000000000,0.000000000000000,0.000000000000000,25/10,0.000000000000000,0.000000000000000,0.000000000000000,0.000000000000000,0.000000000000000,0.000000000000000,0.000000000000000,0.000000000000000, ,Moved plot down from fence,{8DDDC5FA-2594-4A67-8F67-667B170CB27D},18/07/2025 0:00:00, ,18/07/2025 0:00:00, ,0.000000000000000,Roy Trustee 2022 Ltd,Johnson Forestry Services
{FED79F5E-0350-4F7B-861E-B10DF0BEF82E},2709.000000000000000,No,15/11.48,38.000000000000000,950.000000000000000,Yes,0.000000000000000,0.000000000000000,1.000000000000000,0.000000000000000,0.000000000000000,0.000000000000000,1.000000000000000,0.000000000000000,25/10,0.000000000000000,0.000000000000000,0.026315789473700,0.000000000000000,0.000000000000000,0.000000000000000,0.026315789473700,0.000000000000000, , ,{8DDDC5FA-2594-4A67-8F67-667B170CB27D},18/07/2025 0:00:00, ,18/07/2025 0:00:00, ,6.000000000000000,Roy Trustee 2022 Ltd,Johnson Forestry Services
{AF5F5369-497B-475A-9958-253237E56F26},2707.000000000000000,No,15/11.48,44.000000000000000,1100.000000000000000,Yes,0.000000000000000,0.000000000000000,0.000000000000000,0.000000000000000,0.000000000000000,1.000000000000000,0.000000000000000,0.000000000000000,25/10,0.000000000000000,0.000000000000000,0.000000000000000,0.000000000000000,0.000000000000000,0.022727272727300,0.000000000000000,0.000000000000000, , ,{8DDDC5FA-2594-4A67-8F67-667B170CB27D},18/07/2025 0:00:00, ,18/07/2025 0:00:00, ,3.000000000000000,Roy Trustee 2022 Ltd,Johnson Forestry Services
{1E5B178C-5267-4F17-9313-B0C85FABD0CB},2703.000000000000000,No,15/11.48,36.000000000000000,900.000000000000000,Yes,0.000000000000000,1.000000000000000,0.000000000000000,0.000000000000000,0.000000000000000,0.000000000000000,0.000000000000000,0.000000000000000,25/10,0.000000000000000,0.027777777777800,0.000000000000000,0.000000000000000,0.000000000000000,0.000000000000000,0.000000000000000,0.000000000000000, , ,{8DDDC5FA-2594-4A67-8F67-667B170CB27D},18/07/2025 0:00:00, ,18/07/2025 0:00:00, ,1.000000000000000,Roy Trustee 2022 Ltd,Johnson Forestry Services
{0BE4FBBB-FF87-4296-9137-1E0EB3B23F91},2697.000000000000000,No,20/11.64,37.000000000000000,925.000000000000000,No,0.000000000000000,0.000000000000000,0.000000000000000,0.000000000000000,0.000000000000000,0.000000000000000,0.000000000000000,0.000000000000000,25/10,0.000000000000000,0.000000000000000,0.000000000000000,0.000000000000000,0.000000000000000,0.000000000000000,0.000000000000000,0.000000000000000, ,Moved plot up from water way,{8DDDC5FA-2594-4A67-8F67-667B170CB27D},18/07/2025 0:00:00, ,18/07/2025 0:00:00, ,0.000000000000000,Roy Trustee 2022 Ltd,Johnson Forestry Services
{3E1ED326-F409-4194-89E1-B31AB54F22FC},2701.000000000000000,No,15/11.48,39.000000000000000,975.000000000000000,No,0.000000000000000,0.000000000000000,0.000000000000000,0.000000000000000,0.000000000000000,0.000000000000000,0.000000000000000,0.000000000000000,25/10,0.000000000000000,0.000000000000000,0.000000000000000,0.000000000000000,0.000000000000000,0.000000000000000,0.000000000000000,0.000000000000000, ,Moved plot down from fence.,{8DDDC5FA-2594-4A67-8F67-667B170CB27D},18/07/2025 0:00:00, ,18/07/2025 0:00:00, ,0.000000000000000,Roy Trustee 2022 Ltd,Johnson Forestry Services
{E6AFAEF3-9583-4213-A232-72887A5C7C9B},2677.000000000000000,No,10/11.37,36.000000000000000,900.000000000000000,Yes,0.000000000000000,0.000000000000000,0.000000000000000,0.000000000000000,0.000000000000000,0.000000000000000,1.000000000000000,0.000000000000000,25/10,0.000000000000000,0.000000000000000,0.000000000000000,0.000000000000000,0.000000000000000,0.000000000000000,0.027777777777800,0.000000000000000, , ,{F87F12EE-FE14-4CC1-BC8C-E92DADA5DC26},18/07/2025 0:00:00, ,18/07/2025 0:00:00, ,3.000000000000000,Roy Trustee 2022 Ltd,Johnson Forestry Services
{F4B560E9-1DB1-4A39-8E14-98B856281D7C},2679.000000000000000,No,10/11.37,44.000000000000000,1100.000000000000000,Yes,0.000000000000000,3.000000000000000,0.000000000000000,0.000000000000000,0.000000000000000,0.000000000000000,0.000000000000000,0.000000000000000,25/10,0.000000000000000,0.068181818181800,0.000000000000000,0.000000000000000,0.000000000000000,0.000000000000000,0.000000000000000,0.000000000000000, , ,{F87F12EE-FE14-4CC1-BC8C-E92DADA5DC26},18/07/2025 0:00:00, ,18/07/2025 0:00:00, ,3.000000000000000,Roy Trustee 2022 Ltd,Johnson Forestry Services
{7D0D2368-834F-447C-8589-6E8AA94053FF},2591.000000000000000,No,10/11.37,44.000000000000000,1100.000000000000000,Yes,0.000000000000000,0.000000000000000,0.000000000000000,0.000000000000000,0.000000000000000,0.000000000000000,1.000000000000000,0.000000000000000,25/10,0.000000000000000,0.000000000000000,0.000000000000000,0.000000000000000,0.000000000000000,0.000000000000000,0.022727272727300,0.000000000000000, , ,{F87F12EE-FE14-4CC1-BC8C-E92DADA5DC26},18/07/2025 0:00:00, ,18/07/2025 0:00:00, ,3.000000000000000,Roy Trustee 2022 Ltd,Johnson Forestry Services
{82CD1629-08EE-4D7D-A1F2-287F2435436F},2683.000000000000000,No,5/11.31,43.000000000000000,1075.000000000000000,Yes,0.000000000000000,0.000000000000000,1.000000000000000,0.000000000000000,0.000000000000000,0.000000000000000,1.000000000000000,0.000000000000000,25/10,0.000000000000000,0.000000000000000,0.023255813953500,0.000000000000000,0.000000000000000,0.000000000000000,0.023255813953500,0.000000000000000, , ,{F87F12EE-FE14-4CC1-BC8C-E92DADA5DC26},18/07/2025 0:00:00, ,18/07/2025 0:00:00, ,6.000000000000000,Roy Trustee 2022 Ltd,Johnson Forestry Services
{4AB0C3ED-D6D6-401C-A4A3-AC8175C38FFF},2681.000000000000000,No,15/11.48,39.000000000000000,975.000000000000000,Yes,1.000000000000000,0.000000000000000,1.000000000000000,0.000000000000000,0.000000000000000,0.000000000000000,0.000000000000000,0.000000000000000,25/10,0.025641025641000,0.000000000000000,0.025641025641000,0.000000000000000,0.000000000000000,0.000000000000000,0.000000000000000,0.000000000000000, , ,{F87F12EE-FE14-4CC1-BC8C-E92DADA5DC26},18/07/2025 0:00:00, ,18/07/2025 0:00:00, ,4.000000000000000,Roy Trustee 2022 Ltd,Johnson Forestry Services
{305F8C52-5CF6-414B-83B9-A4BA67C0D186},2685.000000000000000,No,20/11.64,38.000000000000000,950.000000000000000,Yes,0.000000000000000,0.000000000000000,0.000000000000000,0.000000000000000,0.000000000000000,0.000000000000000,1.000000000000000,0.000000000000000,25/10,0.000000000000000,0.000000000000000,0.000000000000000,0.000000000000000,0.000000000000000,0.000000000000000,0.026315789473700,0.000000000000000, , ,{F87F12EE-FE14-4CC1-BC8C-E92DADA5DC26},18/07/2025 0:00:00, ,18/07/2025 0:00:00, ,3.000000000000000,Roy Trustee 2022 Ltd,Johnson Forestry Services
{2061D863-39F5-4E15-8CD4-59F8E84967C3},2695.000000000000000,No,20/11.64,44.000000000000000,1100.000000000000000,Yes,2.000000000000000,0.000000000000000,0.000000000000000,0.000000000000000,0.000000000000000,0.000000000000000,1.000000000000000,0.000000000000000,25/10,0.045454545454500,0.000000000000000,0.000000000000000,0.000000000000000,0.000000000000000,0.000000000000000,0.022727272727300,0.000000000000000, , ,{F87F12EE-FE14-4CC1-BC8C-E92DADA5DC26},18/07/2025 0:00:00, ,18/07/2025 0:00:00, ,5.000000000000000,Roy Trustee 2022 Ltd,Johnson Forestry Services
{1CDF07B0-459F-47DD-93E8-77D7806B08D2},2689.000000000000000,No,15/11.48,38.000000000000000,950.000000000000000,Yes,0.000000000000000,0.000000000000000,0.000000000000000,0.000000000000000,0.000000000000000,0.000000000000000,1.000000000000000,0.000000000000000,25/10,0.000000000000000,0.000000000000000,0.000000000000000,0.000000000000000,0.000000000000000,0.000000000000000,0.026315789473700,0.000000000000000, , ,{F87F12EE-FE14-4CC1-BC8C-E92DADA5DC26},18/07/2025 0:00:00, ,18/07/2025 0:00:00, ,3.000000000000000,Roy Trustee 2022 Ltd,Johnson Forestry Services
{416BF8D7-922D-4A82-A967-8761CD150F1D},2687.000000000000000,No,20/11.64,40.000000000000000,1000.000000000000000,Yes,1.000000000000000,0.000000000000000,0.000000000000000,0.000000000000000,0.000000000000000,0.000000000000000,0.000000000000000,0.000000000000000,25/10,0.025000000000000,0.000000000000000,0.000000000000000,0.000000000000000,0.000000000000000,0.000000000000000,0.000000000000000,0.000000000000000, , ,{F87F12EE-FE14-4CC1-BC8C-E92DADA5DC26},18/07/2025 0:00:00, ,18/07/2025 0:00:00, ,1.000000000000000,Roy Trustee 2022 Ltd,Johnson Forestry Services
{2CAEDA5F-54B3-4FEA-9255-66D1B8846065},1137.000000000000000,No,0/11.31,44.000000000000000,1100.000000000000000,No,0.000000000000000,0.000000000000000,0.000000000000000,0.000000000000000,0.000000000000000,0.000000000000000,0.000000000000000,0.000000000000000,25/71,0.000000000000000,0.000000000000000,0.000000000000000,0.000000000000000,0.000000000000000,0.000000000000000,0.000000000000000,0.000000000000000, ,Dug few up roots look good,{7DA630BA-ADB5-4FAB-B4D2-31E5DF6D5E5F},18/07/2025 0:00:00, ,18/07/2025 0:00:00, ,0.000000000000000,Roy Trustee 2022 Ltd,Forest View Contracting
{243326F6-B939-4217-9961-6C54895AD22C},1139.000000000000000,No,5/11.31,44.000000000000000,1100.000000000000000,Yes,0.000000000000000,0.000000000000000,2.000000000000000,0.000000000000000,0.000000000000000,0.000000000000000,0.000000000000000,0.000000000000000,25/71,0.000000000000000,0.000000000000000,0.045454545454500,0.000000000000000,0.000000000000000,0.000000000000000,0.000000000000000,0.000000000000000, , ,{7DA630BA-ADB5-4FAB-B4D2-31E5DF6D5E5F},18/07/2025 0:00:00, ,18/07/2025 0:00:00, ,6.000000000000000,Roy Trustee 2022 Ltd,Forest View Contracting
{D3782E29-0B8C-439A-9EDB-AF4E6C3CB0A7},1127.000000000000000,No,5/11.31,41.000000000000000,1025.000000000000000,Yes,1.000000000000000,0.000000000000000,0.000000000000000,0.000000000000000,0.000000000000000,0.000000000000000,2.000000000000000,0.000000000000000,25/71,0.024390243902400,0.000000000000000,0.000000000000000,0.000000000000000,0.000000000000000,0.000000000000000,0.048780487804900,0.000000000000000,Yes,Few loose ones frost thaw,{7DA630BA-ADB5-4FAB-B4D2-31E5DF6D5E5F},18/07/2025 0:00:00, ,18/07/2025 0:00:00, ,7.000000000000000,Roy Trustee 2022 Ltd,Forest View Contracting
{50E4D644-612B-4865-80EB-D4E6EC09FD1A},1091.000000000000000,No,5/11.31,42.000000000000000,1050.000000000000000,Yes,0.000000000000000,0.000000000000000,0.000000000000000,0.000000000000000,0.000000000000000,0.000000000000000,2.000000000000000,0.000000000000000,25/71,0.000000000000000,0.000000000000000,0.000000000000000,0.000000000000000,0.000000000000000,0.000000000000000,0.047619047619000,0.000000000000000, ,Rocky ridge,{7DA630BA-ADB5-4FAB-B4D2-31E5DF6D5E5F},18/07/2025 0:00:00, ,18/07/2025 0:00:00, ,6.000000000000000,Roy Trustee 2022 Ltd,Forest View Contracting
{420600CE-78D9-4DED-9822-F145150AA53F},1131.000000000000000,No,5/11.31,40.000000000000000,1000.000000000000000,No,0.000000000000000,0.000000000000000,0.000000000000000,0.000000000000000,0.000000000000000,0.000000000000000,0.000000000000000,0.000000000000000,25/71,0.000000000000000,0.000000000000000,0.000000000000000,0.000000000000000,0.000000000000000,0.000000000000000,0.000000000000000,0.000000000000000, , ,{7DA630BA-ADB5-4FAB-B4D2-31E5DF6D5E5F},18/07/2025 0:00:00, ,18/07/2025 0:00:00, ,0.000000000000000,Roy Trustee 2022 Ltd,Forest View Contracting
{3908A482-EA5C-4BF0-A605-D5FB7C5D84FA},1115.000000000000000,No,5/11.31,40.000000000000000,1000.000000000000000,Yes,0.000000000000000,0.000000000000000,1.000000000000000,0.000000000000000,0.000000000000000,0.000000000000000,1.000000000000000,0.000000000000000,25/71,0.000000000000000,0.000000000000000,0.000000000000000,0.000000000000000,0.000000000000000,0.000000000000000,0.000000000000000,0.000000000000000, , ,{7DA630BA-ADB5-4FAB-B4D2-31E5DF6D5E5F},18/07/2025 0:00:00, ,25/09/2025 0:00:00,ScarlettMichelle,0.000000000000000,Roy Trustee 2022 Ltd,Forest View Contracting
{2B9AE5B6-8504-4CE1-832E-2E84170698B2},1115.000000000000000,No,5/11.31,40.000000000000000,1000.000000000000000,Yes,0.000000000000000,0.000000000000000,1.000000000000000,0.000000000000000,0.000000000000000,0.000000000000000,1.000000000000000,0.000000000000000,25/71,0.000000000000000,0.000000000000000,0.025000000000000,0.000000000000000,0.000000000000000,0.000000000000000,0.025000000000000,0.000000000000000, , ,{7DA630BA-ADB5-4FAB-B4D2-31E5DF6D5E5F},18/07/2025 0:00:00, ,18/07/2025 0:00:00, ,6.000000000000000,Roy Trustee 2022 Ltd,Forest View Contracting
{1BD2B41B-B122-4526-A3E3-CD58AC4969AF},1103.000000000000000,No,10/11.37,44.000000000000000,1100.000000000000000,Yes,0.000000000000000,0.000000000000000,1.000000000000000,0.000000000000000,0.000000000000000,0.000000000000000,0.000000000000000,0.000000000000000,25/71,0.000000000000000,0.000000000000000,0.022727272727300,0.000000000000000,0.000000000000000,0.000000000000000,0.000000000000000,0.000000000000000, , ,{7DA630BA-ADB5-4FAB-B4D2-31E5DF6D5E5F},18/07/2025 0:00:00, ,18/07/2025 0:00:00, ,3.000000000000000,Roy Trustee 2022 Ltd,Forest View Contracting
{EA6BA254-CBB8-4716-9462-F3234ECCD046},1108.000000000000000,No,10/11.37,42.000000000000000,1050.000000000000000,Yes,0.000000000000000,0.000000000000000,1.000000000000000,0.000000000000000,0.000000000000000,0.000000000000000,1.000000000000000,0.000000000000000,25/71,0.000000000000000,0.000000000000000,0.023809523809500,0.000000000000000,0.000000000000000,0.000000000000000,0.023809523809500,0.000000000000000, , ,{7DA630BA-ADB5-4FAB-B4D2-31E5DF6D5E5F},18/07/2025 0:00:00, ,18/07/2025 0:00:00, ,6.000000000000000,Roy Trustee 2022 Ltd,Forest View Contracting
{A11CFDD7-9E94-4A1A-B741-747765AAA32F},1109.000000000000000,No,5/11.31,43.000000000000000,1075.000000000000000,No,0.000000000000000,0.000000000000000,0.000000000000000,0.000000000000000,0.000000000000000,0.000000000000000,0.000000000000000,0.000000000000000,25/71,0.000000000000000,0.000000000000000,0.000000000000000,0.000000000000000,0.000000000000000,0.000000000000000,0.000000000000000,0.000000000000000, , ,{7DA630BA-ADB5-4FAB-B4D2-31E5DF6D5E5F},18/07/2025 0:00:00, ,25/09/2025 0:00:00,ScarlettMichelle,0.000000000000000,Roy Trustee 2022 Ltd,Forest View Contracting
{47DD5D76-F36F-4445-B889-D0FC4D0BD3FC},1109.000000000000000,No,5/11.31,43.000000000000000,1075.000000000000000,No,0.000000000000000,0.000000000000000,0.000000000000000,0.000000000000000,0.000000000000000,0.000000000000000,0.000000000000000,0.000000000000000,25/71,0.000000000000000,0.000000000000000,0.000000000000000,0.000000000000000,0.000000000000000,0.000000000000000,0.000000000000000,0.000000000000000, , ,{7DA630BA-ADB5-4FAB-B4D2-31E5DF6D5E5F},18/07/2025 0:00:00, ,18/07/2025 0:00:00, ,0.000000000000000,Roy Trustee 2022 Ltd,Forest View Contracting
{BA041B55-A870-4E2F-882F-5F32ED3047B0},1087.000000000000000,No,5/11.31,41.000000000000000,1025.000000000000000,Yes,0.000000000000000,0.000000000000000,1.000000000000000,0.000000000000000,0.000000000000000,0.000000000000000,0.000000000000000,0.000000000000000,25/71,0.000000000000000,0.000000000000000,0.000000000000000,0.000000000000000,0.000000000000000,0.000000000000000,0.000000000000000,0.000000000000000, , ,{7DA630BA-ADB5-4FAB-B4D2-31E5DF6D5E5F},18/07/2025 0:00:00, ,25/09/2025 0:00:00,ScarlettMichelle,0.000000000000000,Roy Trustee 2022 Ltd,Forest View Contracting
{0BD55E4A-4972-4D49-A867-31A34F910111},1087.000000000000000,No,5/11.31,41.000000000000000,1025.000000000000000,Yes,0.000000000000000,0.000000000000000,1.000000000000000,0.000000000000000,0.000000000000000,0.000000000000000,0.000000000000000,0.000000000000000,25/71,0.000000000000000,0.000000000000000,0.024390243902400,0.000000000000000,0.000000000000000,0.000000000000000,0.000000000000000,0.000000000000000, , ,{7DA630BA-ADB5-4FAB-B4D2-31E5DF6D5E5F},18/07/2025 0:00:00, ,18/07/2025 0:00:00, ,3.000000000000000,Roy Trustee 2022 Ltd,Forest View Contracting
{531EDD6B-6EB1-4454-A2D6-A591A3515078},1085.000000000000000,No,5/11.31,44.000000000000000,1100.000000000000000,No,0.000000000000000,0.000000000000000,0.000000000000000,0.000000000000000,0.000000000000000,0.000000000000000,0.000000000000000,0.000000000000000,25/71,0.000000000000000,0.000000000000000,0.000000000000000,0.000000000000000,0.000000000000000,0.000000000000000,0.000000000000000,0.000000000000000, , ,{4CAEB1FD-A986-45F2-9E53-09E351BBE142},21/07/2025 0:00:00, ,21/07/2025 0:00:00, ,0.000000000000000,Roy Trustee 2022 Ltd,Forest View Contracting
{5EE77DDE-49AD-4694-A13D-CBDBD3981253},1077.000000000000000,No,0/11.31,44.000000000000000,1100.000000000000000,No,0.000000000000000,0.000000000000000,0.000000000000000,0.000000000000000,0.000000000000000,0.000000000000000,0.000000000000000,0.000000000000000,25/71,0.000000000000000,0.000000000000000,0.000000000000000,0.000000000000000,0.000000000000000,0.000000000000000,0.000000000000000,0.000000000000000, , ,{4CAEB1FD-A986-45F2-9E53-09E351BBE142},21/07/2025 0:00:00, ,21/07/2025 0:00:00, ,0.000000000000000,Roy Trustee 2022 Ltd,Forest View Contracting
{C87B9173-AB62-4363-BB87-C81433F7B7E1},1083.000000000000000,No,10/11.37,40.000000000000000,1000.000000000000000,Yes,0.000000000000000,0.000000000000000,0.000000000000000,0.000000000000000,0.000000000000000,0.000000000000000,1.000000000000000,0.000000000000000,25/71,0.000000000000000,0.000000000000000,0.000000000000000,0.000000000000000,0.000000000000000,0.000000000000000,0.025000000000000,0.000000000000000, , ,{4CAEB1FD-A986-45F2-9E53-09E351BBE142},21/07/2025 0:00:00, ,21/07/2025 0:00:00, ,3.000000000000000,Roy Trustee 2022 Ltd,Forest View Contracting
{7BACA935-861B-4FDF-B6BE-53F83E5093E3},1099.000000000000000,No,5/11.31,40.000000000000000,1000.000000000000000,Yes,0.000000000000000,0.000000000000000,0.000000000000000,1.000000000000000,0.000000000000000,0.000000000000000,1.000000000000000,0.000000000000000,25/71,0.000000000000000,0.000000000000000,0.000000000000000,0.025000000000000,0.000000000000000,0.000000000000000,0.025000000000000,0.000000000000000, , ,{4CAEB1FD-A986-45F2-9E53-09E351BBE142},21/07/2025 0:00:00, ,21/07/2025 0:00:00, ,4.000000000000000,Roy Trustee 2022 Ltd,Forest View Contracting
{C890A477-9C15-4AD8-BD62-2D43FF97B2FA},1113.000000000000000,No,10/11.37,41.000000000000000,1025.000000000000000,Yes,0.000000000000000,0.000000000000000,0.000000000000000,0.000000000000000,0.000000000000000,0.000000000000000,1.000000000000000,0.000000000000000,25/71,0.000000000000000,0.000000000000000,0.000000000000000,0.000000000000000,0.000000000000000,0.000000000000000,0.024390243902400,0.000000000000000, , ,{4CAEB1FD-A986-45F2-9E53-09E351BBE142},21/07/2025 0:00:00, ,21/07/2025 0:00:00, ,3.000000000000000,Roy Trustee 2022 Ltd,Forest View Contracting
{847803DC-DA29-48FC-89C7-503055BDFE8B},1093.000000000000000,No,5/11.31,41.000000000000000,1025.000000000000000,No,0.000000000000000,0.000000000000000,0.000000000000000,0.000000000000000,0.000000000000000,0.000000000000000,0.000000000000000,0.000000000000000,25/71,0.000000000000000,0.000000000000000,0.000000000000000,0.000000000000000,0.000000000000000,0.000000000000000,0.000000000000000,0.000000000000000, , ,{4CAEB1FD-A986-45F2-9E53-09E351BBE142},21/07/2025 0:00:00, ,21/07/2025 0:00:00, ,0.000000000000000,Roy Trustee 2022 Ltd,Forest View Contracting
{1D167B52-57D2-44F5-9548-7895C9B569B2},1079.000000000000000,No,10/11.37,41.000000000000000,1025.000000000000000,No,0.000000000000000,0.000000000000000,0.000000000000000,0.000000000000000,0.000000000000000,0.000000000000000,0.000000000000000,0.000000000000000,25/71,0.000000000000000,0.000000000000000,0.000000000000000,0.000000000000000,0.000000000000000,0.000000000000000,0.000000000000000,0.000000000000000, , ,{4CAEB1FD-A986-45F2-9E53-09E351BBE142},21/07/2025 0:00:00, ,21/07/2025 0:00:00, ,0.000000000000000,Roy Trustee 2022 Ltd,Forest View Contracting
{B5ABC720-BAC5-4DFB-8707-6C0867159EE8},1991.000000000000000,No,20/11.64,43.000000000000000,1075.000000000000000,Yes,0.000000000000000,2.000000000000000,0.000000000000000,0.000000000000000,0.000000000000000,1.000000000000000,0.000000000000000,0.000000000000000,25/73,0.000000000000000,0.046511627907000,0.000000000000000,0.000000000000000,0.000000000000000,0.023255813953500,0.000000000000000,0.000000000000000, , ,{B9B01758-62F8-49C5-9074-D6C8082C1EB5},21/07/2025 0:00:00, ,25/09/2025 0:00:00,ScarlettMichelle,0.000000000000000,Roy Trustee 2022 Ltd,Proforest
{338B8EE2-1630-4540-8997-6BC21DAFA81E},1989.000000000000000,No,20/11.64,41.000000000000000,1025.000000000000000,Yes,0.000000000000000,2.000000000000000,0.000000000000000,0.000000000000000,0.000000000000000,0.000000000000000,0.000000000000000,1.000000000000000,25/73,0.000000000000000,0.048780487804900,0.000000000000000,0.000000000000000,0.000000000000000,0.000000000000000,0.000000000000000,0.024390243902400, , ,{B9B01758-62F8-49C5-9074-D6C8082C1EB5},21/07/2025 0:00:00, ,21/07/2025 0:00:00, ,5.000000000000000,Roy Trustee 2022 Ltd,Proforest
{4F7A73BB-6D4F-4CFE-A328-9FCC4C8C1C9F},2005.000000000000000,No,20/11.64,39.000000000000000,975.000000000000000,Yes,0.000000000000000,2.000000000000000,0.000000000000000,0.000000000000000,0.000000000000000,0.000000000000000,1.000000000000000,0.000000000000000,25/73,0.000000000000000,0.051282051282100,0.000000000000000,0.000000000000000,0.000000000000000,0.000000000000000,0.025641025641000,0.000000000000000, , ,{B9B01758-62F8-49C5-9074-D6C8082C1EB5},21/07/2025 0:00:00, ,21/07/2025 0:00:00, ,5.000000000000000,Roy Trustee 2022 Ltd,Proforest
{0B161086-4C9D-46A8-92D4-F0948D4B784B},2021.000000000000000,No,15/11.48,38.000000000000000,950.000000000000000,Yes,0.000000000000000,4.000000000000000,0.000000000000000,0.000000000000000,0.000000000000000,0.000000000000000,0.000000000000000,0.000000000000000,25/73,0.000000000000000,0.105263157895000,0.000000000000000,0.000000000000000,0.000000000000000,0.000000000000000,0.000000000000000,0.000000000000000, , ,{B9B01758-62F8-49C5-9074-D6C8082C1EB5},21/07/2025 0:00:00, ,21/07/2025 0:00:00, ,4.000000000000000,Roy Trustee 2022 Ltd,Proforest
{F383BDFD-7112-44A6-8AB5-DB6E9D8B0EC0},2033.000000000000000,No,15/11.48,36.000000000000000,900.000000000000000,Yes,0.000000000000000,3.000000000000000,0.000000000000000,0.000000000000000,0.000000000000000,0.000000000000000,0.000000000000000,0.000000000000000,25/73,0.000000000000000,0.000000000000000,0.000000000000000,0.000000000000000,0.000000000000000,0.000000000000000,0.000000000000000,0.000000000000000, , ,{B9B01758-62F8-49C5-9074-D6C8082C1EB5},21/07/2025 0:00:00, ,25/09/2025 0:00:00,ScarlettMichelle,3.000000000000000,Roy Trustee 2022 Ltd,Proforest
{6B586F11-4940-452A-B2AA-F039512FF020},2035.000000000000000,No,10/11.37,37.000000000000000,925.000000000000000,Yes,0.000000000000000,3.000000000000000,1.000000000000000,0.000000000000000,0.000000000000000,0.000000000000000,0.000000000000000,0.000000000000000,25/73,0.000000000000000,0.081081081081100,0.027027027027000,0.000000000000000,0.000000000000000,0.000000000000000,0.000000000000000,0.000000000000000, , ,{B9B01758-62F8-49C5-9074-D6C8082C1EB5},21/07/2025 0:00:00, ,21/07/2025 0:00:00, ,6.000000000000000,Roy Trustee 2022 Ltd,Proforest
{B2A1803C-0BB0-49FB-8849-FC3B33476D16},2037.000000000000000,No,10/11.37,38.000000000000000,950.000000000000000,Yes,0.000000000000000,2.000000000000000,0.000000000000000,0.000000000000000,0.000000000000000,1.000000000000000,0.000000000000000,0.000000000000000,25/73,0.000000000000000,0.000000000000000,0.000000000000000,0.000000000000000,0.000000000000000,0.000000000000000,0.000000000000000,0.000000000000000, , ,{B9B01758-62F8-49C5-9074-D6C8082C1EB5},21/07/2025 0:00:00, ,25/09/2025 0:00:00,ScarlettMichelle,5.000000000000000,Roy Trustee 2022 Ltd,Proforest
{D1E0AE1D-23A3-46DC-A1EE-53446FAC168B},2023.000000000000000,No,10/11.37,42.000000000000000,1050.000000000000000,Yes,0.000000000000000,2.000000000000000,1.000000000000000,0.000000000000000,0.000000000000000,0.000000000000000,0.000000000000000,0.000000000000000,25/73,0.000000000000000,0.047619047619000,0.023809523809500,0.000000000000000,0.000000000000000,0.000000000000000,0.000000000000000,0.000000000000000, , ,{B9B01758-62F8-49C5-9074-D6C8082C1EB5},21/07/2025 0:00:00, ,21/07/2025 0:00:00, ,5.000000000000000,Roy Trustee 2022 Ltd,Proforest
{023AFC6C-1C0D-460E-8761-A1A4E5655F33},721.000000000000000,No,20/11.64,36.000000000000000,900.000000000000000,Yes,0.000000000000000,0.000000000000000,1.000000000000000,0.000000000000000,0.000000000000000,0.000000000000000,0.000000000000000,0.000000000000000,25/75,0.000000000000000,0.000000000000000,0.027777777777800,0.000000000000000,0.000000000000000,0.000000000000000,0.000000000000000,0.000000000000000, ,"Rocky area which I think lowered the plot
",{603D016D-E3D4-4861-A002-E1EA3D3C74A6},21/07/2025 0:00:00, ,21/07/2025 0:00:00, ,3.000000000000000,Roy Trustee 2022 Ltd,Innovair
{103BE98C-3098-48D2-B4EA-64E4358C1D2E},731.000000000000000,No,20/11.64,37.000000000000000,925.000000000000000,Yes,0.000000000000000,1.000000000000000,0.000000000000000,0.000000000000000,0.000000000000000,1.000000000000000,0.000000000000000,0.000000000000000,25/75,0.000000000000000,0.027027027027000,0.000000000000000,0.000000000000000,0.000000000000000,0.027027027027000,0.000000000000000,0.000000000000000, ,Gradient was 20 degrees and 25 degrees so went 11.74m radius.,{603D016D-E3D4-4861-A002-E1EA3D3C74A6},21/07/2025 0:00:00, ,21/07/2025 0:00:00, ,4.000000000000000,Roy Trustee 2022 Ltd,Innovair
{1DC77192-7A40-45A5-8B5E-6E5FD7E0635E},739.000000000000000,No,20/11.64,40.000000000000000,1000.000000000000000,Yes,1.000000000000000,0.000000000000000,0.000000000000000,0.000000000000000,0.000000000000000,0.000000000000000,0.000000000000000,0.000000000000000,25/75,0.025000000000000,0.000000000000000,0.000000000000000,0.000000000000000,0.000000000000000,0.000000000000000,0.000000000000000,0.000000000000000, , ,{603D016D-E3D4-4861-A002-E1EA3D3C74A6},21/07/2025 0:00:00, ,21/07/2025 0:00:00, ,1.000000000000000,Roy Trustee 2022 Ltd,Innovair
{3743CECF-263C-43E0-8BAF-A44C9395814A},2693.000000000000000,No,35/12.50,44.000000000000000,1100.000000000000000,Yes,0.000000000000000,0.000000000000000,0.000000000000000,0.000000000000000,0.000000000000000,0.000000000000000,2.000000000000000,0.000000000000000,25/10,0.000000000000000,0.000000000000000,0.000000000000000,0.000000000000000,0.000000000000000,0.000000000000000,0.045454545454500,0.000000000000000, , ,{814C598C-C62D-48CD-BD8E-FAC41F4F5814},21/07/2025 0:00:00, ,21/07/2025 0:00:00, ,6.000000000000000,Roy Trustee 2022 Ltd,Johnson Forestry Services
{0C47BB8A-5143-43A1-A084-E5CBE002896F},2705.000000000000000,No,25/11.85,43.000000000000000,1075.000000000000000,No,0.000000000000000,0.000000000000000,0.000000000000000,0.000000000000000,0.000000000000000,0.000000000000000,0.000000000000000,0.000000000000000,25/10,0.000000000000000,0.000000000000000,0.000000000000000,0.000000000000000,0.000000000000000,0.000000000000000,0.000000000000000,0.000000000000000, , ,{814C598C-C62D-48CD-BD8E-FAC41F4F5814},21/07/2025 0:00:00, ,21/07/2025 0:00:00, ,0.000000000000000,Roy Trustee 2022 Ltd,Johnson Forestry Services
{7BF6124C-A51F-4868-B26A-6634214AE3D8},2699.000000000000000,No,20/11.64,43.000000000000000,1075.000000000000000,Yes,0.000000000000000,0.000000000000000,0.000000000000000,0.000000000000000,0.000000000000000,0.000000000000000,2.000000000000000,0.000000000000000,25/10,0.000000000000000,0.000000000000000,0.000000000000000,0.000000000000000,0.000000000000000,0.000000000000000,0.046511627907000,0.000000000000000, , ,{814C598C-C62D-48CD-BD8E-FAC41F4F5814},21/07/2025 0:00:00, ,21/07/2025 0:00:00, ,6.000000000000000,Roy Trustee 2022 Ltd,Johnson Forestry Services
{3899A8D8-53BC-474C-A6AF-54EE6C74DAFE},2711.000000000000000,No,25/11.85,38.000000000000000,950.000000000000000,Yes,1.000000000000000,0.000000000000000,0.000000000000000,0.000000000000000,0.000000000000000,0.000000000000000,0.000000000000000,0.000000000000000,25/10,0.026315789473700,0.000000000000000,0.000000000000000,0.000000000000000,0.000000000000000,0.000000000000000,0.000000000000000,0.000000000000000, , ,{814C598C-C62D-48CD-BD8E-FAC41F4F5814},21/07/2025 0:00:00, ,21/07/2025 0:00:00, ,1.000000000000000,Roy Trustee 2022 Ltd,Johnson Forestry Services
{C0B57CBF-E4C7-4955-9A39-86893912ACAF},2561.000000000000000,No,10/11.37,41.000000000000000,1025.000000000000000,Yes,0.000000000000000,0.000000000000000,0.000000000000000,0.000000000000000,0.000000000000000,0.000000000000000,1.000000000000000,0.000000000000000,25/9,0.000000000000000,0.000000000000000,0.000000000000000,0.000000000000000,0.000000000000000,0.000000000000000,0.024390243902400,0.000000000000000, , ,{4B17648C-6792-432B-BB1C-85932084645E},21/07/2025 0:00:00, ,21/07/2025 0:00:00, ,3.000000000000000,Roy Trustee 2022 Ltd,Johnson Forestry Services
{F9F74CE3-2BAF-4466-AA37-268FF378B672},2647.000000000000000,No,20/11.64,42.000000000000000,1050.000000000000000,Yes,1.000000000000000,0.000000000000000,0.000000000000000,0.000000000000000,0.000000000000000,0.000000000000000,1.000000000000000,0.000000000000000,25/9,0.023809523809500,0.000000000000000,0.000000000000000,0.000000000000000,0.000000000000000,0.000000000000000,0.023809523809500,0.000000000000000, , ,{4B17648C-6792-432B-BB1C-85932084645E},21/07/2025 0:00:00, ,21/07/2025 0:00:00, ,4.000000000000000,Roy Trustee 2022 Ltd,Johnson Forestry Services
{C94DF23C-D112-4802-923B-89B224A81BC8},2643.000000000000000,No,10/11.37,36.000000000000000,900.000000000000000,No,0.000000000000000,0.000000000000000,0.000000000000000,0.000000000000000,0.000000000000000,0.000000000000000,0.000000000000000,0.000000000000000,25/9,0.000000000000000,0.000000000000000,0.000000000000000,0.000000000000000,0.000000000000000,0.000000000000000,0.000000000000000,0.000000000000000, , ,{4B17648C-6792-432B-BB1C-85932084645E},21/07/2025 0:00:00, ,21/07/2025 0:00:00, ,0.000000000000000,Roy Trustee 2022 Ltd,Johnson Forestry Services
{61245EE6-844B-4590-9876-05B703BB8C13},2649.000000000000000,No,30/12.13,41.000000000000000,1025.000000000000000,Yes,0.000000000000000,0.000000000000000,0.000000000000000,0.000000000000000,0.000000000000000,0.000000000000000,2.000000000000000,0.000000000000000,25/9,0.000000000000000,0.000000000000000,0.000000000000000,0.000000000000000,0.000000000000000,0.000000000000000,0.048780487804900,0.000000000000000, , ,{4B17648C-6792-432B-BB1C-85932084645E},21/07/2025 0:00:00, ,21/07/2025 0:00:00, ,6.000000000000000,Roy Trustee 2022 Ltd,Johnson Forestry Services
{D505156F-8981-4CDF-B048-776D4C13BFB9},2639.000000000000000,No,25/11.85,38.000000000000000,950.000000000000000,No,0.000000000000000,0.000000000000000,0.000000000000000,0.000000000000000,0.000000000000000,0.000000000000000,0.000000000000000,0.000000000000000,25/9,0.000000000000000,0.000000000000000,0.000000000000000,0.000000000000000,0.000000000000000,0.000000000000000,0.000000000000000,0.000000000000000, , ,{4B17648C-6792-432B-BB1C-85932084645E},21/07/2025 0:00:00, ,21/07/2025 0:00:00, ,0.000000000000000,Roy Trustee 2022 Ltd,Johnson Forestry Services
{4892C9EB-B404-4D1D-9078-2477B4CCE1FA},2007.000000000000000,No,10/11.37,36.000000000000000,900.000000000000000,Yes,0.000000000000000,3.000000000000000,0.000000000000000,1.000000000000000,0.000000000000000,0.000000000000000,0.000000000000000,0.000000000000000,25/73,0.000000000000000,0.000000000000000,0.000000000000000,0.000000000000000,0.000000000000000,0.000000000000000,0.000000000000000,0.000000000000000, , ,{FC61B777-3E69-4B9B-8A7D-D4A598047855},22/07/2025 0:00:00, ,25/09/2025 0:00:00,ScarlettMichelle,4.000000000000000,Roy Trustee 2022 Ltd,Proforest
{8069FC47-D762-4286-A595-6ECCE5C2F503},2009.000000000000000,No,15/11.48,42.000000000000000,1050.000000000000000,Yes,0.000000000000000,2.000000000000000,0.000000000000000,0.000000000000000,0.000000000000000,0.000000000000000,0.000000000000000,0.000000000000000,25/73,0.000000000000000,0.047619047619000,0.000000000000000,0.000000000000000,0.000000000000000,0.000000000000000,0.000000000000000,0.000000000000000, , ,{FC61B777-3E69-4B9B-8A7D-D4A598047855},22/07/2025 0:00:00, ,22/07/2025 0:00:00, ,2.000000000000000,Roy Trustee 2022 Ltd,Proforest
{4513E1FB-6723-4950-9D3D-F650E0FBE72E},2025.000000000000000,No,15/11.48,38.000000000000000,950.000000000000000,Yes,0.000000000000000,4.000000000000000,0.000000000000000,0.000000000000000,0.000000000000000,0.000000000000000,0.000000000000000,0.000000000000000,25/73,0.000000000000000,0.105263157895000,0.000000000000000,0.000000000000000,0.000000000000000,0.000000000000000,0.000000000000000,0.000000000000000, , ,{FC61B777-3E69-4B9B-8A7D-D4A598047855},22/07/2025 0:00:00, ,22/07/2025 0:00:00, ,4.000000000000000,Roy Trustee 2022 Ltd,Proforest
{8F5714D1-B0E4-440E-83E7-1B88A4C95A36},2027.000000000000000,No,20/11.64,42.000000000000000,1050.000000000000000,Yes,0.000000000000000,3.000000000000000,1.000000000000000,0.000000000000000,0.000000000000000,0.000000000000000,0.000000000000000,0.000000000000000,25/73,0.000000000000000,0.071428571428600,0.023809523809500,0.000000000000000,0.000000000000000,0.000000000000000,0.000000000000000,0.000000000000000, , ,{FC61B777-3E69-4B9B-8A7D-D4A598047855},22/07/2025 0:00:00, ,22/07/2025 0:00:00, ,6.000000000000000,Roy Trustee 2022 Ltd,Proforest
{0323FAAA-8833-44CC-A0A8-E13BBD49EEA4},2041.000000000000000,No,15/11.48,39.000000000000000,975.000000000000000,Yes,0.000000000000000,2.000000000000000,0.000000000000000,0.000000000000000,0.000000000000000,0.000000000000000,1.000000000000000,0.000000000000000,25/73,0.000000000000000,0.000000000000000,0.000000000000000,0.000000000000000,0.000000000000000,0.000000000000000,0.000000000000000,0.000000000000000, , ,{FC61B777-3E69-4B9B-8A7D-D4A598047855},22/07/2025 0:00:00, ,25/09/2025 0:00:00,ScarlettMichelle,5.000000000000000,Roy Trustee 2022 Ltd,Proforest
{BD6C4CA2-4271-47DD-9ECF-8ABA8E63C718},2039.000000000000000,No,30/12.13,44.000000000000000,1100.000000000000000,Yes,0.000000000000000,3.000000000000000,0.000000000000000,0.000000000000000,0.000000000000000,0.000000000000000,1.000000000000000,0.000000000000000,25/73,0.000000000000000,0.068181818181800,0.000000000000000,0.000000000000000,0.000000000000000,0.000000000000000,0.022727272727300,0.000000000000000, , ,{FC61B777-3E69-4B9B-8A7D-D4A598047855},22/07/2025 0:00:00, ,22/07/2025 0:00:00, ,6.000000000000000,Roy Trustee 2022 Ltd,Proforest
{163C229A-DEBA-4454-AC92-A7FD710FB606},2049.000000000000000,No,25/11.85,38.000000000000000,950.000000000000000,Yes,1.000000000000000,3.000000000000000,0.000000000000000,0.000000000000000,0.000000000000000,0.000000000000000,0.000000000000000,0.000000000000000,25/73,0.026315789473700,0.078947368421100,0.000000000000000,0.000000000000000,0.000000000000000,0.000000000000000,0.000000000000000,0.000000000000000, , ,{FC61B777-3E69-4B9B-8A7D-D4A598047855},22/07/2025 0:00:00, ,22/07/2025 0:00:00, ,4.000000000000000,Roy Trustee 2022 Ltd,Proforest
{FF771EFE-8BE7-48F2-87B0-E48C68D51CF3},2047.000000000000000,No,5/11.31,37.000000000000000,925.000000000000000,Yes,0.000000000000000,3.000000000000000,0.000000000000000,0.000000000000000,0.000000000000000,1.000000000000000,0.000000000000000,0.000000000000000,25/73,0.000000000000000,0.000000000000000,0.000000000000000,0.000000000000000,0.000000000000000,0.000000000000000,0.000000000000000,0.000000000000000, , ,{FC61B777-3E69-4B9B-8A7D-D4A598047855},22/07/2025 0:00:00, ,25/09/2025 0:00:00,ScarlettMichelle,6.000000000000000,Roy Trustee 2022 Ltd,Proforest
{10E99A58-06AD-4491-A743-2AA0E863E583},2053.000000000000000,No,5/11.31,40.000000000000000,1000.000000000000000,Yes,0.000000000000000,3.000000000000000,0.000000000000000,0.000000000000000,0.000000000000000,1.000000000000000,0.000000000000000,0.000000000000000,25/73,0.000000000000000,0.075000000000000,0.000000000000000,0.000000000000000,0.000000000000000,0.025000000000000,0.000000000000000,0.000000000000000, , ,{FC61B777-3E69-4B9B-8A7D-D4A598047855},22/07/2025 0:00:00, ,22/07/2025 0:00:00, ,6.000000000000000,Roy Trustee 2022 Ltd,Proforest
{07C188F1-500E-451C-A57D-305A98367918},2057.000000000000000,No,5/11.31,39.000000000000000,975.000000000000000,Yes,0.000000000000000,3.000000000000000,1.000000000000000,0.000000000000000,0.000000000000000,0.000000000000000,0.000000000000000,0.000000000000000,25/73,0.000000000000000,0.076923076923100,0.025641025641000,0.000000000000000,0.000000000000000,0.000000000000000,0.000000000000000,0.000000000000000, , ,{FC61B777-3E69-4B9B-8A7D-D4A598047855},22/07/2025 0:00:00, ,22/07/2025 0:00:00, ,6.000000000000000,Roy Trustee 2022 Ltd,Proforest
{251A6B9B-2C57-40D8-A54D-665DC41355A2},2631.000000000000000,No,25/11.85,41.000000000000000,1025.000000000000000,Yes,0.000000000000000,0.000000000000000,0.000000000000000,0.000000000000000,0.000000000000000,0.000000000000000,1.000000000000000,0.000000000000000,25/11,0.000000000000000,0.000000000000000,0.000000000000000,0.000000000000000,0.000000000000000,0.000000000000000,0.024390243902400,0.000000000000000, , ,{0A871AD1-C1EF-42F4-A9D0-2782220D8D7A},22/07/2025 0:00:00, ,22/07/2025 0:00:00, ,3.000000000000000,Roy Trustee 2022 Ltd,Johnson Forestry Services
{7CBF0C91-4429-4160-ACF0-928E65CC550A},2619.000000000000000,No,20/11.64,38.000000000000000,950.000000000000000,Yes,0.000000000000000,0.000000000000000,0.000000000000000,0.000000000000000,0.000000000000000,0.000000000000000,1.000000000000000,0.000000000000000,25/11,0.000000000000000,0.000000000000000,0.000000000000000,0.000000000000000,0.000000000000000,0.000000000000000,0.026315789473700,0.000000000000000, , ,{0A871AD1-C1EF-42F4-A9D0-2782220D8D7A},22/07/2025 0:00:00, ,22/07/2025 0:00:00, ,3.000000000000000,Roy Trustee 2022 Ltd,Johnson Forestry Services
{47939787-010E-4244-ADC0-029126768BDE},2621.000000000000000,No,25/11.85,8.000000000000000,200.000000000000000,Yes,0.000000000000000,0.000000000000000,0.000000000000000,0.000000000000000,0.000000000000000,0.000000000000000,2.000000000000000,0.000000000000000,25/11,0.000000000000000,0.000000000000000,0.000000000000000,0.000000000000000,0.000000000000000,0.000000000000000,0.250000000000000,0.000000000000000,Yes, ,{0A871AD1-C1EF-42F4-A9D0-2782220D8D7A},22/07/2025 0:00:00, ,22/07/2025 0:00:00, ,6.000000000000000,Roy Trustee 2022 Ltd,Johnson Forestry Services
{AF571BB0-8951-4065-9827-CAC5ACFEF708},2645.000000000000000,No,15/11.48,40.000000000000000,1000.000000000000000,Yes,0.000000000000000,0.000000000000000,1.000000000000000,0.000000000000000,0.000000000000000,0.000000000000000,1.000000000000000,0.000000000000000,25/9,0.000000000000000,0.000000000000000,0.025000000000000,0.000000000000000,0.000000000000000,0.000000000000000,0.025000000000000,0.000000000000000, , ,{D297F922-4882-4BBA-9E93-0640B9E185B3},22/07/2025 0:00:00, ,22/07/2025 0:00:00, ,6.000000000000000,Roy Trustee 2022 Ltd,Johnson Forestry Services
{6C21B58D-DFF8-4B10-8DFD-959B1EEAB6A3},2641.000000000000000,No,35/12.50,44.000000000000000,1100.000000000000000,Yes,0.000000000000000,0.000000000000000,0.000000000000000,0.000000000000000,0.000000000000000,0.000000000000000,2.000000000000000,0.000000000000000,25/9,0.000000000000000,0.000000000000000,0.000000000000000,0.000000000000000,0.000000000000000,0.000000000000000,0.045454545454500,0.000000000000000, , ,{D297F922-4882-4BBA-9E93-0640B9E185B3},22/07/2025 0:00:00, ,22/07/2025 0:00:00, ,6.000000000000000,Roy Trustee 2022 Ltd,Johnson Forestry Services
{8CB4F61A-0045-4F5A-81C3-189963396F7D},3075.000000000000000,No,20/11.64,36.000000000000000,900.000000000000000,Yes,0.000000000000000,0.000000000000000,0.000000000000000,0.000000000000000,0.000000000000000,0.000000000000000,2.000000000000000,0.000000000000000,25/17,0.000000000000000,0.000000000000000,0.000000000000000,0.000000000000000,0.000000000000000,0.000000000000000,0.055555555555600,0.000000000000000, , ,{F9FD641F-3804-46E2-8052-068FB8812FD4},22/07/2025 0:00:00, ,22/07/2025 0:00:00, ,6.000000000000000,Roy Trustee 2022 Ltd,Johnson Forestry Services
{E2B57BDB-20EF-46C6-8559-B154B5153D17},3077.000000000000000,No,25/11.85,40.000000000000000,1000.000000000000000,No,0.000000000000000,0.000000000000000,0.000000000000000,0.000000000000000,0.000000000000000,0.000000000000000,0.000000000000000,0.000000000000000,25/17,0.000000000000000,0.000000000000000,0.000000000000000,0.000000000000000,0.000000000000000,0.000000000000000,0.000000000000000,0.000000000000000, , ,{F9FD641F-3804-46E2-8052-068FB8812FD4},22/07/2025 0:00:00, ,22/07/2025 0:00:00, ,0.000000000000000,Roy Trustee 2022 Ltd,Johnson Forestry Services
{068B9DB2-63F1-4718-8B78-0C8C632E9A76},3079.000000000000000,No,20/11.64,44.000000000000000,1100.000000000000000,Yes,0.000000000000000,0.000000000000000,0.000000000000000,0.000000000000000,0.000000000000000,0.000000000000000,1.000000000000000,0.000000000000000,25/17,0.000000000000000,0.000000000000000,0.000000000000000,0.000000000000000,0.000000000000000,0.000000000000000,0.022727272727300,0.000000000000000, , ,{F9FD641F-3804-46E2-8052-068FB8812FD4},22/07/2025 0:00:00, ,22/07/2025 0:00:00, ,3.000000000000000,Roy Trustee 2022 Ltd,Johnson Forestry Services
{00D85869-EF87-4500-BAA0-063204566F20},3081.000000000000000,No,30/12.13,40.000000000000000,1000.000000000000000,No,0.000000000000000,0.000000000000000,0.000000000000000,0.000000000000000,0.000000000000000,0.000000000000000,0.000000000000000,0.000000000000000,25/17,0.000000000000000,0.000000000000000,0.000000000000000,0.000000000000000,0.000000000000000,0.000000000000000,0.000000000000000,0.000000000000000, , ,{F9FD641F-3804-46E2-8052-068FB8812FD4},22/07/2025 0:00:00, ,22/07/2025 0:00:00, ,0.000000000000000,Roy Trustee 2022 Ltd,Johnson Forestry Services
{85C3608A-3411-4204-BF3D-4FF168DF11E8},3083.000000000000000,No,20/11.64,42.000000000000000,1050.000000000000000,Yes,1.000000000000000,0.000000000000000,0.000000000000000,0.000000000000000,0.000000000000000,0.000000000000000,1.000000000000000,0.000000000000000,25/17,0.023809523809500,0.000000000000000,0.000000000000000,0.000000000000000,0.000000000000000,0.000000000000000,0.023809523809500,0.000000000000000, , ,{F9FD641F-3804-46E2-8052-068FB8812FD4},22/07/2025 0:00:00, ,22/07/2025 0:00:00, ,4.000000000000000,Roy Trustee 2022 Ltd,Johnson Forestry Services
{0F8FE7A8-3E92-436A-B287-4FDB23B96B62},1125.000000000000000,No,5/11.31,44.000000000000000,1100.000000000000000,Yes,0.000000000000000,2.000000000000000,0.000000000000000,0.000000000000000,0.000000000000000,0.000000000000000,2.000000000000000,0.000000000000000,25/71,0.000000000000000,0.045454545454500,0.000000000000000,0.000000000000000,0.000000000000000,0.000000000000000,0.045454545454500,0.000000000000000,Yes, ,{EE8272F1-4270-4DBA-8F12-127BFA57B0FD},23/07/2025 0:00:00, ,23/07/2025 0:00:00, ,8.000000000000000,Roy Trustee 2022 Ltd,Forest View Contracting
{9EEA30A8-1DE9-48D3-A27A-EB99321EEE52},1133.000000000000000,No,5/11.31,44.000000000000000,1100.000000000000000,No,0.000000000000000,0.000000000000000,0.000000000000000,0.000000000000000,0.000000000000000,0.000000000000000,0.000000000000000,0.000000000000000,25/71,0.000000000000000,0.000000000000000,0.000000000000000,0.000000000000000,0.000000000000000,0.000000000000000,0.000000000000000,0.000000000000000, , ,{EE8272F1-4270-4DBA-8F12-127BFA57B0FD},23/07/2025 0:00:00, ,23/07/2025 0:00:00, ,0.000000000000000,Roy Trustee 2022 Ltd,Forest View Contracting
{B66E0EA8-2109-491C-9E05-963ACBE8DBC9},1123.000000000000000,No,10/11.37,43.000000000000000,1075.000000000000000,Yes,0.000000000000000,0.000000000000000,0.000000000000000,0.000000000000000,0.000000000000000,0.000000000000000,1.000000000000000,0.000000000000000,25/71,0.000000000000000,0.000000000000000,0.000000000000000,0.000000000000000,0.000000000000000,0.000000000000000,0.023255813953500,0.000000000000000, , ,{EE8272F1-4270-4DBA-8F12-127BFA57B0FD},23/07/2025 0:00:00, ,23/07/2025 0:00:00, ,3.000000000000000,Roy Trustee 2022 Ltd,Forest View Contracting
{6713C2A6-58A3-4976-B7B2-8281E9CCC172},1135.000000000000000,No,10/11.37,43.000000000000000,1075.000000000000000,Yes,0.000000000000000,0.000000000000000,0.000000000000000,0.000000000000000,0.000000000000000,0.000000000000000,2.000000000000000,0.000000000000000,25/71,0.000000000000000,0.000000000000000,0.000000000000000,0.000000000000000,0.000000000000000,0.000000000000000,0.046511627907000,0.000000000000000, , ,{EE8272F1-4270-4DBA-8F12-127BFA57B0FD},23/07/2025 0:00:00, ,23/07/2025 0:00:00, ,6.000000000000000,Roy Trustee 2022 Ltd,Forest View Contracting
{43A8D59E-62E6-4CBD-B362-0F80FBC5843B},1045.000000000000000,No,10/11.37,44.000000000000000,1100.000000000000000,Yes,0.000000000000000,0.000000000000000,0.000000000000000,0.000000000000000,0.000000000000000,0.000000000000000,2.000000000000000,0.000000000000000,25/71,0.000000000000000,0.000000000000000,0.000000000000000,0.000000000000000,0.000000000000000,0.000000000000000,0.045454545454500,0.000000000000000, , ,{EE8272F1-4270-4DBA-8F12-127BFA57B0FD},23/07/2025 0:00:00, ,23/07/2025 0:00:00, ,6.000000000000000,Roy Trustee 2022 Ltd,Forest View Contracting
{046B1009-AF22-4306-8612-CC72557472F7},3045.000000000000000,No,15/11.48,40.000000000000000,1000.000000000000000,Yes,0.000000000000000,0.000000000000000,2.000000000000000,0.000000000000000,0.000000000000000,0.000000000000000,0.000000000000000,0.000000000000000,25/8,0.000000000000000,0.000000000000000,0.050000000000000,0.000000000000000,0.000000000000000,0.000000000000000,0.000000000000000,0.000000000000000, , ,{FD43D776-D61F-4065-8831-DF63597E8458},23/07/2025 0:00:00, ,23/07/2025 0:00:00, ,6.000000000000000,Roy Trustee 2022 Ltd,Johnson Forestry Services
{FE353867-DDF5-4EEB-AA91-A66D444CC51A},3043.000000000000000,No,10/11.37,40.000000000000000,1000.000000000000000,Yes,0.000000000000000,1.000000000000000,0.000000000000000,0.000000000000000,0.000000000000000,1.000000000000000,0.000000000000000,0.000000000000000,25/8,0.000000000000000,0.025000000000000,0.000000000000000,0.000000000000000,0.000000000000000,0.025000000000000,0.000000000000000,0.000000000000000, , ,{FD43D776-D61F-4065-8831-DF63597E8458},23/07/2025 0:00:00, ,23/07/2025 0:00:00, ,4.000000000000000,Roy Trustee 2022 Ltd,Johnson Forestry Services
{FDA4E5F4-2177-40AD-A30F-2BCB71E6B196},3041.000000000000000,No,15/11.48,38.000000000000000,950.000000000000000,Yes,0.000000000000000,1.000000000000000,0.000000000000000,0.000000000000000,0.000000000000000,0.000000000000000,0.000000000000000,0.000000000000000,25/8,0.000000000000000,0.026315789473700,0.000000000000000,0.000000000000000,0.000000000000000,0.000000000000000,0.000000000000000,0.000000000000000, , ,{FD43D776-D61F-4065-8831-DF63597E8458},23/07/2025 0:00:00, ,23/07/2025 0:00:00, ,1.000000000000000,Roy Trustee 2022 Ltd,Johnson Forestry Services
{3F32C6EB-2F9B-47A3-A404-F988874F80F8},3035.000000000000000,No,10/11.37,39.000000000000000,975.000000000000000,Yes,0.000000000000000,2.000000000000000,0.000000000000000,0.000000000000000,0.000000000000000,0.000000000000000,0.000000000000000,0.000000000000000,25/8,0.000000000000000,0.051282051282100,0.000000000000000,0.000000000000000,0.000000000000000,0.000000000000000,0.000000000000000,0.000000000000000, , ,{FD43D776-D61F-4065-8831-DF63597E8458},23/07/2025 0:00:00, ,23/07/2025 0:00:00, ,2.000000000000000,Roy Trustee 2022 Ltd,Johnson Forestry Services
{14E068DE-9106-4FDF-AE4B-AB0E47682B09},3053.000000000000000,No,15/11.48,38.000000000000000,950.000000000000000,Yes,0.000000000000000,0.000000000000000,0.000000000000000,0.000000000000000,1.000000000000000,1.000000000000000,0.000000000000000,0.000000000000000,25/8,0.000000000000000,0.000000000000000,0.000000000000000,0.000000000000000,0.026315789473700,0.026315789473700,0.000000000000000,0.000000000000000, , ,{FD43D776-D61F-4065-8831-DF63597E8458},23/07/2025 0:00:00, ,23/07/2025 0:00:00, ,6.000000000000000,Roy Trustee 2022 Ltd,Johnson Forestry Services
{E18234E9-4D50-4DC2-9531-349AEB54E34E},3047.000000000000000,No,10/11.37,36.000000000000000,900.000000000000000,Yes,0.000000000000000,2.000000000000000,0.000000000000000,0.000000000000000,0.000000000000000,0.000000000000000,0.000000000000000,0.000000000000000,25/8,0.000000000000000,0.055555555555600,0.000000000000000,0.000000000000000,0.000000000000000,0.000000000000000,0.000000000000000,0.000000000000000, , ,{FD43D776-D61F-4065-8831-DF63597E8458},23/07/2025 0:00:00, ,23/07/2025 0:00:00, ,2.000000000000000,Roy Trustee 2022 Ltd,Johnson Forestry Services
{8998A7B2-32C2-4EA0-83BC-E2D67AED9721},637.000000000000000,No,20/11.64,46.000000000000000,1150.000000000000000,Yes,0.000000000000000,0.000000000000000,0.000000000000000,0.000000000000000,0.000000000000000,0.000000000000000,1.000000000000000,0.000000000000000,25/75,0.000000000000000,0.000000000000000,0.000000000000000,0.000000000000000,0.000000000000000,0.000000000000000,0.021739130434800,0.000000000000000,Yes, ,{6DFFAF01-65E1-4B17-8E69-476EF4368677},23/07/2025 0:00:00, ,23/07/2025 0:00:00, ,3.000000000000000,Roy Trustee 2022 Ltd,Innovair
{12DE6488-4C23-43D3-A5F0-9160689977DC},635.000000000000000,No,20/11.64,44.000000000000000,1100.000000000000000,Yes,0.000000000000000,0.000000000000000,1.000000000000000,0.000000000000000,0.000000000000000,0.000000000000000,0.000000000000000,0.000000000000000,25/75,0.000000000000000,0.000000000000000,0.022727272727300,0.000000000000000,0.000000000000000,0.000000000000000,0.000000000000000,0.000000000000000, , ,{6DFFAF01-65E1-4B17-8E69-476EF4368677},23/07/2025 0:00:00, ,23/07/2025 0:00:00, ,3.000000000000000,Roy Trustee 2022 Ltd,Innovair
{53C08B40-27F4-45EA-800B-EAC9B932AFA7},635.000000000000000,No,25/11.85,37.000000000000000,925.000000000000000,Yes,0.000000000000000,1.000000000000000,0.000000000000000,0.000000000000000,0.000000000000000,0.000000000000000,1.000000000000000,0.000000000000000,25/75,0.000000000000000,0.027027027027000,0.000000000000000,0.000000000000000,0.000000000000000,0.000000000000000,0.027027027027000,0.000000000000000, , ,{6DFFAF01-65E1-4B17-8E69-476EF4368677},23/07/2025 0:00:00, ,23/07/2025 0:00:00, ,4.000000000000000,Roy Trustee 2022 Ltd,Innovair
{0E00EA65-6008-4B0F-AC1B-24B08D667C5A},655.000000000000000,No,15/11.48,42.000000000000000,1050.000000000000000,Yes,0.000000000000000,1.000000000000000,0.000000000000000,0.000000000000000,0.000000000000000,0.000000000000000,0.000000000000000,0.000000000000000,25/75,0.000000000000000,0.023809523809500,0.000000000000000,0.000000000000000,0.000000000000000,0.000000000000000,0.000000000000000,0.000000000000000, , ,{6DFFAF01-65E1-4B17-8E69-476EF4368677},23/07/2025 0:00:00, ,23/07/2025 0:00:00, ,1.000000000000000,Roy Trustee 2022 Ltd,Innovair
{C5F2E1AE-117E-4B94-AC15-34253E85E274},3085.000000000000000,No,35/12.50,36.000000000000000,900.000000000000000,No,0.000000000000000,0.000000000000000,0.000000000000000,0.000000000000000,0.000000000000000,0.000000000000000,0.000000000000000,0.000000000000000,25/17,0.000000000000000,0.000000000000000,0.000000000000000,0.000000000000000,0.000000000000000,0.000000000000000,0.000000000000000,0.000000000000000, , ,{031975B9-7A1A-43E5-B260-8BFC07251771},23/07/2025 0:00:00, ,23/07/2025 0:00:00, ,0.000000000000000,Roy Trustee 2022 Ltd,Johnson Forestry Services
{D6398D5F-5B83-44B9-A3EC-7FF01F42D8FF},3091.000000000000000,No,10/11.37,37.000000000000000,925.000000000000000,Yes,0.000000000000000,0.000000000000000,0.000000000000000,0.000000000000000,0.000000000000000,1.000000000000000,1.000000000000000,0.000000000000000,25/17,0.000000000000000,0.000000000000000,0.000000000000000,0.000000000000000,0.000000000000000,0.027027027027000,0.027027027027000,0.000000000000000, , ,{031975B9-7A1A-43E5-B260-8BFC07251771},23/07/2025 0:00:00, ,23/07/2025 0:00:00, ,6.000000000000000,Roy Trustee 2022 Ltd,Johnson Forestry Services
{55729A1E-3D9D-4A63-9DBB-B86FAD058381},3093.000000000000000,No,35/12.50,42.000000000000000,1050.000000000000000,Yes,0.000000000000000,0.000000000000000,0.000000000000000,0.000000000000000,0.000000000000000,0.000000000000000,2.000000000000000,0.000000000000000,25/17,0.000000000000000,0.000000000000000,0.000000000000000,0.000000000000000,0.000000000000000,0.000000000000000,0.047619047619000,0.000000000000000, , ,{031975B9-7A1A-43E5-B260-8BFC07251771},23/07/2025 0:00:00, ,23/07/2025 0:00:00, ,6.000000000000000,Roy Trustee 2022 Ltd,Johnson Forestry Services
{0E264BA2-F1F1-426B-8D99-E0037F97E200},3097.000000000000000,No,30/12.13,37.000000000000000,925.000000000000000,Yes,0.000000000000000,0.000000000000000,0.000000000000000,0.000000000000000,0.000000000000000,0.000000000000000,2.000000000000000,0.000000000000000,25/17,0.000000000000000,0.000000000000000,0.000000000000000,0.000000000000000,0.000000000000000,0.000000000000000,0.054054054054100,0.000000000000000, , ,{031975B9-7A1A-43E5-B260-8BFC07251771},23/07/2025 0:00:00, ,23/07/2025 0:00:00, ,6.000000000000000,Roy Trustee 2022 Ltd,Johnson Forestry Services
{0DB493C2-8A03-4676-B4D3-E2C87787316A},3095.000000000000000,No,20/11.64,44.000000000000000,1100.000000000000000,Yes,0.000000000000000,0.000000000000000,0.000000000000000,0.000000000000000,0.000000000000000,1.000000000000000,1.000000000000000,0.000000000000000,25/17,0.000000000000000,0.000000000000000,0.000000000000000,0.000000000000000,0.000000000000000,0.022727272727300,0.022727272727300,0.000000000000000, , ,{031975B9-7A1A-43E5-B260-8BFC07251771},23/07/2025 0:00:00, ,23/07/2025 0:00:00, ,6.000000000000000,Roy Trustee 2022 Ltd,Johnson Forestry Services
{8B51A689-48E9-4C01-8364-7935CD5185A6},3089.000000000000000,No,20/11.64,42.000000000000000,1050.000000000000000,Yes,0.000000000000000,0.000000000000000,0.000000000000000,0.000000000000000,0.000000000000000,1.000000000000000,1.000000000000000,0.000000000000000,25/17,0.000000000000000,0.000000000000000,0.000000000000000,0.000000000000000,0.000000000000000,0.023809523809500,0.023809523809500,0.000000000000000, , ,{031975B9-7A1A-43E5-B260-8BFC07251771},23/07/2025 0:00:00, ,23/07/2025 0:00:00, ,6.000000000000000,Roy Trustee 2022 Ltd,Johnson Forestry Services
{5F35E15A-4274-4C7C-A24B-0F9F5296CA5F},3087.000000000000000,No,30/12.13,44.000000000000000,1100.000000000000000,Yes,1.000000000000000,1.000000000000000,0.000000000000000,0.000000000000000,0.000000000000000,0.000000000000000,1.000000000000000,0.000000000000000,25/17,0.022727272727300,0.022727272727300,0.000000000000000,0.000000000000000,0.000000000000000,0.000000000000000,0.022727272727300,0.000000000000000, , ,{031975B9-7A1A-43E5-B260-8BFC07251771},23/07/2025 0:00:00, ,23/07/2025 0:00:00, ,5.000000000000000,Roy Trustee 2022 Ltd,Johnson Forestry Services
{B6B84284-8AAE-4BC8-A6DF-29BAF5251480},3051.000000000000000,No,15/11.48,36.000000000000000,900.000000000000000,Yes,0.000000000000000,0.000000000000000,0.000000000000000,0.000000000000000,0.000000000000000,1.000000000000000,1.000000000000000,0.000000000000000,25/8,0.000000000000000,0.000000000000000,0.000000000000000,0.000000000000000,0.000000000000000,0.027777777777800,0.027777777777800,0.000000000000000, , ,{66219730-184A-44D0-B777-CAFDEE7BC4A3},24/07/2025 0:00:00, ,24/07/2025 0:00:00, ,6.000000000000000,Roy Trustee 2022 Ltd,Johnson Forestry Services
{105E554F-6C51-4248-8A9B-B58F1A39851F},3049.000000000000000,No,15/11.48,42.000000000000000,1050.000000000000000,Yes,0.000000000000000,0.000000000000000,1.000000000000000,0.000000000000000,0.000000000000000,1.000000000000000,0.000000000000000,0.000000000000000,25/8,0.000000000000000,0.000000000000000,0.023809523809500,0.000000000000000,0.000000000000000,0.023809523809500,0.000000000000000,0.000000000000000, ,Moved plot down from fence.,{66219730-184A-44D0-B777-CAFDEE7BC4A3},24/07/2025 0:00:00, ,24/07/2025 0:00:00, ,6.000000000000000,Roy Trustee 2022 Ltd,Johnson Forestry Services
{7458EAC3-7EE5-4A72-98E8-DC3E117C2028},3039.000000000000000,No,25/11.85,40.000000000000000,1000.000000000000000,No,0.000000000000000,0.000000000000000,0.000000000000000,0.000000000000000,0.000000000000000,0.000000000000000,0.000000000000000,0.000000000000000,25/8,0.000000000000000,0.000000000000000,0.000000000000000,0.000000000000000,0.000000000000000,0.000000000000000,0.000000000000000,0.000000000000000, , ,{66219730-184A-44D0-B777-CAFDEE7BC4A3},24/07/2025 0:00:00, ,24/07/2025 0:00:00, ,0.000000000000000,Roy Trustee 2022 Ltd,Johnson Forestry Services
{BE049563-D13C-4818-A7E6-E573D5DA5807},3033.000000000000000,No,10/11.37,41.000000000000000,1025.000000000000000,No,0.000000000000000,0.000000000000000,0.000000000000000,0.000000000000000,0.000000000000000,0.000000000000000,0.000000000000000,0.000000000000000,25/8,0.000000000000000,0.000000000000000,0.000000000000000,0.000000000000000,0.000000000000000,0.000000000000000,0.000000000000000,0.000000000000000, , ,{66219730-184A-44D0-B777-CAFDEE7BC4A3},24/07/2025 0:00:00, ,24/07/2025 0:00:00, ,0.000000000000000,Roy Trustee 2022 Ltd,Johnson Forestry Services
{BA2883DD-61B3-42FD-A684-3527E7E6F6F9},3029.000000000000000,No,5/11.31,37.000000000000000,925.000000000000000,Yes,0.000000000000000,0.000000000000000,1.000000000000000,0.000000000000000,0.000000000000000,0.000000000000000,0.000000000000000,0.000000000000000,25/8,0.000000000000000,0.000000000000000,0.027027027027000,0.000000000000000,0.000000000000000,0.000000000000000,0.000000000000000,0.000000000000000, , ,{66219730-184A-44D0-B777-CAFDEE7BC4A3},24/07/2025 0:00:00, ,24/07/2025 0:00:00, ,3.000000000000000,Roy Trustee 2022 Ltd,Johnson Forestry Services
{07646B26-70E3-4D60-9F4E-7F3517726D73},3031.000000000000000,No,15/11.48,40.000000000000000,1000.000000000000000,Yes,0.000000000000000,0.000000000000000,1.000000000000000,0.000000000000000,0.000000000000000,0.000000000000000,0.000000000000000,0.000000000000000,25/8,0.000000000000000,0.000000000000000,0.025000000000000,0.000000000000000,0.000000000000000,0.000000000000000,0.000000000000000,0.000000000000000, , ,{66219730-184A-44D0-B777-CAFDEE7BC4A3},24/07/2025 0:00:00, ,24/07/2025 0:00:00, ,3.000000000000000,Roy Trustee 2022 Ltd,Johnson Forestry Services
{5B81016F-03C9-4D69-9897-A3AD8E70A1F5},3027.000000000000000,No,15/11.48,44.000000000000000,1100.000000000000000,Yes,0.000000000000000,0.000000000000000,0.000000000000000,0.000000000000000,0.000000000000000,0.000000000000000,0.000000000000000,1.000000000000000,25/8,0.000000000000000,0.000000000000000,0.000000000000000,0.000000000000000,0.000000000000000,0.000000000000000,0.000000000000000,0.022727272727300, ,Moved plot down off road,{66219730-184A-44D0-B777-CAFDEE7BC4A3},24/07/2025 0:00:00, ,24/07/2025 0:00:00, ,3.000000000000000,Roy Trustee 2022 Ltd,Johnson Forestry Services
{09BEAB2F-06E0-4AB2-A32A-0D4701F4AA13},3037.000000000000000,No,15/11.48,40.000000000000000,1000.000000000000000,No,0.000000000000000,0.000000000000000,0.000000000000000,0.000000000000000,0.000000000000000,0.000000000000000,0.000000000000000,0.000000000000000,25/8,0.000000000000000,0.000000000000000,0.000000000000000,0.000000000000000,0.000000000000000,0.000000000000000,0.000000000000000,0.000000000000000, , ,{66219730-184A-44D0-B777-CAFDEE7BC4A3},24/07/2025 0:00:00, ,24/07/2025 0:00:00, ,0.000000000000000,Roy Trustee 2022 Ltd,Johnson Forestry Services
{B1414530-465F-497B-A582-7288AA808AEC},1699.000000000000000,No,10/11.37,42.000000000000000,1050.000000000000000,Yes,1.000000000000000,0.000000000000000,0.000000000000000,0.000000000000000,0.000000000000000,0.000000000000000,0.000000000000000,0.000000000000000,25/59,0.023809523809500,0.000000000000000,0.000000000000000,0.000000000000000,0.000000000000000,0.000000000000000,0.000000000000000,0.000000000000000, , ,{178EC5EA-39C1-4CA2-B5B0-F5C07D0B2D3A},24/07/2025 0:00:00, ,24/07/2025 0:00:00, ,1.000000000000000,Roy Trustee 2022 Ltd,Forest View Contracting
{8FD29AD7-F3FD-4FEC-A68D-D145DA2E529B},1681.000000000000000,No,10/11.37,36.000000000000000,900.000000000000000,No,0.000000000000000,0.000000000000000,0.000000000000000,0.000000000000000,0.000000000000000,0.000000000000000,0.000000000000000,0.000000000000000,25/59,0.000000000000000,0.000000000000000,0.000000000000000,0.000000000000000,0.000000000000000,0.000000000000000,0.000000000000000,0.000000000000000, , ,{178EC5EA-39C1-4CA2-B5B0-F5C07D0B2D3A},24/07/2025 0:00:00, ,24/07/2025 0:00:00, ,0.000000000000000,Roy Trustee 2022 Ltd,Forest View Contracting
{74EB504F-2175-452A-80C3-3DAE178BE45F},1665.000000000000000,No,10/11.37,42.000000000000000,1050.000000000000000,No,0.000000000000000,0.000000000000000,0.000000000000000,0.000000000000000,0.000000000000000,0.000000000000000,0.000000000000000,0.000000000000000,25/59,0.000000000000000,0.000000000000000,0.000000000000000,0.000000000000000,0.000000000000000,0.000000000000000,0.000000000000000,0.000000000000000, , ,{178EC5EA-39C1-4CA2-B5B0-F5C07D0B2D3A},24/07/2025 0:00:00, ,24/07/2025 0:00:00, ,0.000000000000000,Roy Trustee 2022 Ltd,Forest View Contracting
{544CCE25-D629-43AF-8668-B3E99FB190F3},2177.000000000000000,No,5/11.31,36.000000000000000,900.000000000000000,Yes,0.000000000000000,0.000000000000000,0.000000000000000,0.000000000000000,0.000000000000000,0.000000000000000,1.000000000000000,0.000000000000000,25/31,0.000000000000000,0.000000000000000,0.000000000000000,0.000000000000000,0.000000000000000,0.000000000000000,0.027777777777800,0.000000000000000, , ,{6A46D7F4-26D3-47E3-95C6-1590DD49FD6C},24/07/2025 0:00:00, ,24/07/2025 0:00:00, ,3.000000000000000,Roy Trustee 2022 Ltd,Johnson Forestry Services
{E19881B5-BB0D-461B-A3FE-4F54AEEE9198},2169.000000000000000,No,5/11.31,38.000000000000000,950.000000000000000,Yes,0.000000000000000,0.000000000000000,0.000000000000000,0.000000000000000,0.000000000000000,0.000000000000000,2.000000000000000,0.000000000000000,25/31,0.000000000000000,0.000000000000000,0.000000000000000,0.000000000000000,0.000000000000000,0.000000000000000,0.052631578947400,0.000000000000000, ,Moved out of boggy creek area,{6A46D7F4-26D3-47E3-95C6-1590DD49FD6C},24/07/2025 0:00:00, ,24/07/2025 0:00:00, ,6.000000000000000,Roy Trustee 2022 Ltd,Johnson Forestry Services
{59D9A9FF-7ED9-4F4B-A695-D56C4DD00364},2163.000000000000000,No,10/11.37,39.000000000000000,975.000000000000000,Yes,0.000000000000000,0.000000000000000,0.000000000000000,0.000000000000000,0.000000000000000,0.000000000000000,1.000000000000000,0.000000000000000,25/31,0.000000000000000,0.000000000000000,0.000000000000000,0.000000000000000,0.000000000000000,0.000000000000000,0.025641025641000,0.000000000000000, , ,{6A46D7F4-26D3-47E3-95C6-1590DD49FD6C},24/07/2025 0:00:00, ,24/07/2025 0:00:00, ,3.000000000000000,Roy Trustee 2022 Ltd,Johnson Forestry Services
{A83FE43E-B05A-4669-ABFC-02DA91F80310},2159.000000000000000,No,10/11.37,36.000000000000000,900.000000000000000,No,0.000000000000000,0.000000000000000,0.000000000000000,0.000000000000000,0.000000000000000,0.000000000000000,0.000000000000000,0.000000000000000,25/31,0.000000000000000,0.000000000000000,0.000000000000000,0.000000000000000,0.000000000000000,0.000000000000000,0.000000000000000,0.000000000000000, , ,{6A46D7F4-26D3-47E3-95C6-1590DD49FD6C},24/07/2025 0:00:00, ,24/07/2025 0:00:00, ,0.000000000000000,Roy Trustee 2022 Ltd,Johnson Forestry Services
{131255C5-9449-4AAE-AAE9-A7F50F568303},2215.000000000000000,No,15/11.48,36.000000000000000,900.000000000000000,Yes,0.000000000000000,0.000000000000000,0.000000000000000,0.000000000000000,0.000000000000000,0.000000000000000,1.000000000000000,0.000000000000000,25/31,0.000000000000000,0.000000000000000,0.000000000000000,0.000000000000000,0.000000000000000,0.000000000000000,0.027777777777800,0.000000000000000, , ,{6A46D7F4-26D3-47E3-95C6-1590DD49FD6C},24/07/2025 0:00:00, ,24/07/2025 0:00:00, ,3.000000000000000,Roy Trustee 2022 Ltd,Johnson Forestry Services
{DF321D22-3120-42B3-B14F-6BCBBF43C02F},2211.000000000000000,No,5/11.31,41.000000000000000,1025.000000000000000,Yes,0.000000000000000,0.000000000000000,0.000000000000000,0.000000000000000,0.000000000000000,0.000000000000000,1.000000000000000,0.000000000000000,25/31,0.000000000000000,0.000000000000000,0.000000000000000,0.000000000000000,0.000000000000000,0.000000000000000,0.024390243902400,0.000000000000000, , ,{6A46D7F4-26D3-47E3-95C6-1590DD49FD6C},24/07/2025 0:00:00, ,24/07/2025 0:00:00, ,3.000000000000000,Roy Trustee 2022 Ltd,Johnson Forestry Services
{A77BE54C-9D5E-437F-9C7B-599EE24D677C},2099.000000000000000,No,5/11.31,40.000000000000000,1000.000000000000000,Yes,0.000000000000000,1.000000000000000,0.000000000000000,0.000000000000000,0.000000000000000,1.000000000000000,0.000000000000000,0.000000000000000,25/31,0.000000000000000,0.025000000000000,0.000000000000000,0.000000000000000,0.000000000000000,0.025000000000000,0.000000000000000,0.000000000000000, , ,{6A46D7F4-26D3-47E3-95C6-1590DD49FD6C},24/07/2025 0:00:00, ,24/07/2025 0:00:00, ,4.000000000000000,Roy Trustee 2022 Ltd,Johnson Forestry Services
{AC2D5535-D409-47F5-9BCA-085E8DB0E8B2},2343.000000000000000,No,10/11.37,38.000000000000000,950.000000000000000,Yes,0.000000000000000,3.000000000000000,0.000000000000000,0.000000000000000,0.000000000000000,0.000000000000000,0.000000000000000,0.000000000000000,25/30,0.000000000000000,0.078947368421100,0.000000000000000,0.000000000000000,0.000000000000000,0.000000000000000,0.000000000000000,0.000000000000000, , ,{7917B8C9-4E1F-4D18-ABB7-83472C3871A0},25/07/2025 0:00:00, ,25/07/2025 0:00:00, ,3.000000000000000,Roy Trustee 2022 Ltd,Johnson Forestry Services
{D81290FA-6619-40EE-9031-DA127E28347D},2327.000000000000000,No,5/11.31,44.000000000000000,1100.000000000000000,Yes,0.000000000000000,1.000000000000000,0.000000000000000,0.000000000000000,0.000000000000000,0.000000000000000,0.000000000000000,0.000000000000000,25/30,0.000000000000000,0.022727272727300,0.000000000000000,0.000000000000000,0.000000000000000,0.000000000000000,0.000000000000000,0.000000000000000, , ,{7917B8C9-4E1F-4D18-ABB7-83472C3871A0},25/07/2025 0:00:00, ,25/07/2025 0:00:00, ,1.000000000000000,Roy Trustee 2022 Ltd,Johnson Forestry Services
{6BB83065-AE9A-4667-B887-2368796A8D9C},1701.000000000000000,No,5/11.31,38.000000000000000,950.000000000000000,No,0.000000000000000,0.000000000000000,0.000000000000000,0.000000000000000,0.000000000000000,0.000000000000000,0.000000000000000,0.000000000000000,25/59,0.000000000000000,0.000000000000000,0.000000000000000,0.000000000000000,0.000000000000000,0.000000000000000,0.000000000000000,0.000000000000000, , ,{7BEA0F71-1257-4758-95EB-65AC7CBB1AB2},25/07/2025 0:00:00, ,25/07/2025 0:00:00, ,0.000000000000000,Roy Trustee 2022 Ltd,Forest View Contracting
{BAFAC06A-4CE4-4A1D-8EEC-FC8F0C3D3673},1693.000000000000000,No,15/11.48,38.000000000000000,950.000000000000000,No,0.000000000000000,0.000000000000000,0.000000000000000,0.000000000000000,0.000000000000000,0.000000000000000,0.000000000000000,0.000000000000000,25/59,0.000000000000000,0.000000000000000,0.000000000000000,0.000000000000000,0.000000000000000,0.000000000000000,0.000000000000000,0.000000000000000, , ,{7BEA0F71-1257-4758-95EB-65AC7CBB1AB2},25/07/2025 0:00:00, ,25/07/2025 0:00:00, ,0.000000000000000,Roy Trustee 2022 Ltd,Forest View Contracting
{F3546362-CAAE-4020-9382-AF8CB003503F},1669.000000000000000,No,10/11.37,43.000000000000000,1075.000000000000000,No,0.000000000000000,0.000000000000000,0.000000000000000,0.000000000000000,0.000000000000000,0.000000000000000,0.000000000000000,0.000000000000000,25/59,0.000000000000000,0.000000000000000,0.000000000000000,0.000000000000000,0.000000000000000,0.000000000000000,0.000000000000000,0.000000000000000, , ,{7BEA0F71-1257-4758-95EB-65AC7CBB1AB2},25/07/2025 0:00:00, ,25/07/2025 0:00:00, ,0.000000000000000,Roy Trustee 2022 Ltd,Forest View Contracting
{9D41257B-2766-4EC6-9507-22D573F579F0},1667.000000000000000,No,10/11.37,39.000000000000000,975.000000000000000,No,0.000000000000000,0.000000000000000,0.000000000000000,0.000000000000000,0.000000000000000,0.000000000000000,0.000000000000000,0.000000000000000,25/59,0.000000000000000,0.000000000000000,0.000000000000000,0.000000000000000,0.000000000000000,0.000000000000000,0.000000000000000,0.000000000000000, , ,{7BEA0F71-1257-4758-95EB-65AC7CBB1AB2},25/07/2025 0:00:00, ,25/07/2025 0:00:00, ,0.000000000000000,Roy Trustee 2022 Ltd,Forest View Contracting
{9D640F7B-E7F8-410C-A49A-31BB99B41880},1671.000000000000000,No,20/11.64,43.000000000000000,1075.000000000000000,No,0.000000000000000,0.000000000000000,0.000000000000000,0.000000000000000,0.000000000000000,0.000000000000000,0.000000000000000,0.000000000000000,25/59,0.000000000000000,0.000000000000000,0.000000000000000,0.000000000000000,0.000000000000000,0.000000000000000,0.000000000000000,0.000000000000000, , ,{7BEA0F71-1257-4758-95EB-65AC7CBB1AB2},25/07/2025 0:00:00, ,25/07/2025 0:00:00, ,0.000000000000000,Roy Trustee 2022 Ltd,Forest View Contracting
{1C518999-65C6-4D90-B4C2-B08D0BC3A5A9},1695.000000000000000,No,15/11.48,44.000000000000000,1100.000000000000000,Yes,0.000000000000000,0.000000000000000,0.000000000000000,0.000000000000000,0.000000000000000,0.000000000000000,1.000000000000000,0.000000000000000,25/59,0.000000000000000,0.000000000000000,0.000000000000000,0.000000000000000,0.000000000000000,0.000000000000000,0.022727272727300,0.000000000000000, , ,{7BEA0F71-1257-4758-95EB-65AC7CBB1AB2},25/07/2025 0:00:00, ,25/07/2025 0:00:00, ,3.000000000000000,Roy Trustee 2022 Ltd,Forest View Contracting
{D458A559-3ACD-4AB0-9A7D-E1C44CC2E658},1685.000000000000000,No,10/11.37,36.000000000000000,900.000000000000000,No,0.000000000000000,0.000000000000000,0.000000000000000,0.000000000000000,0.000000000000000,0.000000000000000,0.000000000000000,0.000000000000000,25/59,0.000000000000000,0.000000000000000,0.000000000000000,0.000000000000000,0.000000000000000,0.000000000000000,0.000000000000000,0.000000000000000, , ,{7BEA0F71-1257-4758-95EB-65AC7CBB1AB2},25/07/2025 0:00:00, ,25/07/2025 0:00:00, ,0.000000000000000,Roy Trustee 2022 Ltd,Forest View Contracting
{466DD3E0-824E-42C7-860E-0A5B096B9E1D},1923.000000000000000,No,15/11.48,43.000000000000000,1075.000000000000000,Yes,0.000000000000000,4.000000000000000,0.000000000000000,0.000000000000000,0.000000000000000,0.000000000000000,0.000000000000000,0.000000000000000,25/68,0.000000000000000,0.093023255814000,0.000000000000000,0.000000000000000,0.000000000000000,0.000000000000000,0.000000000000000,0.000000000000000, , ,{ACB4A03A-7F2C-4502-98C9-67FF8A4DB590},26/07/2025 0:00:00, ,25/09/2025 0:00:00,ScarlettMichelle,4.000000000000000,Roy Trustee 2022 Ltd,Proforest
{12C238F8-432D-41A0-820A-4FDA0084D448},1937.000000000000000,No,5/11.31,41.000000000000000,1025.000000000000000,Yes,0.000000000000000,2.000000000000000,0.000000000000000,0.000000000000000,0.000000000000000,0.000000000000000,0.000000000000000,0.000000000000000,25/68,0.000000000000000,0.000000000000000,0.000000000000000,0.000000000000000,0.000000000000000,0.000000000000000,0.000000000000000,0.000000000000000, , ,{ACB4A03A-7F2C-4502-98C9-67FF8A4DB590},26/07/2025 0:00:00, ,25/09/2025 0:00:00,ScarlettMichelle,2.000000000000000,Roy Trustee 2022 Ltd,Proforest
{BE9A1B6E-CF87-41AB-BB36-CA47D52E6D7D},1926.000000000000000,No,15/11.48,39.000000000000000,975.000000000000000,Yes,0.000000000000000,3.000000000000000,0.000000000000000,0.000000000000000,0.000000000000000,0.000000000000000,1.000000000000000,0.000000000000000,25/68,0.000000000000000,0.000000000000000,0.000000000000000,0.000000000000000,0.000000000000000,0.000000000000000,0.000000000000000,0.000000000000000, , ,{ACB4A03A-7F2C-4502-98C9-67FF8A4DB590},26/07/2025 0:00:00, ,25/09/2025 0:00:00,ScarlettMichelle,6.000000000000000,Roy Trustee 2022 Ltd,Proforest
{3D2AB8CD-562E-4E0B-BBC1-5D92148D1887},1927.000000000000000,No,10/11.37,36.000000000000000,900.000000000000000,Yes,0.000000000000000,3.000000000000000,1.000000000000000,0.000000000000000,0.000000000000000,0.000000000000000,0.000000000000000,0.000000000000000,25/68,0.000000000000000,0.000000000000000,0.000000000000000,0.000000000000000,0.000000000000000,0.000000000000000,0.000000000000000,0.000000000000000, , ,{ACB4A03A-7F2C-4502-98C9-67FF8A4DB590},26/07/2025 0:00:00, ,25/09/2025 0:00:00,ScarlettMichelle,6.000000000000000,Roy Trustee 2022 Ltd,Proforest
{5544788B-F100-4056-927A-6DC27E2E1EF8},1951.000000000000000,No,25/11.85,44.000000000000000,1100.000000000000000,Yes,0.000000000000000,2.000000000000000,0.000000000000000,0.000000000000000,0.000000000000000,1.000000000000000,0.000000000000000,0.000000000000000,25/68,0.000000000000000,0.000000000000000,0.000000000000000,0.000000000000000,0.000000000000000,0.000000000000000,0.000000000000000,0.000000000000000, , ,{ACB4A03A-7F2C-4502-98C9-67FF8A4DB590},26/07/2025 0:00:00, ,25/09/2025 0:00:00,ScarlettMichelle,5.000000000000000,Roy Trustee 2022 Ltd,Proforest
{C61CCEAE-0BFE-4160-9364-8DA33404CFA2},1941.000000000000000,No,10/11.37,40.000000000000000,1000.000000000000000,Yes,0.000000000000000,2.000000000000000,1.000000000000000,0.000000000000000,0.000000000000000,0.000000000000000,0.000000000000000,0.000000000000000,25/68,0.000000000000000,0.000000000000000,0.000000000000000,0.000000000000000,0.000000000000000,0.000000000000000,0.000000000000000,0.000000000000000, , ,{ACB4A03A-7F2C-4502-98C9-67FF8A4DB590},26/07/2025 0:00:00, ,25/09/2025 0:00:00,ScarlettMichelle,5.000000000000000,Roy Trustee 2022 Ltd,Proforest
{CEAB8B32-5129-4035-AC79-A5022197CEED},1967.000000000000000,No,10/11.37,38.000000000000000,950.000000000000000,Yes,0.000000000000000,2.000000000000000,0.000000000000000,0.000000000000000,0.000000000000000,0.000000000000000,1.000000000000000,0.000000000000000,25/73,0.000000000000000,0.052631578947400,0.000000000000000,0.000000000000000,0.000000000000000,0.000000000000000,0.026315789473700,0.000000000000000, , ,{67C45F40-8326-49D1-980A-1BD0AD255BBF},26/07/2025 0:00:00, ,25/09/2025 0:00:00,ScarlettMichelle,5.000000000000000,Roy Trustee 2022 Ltd,Proforest
{D2DD4E5E-9916-4E90-B616-D5DFAD3F82E7},1969.000000000000000,No,15/11.48,40.000000000000000,1000.000000000000000,Yes,0.000000000000000,3.000000000000000,0.000000000000000,0.000000000000000,0.000000000000000,0.000000000000000,0.000000000000000,0.000000000000000,25/73,0.000000000000000,0.075000000000000,0.000000000000000,0.000000000000000,0.000000000000000,0.000000000000000,0.000000000000000,0.000000000000000, , ,{67C45F40-8326-49D1-980A-1BD0AD255BBF},26/07/2025 0:00:00, ,26/07/2025 0:00:00, ,3.000000000000000,Roy Trustee 2022 Ltd,Proforest
{74EBA71B-D61D-4BE2-9413-09866667323E},1971.000000000000000,No,20/11.64,36.000000000000000,900.000000000000000,Yes,0.000000000000000,2.000000000000000,0.000000000000000,0.000000000000000,0.000000000000000,0.000000000000000,1.000000000000000,0.000000000000000,25/73,0.000000000000000,0.055555555555600,0.000000000000000,0.000000000000000,0.000000000000000,0.000000000000000,0.027777777777800,0.000000000000000, , ,{67C45F40-8326-49D1-980A-1BD0AD255BBF},26/07/2025 0:00:00, ,26/07/2025 0:00:00, ,5.000000000000000,Roy Trustee 2022 Ltd,Proforest
{EF36C03D-3181-4B24-8805-F20376AC6BC2},1979.000000000000000,No,10/11.37,38.000000000000000,950.000000000000000,Yes,0.000000000000000,2.000000000000000,1.000000000000000,0.000000000000000,0.000000000000000,0.000000000000000,0.000000000000000,0.000000000000000,25/73,0.000000000000000,0.052631578947400,0.026315789473700,0.000000000000000,0.000000000000000,0.000000000000000,0.000000000000000,0.000000000000000, , ,{67C45F40-8326-49D1-980A-1BD0AD255BBF},26/07/2025 0:00:00, ,26/07/2025 0:00:00, ,5.000000000000000,Roy Trustee 2022 Ltd,Proforest
{D2EE4F6D-473D-4641-B3A5-126758756E2C},1993.000000000000000,No,5/11.31,41.000000000000000,1025.000000000000000,Yes,0.000000000000000,2.000000000000000,0.000000000000000,0.000000000000000,0.000000000000000,0.000000000000000,0.000000000000000,0.000000000000000,25/73,0.000000000000000,0.000000000000000,0.000000000000000,0.000000000000000,0.000000000000000,0.000000000000000,0.000000000000000,0.000000000000000, , ,{67C45F40-8326-49D1-980A-1BD0AD255BBF},26/07/2025 0:00:00, ,25/09/2025 0:00:00,ScarlettMichelle,2.000000000000000,Roy Trustee 2022 Ltd,Proforest
{15412B0B-F45A-4305-BDA0-B14C4CA47440},1975.000000000000000,No,15/11.48,38.000000000000000,950.000000000000000,Yes,0.000000000000000,3.000000000000000,1.000000000000000,0.000000000000000,0.000000000000000,0.000000000000000,0.000000000000000,0.000000000000000,25/73,0.000000000000000,0.078947368421100,0.026315789473700,0.000000000000000,0.000000000000000,0.000000000000000,0.000000000000000,0.000000000000000, ,Long roots,{67C45F40-8326-49D1-980A-1BD0AD255BBF},26/07/2025 0:00:00, ,26/07/2025 0:00:00, ,6.000000000000000,Roy Trustee 2022 Ltd,Proforest
{FE411A39-5B0F-4FF3-9892-D7D3EDE73419},1973.000000000000000,No,15/11.48,36.000000000000000,900.000000000000000,Yes,0.000000000000000,1.000000000000000,0.000000000000000,0.000000000000000,0.000000000000000,0.000000000000000,1.000000000000000,0.000000000000000,25/73,0.000000000000000,0.027777777777800,0.000000000000000,0.000000000000000,0.000000000000000,0.000000000000000,0.027777777777800,0.000000000000000, , ,{67C45F40-8326-49D1-980A-1BD0AD255BBF},26/07/2025 0:00:00, ,26/07/2025 0:00:00, ,4.000000000000000,Roy Trustee 2022 Ltd,Proforest
{4DC26FC0-9CF1-4693-8268-B2960D42B85B},2001.000000000000000,No,20/11.64,41.000000000000000,1025.000000000000000,Yes,0.000000000000000,2.000000000000000,0.000000000000000,0.000000000000000,0.000000000000000,0.000000000000000,0.000000000000000,0.000000000000000,25/73,0.000000000000000,0.048780487804900,0.000000000000000,0.000000000000000,0.000000000000000,0.000000000000000,0.000000000000000,0.000000000000000, , ,{5BA014E7-8775-43AA-8446-1F482D3BD59B},26/07/2025 0:00:00, ,26/07/2025 0:00:00, ,2.000000000000000,Roy Trustee 2022 Ltd,Proforest
{284645EE-0215-48AE-A07A-6A8A15EC0677},1999.000000000000000,No,20/11.64,36.000000000000000,900.000000000000000,Yes,0.000000000000000,2.000000000000000,0.000000000000000,0.000000000000000,0.000000000000000,0.000000000000000,1.000000000000000,0.000000000000000,25/73,0.000000000000000,0.055555555555600,0.000000000000000,0.000000000000000,0.000000000000000,0.000000000000000,0.027777777777800,0.000000000000000, , ,{5BA014E7-8775-43AA-8446-1F482D3BD59B},26/07/2025 0:00:00, ,26/07/2025 0:00:00, ,5.000000000000000,Roy Trustee 2022 Ltd,Proforest
{296B162B-7CF2-4220-ADFC-745866A8964A},1987.000000000000000,No,20/11.64,41.000000000000000,1025.000000000000000,Yes,0.000000000000000,3.000000000000000,1.000000000000000,0.000000000000000,0.000000000000000,0.000000000000000,0.000000000000000,0.000000000000000,25/73,0.000000000000000,0.000000000000000,0.000000000000000,0.000000000000000,0.000000000000000,0.000000000000000,0.000000000000000,0.000000000000000, , ,{5BA014E7-8775-43AA-8446-1F482D3BD59B},26/07/2025 0:00:00, ,25/09/2025 0:00:00,ScarlettMichelle,6.000000000000000,Roy Trustee 2022 Ltd,Proforest
{6961D885-CC13-4708-B205-BC46B5DF59C0},2015.000000000000000,No,5/11.31,43.000000000000000,1075.000000000000000,Yes,0.000000000000000,2.000000000000000,0.000000000000000,0.000000000000000,0.000000000000000,0.000000000000000,0.000000000000000,0.000000000000000,25/73,0.000000000000000,0.046511627907000,0.000000000000000,0.000000000000000,0.000000000000000,0.000000000000000,0.000000000000000,0.000000000000000, , ,{5BA014E7-8775-43AA-8446-1F482D3BD59B},26/07/2025 0:00:00, ,26/07/2025 0:00:00, ,2.000000000000000,Roy Trustee 2022 Ltd,Proforest
{84BBB08B-86FF-4A8C-BF24-7B7CADAB5D8C},1997.000000000000000,Yes,15/11.48,38.000000000000000,950.000000000000000,Yes,0.000000000000000,2.000000000000000,0.000000000000000,0.000000000000000,0.000000000000000,1.000000000000000,0.000000000000000,0.000000000000000,25/73,0.000000000000000,0.000000000000000,0.000000000000000,0.000000000000000,0.000000000000000,0.000000000000000,0.000000000000000,0.000000000000000, , ,{5BA014E7-8775-43AA-8446-1F482D3BD59B},26/07/2025 0:00:00, ,25/09/2025 0:00:00,ScarlettMichelle,5.000000000000000,Roy Trustee 2022 Ltd,Proforest
{0831C406-A307-4D2C-B399-C3ED43EC8612},2207.000000000000000,No,5/11.31,41.000000000000000,1025.000000000000000,Yes,0.000000000000000,1.000000000000000,0.000000000000000,0.000000000000000,0.000000000000000,0.000000000000000,0.000000000000000,0.000000000000000,25/31,0.000000000000000,0.024390243902400,0.000000000000000,0.000000000000000,0.000000000000000,0.000000000000000,0.000000000000000,0.000000000000000, , ,{37A0F3B8-948A-435D-9C9F-1299B716575E},28/07/2025 0:00:00, ,28/07/2025 0:00:00, ,1.000000000000000,Roy Trustee 2022 Ltd,Johnson Forestry Services
{20819129-4E55-4A35-8813-1B49FAFBE28D},2203.000000000000000,No,10/11.37,39.000000000000000,975.000000000000000,Yes,0.000000000000000,0.000000000000000,0.000000000000000,0.000000000000000,0.000000000000000,1.000000000000000,0.000000000000000,0.000000000000000,25/31,0.000000000000000,0.000000000000000,0.000000000000000,0.000000000000000,0.000000000000000,0.025641025641000,0.000000000000000,0.000000000000000, , ,{37A0F3B8-948A-435D-9C9F-1299B716575E},28/07/2025 0:00:00, ,28/07/2025 0:00:00, ,3.000000000000000,Roy Trustee 2022 Ltd,Johnson Forestry Services
{8BCBE7A8-10F8-40C1-862E-4F79D96704A2},2325.000000000000000,No,10/11.37,40.000000000000000,1000.000000000000000,Yes,0.000000000000000,0.000000000000000,0.000000000000000,0.000000000000000,0.000000000000000,0.000000000000000,2.000000000000000,0.000000000000000,25/30,0.000000000000000,0.000000000000000,0.000000000000000,0.000000000000000,0.000000000000000,0.000000000000000,0.050000000000000,0.000000000000000, , ,{AC3FCD1B-62D0-495E-B5CA-09AAAD800D2F},28/07/2025 0:00:00, ,28/07/2025 0:00:00, ,6.000000000000000,Roy Trustee 2022 Ltd,Johnson Forestry Services
{0294C2DC-50AA-4F92-BAC3-7ED724E1D821},2305.000000000000000,No,10/11.37,38.000000000000000,950.000000000000000,Yes,0.000000000000000,0.000000000000000,0.000000000000000,0.000000000000000,0.000000000000000,0.000000000000000,1.000000000000000,0.000000000000000,25/30,0.000000000000000,0.000000000000000,0.000000000000000,0.000000000000000,0.000000000000000,0.000000000000000,0.026315789473700,0.000000000000000, , ,{AC3FCD1B-62D0-495E-B5CA-09AAAD800D2F},28/07/2025 0:00:00, ,28/07/2025 0:00:00, ,3.000000000000000,Roy Trustee 2022 Ltd,Johnson Forestry Services
{20846199-E6BD-45EC-8ABC-F9E13F415DB2},2267.000000000000000,No,15/11.48,43.000000000000000,1075.000000000000000,Yes,0.000000000000000,0.000000000000000,0.000000000000000,0.000000000000000,0.000000000000000,0.000000000000000,1.000000000000000,0.000000000000000,25/30,0.000000000000000,0.000000000000000,0.000000000000000,0.000000000000000,0.000000000000000,0.000000000000000,0.023255813953500,0.000000000000000, , ,{AC3FCD1B-62D0-495E-B5CA-09AAAD800D2F},28/07/2025 0:00:00, ,28/07/2025 0:00:00, ,3.000000000000000,Roy Trustee 2022 Ltd,Johnson Forestry Services
{821E52F7-111B-4B9C-A1C7-3BCEB2CB0F70},2283.000000000000000,No,15/11.48,37.000000000000000,925.000000000000000,No,0.000000000000000,0.000000000000000,0.000000000000000,0.000000000000000,0.000000000000000,0.000000000000000,0.000000000000000,0.000000000000000,25/30,0.000000000000000,0.000000000000000,0.000000000000000,0.000000000000000,0.000000000000000,0.000000000000000,0.000000000000000,0.000000000000000, , ,{AC3FCD1B-62D0-495E-B5CA-09AAAD800D2F},28/07/2025 0:00:00, ,28/07/2025 0:00:00, ,0.000000000000000,Roy Trustee 2022 Ltd,Johnson Forestry Services
{40061481-CE8D-45EB-A743-4BD38C7191E2},2367.000000000000000,No,5/11.31,36.000000000000000,900.000000000000000,No,0.000000000000000,0.000000000000000,0.000000000000000,0.000000000000000,0.000000000000000,0.000000000000000,0.000000000000000,0.000000000000000,25/30,0.000000000000000,0.000000000000000,0.000000000000000,0.000000000000000,0.000000000000000,0.000000000000000,0.000000000000000,0.000000000000000, , ,{AC3FCD1B-62D0-495E-B5CA-09AAAD800D2F},28/07/2025 0:00:00, ,28/07/2025 0:00:00, ,0.000000000000000,Roy Trustee 2022 Ltd,Johnson Forestry Services
{0F334938-99F0-41F4-8301-6827A98A4317},2269.000000000000000,No,10/11.37,40.000000000000000,1000.000000000000000,Yes,0.000000000000000,0.000000000000000,0.000000000000000,0.000000000000000,0.000000000000000,0.000000000000000,1.000000000000000,0.000000000000000,25/30,0.000000000000000,0.000000000000000,0.000000000000000,0.000000000000000,0.000000000000000,0.000000000000000,0.025000000000000,0.000000000000000, , ,{AC3FCD1B-62D0-495E-B5CA-09AAAD800D2F},28/07/2025 0:00:00, ,28/07/2025 0:00:00, ,3.000000000000000,Roy Trustee 2022 Ltd,Johnson Forestry Services
{FDAA0343-7041-45E3-AFC1-3EAEA58AD563},2227.000000000000000,No,15/11.48,39.000000000000000,975.000000000000000,No,0.000000000000000,0.000000000000000,0.000000000000000,0.000000000000000,0.000000000000000,0.000000000000000,0.000000000000000,0.000000000000000,25/30,0.000000000000000,0.000000000000000,0.000000000000000,0.000000000000000,0.000000000000000,0.000000000000000,0.000000000000000,0.000000000000000, , ,{AC3FCD1B-62D0-495E-B5CA-09AAAD800D2F},28/07/2025 0:00:00, ,28/07/2025 0:00:00, ,0.000000000000000,Roy Trustee 2022 Ltd,Johnson Forestry Services
{18B7DC62-2942-47C4-9B0C-3D9F5B6F8F61},2251.000000000000000,No,15/11.48,44.000000000000000,1100.000000000000000,No,0.000000000000000,0.000000000000000,0.000000000000000,0.000000000000000,0.000000000000000,0.000000000000000,0.000000000000000,0.000000000000000,25/30,0.000000000000000,0.000000000000000,0.000000000000000,0.000000000000000,0.000000000000000,0.000000000000000,0.000000000000000,0.000000000000000, , ,{AC3FCD1B-62D0-495E-B5CA-09AAAD800D2F},28/07/2025 0:00:00, ,28/07/2025 0:00:00, ,0.000000000000000,Roy Trustee 2022 Ltd,Johnson Forestry Services
{140E39B9-C137-4B0E-AA6F-E81B40910236},2285.000000000000000,No,5/11.31,42.000000000000000,1050.000000000000000,Yes,0.000000000000000,0.000000000000000,0.000000000000000,0.000000000000000,0.000000000000000,0.000000000000000,1.000000000000000,0.000000000000000,25/30,0.000000000000000,0.000000000000000,0.000000000000000,0.000000000000000,0.000000000000000,0.000000000000000,0.023809523809500,0.000000000000000, , ,{AC3FCD1B-62D0-495E-B5CA-09AAAD800D2F},28/07/2025 0:00:00, ,28/07/2025 0:00:00, ,3.000000000000000,Roy Trustee 2022 Ltd,Johnson Forestry Services
{4FDF1C02-A8F7-4410-AFFF-8431E5965D32},2355.000000000000000,No,5/11.31,36.000000000000000,900.000000000000000,Yes,0.000000000000000,1.000000000000000,0.000000000000000,0.000000000000000,0.000000000000000,0.000000000000000,1.000000000000000,0.000000000000000,25/30,0.000000000000000,0.027777777777800,0.000000000000000,0.000000000000000,0.000000000000000,0.000000000000000,0.027777777777800,0.000000000000000, , ,{AC3FCD1B-62D0-495E-B5CA-09AAAD800D2F},28/07/2025 0:00:00, ,28/07/2025 0:00:00, ,4.000000000000000,Roy Trustee 2022 Ltd,Johnson Forestry Services
{F6B9D8E3-1626-463F-A440-C2F16DF26134},2341.000000000000000,No,5/11.31,38.000000000000000,950.000000000000000,Yes,0.000000000000000,2.000000000000000,0.000000000000000,0.000000000000000,0.000000000000000,0.000000000000000,1.000000000000000,0.000000000000000,25/30,0.000000000000000,0.052631578947400,0.000000000000000,0.000000000000000,0.000000000000000,0.000000000000000,0.026315789473700,0.000000000000000, , ,{AC3FCD1B-62D0-495E-B5CA-09AAAD800D2F},28/07/2025 0:00:00, ,28/07/2025 0:00:00, ,5.000000000000000,Roy Trustee 2022 Ltd,Johnson Forestry Services
{C90CD6C1-06B3-4DB9-9F20-17FEE5C8F7A5},2339.000000000000000,No,10/11.37,29.000000000000000,725.000000000000000,No,0.000000000000000,0.000000000000000,0.000000000000000,0.000000000000000,0.000000000000000,0.000000000000000,0.000000000000000,0.000000000000000,25/30,0.000000000000000,0.000000000000000,0.000000000000000,0.000000000000000,0.000000000000000,0.000000000000000,0.000000000000000,0.000000000000000,Yes,Plot falls between boundary and creek all available ground has been planted no rework is required,{AC3FCD1B-62D0-495E-B5CA-09AAAD800D2F},28/07/2025 0:00:00, ,28/07/2025 0:00:00, ,0.000000000000000,Roy Trustee 2022 Ltd,Johnson Forestry Services
{F12BFFAD-2E0D-41AF-A976-7DF327A433D5},2323.000000000000000,No,5/11.31,38.000000000000000,950.000000000000000,Yes,0.000000000000000,0.000000000000000,0.000000000000000,0.000000000000000,0.000000000000000,0.000000000000000,2.000000000000000,0.000000000000000,25/30,0.000000000000000,0.000000000000000,0.000000000000000,0.000000000000000,0.000000000000000,0.000000000000000,0.052631578947400,0.000000000000000, , ,{AC3FCD1B-62D0-495E-B5CA-09AAAD800D2F},28/07/2025 0:00:00, ,28/07/2025 0:00:00, ,6.000000000000000,Roy Trustee 2022 Ltd,Johnson Forestry Services
{5C46B1B6-BB55-4E28-978D-428D67B40053},2225.000000000000000,No,10/11.37,37.000000000000000,925.000000000000000,No,0.000000000000000,0.000000000000000,0.000000000000000,0.000000000000000,0.000000000000000,0.000000000000000,0.000000000000000,0.000000000000000,25/30,0.000000000000000,0.000000000000000,0.000000000000000,0.000000000000000,0.000000000000000,0.000000000000000,0.000000000000000,0.000000000000000, , ,{AC3FCD1B-62D0-495E-B5CA-09AAAD800D2F},28/07/2025 0:00:00, ,28/07/2025 0:00:00, ,0.000000000000000,Roy Trustee 2022 Ltd,Johnson Forestry Services
{2B71C394-FEC2-4E9B-AF43-4A80A27CE10E},2249.000000000000000,No,20/11.64,41.000000000000000,1025.000000000000000,Yes,0.000000000000000,0.000000000000000,0.000000000000000,0.000000000000000,0.000000000000000,0.000000000000000,1.000000000000000,0.000000000000000,25/30,0.000000000000000,0.000000000000000,0.000000000000000,0.000000000000000,0.000000000000000,0.000000000000000,0.024390243902400,0.000000000000000, , ,{AC3FCD1B-62D0-495E-B5CA-09AAAD800D2F},28/07/2025 0:00:00, ,28/07/2025 0:00:00, ,3.000000000000000,Roy Trustee 2022 Ltd,Johnson Forestry Services
{02068908-987E-436F-9D43-6016C48C13C8},2223.000000000000000,No,15/11.48,40.000000000000000,1000.000000000000000,No,0.000000000000000,0.000000000000000,0.000000000000000,0.000000000000000,0.000000000000000,0.000000000000000,0.000000000000000,0.000000000000000,25/30,0.000000000000000,0.000000000000000,0.000000000000000,0.000000000000000,0.000000000000000,0.000000000000000,0.000000000000000,0.000000000000000, , ,{AC3FCD1B-62D0-495E-B5CA-09AAAD800D2F},28/07/2025 0:00:00, ,28/07/2025 0:00:00, ,0.000000000000000,Roy Trustee 2022 Ltd,Johnson Forestry Services
{4A740348-4980-4727-BD1F-DC79CA82CF68},2247.000000000000000,No,15/11.48,42.000000000000000,1050.000000000000000,Yes,0.000000000000000,0.000000000000000,0.000000000000000,0.000000000000000,0.000000000000000,0.000000000000000,1.000000000000000,0.000000000000000,25/30,0.000000000000000,0.000000000000000,0.000000000000000,0.000000000000000,0.000000000000000,0.000000000000000,0.023809523809500,0.000000000000000, , ,{AC3FCD1B-62D0-495E-B5CA-09AAAD800D2F},28/07/2025 0:00:00, ,28/07/2025 0:00:00, ,3.000000000000000,Roy Trustee 2022 Ltd,Johnson Forestry Services
{C75033CB-CFBB-4268-A1DA-7C66A5C5929A},2381.000000000000000,No,10/11.37,37.000000000000000,925.000000000000000,Yes,0.000000000000000,3.000000000000000,0.000000000000000,0.000000000000000,0.000000000000000,0.000000000000000,1.000000000000000,0.000000000000000,25/30,0.000000000000000,0.081081081081100,0.000000000000000,0.000000000000000,0.000000000000000,0.000000000000000,0.027027027027000,0.000000000000000, , ,{AC3FCD1B-62D0-495E-B5CA-09AAAD800D2F},28/07/2025 0:00:00, ,28/07/2025 0:00:00, ,6.000000000000000,Roy Trustee 2022 Ltd,Johnson Forestry Services
{3E5A084F-F9ED-4B72-A319-978169AE3AC1},1959.000000000000000,No,10/11.37,40.000000000000000,1000.000000000000000,Yes,0.000000000000000,2.000000000000000,0.000000000000000,0.000000000000000,0.000000000000000,0.000000000000000,0.000000000000000,0.000000000000000,25/68,0.000000000000000,0.050000000000000,0.000000000000000,0.000000000000000,0.000000000000000,0.000000000000000,0.000000000000000,0.000000000000000, , ,{AA679122-C62B-475A-BBBE-0964E1810D7E},28/07/2025 0:00:00, ,28/07/2025 0:00:00, ,2.000000000000000,Roy Trustee 2022 Ltd,Proforest
{6A857913-3F09-4E02-859D-68FA0D319E96},1961.000000000000000,No,5/11.31,42.000000000000000,1050.000000000000000,Yes,0.000000000000000,3.000000000000000,1.000000000000000,0.000000000000000,0.000000000000000,0.000000000000000,0.000000000000000,0.000000000000000,25/68,0.000000000000000,0.071428571428600,0.023809523809500,0.000000000000000,0.000000000000000,0.000000000000000,0.000000000000000,0.000000000000000, , ,{AA679122-C62B-475A-BBBE-0964E1810D7E},28/07/2025 0:00:00, ,28/07/2025 0:00:00, ,6.000000000000000,Roy Trustee 2022 Ltd,Proforest
{919BD5BE-FD27-4304-B265-D63243F2C959},1953.000000000000000,No,15/11.48,39.000000000000000,975.000000000000000,Yes,0.000000000000000,2.000000000000000,0.000000000000000,0.000000000000000,0.000000000000000,0.000000000000000,0.000000000000000,0.000000000000000,25/68,0.000000000000000,0.000000000000000,0.000000000000000,0.000000000000000,0.000000000000000,0.000000000000000,0.000000000000000,0.000000000000000, , ,{AA679122-C62B-475A-BBBE-0964E1810D7E},28/07/2025 0:00:00, ,25/09/2025 0:00:00,ScarlettMichelle,2.000000000000000,Roy Trustee 2022 Ltd,Proforest
{70C646AD-E665-4CE9-A58B-B5198B2424B4},1915.000000000000000,No,15/11.48,38.000000000000000,950.000000000000000,Yes,0.000000000000000,3.000000000000000,1.000000000000000,0.000000000000000,0.000000000000000,0.000000000000000,0.000000000000000,0.000000000000000,25/68,0.000000000000000,0.000000000000000,0.000000000000000,0.000000000000000,0.000000000000000,0.000000000000000,0.000000000000000,0.000000000000000, , ,{AA679122-C62B-475A-BBBE-0964E1810D7E},28/07/2025 0:00:00, ,25/09/2025 0:00:00,ScarlettMichelle,6.000000000000000,Roy Trustee 2022 Ltd,Proforest
{BCFB3996-ED40-42DB-8E9B-6A8B3CA13ED5},1929.000000000000000,No,10/11.37,39.000000000000000,975.000000000000000,Yes,0.000000000000000,2.000000000000000,0.000000000000000,0.000000000000000,0.000000000000000,1.000000000000000,0.000000000000000,0.000000000000000,25/68,0.000000000000000,0.000000000000000,0.000000000000000,0.000000000000000,0.000000000000000,0.000000000000000,0.000000000000000,0.000000000000000, , ,{AA679122-C62B-475A-BBBE-0964E1810D7E},28/07/2025 0:00:00, ,25/09/2025 0:00:00,ScarlettMichelle,5.000000000000000,Roy Trustee 2022 Ltd,Proforest
{7D6C7DAF-DD0E-4342-A446-BAA3FBB5BA46},1943.000000000000000,No,15/11.48,36.000000000000000,900.000000000000000,Yes,1.000000000000000,2.000000000000000,1.000000000000000,0.000000000000000,0.000000000000000,0.000000000000000,0.000000000000000,0.000000000000000,25/68,0.000000000000000,0.000000000000000,0.000000000000000,0.000000000000000,0.000000000000000,0.000000000000000,0.000000000000000,0.000000000000000, , ,{AA679122-C62B-475A-BBBE-0964E1810D7E},28/07/2025 0:00:00, ,25/09/2025 0:00:00,ScarlettMichelle,6.000000000000000,Roy Trustee 2022 Ltd,Proforest
{1C548E43-BCBF-4EF1-A1B8-CB90900FA310},1955.000000000000000,No,15/11.48,40.000000000000000,1000.000000000000000,Yes,1.000000000000000,1.000000000000000,1.000000000000000,0.000000000000000,0.000000000000000,0.000000000000000,0.000000000000000,0.000000000000000,25/68,0.025000000000000,0.025000000000000,0.025000000000000,0.000000000000000,0.000000000000000,0.000000000000000,0.000000000000000,0.000000000000000, , ,{AA679122-C62B-475A-BBBE-0964E1810D7E},28/07/2025 0:00:00, ,28/07/2025 0:00:00, ,5.000000000000000,Roy Trustee 2022 Ltd,Proforest
{034448C5-9741-4D60-AD20-65783063C6D6},1691.000000000000000,No,10/11.37,42.000000000000000,1050.000000000000000,No,0.000000000000000,0.000000000000000,0.000000000000000,0.000000000000000,0.000000000000000,0.000000000000000,0.000000000000000,0.000000000000000,25/59,0.000000000000000,0.000000000000000,0.000000000000000,0.000000000000000,0.000000000000000,0.000000000000000,0.000000000000000,0.000000000000000, ,"


",{84EE1482-13AF-4D16-B123-6B4DCF1B293E},28/07/2025 0:00:00, ,28/07/2025 0:00:00, ,0.000000000000000,Roy Trustee 2022 Ltd,Forest View Contracting
{CA0957CB-1210-45B9-BC17-06E0003A9DB3},1697.000000000000000,No,25/11.85,40.000000000000000,1000.000000000000000,No,0.000000000000000,0.000000000000000,0.000000000000000,0.000000000000000,0.000000000000000,0.000000000000000,0.000000000000000,0.000000000000000,25/59,0.000000000000000,0.000000000000000,0.000000000000000,0.000000000000000,0.000000000000000,0.000000000000000,0.000000000000000,0.000000000000000, ,"Good planting.
Adjusted to slope well.",{84EE1482-13AF-4D16-B123-6B4DCF1B293E},28/07/2025 0:00:00, ,28/07/2025 0:00:00, ,0.000000000000000,Roy Trustee 2022 Ltd,Forest View Contracting
{BC95A2CF-3443-447D-B475-02695769C167},1687.000000000000000,No,15/11.48,44.000000000000000,1100.000000000000000,No,0.000000000000000,0.000000000000000,0.000000000000000,0.000000000000000,0.000000000000000,0.000000000000000,0.000000000000000,0.000000000000000,25/59,0.000000000000000,0.000000000000000,0.000000000000000,0.000000000000000,0.000000000000000,0.000000000000000,0.000000000000000,0.000000000000000, , ,{84EE1482-13AF-4D16-B123-6B4DCF1B293E},28/07/2025 0:00:00, ,28/07/2025 0:00:00, ,0.000000000000000,Roy Trustee 2022 Ltd,Forest View Contracting
{9E7F6343-1B1A-4FAA-A7D1-65A3BAD515D8},1673.000000000000000,No,5/11.31,38.000000000000000,950.000000000000000,No,0.000000000000000,0.000000000000000,0.000000000000000,0.000000000000000,0.000000000000000,0.000000000000000,0.000000000000000,0.000000000000000,25/59,0.000000000000000,0.000000000000000,0.000000000000000,0.000000000000000,0.000000000000000,0.000000000000000,0.000000000000000,0.000000000000000, ,"1 tree run over with bike.
Replaced it.
 Trees deep and firm",{84EE1482-13AF-4D16-B123-6B4DCF1B293E},28/07/2025 0:00:00, ,28/07/2025 0:00:00, ,0.000000000000000,Roy Trustee 2022 Ltd,Forest View Contracting
{39AE622B-D17F-4EB3-B800-002C323E82BF},1689.000000000000000,No,20/11.64,40.000000000000000,1000.000000000000000,No,0.000000000000000,0.000000000000000,0.000000000000000,0.000000000000000,0.000000000000000,0.000000000000000,0.000000000000000,0.000000000000000,25/59,0.000000000000000,0.000000000000000,0.000000000000000,0.000000000000000,0.000000000000000,0.000000000000000,0.000000000000000,0.000000000000000, ,"Pretty good 
Quite thick with fern and tussok.",{84EE1482-13AF-4D16-B123-6B4DCF1B293E},28/07/2025 0:00:00, ,28/07/2025 0:00:00, ,0.000000000000000,Roy Trustee 2022 Ltd,Forest View Contracting
{85450CA8-0F69-4496-AFDE-7B3C7D71A3F0},1683.000000000000000,No,5/11.31,34.000000000000000,850.000000000000000,No,0.000000000000000,0.000000000000000,0.000000000000000,0.000000000000000,0.000000000000000,0.000000000000000,0.000000000000000,0.000000000000000,25/59,0.000000000000000,0.000000000000000,0.000000000000000,0.000000000000000,0.000000000000000,0.000000000000000,0.000000000000000,0.000000000000000,Yes," Very rocky in this area.
Hard to find good ground to plant in.
Spacing is wide in places 
",{84EE1482-13AF-4D16-B123-6B4DCF1B293E},28/07/2025 0:00:00, ,28/07/2025 0:00:00, ,0.000000000000000,Roy Trustee 2022 Ltd,Forest View Contracting
{1D6C6DA6-A5CD-4C52-B03F-0C0230756B61},1047.000000000000000,No,10/11.37,44.000000000000000,1100.000000000000000,No,0.000000000000000,0.000000000000000,0.000000000000000,0.000000000000000,0.000000000000000,0.000000000000000,0.000000000000000,0.000000000000000,25/70,0.000000000000000,0.000000000000000,0.000000000000000,0.000000000000000,0.000000000000000,0.000000000000000,0.000000000000000,0.000000000000000, , ,{1E56C272-9842-46C6-83E8-A63CE5F86992},28/07/2025 0:00:00, ,28/07/2025 0:00:00, ,0.000000000000000,Roy Trustee 2022 Ltd,Forest View Contracting
{B482E182-D4C7-47AF-A34A-2BAACE004D05},1065.000000000000000,No,10/11.37,46.000000000000000,1150.000000000000000,Yes,0.000000000000000,0.000000000000000,0.000000000000000,0.000000000000000,0.000000000000000,0.000000000000000,0.000000000000000,0.000000000000000,25/70,0.000000000000000,0.000000000000000,0.000000000000000,0.000000000000000,0.000000000000000,0.000000000000000,0.000000000000000,0.000000000000000,Yes,Crop paddock Tall stalks hard to follow lines,{1E56C272-9842-46C6-83E8-A63CE5F86992},28/07/2025 0:00:00, ,28/07/2025 0:00:00, ,0.000000000000000,Roy Trustee 2022 Ltd,Forest View Contracting
{2D0088FF-05CB-4E0C-B0DF-86A94951002D},1063.000000000000000,No,5/11.31,44.000000000000000,1100.000000000000000,Yes,0.000000000000000,0.000000000000000,0.000000000000000,0.000000000000000,0.000000000000000,0.000000000000000,1.000000000000000,0.000000000000000,25/70,0.000000000000000,0.000000000000000,0.000000000000000,0.000000000000000,0.000000000000000,0.000000000000000,0.022727272727300,0.000000000000000, , ,{1E56C272-9842-46C6-83E8-A63CE5F86992},28/07/2025 0:00:00, ,28/07/2025 0:00:00, ,3.000000000000000,Roy Trustee 2022 Ltd,Forest View Contracting
{3133FE0C-D517-409D-8774-7B71C138FFC8},2311.000000000000000,No,15/11.48,36.000000000000000,900.000000000000000,Yes,0.000000000000000,2.000000000000000,0.000000000000000,0.000000000000000,0.000000000000000,0.000000000000000,1.000000000000000,0.000000000000000,25/30,0.000000000000000,0.055555555555600,0.000000000000000,0.000000000000000,0.000000000000000,0.000000000000000,0.027777777777800,0.000000000000000, , ,{A29E7F81-7576-4F48-B30D-7674085D6C67},29/07/2025 0:00:00, ,29/07/2025 0:00:00, ,5.000000000000000,Roy Trustee 2022 Ltd,Johnson Forestry Services
{63ED8CBF-DAA2-49AB-9862-3DD4898B4C74},2369.000000000000000,No,15/11.48,40.000000000000000,1000.000000000000000,No,0.000000000000000,0.000000000000000,0.000000000000000,0.000000000000000,0.000000000000000,0.000000000000000,0.000000000000000,0.000000000000000,25/30,0.000000000000000,0.000000000000000,0.000000000000000,0.000000000000000,0.000000000000000,0.000000000000000,0.000000000000000,0.000000000000000, , ,{A29E7F81-7576-4F48-B30D-7674085D6C67},29/07/2025 0:00:00, ,29/07/2025 0:00:00, ,0.000000000000000,Roy Trustee 2022 Ltd,Johnson Forestry Services
{E2F44745-7A9B-413F-ACD1-047377C6362C},2363.000000000000000,No,15/11.48,44.000000000000000,1100.000000000000000,Yes,0.000000000000000,1.000000000000000,0.000000000000000,0.000000000000000,0.000000000000000,0.000000000000000,1.000000000000000,0.000000000000000,25/30,0.000000000000000,0.022727272727300,0.000000000000000,0.000000000000000,0.000000000000000,0.000000000000000,0.022727272727300,0.000000000000000, , ,{A29E7F81-7576-4F48-B30D-7674085D6C67},29/07/2025 0:00:00, ,29/07/2025 0:00:00, ,4.000000000000000,Roy Trustee 2022 Ltd,Johnson Forestry Services
{94188774-3FE8-42E7-A22F-831C93ED31B5},2359.000000000000000,No,20/11.64,25.000000000000000,625.000000000000000,No,0.000000000000000,0.000000000000000,0.000000000000000,0.000000000000000,0.000000000000000,0.000000000000000,0.000000000000000,0.000000000000000,25/30,0.000000000000000,0.000000000000000,0.000000000000000,0.000000000000000,0.000000000000000,0.000000000000000,0.000000000000000,0.000000000000000,Yes,Plot falls between 2 small boggy areas all available ground has been planted and no rework is nessessary.,{A29E7F81-7576-4F48-B30D-7674085D6C67},29/07/2025 0:00:00, ,29/07/2025 0:00:00, ,0.000000000000000,Roy Trustee 2022 Ltd,Johnson Forestry Services
{A61D8E61-DA75-4048-9F04-942EA6DB3E64},2357.000000000000000,No,15/11.48,44.000000000000000,1100.000000000000000,Yes,0.000000000000000,0.000000000000000,1.000000000000000,0.000000000000000,0.000000000000000,0.000000000000000,1.000000000000000,0.000000000000000,25/30,0.000000000000000,0.000000000000000,0.022727272727300,0.000000000000000,0.000000000000000,0.000000000000000,0.022727272727300,0.000000000000000, , ,{A29E7F81-7576-4F48-B30D-7674085D6C67},29/07/2025 0:00:00, ,29/07/2025 0:00:00, ,6.000000000000000,Roy Trustee 2022 Ltd,Johnson Forestry Services
{A1D09711-6721-4F8D-B5D6-FB467F684F45},1957.000000000000000,No,10/11.37,39.000000000000000,975.000000000000000,Yes,0.000000000000000,3.000000000000000,0.000000000000000,0.000000000000000,0.000000000000000,0.000000000000000,0.000000000000000,0.000000000000000,25/68,0.000000000000000,0.076923076923100,0.000000000000000,0.000000000000000,0.000000000000000,0.000000000000000,0.000000000000000,0.000000000000000, , ,{480E13B1-0B19-4CDC-8A26-D639073CEAA1},29/07/2025 0:00:00, ,25/09/2025 0:00:00,ScarlettMichelle,3.000000000000000,Roy Trustee 2022 Ltd,Proforest
{9A346732-4581-47FC-BAAE-A6415062F28E},1963.000000000000000,No,10/11.37,39.000000000000000,975.000000000000000,Yes,0.000000000000000,2.000000000000000,1.000000000000000,0.000000000000000,0.000000000000000,0.000000000000000,0.000000000000000,0.000000000000000,25/68,0.000000000000000,0.051282051282100,0.025641025641000,0.000000000000000,0.000000000000000,0.000000000000000,0.000000000000000,0.000000000000000, ,Long roots,{480E13B1-0B19-4CDC-8A26-D639073CEAA1},29/07/2025 0:00:00, ,29/07/2025 0:00:00, ,5.000000000000000,Roy Trustee 2022 Ltd,Proforest
{12E8C4CD-0B14-45E8-BEE8-599E19F4DA22},1945.000000000000000,No,10/11.37,39.000000000000000,975.000000000000000,Yes,0.000000000000000,2.000000000000000,1.000000000000000,0.000000000000000,0.000000000000000,0.000000000000000,0.000000000000000,0.000000000000000,25/68,0.000000000000000,0.000000000000000,0.000000000000000,0.000000000000000,0.000000000000000,0.000000000000000,0.000000000000000,0.000000000000000, , ,{480E13B1-0B19-4CDC-8A26-D639073CEAA1},29/07/2025 0:00:00, ,25/09/2025 0:00:00,ScarlettMichelle,5.000000000000000,Roy Trustee 2022 Ltd,Proforest
{C9609AAD-1311-4E3C-BD7A-EA71DD502028},1949.000000000000000,No,15/11.48,37.000000000000000,925.000000000000000,Yes,0.000000000000000,3.000000000000000,0.000000000000000,0.000000000000000,0.000000000000000,1.000000000000000,0.000000000000000,0.000000000000000,25/68,0.000000000000000,0.081081081081100,0.000000000000000,0.000000000000000,0.000000000000000,0.027027027027000,0.000000000000000,0.000000000000000, , ,{480E13B1-0B19-4CDC-8A26-D639073CEAA1},29/07/2025 0:00:00, ,29/07/2025 0:00:00, ,6.000000000000000,Roy Trustee 2022 Ltd,Proforest
{73B7DEEB-1A8F-43C5-8652-C275B6CC791F},193.000000000000000,No,15/11.48,36.000000000000000,900.000000000000000,Yes,0.000000000000000,3.000000000000000,0.000000000000000,0.000000000000000,0.000000000000000,0.000000000000000,1.000000000000000,0.000000000000000,25/68,0.000000000000000,0.000000000000000,0.000000000000000,0.000000000000000,0.000000000000000,0.000000000000000,0.000000000000000,0.000000000000000, , ,{480E13B1-0B19-4CDC-8A26-D639073CEAA1},29/07/2025 0:00:00, ,25/09/2025 0:00:00,ScarlettMichelle,6.000000000000000,Roy Trustee 2022 Ltd,Proforest
{C60908F4-9A4E-4BE5-A1D6-B5E73D5E883B},1947.000000000000000,No,25/11.85,39.000000000000000,975.000000000000000,Yes,0.000000000000000,3.000000000000000,0.000000000000000,0.000000000000000,0.000000000000000,0.000000000000000,0.000000000000000,0.000000000000000,25/68,0.000000000000000,0.076923076923100,0.000000000000000,0.000000000000000,0.000000000000000,0.000000000000000,0.000000000000000,0.000000000000000, , ,{480E13B1-0B19-4CDC-8A26-D639073CEAA1},29/07/2025 0:00:00, ,29/07/2025 0:00:00, ,3.000000000000000,Roy Trustee 2022 Ltd,Proforest
{0780872C-F7B4-4806-846E-1C8C113CE026},1931.000000000000000,No,5/11.31,41.000000000000000,1025.000000000000000,Yes,0.000000000000000,2.000000000000000,0.000000000000000,0.000000000000000,0.000000000000000,0.000000000000000,0.000000000000000,0.000000000000000,25/68,0.000000000000000,0.048780487804900,0.000000000000000,0.000000000000000,0.000000000000000,0.000000000000000,0.000000000000000,0.000000000000000, , ,{480E13B1-0B19-4CDC-8A26-D639073CEAA1},29/07/2025 0:00:00, ,29/07/2025 0:00:00, ,2.000000000000000,Roy Trustee 2022 Ltd,Proforest
{AF2BCEC1-AAB8-4ADF-8426-3D922B1A6098},1917.000000000000000,No,10/11.37,40.000000000000000,1000.000000000000000,Yes,0.000000000000000,4.000000000000000,0.000000000000000,0.000000000000000,0.000000000000000,0.000000000000000,0.000000000000000,0.000000000000000,25/68,0.000000000000000,0.000000000000000,0.000000000000000,0.000000000000000,0.000000000000000,0.000000000000000,0.000000000000000,0.000000000000000, , ,{480E13B1-0B19-4CDC-8A26-D639073CEAA1},29/07/2025 0:00:00, ,25/09/2025 0:00:00,ScarlettMichelle,4.000000000000000,Roy Trustee 2022 Ltd,Proforest
{BEB8A4FB-0723-4D3F-BB57-EF945CD32FEC},1935.000000000000000,No,30/12.13,44.000000000000000,1100.000000000000000,Yes,1.000000000000000,2.000000000000000,0.000000000000000,0.000000000000000,0.000000000000000,0.000000000000000,1.000000000000000,0.000000000000000,25/68,0.022727272727300,0.045454545454500,0.000000000000000,0.000000000000000,0.000000000000000,0.000000000000000,0.022727272727300,0.000000000000000, , ,{480E13B1-0B19-4CDC-8A26-D639073CEAA1},29/07/2025 0:00:00, ,29/07/2025 0:00:00, ,6.000000000000000,Roy Trustee 2022 Ltd,Proforest
{C9F7E119-7246-4473-BB4B-CE84A4523F74},3159.000000000000000,No,5/11.31,39.000000000000000,975.000000000000000,No,0.000000000000000,0.000000000000000,0.000000000000000,0.000000000000000,0.000000000000000,0.000000000000000,0.000000000000000,0.000000000000000,25/50,0.000000000000000,0.000000000000000,0.000000000000000,0.000000000000000,0.000000000000000,0.000000000000000,0.000000000000000,0.000000000000000, , ,{A88DF480-B901-44C6-AF4E-F006B03AAC52},29/07/2025 0:00:00, ,29/07/2025 0:00:00, ,0.000000000000000,Roy Trustee 2022 Ltd,Forest View Contracting
{66476A27-0645-4ED9-B235-EC8CEAD65067},1345.000000000000000,No,5/11.31,44.000000000000000,1100.000000000000000,Yes,0.000000000000000,0.000000000000000,1.000000000000000,0.000000000000000,0.000000000000000,0.000000000000000,0.000000000000000,0.000000000000000,25/50,0.000000000000000,0.000000000000000,0.022727272727300,0.000000000000000,0.000000000000000,0.000000000000000,0.000000000000000,0.000000000000000, , ,{A88DF480-B901-44C6-AF4E-F006B03AAC52},29/07/2025 0:00:00, ,29/07/2025 0:00:00, ,3.000000000000000,Roy Trustee 2022 Ltd,Forest View Contracting
{3059FD8C-4CCF-4A96-A071-389B1D6526E7},3143.000000000000000,No,0/11.31,38.000000000000000,950.000000000000000,No,0.000000000000000,0.000000000000000,0.000000000000000,0.000000000000000,0.000000000000000,0.000000000000000,0.000000000000000,0.000000000000000,25/50,0.000000000000000,0.000000000000000,0.000000000000000,0.000000000000000,0.000000000000000,0.000000000000000,0.000000000000000,0.000000000000000, , ,{A88DF480-B901-44C6-AF4E-F006B03AAC52},29/07/2025 0:00:00, ,29/07/2025 0:00:00, ,0.000000000000000,Roy Trustee 2022 Ltd,Forest View Contracting
{16645F19-EEEA-49D4-AF35-08467AC67A54},3157.000000000000000,No,5/11.31,41.000000000000000,1025.000000000000000,No,0.000000000000000,0.000000000000000,0.000000000000000,0.000000000000000,0.000000000000000,0.000000000000000,0.000000000000000,0.000000000000000,25/50,0.000000000000000,0.000000000000000,0.000000000000000,0.000000000000000,0.000000000000000,0.000000000000000,0.000000000000000,0.000000000000000, , ,{A88DF480-B901-44C6-AF4E-F006B03AAC52},29/07/2025 0:00:00, ,29/07/2025 0:00:00, ,0.000000000000000,Roy Trustee 2022 Ltd,Forest View Contracting
{32146CA6-4D97-430B-94FF-1A8079D68990},3151.000000000000000,No,10/11.37,44.000000000000000,1100.000000000000000,Yes,0.000000000000000,0.000000000000000,1.000000000000000,0.000000000000000,0.000000000000000,0.000000000000000,0.000000000000000,0.000000000000000,25/50,0.000000000000000,0.000000000000000,0.022727272727300,0.000000000000000,0.000000000000000,0.000000000000000,0.000000000000000,0.000000000000000, , ,{A88DF480-B901-44C6-AF4E-F006B03AAC52},29/07/2025 0:00:00, ,29/07/2025 0:00:00, ,3.000000000000000,Roy Trustee 2022 Ltd,Forest View Contracting
{9731AC9A-E2E5-474A-8E4C-260CF8EB332B},2219.000000000000000,No,10/11.37,41.000000000000000,1025.000000000000000,No,0.000000000000000,0.000000000000000,0.000000000000000,0.000000000000000,0.000000000000000,0.000000000000000,0.000000000000000,0.000000000000000,25/30,0.000000000000000,0.000000000000000,0.000000000000000,0.000000000000000,0.000000000000000,0.000000000000000,0.000000000000000,0.000000000000000, , ,{8A6B998C-341D-4346-927A-76D90E88645C},30/07/2025 0:00:00, ,30/07/2025 0:00:00, ,0.000000000000000,Roy Trustee 2022 Ltd,Johnson Forestry Services
{F536D188-FC5F-4442-AFFB-FA833DA99735},2243.000000000000000,No,10/11.37,42.000000000000000,1050.000000000000000,Yes,0.000000000000000,1.000000000000000,0.000000000000000,0.000000000000000,0.000000000000000,0.000000000000000,0.000000000000000,0.000000000000000,25/30,0.000000000000000,0.023809523809500,0.000000000000000,0.000000000000000,0.000000000000000,0.000000000000000,0.000000000000000,0.000000000000000, ,Moved plot over from pound,{8A6B998C-341D-4346-927A-76D90E88645C},30/07/2025 0:00:00, ,30/07/2025 0:00:00, ,1.000000000000000,Roy Trustee 2022 Ltd,Johnson Forestry Services
{F1D14994-F973-4462-AB87-31A369268436},2303.000000000000000,No,10/11.37,43.000000000000000,1075.000000000000000,Yes,0.000000000000000,0.000000000000000,0.000000000000000,0.000000000000000,1.000000000000000,0.000000000000000,1.000000000000000,0.000000000000000,25/30,0.000000000000000,0.000000000000000,0.000000000000000,0.000000000000000,0.023255813953500,0.000000000000000,0.023255813953500,0.000000000000000, ,Moved plot away from pound.,{8A6B998C-341D-4346-927A-76D90E88645C},30/07/2025 0:00:00, ,30/07/2025 0:00:00, ,6.000000000000000,Roy Trustee 2022 Ltd,Johnson Forestry Services
{60A2417F-D0D2-4A06-8A82-FE0760808379},2301.000000000000000,No,10/11.37,41.000000000000000,1025.000000000000000,Yes,0.000000000000000,0.000000000000000,0.000000000000000,0.000000000000000,0.000000000000000,2.000000000000000,0.000000000000000,0.000000000000000,25/30,0.000000000000000,0.000000000000000,0.000000000000000,0.000000000000000,0.000000000000000,0.048780487804900,0.000000000000000,0.000000000000000, , ,{8A6B998C-341D-4346-927A-76D90E88645C},30/07/2025 0:00:00, ,30/07/2025 0:00:00, ,6.000000000000000,Roy Trustee 2022 Ltd,Johnson Forestry Services
{6B3794F6-527A-4CA7-99FA-708A44C64FD2},2261.000000000000000,No,15/11.48,36.000000000000000,900.000000000000000,Yes,0.000000000000000,0.000000000000000,1.000000000000000,0.000000000000000,0.000000000000000,0.000000000000000,0.000000000000000,0.000000000000000,25/30,0.000000000000000,0.000000000000000,0.027777777777800,0.000000000000000,0.000000000000000,0.000000000000000,0.000000000000000,0.000000000000000, , ,{8A6B998C-341D-4346-927A-76D90E88645C},30/07/2025 0:00:00, ,30/07/2025 0:00:00, ,3.000000000000000,Roy Trustee 2022 Ltd,Johnson Forestry Services
{8920A997-E2DE-4CDF-B3A4-04274A683089},2259.000000000000000,No,15/11.48,41.000000000000000,1025.000000000000000,No,0.000000000000000,0.000000000000000,0.000000000000000,0.000000000000000,0.000000000000000,0.000000000000000,0.000000000000000,0.000000000000000,25/30,0.000000000000000,0.000000000000000,0.000000000000000,0.000000000000000,0.000000000000000,0.000000000000000,0.000000000000000,0.000000000000000, , ,{8A6B998C-341D-4346-927A-76D90E88645C},30/07/2025 0:00:00, ,30/07/2025 0:00:00, ,0.000000000000000,Roy Trustee 2022 Ltd,Johnson Forestry Services
{ABAFE979-2996-44AA-98B9-61D3F40DE712},1919.000000000000000,No,10/11.37,39.000000000000000,975.000000000000000,No,0.000000000000000,0.000000000000000,0.000000000000000,0.000000000000000,0.000000000000000,0.000000000000000,0.000000000000000,0.000000000000000,25/68,0.000000000000000,0.000000000000000,0.000000000000000,0.000000000000000,0.000000000000000,0.000000000000000,0.000000000000000,0.000000000000000, , ,{4B46958E-455A-48F7-B60B-B4DA4C8005EE},30/07/2025 0:00:00, ,30/07/2025 0:00:00, ,0.000000000000000,Roy Trustee 2022 Ltd,Proforest
{904C8F06-2516-45BF-9018-D53E26359444},1921.000000000000000,No,5/11.31,36.000000000000000,900.000000000000000,Yes,0.000000000000000,3.000000000000000,0.000000000000000,0.000000000000000,0.000000000000000,1.000000000000000,0.000000000000000,0.000000000000000,25/68,0.000000000000000,0.083333333333300,0.000000000000000,0.000000000000000,0.000000000000000,0.027777777777800,0.000000000000000,0.000000000000000, , ,{4B46958E-455A-48F7-B60B-B4DA4C8005EE},30/07/2025 0:00:00, ,30/07/2025 0:00:00, ,6.000000000000000,Roy Trustee 2022 Ltd,Proforest
{F951EECF-94A6-495C-A1AE-F0AB5CE49D85},1907.000000000000000,No,0/11.31,40.000000000000000,1000.000000000000000,Yes,0.000000000000000,2.000000000000000,1.000000000000000,0.000000000000000,0.000000000000000,0.000000000000000,0.000000000000000,0.000000000000000,25/68,0.000000000000000,0.000000000000000,0.000000000000000,0.000000000000000,0.000000000000000,0.000000000000000,0.000000000000000,0.000000000000000, , ,{4B46958E-455A-48F7-B60B-B4DA4C8005EE},30/07/2025 0:00:00, ,25/09/2025 0:00:00,ScarlettMichelle,5.000000000000000,Roy Trustee 2022 Ltd,Proforest
{926C903F-74D1-421A-9A17-C521AA58E5BB},1909.000000000000000,No,0/11.31,37.000000000000000,925.000000000000000,Yes,0.000000000000000,3.000000000000000,1.000000000000000,0.000000000000000,0.000000000000000,0.000000000000000,0.000000000000000,0.000000000000000,25/68,0.000000000000000,0.081081081081100,0.027027027027000,0.000000000000000,0.000000000000000,0.000000000000000,0.000000000000000,0.000000000000000, , ,{4B46958E-455A-48F7-B60B-B4DA4C8005EE},30/07/2025 0:00:00, ,30/07/2025 0:00:00, ,6.000000000000000,Roy Trustee 2022 Ltd,Proforest
{208B6746-755F-4415-B5A7-35C82378331A},3233.000000000000000,No,5/11.31,36.000000000000000,900.000000000000000,Yes,0.000000000000000,2.000000000000000,1.000000000000000,0.000000000000000,0.000000000000000,0.000000000000000,0.000000000000000,0.000000000000000,25/74,0.000000000000000,0.000000000000000,0.000000000000000,0.000000000000000,0.000000000000000,0.000000000000000,0.000000000000000,0.000000000000000, , ,{9B391477-D480-4573-9579-E88A6310727D},30/07/2025 0:00:00, ,25/09/2025 0:00:00,ScarlettMichelle,5.000000000000000,Roy Trustee 2022 Ltd,Proforest
{B12C37D3-D923-4F8C-9849-D3AF8418890C},3221.000000000000000,No,5/11.31,36.000000000000000,900.000000000000000,Yes,0.000000000000000,3.000000000000000,1.000000000000000,0.000000000000000,0.000000000000000,0.000000000000000,0.000000000000000,0.000000000000000,25/74,0.000000000000000,0.000000000000000,0.000000000000000,0.000000000000000,0.000000000000000,0.000000000000000,0.000000000000000,0.000000000000000, , ,{9B391477-D480-4573-9579-E88A6310727D},30/07/2025 0:00:00, ,25/09/2025 0:00:00,ScarlettMichelle,6.000000000000000,Roy Trustee 2022 Ltd,Proforest
{CCFC9BCF-C50F-4DF7-A3DE-ABDD497473DC},3229.000000000000000,No,10/11.37,36.000000000000000,900.000000000000000,Yes,0.000000000000000,2.000000000000000,0.000000000000000,0.000000000000000,0.000000000000000,0.000000000000000,0.000000000000000,0.000000000000000,25/74,0.000000000000000,0.000000000000000,0.000000000000000,0.000000000000000,0.000000000000000,0.000000000000000,0.000000000000000,0.000000000000000, , ,{9B391477-D480-4573-9579-E88A6310727D},30/07/2025 0:00:00, ,25/09/2025 0:00:00,ScarlettMichelle,2.000000000000000,Roy Trustee 2022 Ltd,Proforest
{997887C4-F8E0-4FE9-B5FE-C0A8D5036C0F},3225.000000000000000,No,5/11.31,31.000000000000000,775.000000000000000,No,0.000000000000000,0.000000000000000,0.000000000000000,0.000000000000000,0.000000000000000,0.000000000000000,0.000000000000000,0.000000000000000,25/74,0.000000000000000,0.000000000000000,0.000000000000000,0.000000000000000,0.000000000000000,0.000000000000000,0.000000000000000,0.000000000000000,Yes, ,{9B391477-D480-4573-9579-E88A6310727D},30/07/2025 0:00:00, ,30/07/2025 0:00:00, ,0.000000000000000,Roy Trustee 2022 Ltd,Proforest
{CEB708D4-C0EA-4E76-8F1E-50B70E9F586B},3209.000000000000000,No,0/11.31,38.000000000000000,950.000000000000000,Yes,0.000000000000000,4.000000000000000,0.000000000000000,0.000000000000000,0.000000000000000,0.000000000000000,0.000000000000000,0.000000000000000,25/74,0.000000000000000,0.105263157895000,0.000000000000000,0.000000000000000,0.000000000000000,0.000000000000000,0.000000000000000,0.000000000000000, , ,{9B391477-D480-4573-9579-E88A6310727D},30/07/2025 0:00:00, ,30/07/2025 0:00:00, ,4.000000000000000,Roy Trustee 2022 Ltd,Proforest
{C04410D9-C434-4F96-A6E5-B051FDB2FF76},3217.000000000000000,No,5/11.31,37.000000000000000,925.000000000000000,Yes,0.000000000000000,3.000000000000000,1.000000000000000,0.000000000000000,0.000000000000000,0.000000000000000,0.000000000000000,0.000000000000000,25/74,0.000000000000000,0.081081081081100,0.027027027027000,0.000000000000000,0.000000000000000,0.000000000000000,0.000000000000000,0.000000000000000, , ,{9B391477-D480-4573-9579-E88A6310727D},30/07/2025 0:00:00, ,30/07/2025 0:00:00, ,6.000000000000000,Roy Trustee 2022 Ltd,Proforest
{DE735061-3FE9-4EDC-8C62-C1CCFFD91FD9},3215.000000000000000,No,5/11.31,37.000000000000000,925.000000000000000,Yes,0.000000000000000,3.000000000000000,0.000000000000000,0.000000000000000,0.000000000000000,0.000000000000000,0.000000000000000,0.000000000000000,25/74,0.000000000000000,0.000000000000000,0.000000000000000,0.000000000000000,0.000000000000000,0.000000000000000,0.000000000000000,0.000000000000000, , ,{9B391477-D480-4573-9579-E88A6310727D},30/07/2025 0:00:00, ,25/09/2025 0:00:00,ScarlettMichelle,3.000000000000000,Roy Trustee 2022 Ltd,Proforest
{7FB0E330-8058-48B5-9A3C-236D9671B8DF},3221.000000000000000,No,10/11.37,42.000000000000000,1050.000000000000000,Yes,0.000000000000000,1.000000000000000,1.000000000000000,0.000000000000000,0.000000000000000,0.000000000000000,0.000000000000000,0.000000000000000,25/74,0.000000000000000,0.023809523809500,0.023809523809500,0.000000000000000,0.000000000000000,0.000000000000000,0.000000000000000,0.000000000000000, , ,{9B391477-D480-4573-9579-E88A6310727D},30/07/2025 0:00:00, ,30/07/2025 0:00:00, ,4.000000000000000,Roy Trustee 2022 Ltd,Proforest
{DC55818D-C82C-460C-813E-C6112B18A5EB},3223.000000000000000,No,5/11.31,36.000000000000000,900.000000000000000,Yes,0.000000000000000,4.000000000000000,0.000000000000000,0.000000000000000,0.000000000000000,0.000000000000000,0.000000000000000,0.000000000000000,25/74,0.000000000000000,0.111111111111000,0.000000000000000,0.000000000000000,0.000000000000000,0.000000000000000,0.000000000000000,0.000000000000000, , ,{9B391477-D480-4573-9579-E88A6310727D},30/07/2025 0:00:00, ,30/07/2025 0:00:00, ,4.000000000000000,Roy Trustee 2022 Ltd,Proforest
{184696DF-382C-4710-BA72-2CCC328CA681},3227.000000000000000,No,5/11.31,41.000000000000000,1025.000000000000000,Yes,0.000000000000000,3.000000000000000,0.000000000000000,0.000000000000000,0.000000000000000,0.000000000000000,0.000000000000000,0.000000000000000,25/74,0.000000000000000,0.000000000000000,0.000000000000000,0.000000000000000,0.000000000000000,0.000000000000000,0.000000000000000,0.000000000000000, , ,{9B391477-D480-4573-9579-E88A6310727D},30/07/2025 0:00:00, ,25/09/2025 0:00:00,ScarlettMichelle,3.000000000000000,Roy Trustee 2022 Ltd,Proforest
{0C895DB3-E290-4525-9DB5-3FEA92419F71},3219.000000000000000,No,0/11.31,37.000000000000000,925.000000000000000,Yes,0.000000000000000,2.000000000000000,1.000000000000000,0.000000000000000,0.000000000000000,0.000000000000000,0.000000000000000,0.000000000000000,25/74,0.000000000000000,0.054054054054100,0.027027027027000,0.000000000000000,0.000000000000000,0.000000000000000,0.000000000000000,0.000000000000000, , ,{9B391477-D480-4573-9579-E88A6310727D},30/07/2025 0:00:00, ,30/07/2025 0:00:00, ,5.000000000000000,Roy Trustee 2022 Ltd,Proforest
{ED78DA0E-918F-4D66-8A8F-0EC557FD1FDB},3183.000000000000000,No,5/11.31,41.000000000000000,1025.000000000000000,No,0.000000000000000,0.000000000000000,0.000000000000000,0.000000000000000,0.000000000000000,0.000000000000000,0.000000000000000,0.000000000000000,25/50,0.000000000000000,0.000000000000000,0.000000000000000,0.000000000000000,0.000000000000000,0.000000000000000,0.000000000000000,0.000000000000000, , ,{88B829C6-1790-4119-880F-3053B10A571B},30/07/2025 0:00:00, ,30/07/2025 0:00:00, ,0.000000000000000,Roy Trustee 2022 Ltd,Forest View Contracting
{AFC601C3-09D8-4111-A5BB-52A2FF599101},3191.000000000000000,No,5/11.31,43.000000000000000,1075.000000000000000,Yes,0.000000000000000,1.000000000000000,0.000000000000000,0.000000000000000,0.000000000000000,0.000000000000000,0.000000000000000,0.000000000000000,25/50,0.000000000000000,0.023255813953500,0.000000000000000,0.000000000000000,0.000000000000000,0.000000000000000,0.000000000000000,0.000000000000000, , ,{88B829C6-1790-4119-880F-3053B10A571B},30/07/2025 0:00:00, ,30/07/2025 0:00:00, ,1.000000000000000,Roy Trustee 2022 Ltd,Forest View Contracting
{D5BD132F-D53E-4ACE-AE06-54C05E2282D7},3169.000000000000000,No,5/11.31,39.000000000000000,975.000000000000000,Yes,0.000000000000000,1.000000000000000,1.000000000000000,0.000000000000000,0.000000000000000,0.000000000000000,0.000000000000000,0.000000000000000,25/50,0.000000000000000,0.025641025641000,0.025641025641000,0.000000000000000,0.000000000000000,0.000000000000000,0.000000000000000,0.000000000000000, , ,{88B829C6-1790-4119-880F-3053B10A571B},30/07/2025 0:00:00, ,30/07/2025 0:00:00, ,4.000000000000000,Roy Trustee 2022 Ltd,Forest View Contracting
{6372A27D-90DB-4A5C-B168-23F90077B288},3181.000000000000000,No,5/11.31,40.000000000000000,1000.000000000000000,No,0.000000000000000,0.000000000000000,0.000000000000000,0.000000000000000,0.000000000000000,0.000000000000000,0.000000000000000,0.000000000000000,25/50,0.000000000000000,0.000000000000000,0.000000000000000,0.000000000000000,0.000000000000000,0.000000000000000,0.000000000000000,0.000000000000000, , ,{88B829C6-1790-4119-880F-3053B10A571B},30/07/2025 0:00:00, ,30/07/2025 0:00:00, ,0.000000000000000,Roy Trustee 2022 Ltd,Forest View Contracting
{43D9B1F4-7256-49A3-B27C-1DD2B1D0C169},3171.000000000000000,No,5/11.31,39.000000000000000,975.000000000000000,Yes,0.000000000000000,0.000000000000000,1.000000000000000,0.000000000000000,0.000000000000000,0.000000000000000,1.000000000000000,0.000000000000000,25/50,0.000000000000000,0.000000000000000,0.025641025641000,0.000000000000000,0.000000000000000,0.000000000000000,0.025641025641000,0.000000000000000, , ,{88B829C6-1790-4119-880F-3053B10A571B},30/07/2025 0:00:00, ,30/07/2025 0:00:00, ,6.000000000000000,Roy Trustee 2022 Ltd,Forest View Contracting
{5E702214-C33C-4295-B6F6-3EF939552CE8},3189.000000000000000,No,5/11.31,40.000000000000000,1000.000000000000000,Yes,0.000000000000000,0.000000000000000,2.000000000000000,0.000000000000000,0.000000000000000,0.000000000000000,0.000000000000000,0.000000000000000,25/50,0.000000000000000,0.000000000000000,0.050000000000000,0.000000000000000,0.000000000000000,0.000000000000000,0.000000000000000,0.000000000000000, ,Funny line change.,{88B829C6-1790-4119-880F-3053B10A571B},30/07/2025 0:00:00, ,30/07/2025 0:00:00, ,6.000000000000000,Roy Trustee 2022 Ltd,Forest View Contracting
{C38DA313-4130-42DF-8D9D-942F68C5F9A9},3179.000000000000000,No,5/11.31,36.000000000000000,900.000000000000000,No,0.000000000000000,0.000000000000000,0.000000000000000,0.000000000000000,0.000000000000000,0.000000000000000,0.000000000000000,0.000000000000000,25/50,0.000000000000000,0.000000000000000,0.000000000000000,0.000000000000000,0.000000000000000,0.000000000000000,0.000000000000000,0.000000000000000, , ,{88B829C6-1790-4119-880F-3053B10A571B},30/07/2025 0:00:00, ,30/07/2025 0:00:00, ,0.000000000000000,Roy Trustee 2022 Ltd,Forest View Contracting
{31A32738-A274-451C-B822-EAF1A78716C1},3187.000000000000000,No,10/11.37,40.000000000000000,1000.000000000000000,No,0.000000000000000,0.000000000000000,0.000000000000000,0.000000000000000,0.000000000000000,0.000000000000000,0.000000000000000,0.000000000000000,25/50,0.000000000000000,0.000000000000000,0.000000000000000,0.000000000000000,0.000000000000000,0.000000000000000,0.000000000000000,0.000000000000000, , ,{88B829C6-1790-4119-880F-3053B10A571B},30/07/2025 0:00:00, ,30/07/2025 0:00:00, ,0.000000000000000,Roy Trustee 2022 Ltd,Forest View Contracting
{D5B0EEBE-91C8-4D9F-A7C1-215F949E9666},1675.000000000000000,No,10/11.37,42.000000000000000,1050.000000000000000,No,0.000000000000000,0.000000000000000,0.000000000000000,0.000000000000000,0.000000000000000,0.000000000000000,0.000000000000000,0.000000000000000,25/59,0.000000000000000,0.000000000000000,0.000000000000000,0.000000000000000,0.000000000000000,0.000000000000000,0.000000000000000,0.000000000000000, ,Tussocks,{150DB8F4-BE94-40C7-8118-03297AD320ED},30/07/2025 0:00:00, ,30/07/2025 0:00:00, ,0.000000000000000,Roy Trustee 2022 Ltd,Forest View Contracting
{905EFF4B-1734-42D9-9AEE-55357041058A},1677.000000000000000,No,10/11.37,43.000000000000000,1075.000000000000000,Yes,0.000000000000000,0.000000000000000,0.000000000000000,0.000000000000000,0.000000000000000,0.000000000000000,1.000000000000000,0.000000000000000,25/59,0.000000000000000,0.000000000000000,0.000000000000000,0.000000000000000,0.000000000000000,0.000000000000000,0.023255813953500,0.000000000000000, , ,{150DB8F4-BE94-40C7-8118-03297AD320ED},30/07/2025 0:00:00, ,30/07/2025 0:00:00, ,3.000000000000000,Roy Trustee 2022 Ltd,Forest View Contracting
{25F1BC53-C65D-42ED-9044-5C0ABBB9738B},1679.000000000000000,No,5/11.31,40.000000000000000,1000.000000000000000,Yes,0.000000000000000,0.000000000000000,1.000000000000000,0.000000000000000,0.000000000000000,0.000000000000000,0.000000000000000,0.000000000000000,25/59,0.000000000000000,0.000000000000000,0.025000000000000,0.000000000000000,0.000000000000000,0.000000000000000,0.000000000000000,0.000000000000000, , ,{150DB8F4-BE94-40C7-8118-03297AD320ED},30/07/2025 0:00:00, ,30/07/2025 0:00:00, ,3.000000000000000,Roy Trustee 2022 Ltd,Forest View Contracting
{842A30E6-EF2F-4978-B48F-EB3A25172606},1075.000000000000000,No,5/11.31,38.000000000000000,950.000000000000000,Yes,0.000000000000000,1.000000000000000,1.000000000000000,0.000000000000000,0.000000000000000,0.000000000000000,0.000000000000000,0.000000000000000,25/71,0.000000000000000,0.026315789473700,0.026315789473700,0.000000000000000,0.000000000000000,0.000000000000000,0.000000000000000,0.000000000000000, , ,{E299A616-A189-42D7-8304-21CB9B233325},30/07/2025 0:00:00, ,30/07/2025 0:00:00, ,4.000000000000000,Roy Trustee 2022 Ltd,Forest View Contracting
{57228964-5C69-411A-B8F4-43A512BB6038},1081.000000000000000,No,5/11.31,41.000000000000000,1025.000000000000000,No,0.000000000000000,0.000000000000000,0.000000000000000,0.000000000000000,0.000000000000000,0.000000000000000,0.000000000000000,0.000000000000000,25/71,0.000000000000000,0.000000000000000,0.000000000000000,0.000000000000000,0.000000000000000,0.000000000000000,0.000000000000000,0.000000000000000, , ,{E299A616-A189-42D7-8304-21CB9B233325},30/07/2025 0:00:00, ,30/07/2025 0:00:00, ,0.000000000000000,Roy Trustee 2022 Ltd,Forest View Contracting
{D1BC0424-41E4-48F8-A15B-E86C6F58032B},1097.000000000000000,No,10/11.37,36.000000000000000,900.000000000000000,Yes,0.000000000000000,2.000000000000000,1.000000000000000,0.000000000000000,0.000000000000000,0.000000000000000,0.000000000000000,0.000000000000000,25/71,0.000000000000000,0.055555555555600,0.027777777777800,0.000000000000000,0.000000000000000,0.000000000000000,0.000000000000000,0.000000000000000, , ,{E299A616-A189-42D7-8304-21CB9B233325},30/07/2025 0:00:00, ,30/07/2025 0:00:00, ,5.000000000000000,Roy Trustee 2022 Ltd,Forest View Contracting
{FC2E5865-924F-409D-A91F-2BC268E1F99F},1071.000000000000000,No,5/11.31,44.000000000000000,1100.000000000000000,Yes,0.000000000000000,0.000000000000000,0.000000000000000,1.000000000000000,0.000000000000000,0.000000000000000,0.000000000000000,0.000000000000000,25/71,0.000000000000000,0.000000000000000,0.000000000000000,0.022727272727300,0.000000000000000,0.000000000000000,0.000000000000000,0.000000000000000, , ,{E299A616-A189-42D7-8304-21CB9B233325},30/07/2025 0:00:00, ,30/07/2025 0:00:00, ,1.000000000000000,Roy Trustee 2022 Ltd,Forest View Contracting
{76E72EEA-8452-48DA-AAC0-F981336FEC00},1073.000000000000000,No,10/11.37,43.000000000000000,1075.000000000000000,Yes,0.000000000000000,1.000000000000000,0.000000000000000,0.000000000000000,0.000000000000000,0.000000000000000,0.000000000000000,0.000000000000000,25/71,0.000000000000000,0.023255813953500,0.000000000000000,0.000000000000000,0.000000000000000,0.000000000000000,0.000000000000000,0.000000000000000, , ,{E299A616-A189-42D7-8304-21CB9B233325},30/07/2025 0:00:00, ,30/07/2025 0:00:00, ,1.000000000000000,Roy Trustee 2022 Ltd,Forest View Contracting
{CE2CF266-5EA1-4C15-B793-751791011A66},2633.000000000000000,No,15/11.48,43.000000000000000,1075.000000000000000,Yes,0.000000000000000,0.000000000000000,0.000000000000000,0.000000000000000,0.000000000000000,0.000000000000000,1.000000000000000,0.000000000000000,25/30,0.000000000000000,0.000000000000000,0.000000000000000,0.000000000000000,0.000000000000000,0.000000000000000,0.023255813953500,0.000000000000000, , ,{2D14360F-C98D-4A1F-9032-F4FDD9F9DE81},30/07/2025 0:00:00, ,30/07/2025 0:00:00, ,3.000000000000000,Roy Trustee 2022 Ltd,Johnson Forestry Services
{37C11D02-FA35-4A33-82EB-E784A53994CE},2221.000000000000000,No,15/11.48,38.000000000000000,950.000000000000000,Yes,0.000000000000000,2.000000000000000,0.000000000000000,0.000000000000000,0.000000000000000,0.000000000000000,1.000000000000000,0.000000000000000,25/30,0.000000000000000,0.052631578947400,0.000000000000000,0.000000000000000,0.000000000000000,0.000000000000000,0.026315789473700,0.000000000000000, , ,{2D14360F-C98D-4A1F-9032-F4FDD9F9DE81},30/07/2025 0:00:00, ,30/07/2025 0:00:00, ,5.000000000000000,Roy Trustee 2022 Ltd,Johnson Forestry Services
{F8AF0739-86DC-4DED-ADD9-5D79EE1080DA},2263.000000000000000,No,10/11.37,36.000000000000000,900.000000000000000,No,0.000000000000000,0.000000000000000,0.000000000000000,0.000000000000000,0.000000000000000,0.000000000000000,0.000000000000000,0.000000000000000,25/30,0.000000000000000,0.000000000000000,0.000000000000000,0.000000000000000,0.000000000000000,0.000000000000000,0.000000000000000,0.000000000000000, , ,{2D14360F-C98D-4A1F-9032-F4FDD9F9DE81},30/07/2025 0:00:00, ,30/07/2025 0:00:00, ,0.000000000000000,Roy Trustee 2022 Ltd,Johnson Forestry Services
{AFDFC4B4-95E9-44BC-AFA9-365374A8F9DE},2245.000000000000000,No,15/11.48,41.000000000000000,1025.000000000000000,No,0.000000000000000,0.000000000000000,0.000000000000000,0.000000000000000,0.000000000000000,0.000000000000000,0.000000000000000,0.000000000000000,25/30,0.000000000000000,0.000000000000000,0.000000000000000,0.000000000000000,0.000000000000000,0.000000000000000,0.000000000000000,0.000000000000000, , ,{2D14360F-C98D-4A1F-9032-F4FDD9F9DE81},30/07/2025 0:00:00, ,30/07/2025 0:00:00, ,0.000000000000000,Roy Trustee 2022 Ltd,Johnson Forestry Services
{FCC6277B-04AB-4160-97AC-626386C068E9},2241.000000000000000,No,15/11.48,39.000000000000000,975.000000000000000,No,0.000000000000000,0.000000000000000,0.000000000000000,0.000000000000000,0.000000000000000,0.000000000000000,0.000000000000000,0.000000000000000,25/30,0.000000000000000,0.000000000000000,0.000000000000000,0.000000000000000,0.000000000000000,0.000000000000000,0.000000000000000,0.000000000000000, , ,{DF6160EF-D3F8-4749-9DF7-10DA79D9F70D},31/07/2025 0:00:00, ,31/07/2025 0:00:00, ,0.000000000000000,Roy Trustee 2022 Ltd,Johnson Forestry Services
{6FE2C3A3-74FF-43A4-AFF3-16F1A31B4AEC},2257.000000000000000,No,10/11.37,36.000000000000000,900.000000000000000,Yes,0.000000000000000,0.000000000000000,0.000000000000000,0.000000000000000,0.000000000000000,1.000000000000000,0.000000000000000,0.000000000000000,25/30,0.000000000000000,0.000000000000000,0.000000000000000,0.000000000000000,0.000000000000000,0.027777777777800,0.000000000000000,0.000000000000000, , ,{DF6160EF-D3F8-4749-9DF7-10DA79D9F70D},31/07/2025 0:00:00, ,31/07/2025 0:00:00, ,3.000000000000000,Roy Trustee 2022 Ltd,Johnson Forestry Services
{55BD5705-B454-4F8C-9E97-E54E97591824},2239.000000000000000,No,5/11.31,42.000000000000000,1050.000000000000000,No,0.000000000000000,0.000000000000000,0.000000000000000,0.000000000000000,0.000000000000000,0.000000000000000,0.000000000000000,0.000000000000000,25/30,0.000000000000000,0.000000000000000,0.000000000000000,0.000000000000000,0.000000000000000,0.000000000000000,0.000000000000000,0.000000000000000, ,Moved plot out from fence,{DF6160EF-D3F8-4749-9DF7-10DA79D9F70D},31/07/2025 0:00:00, ,31/07/2025 0:00:00, ,0.000000000000000,Roy Trustee 2022 Ltd,Johnson Forestry Services
{D8E0FF0E-32AF-46E7-B8C9-06FFB80C8ADB},3167.000000000000000,No,5/11.31,41.000000000000000,1025.000000000000000,Yes,0.000000000000000,1.000000000000000,0.000000000000000,0.000000000000000,0.000000000000000,0.000000000000000,0.000000000000000,0.000000000000000,25/50,0.000000000000000,0.024390243902400,0.000000000000000,0.000000000000000,0.000000000000000,0.000000000000000,0.000000000000000,0.000000000000000, , ,{E4F5E2D7-A5DF-4CF0-BF81-0C23F6F93FEF},31/07/2025 0:00:00, ,31/07/2025 0:00:00, ,1.000000000000000,Roy Trustee 2022 Ltd,Forest View Contracting
{B3310BFB-E1AD-4BAD-92C8-E864945BAFFA},3165.000000000000000,No,5/11.31,39.000000000000000,975.000000000000000,No,0.000000000000000,0.000000000000000,0.000000000000000,0.000000000000000,0.000000000000000,0.000000000000000,0.000000000000000,0.000000000000000,25/50,0.000000000000000,0.000000000000000,0.000000000000000,0.000000000000000,0.000000000000000,0.000000000000000,0.000000000000000,0.000000000000000, ,"
",{E4F5E2D7-A5DF-4CF0-BF81-0C23F6F93FEF},31/07/2025 0:00:00, ,31/07/2025 0:00:00, ,0.000000000000000,Roy Trustee 2022 Ltd,Forest View Contracting
{60AE49A2-8088-41DA-9D92-61CDBF2A9C0C},3155.000000000000000,No,5/11.31,40.000000000000000,1000.000000000000000,No,0.000000000000000,0.000000000000000,0.000000000000000,0.000000000000000,0.000000000000000,0.000000000000000,0.000000000000000,0.000000000000000,25/50,0.000000000000000,0.000000000000000,0.000000000000000,0.000000000000000,0.000000000000000,0.000000000000000,0.000000000000000,0.000000000000000, , ,{E4F5E2D7-A5DF-4CF0-BF81-0C23F6F93FEF},31/07/2025 0:00:00, ,31/07/2025 0:00:00, ,0.000000000000000,Roy Trustee 2022 Ltd,Forest View Contracting
{02B82B8C-7EE0-49FE-A4B0-B330E9C629EA},3153.000000000000000,No,0/11.31,37.000000000000000,925.000000000000000,No,0.000000000000000,0.000000000000000,0.000000000000000,0.000000000000000,0.000000000000000,0.000000000000000,0.000000000000000,0.000000000000000,25/50,0.000000000000000,0.000000000000000,0.000000000000000,0.000000000000000,0.000000000000000,0.000000000000000,0.000000000000000,0.000000000000000, , ,{E4F5E2D7-A5DF-4CF0-BF81-0C23F6F93FEF},31/07/2025 0:00:00, ,31/07/2025 0:00:00, ,0.000000000000000,Roy Trustee 2022 Ltd,Forest View Contracting
{21CC901C-F199-4DC4-8B3E-DAFAC0098CBE},3161.000000000000000,No,5/11.31,38.000000000000000,950.000000000000000,Yes,0.000000000000000,0.000000000000000,0.000000000000000,0.000000000000000,1.000000000000000,0.000000000000000,0.000000000000000,0.000000000000000,25/50,0.000000000000000,0.000000000000000,0.000000000000000,0.000000000000000,0.026315789473700,0.000000000000000,0.000000000000000,0.000000000000000, ,"

",{E4F5E2D7-A5DF-4CF0-BF81-0C23F6F93FEF},31/07/2025 0:00:00, ,31/07/2025 0:00:00, ,3.000000000000000,Roy Trustee 2022 Ltd,Forest View Contracting
{CF67C969-2D69-4DA8-A75B-D010BCD49584},3163.000000000000000,No,10/11.37,36.000000000000000,900.000000000000000,No,0.000000000000000,0.000000000000000,0.000000000000000,0.000000000000000,0.000000000000000,0.000000000000000,0.000000000000000,0.000000000000000,25/50,0.000000000000000,0.000000000000000,0.000000000000000,0.000000000000000,0.000000000000000,0.000000000000000,0.000000000000000,0.000000000000000, , ,{E4F5E2D7-A5DF-4CF0-BF81-0C23F6F93FEF},31/07/2025 0:00:00, ,31/07/2025 0:00:00, ,0.000000000000000,Roy Trustee 2022 Ltd,Forest View Contracting
{B5B20AA7-527C-4DC0-BAA3-4C29A029F0E5},157.000000000000000,No,0/11.31,41.000000000000000,1025.000000000000000,Yes,0.000000000000000,3.000000000000000,0.000000000000000,0.000000000000000,0.000000000000000,0.000000000000000,0.000000000000000,0.000000000000000,25/65,0.000000000000000,0.073170731707300,0.000000000000000,0.000000000000000,0.000000000000000,0.000000000000000,0.000000000000000,0.000000000000000, , ,{4CF2A62C-036F-4043-8321-D10204A34BA4},31/07/2025 0:00:00, ,25/09/2025 0:00:00,ScarlettMichelle,3.000000000000000,Roy Trustee 2022 Ltd,Proforest
{65D42D27-E4EB-46DB-BF3A-334BAE0605B5},131.000000000000000,No,0/11.31,37.000000000000000,925.000000000000000,Yes,0.000000000000000,3.000000000000000,0.000000000000000,0.000000000000000,0.000000000000000,0.000000000000000,0.000000000000000,0.000000000000000,25/65,0.000000000000000,0.000000000000000,0.000000000000000,0.000000000000000,0.000000000000000,0.000000000000000,0.000000000000000,0.000000000000000, , ,{4CF2A62C-036F-4043-8321-D10204A34BA4},31/07/2025 0:00:00, ,25/09/2025 0:00:00,ScarlettMichelle,0.000000000000000,Roy Trustee 2022 Ltd,Proforest
{4289A91C-29EC-4A3B-9C4C-4A19C5361B03},3185.000000000000000,No,10/11.37,42.000000000000000,1050.000000000000000,No,0.000000000000000,0.000000000000000,0.000000000000000,0.000000000000000,0.000000000000000,0.000000000000000,0.000000000000000,0.000000000000000,25/50,0.000000000000000,0.000000000000000,0.000000000000000,0.000000000000000,0.000000000000000,0.000000000000000,0.000000000000000,0.000000000000000, , ,{82093E82-E0AD-40BD-9B82-60A84BCC0F8B},1/08/2025 0:00:00, ,1/08/2025 0:00:00, ,0.000000000000000,Roy Trustee 2022 Ltd,Forest View Contracting
{7DBB1909-C5D4-4691-9CC5-3BB2794A1626},3195.000000000000000,No,10/11.37,40.000000000000000,1000.000000000000000,No,0.000000000000000,0.000000000000000,0.000000000000000,0.000000000000000,0.000000000000000,0.000000000000000,0.000000000000000,0.000000000000000,25/50,0.000000000000000,0.000000000000000,0.000000000000000,0.000000000000000,0.000000000000000,0.000000000000000,0.000000000000000,0.000000000000000, , ,{82093E82-E0AD-40BD-9B82-60A84BCC0F8B},1/08/2025 0:00:00, ,1/08/2025 0:00:00, ,0.000000000000000,Roy Trustee 2022 Ltd,Forest View Contracting
{0B396679-FBFA-426F-B4E5-B6DD4B54D264},3193.000000000000000,No,10/11.37,41.000000000000000,1025.000000000000000,Yes,0.000000000000000,1.000000000000000,0.000000000000000,0.000000000000000,0.000000000000000,0.000000000000000,0.000000000000000,0.000000000000000,25/50,0.000000000000000,0.024390243902400,0.000000000000000,0.000000000000000,0.000000000000000,0.000000000000000,0.000000000000000,0.000000000000000, , ,{82093E82-E0AD-40BD-9B82-60A84BCC0F8B},1/08/2025 0:00:00, ,1/08/2025 0:00:00, ,1.000000000000000,Roy Trustee 2022 Ltd,Forest View Contracting
{F78B6133-0153-4F3A-A98A-8A852289496E},3149.000000000000000,No,5/11.31,40.000000000000000,1000.000000000000000,Yes,0.000000000000000,0.000000000000000,1.000000000000000,0.000000000000000,0.000000000000000,0.000000000000000,0.000000000000000,0.000000000000000,25/50,0.000000000000000,0.000000000000000,0.025000000000000,0.000000000000000,0.000000000000000,0.000000000000000,0.000000000000000,0.000000000000000, , ,{82093E82-E0AD-40BD-9B82-60A84BCC0F8B},1/08/2025 0:00:00, ,1/08/2025 0:00:00, ,3.000000000000000,Roy Trustee 2022 Ltd,Forest View Contracting
{A9FA15F3-55EC-493C-9E05-75510B3A0A13},3147.000000000000000,No,5/11.31,37.000000000000000,925.000000000000000,No,0.000000000000000,0.000000000000000,0.000000000000000,0.000000000000000,0.000000000000000,0.000000000000000,0.000000000000000,0.000000000000000,25/50,0.000000000000000,0.000000000000000,0.000000000000000,0.000000000000000,0.000000000000000,0.000000000000000,0.000000000000000,0.000000000000000, , ,{82093E82-E0AD-40BD-9B82-60A84BCC0F8B},1/08/2025 0:00:00, ,1/08/2025 0:00:00, ,0.000000000000000,Roy Trustee 2022 Ltd,Forest View Contracting
{0D2F6C50-2CFF-49F5-8468-D7495566D0B9},3173.000000000000000,No,5/11.31,42.000000000000000,1050.000000000000000,No,0.000000000000000,0.000000000000000,0.000000000000000,0.000000000000000,0.000000000000000,0.000000000000000,0.000000000000000,0.000000000000000,25/50,0.000000000000000,0.000000000000000,0.000000000000000,0.000000000000000,0.000000000000000,0.000000000000000,0.000000000000000,0.000000000000000, , ,{82093E82-E0AD-40BD-9B82-60A84BCC0F8B},1/08/2025 0:00:00, ,1/08/2025 0:00:00, ,0.000000000000000,Roy Trustee 2022 Ltd,Forest View Contracting
{05F5EAC3-232D-4457-AF63-C5064C7D9F14},3175.000000000000000,No,5/11.31,37.000000000000000,925.000000000000000,Yes,0.000000000000000,1.000000000000000,1.000000000000000,0.000000000000000,0.000000000000000,0.000000000000000,0.000000000000000,0.000000000000000,25/50,0.000000000000000,0.027027027027000,0.027027027027000,0.000000000000000,0.000000000000000,0.000000000000000,0.000000000000000,0.000000000000000, , ,{82F9C7C8-28B5-4B71-904A-AD7C6E556C0A},3/08/2025 0:00:00, ,3/08/2025 0:00:00, ,4.000000000000000,Roy Trustee 2022 Ltd,Forest View Contracting
{5A427A91-87A0-463E-A130-1F5A31F8C446},3177.000000000000000,No,5/11.31,41.000000000000000,1025.000000000000000,Yes,0.000000000000000,0.000000000000000,0.000000000000000,0.000000000000000,0.000000000000000,0.000000000000000,0.000000000000000,1.000000000000000,25/50,0.000000000000000,0.000000000000000,0.000000000000000,0.000000000000000,0.000000000000000,0.000000000000000,0.000000000000000,0.024390243902400, ,"Accidental tree planted right next to another one.
Tree pulled out.


",{82F9C7C8-28B5-4B71-904A-AD7C6E556C0A},3/08/2025 0:00:00, ,3/08/2025 0:00:00, ,3.000000000000000,Roy Trustee 2022 Ltd,Forest View Contracting
{0212BF6E-2FCD-4D56-95B0-4C52B0A63EAD},2321.000000000000000,No,20/11.64,44.000000000000000,1100.000000000000000,Yes,0.000000000000000,2.000000000000000,0.000000000000000,0.000000000000000,0.000000000000000,0.000000000000000,0.000000000000000,0.000000000000000,25/30,0.000000000000000,0.045454545454500,0.000000000000000,0.000000000000000,0.000000000000000,0.000000000000000,0.000000000000000,0.000000000000000, , ,{05F24D59-16B0-41F2-B908-9DE1A0801644},3/08/2025 0:00:00, ,3/08/2025 0:00:00, ,2.000000000000000,Roy Trustee 2022 Ltd,Johnson Forestry Services
{D1414767-3596-4631-BA2A-C1C514848044},2299.000000000000000,No,25/11.85,44.000000000000000,1100.000000000000000,Yes,0.000000000000000,0.000000000000000,0.000000000000000,0.000000000000000,0.000000000000000,0.000000000000000,1.000000000000000,0.000000000000000,25/30,0.000000000000000,0.000000000000000,0.000000000000000,0.000000000000000,0.000000000000000,0.000000000000000,0.022727272727300,0.000000000000000, , ,{05F24D59-16B0-41F2-B908-9DE1A0801644},3/08/2025 0:00:00, ,3/08/2025 0:00:00, ,3.000000000000000,Roy Trustee 2022 Ltd,Johnson Forestry Services
{759D1F8D-4AD5-4467-B7D2-C33F2DBD20C6},2059.000000000000000,No,25/11.85,37.000000000000000,925.000000000000000,Yes,0.000000000000000,2.000000000000000,0.000000000000000,0.000000000000000,0.000000000000000,0.000000000000000,1.000000000000000,0.000000000000000,25/73,0.000000000000000,0.054054054054100,0.000000000000000,0.000000000000000,0.000000000000000,0.000000000000000,0.027027027027000,0.000000000000000, , ,{5FBC95AB-B063-45EE-A4A2-3B98CC71A746},3/08/2025 0:00:00, ,3/08/2025 0:00:00, ,5.000000000000000,Roy Trustee 2022 Ltd,Proforest
{B20B79D7-0EF6-445E-A317-8B931AD2E1D9},2055.000000000000000,No,20/11.64,43.000000000000000,1075.000000000000000,Yes,0.000000000000000,2.000000000000000,1.000000000000000,0.000000000000000,0.000000000000000,0.000000000000000,0.000000000000000,0.000000000000000,25/73,0.000000000000000,0.000000000000000,0.000000000000000,0.000000000000000,0.000000000000000,0.000000000000000,0.000000000000000,0.000000000000000, , ,{5FBC95AB-B063-45EE-A4A2-3B98CC71A746},3/08/2025 0:00:00, ,25/09/2025 0:00:00,ScarlettMichelle,5.000000000000000,Roy Trustee 2022 Ltd,Proforest
{D8390CE2-D0A6-409D-9732-CBEA672A30B3},2051.000000000000000,No,10/11.37,39.000000000000000,975.000000000000000,Yes,0.000000000000000,3.000000000000000,1.000000000000000,0.000000000000000,0.000000000000000,0.000000000000000,0.000000000000000,0.000000000000000,25/73,0.000000000000000,0.000000000000000,0.000000000000000,0.000000000000000,0.000000000000000,0.000000000000000,0.000000000000000,0.000000000000000, , ,{5FBC95AB-B063-45EE-A4A2-3B98CC71A746},3/08/2025 0:00:00, ,25/09/2025 0:00:00,ScarlettMichelle,6.000000000000000,Roy Trustee 2022 Ltd,Proforest
{3A5A66AE-3F77-486C-9184-BEE68A79045F},2043.000000000000000,No,5/11.31,43.000000000000000,1075.000000000000000,Yes,1.000000000000000,2.000000000000000,0.000000000000000,0.000000000000000,0.000000000000000,0.000000000000000,0.000000000000000,0.000000000000000,25/73,0.023255813953500,0.046511627907000,0.000000000000000,0.000000000000000,0.000000000000000,0.000000000000000,0.000000000000000,0.000000000000000, , ,{5FBC95AB-B063-45EE-A4A2-3B98CC71A746},3/08/2025 0:00:00, ,3/08/2025 0:00:00, ,3.000000000000000,Roy Trustee 2022 Ltd,Proforest
{44556869-7F03-4652-86D1-FCF58EA54D77},2029.000000000000000,No,15/11.48,44.000000000000000,1100.000000000000000,Yes,1.000000000000000,3.000000000000000,0.000000000000000,0.000000000000000,0.000000000000000,0.000000000000000,0.000000000000000,0.000000000000000,25/73,0.000000000000000,0.000000000000000,0.000000000000000,0.000000000000000,0.000000000000000,0.000000000000000,0.000000000000000,0.000000000000000, , ,{5FBC95AB-B063-45EE-A4A2-3B98CC71A746},3/08/2025 0:00:00, ,25/09/2025 0:00:00,ScarlettMichelle,4.000000000000000,Roy Trustee 2022 Ltd,Proforest
{C45C5D5B-D1C3-494C-A7D4-876941E1C100},2013.000000000000000,No,15/11.48,45.000000000000000,1125.000000000000000,Yes,1.000000000000000,2.000000000000000,0.000000000000000,0.000000000000000,0.000000000000000,0.000000000000000,0.000000000000000,0.000000000000000,25/73,0.022222222222200,0.044444444444400,0.000000000000000,0.000000000000000,0.000000000000000,0.000000000000000,0.000000000000000,0.000000000000000,Yes, ,{5FBC95AB-B063-45EE-A4A2-3B98CC71A746},3/08/2025 0:00:00, ,3/08/2025 0:00:00, ,3.000000000000000,Roy Trustee 2022 Ltd,Proforest
{311D8B01-DEAA-41EB-B988-B997A0C9B4C5},2011.000000000000000,No,15/11.48,36.000000000000000,900.000000000000000,Yes,0.000000000000000,3.000000000000000,0.000000000000000,0.000000000000000,0.000000000000000,1.000000000000000,0.000000000000000,0.000000000000000,25/73,0.000000000000000,0.083333333333300,0.000000000000000,0.000000000000000,0.000000000000000,0.027777777777800,0.000000000000000,0.000000000000000, , ,{5FBC95AB-B063-45EE-A4A2-3B98CC71A746},3/08/2025 0:00:00, ,3/08/2025 0:00:00, ,6.000000000000000,Roy Trustee 2022 Ltd,Proforest
{7B774858-A1B7-4268-AF89-53BE2422F832},1995.000000000000000,No,5/11.31,40.000000000000000,1000.000000000000000,No,0.000000000000000,0.000000000000000,0.000000000000000,0.000000000000000,0.000000000000000,0.000000000000000,0.000000000000000,0.000000000000000,25/73,0.000000000000000,0.000000000000000,0.000000000000000,0.000000000000000,0.000000000000000,0.000000000000000,0.000000000000000,0.000000000000000, , ,{5FBC95AB-B063-45EE-A4A2-3B98CC71A746},3/08/2025 0:00:00, ,25/09/2025 0:00:00,ScarlettMichelle,0.000000000000000,Roy Trustee 2022 Ltd,Proforest
{6E7E3315-8AA7-4BED-B4FA-E98C6E4A6F56},1997.000000000000000,No,20/11.64,41.000000000000000,1025.000000000000000,Yes,1.000000000000000,2.000000000000000,0.000000000000000,0.000000000000000,0.000000000000000,0.000000000000000,1.000000000000000,0.000000000000000,25/73,0.024390243902400,0.048780487804900,0.000000000000000,0.000000000000000,0.000000000000000,0.000000000000000,0.024390243902400,0.000000000000000, , ,{5FBC95AB-B063-45EE-A4A2-3B98CC71A746},3/08/2025 0:00:00, ,3/08/2025 0:00:00, ,6.000000000000000,Roy Trustee 2022 Ltd,Proforest
{B373F9B7-3318-4671-9AD9-E1C77C0C4F5B},1945.000000000000000,No,5/11.31,41.000000000000000,1025.000000000000000,Yes,0.000000000000000,3.000000000000000,0.000000000000000,0.000000000000000,0.000000000000000,0.000000000000000,0.000000000000000,0.000000000000000,25/73,0.000000000000000,0.000000000000000,0.000000000000000,0.000000000000000,0.000000000000000,0.000000000000000,0.000000000000000,0.000000000000000, , ,{5FBC95AB-B063-45EE-A4A2-3B98CC71A746},3/08/2025 0:00:00, ,25/09/2025 0:00:00,ScarlettMichelle,3.000000000000000,Roy Trustee 2022 Ltd,Proforest
{E90A6507-9AC6-484C-839C-D47B29A0B69E},2041.000000000000000,No,15/11.48,39.000000000000000,975.000000000000000,Yes,0.000000000000000,3.000000000000000,0.000000000000000,0.000000000000000,0.000000000000000,0.000000000000000,0.000000000000000,0.000000000000000,25/73,0.000000000000000,0.076923076923100,0.000000000000000,0.000000000000000,0.000000000000000,0.000000000000000,0.000000000000000,0.000000000000000, , ,{5FBC95AB-B063-45EE-A4A2-3B98CC71A746},3/08/2025 0:00:00, ,3/08/2025 0:00:00, ,3.000000000000000,Roy Trustee 2022 Ltd,Proforest
{721D1A91-067B-4F36-9AFC-0595598D76CD},2019.000000000000000,No,0/11.31,40.000000000000000,1000.000000000000000,Yes,0.000000000000000,4.000000000000000,0.000000000000000,0.000000000000000,0.000000000000000,0.000000000000000,0.000000000000000,0.000000000000000,25/73,0.000000000000000,0.100000000000000,0.000000000000000,0.000000000000000,0.000000000000000,0.000000000000000,0.000000000000000,0.000000000000000, , ,{5FBC95AB-B063-45EE-A4A2-3B98CC71A746},3/08/2025 0:00:00, ,3/08/2025 0:00:00, ,4.000000000000000,Roy Trustee 2022 Ltd,Proforest
{F561F24D-DAF2-416F-8F7D-B2C4446795C8},2017.000000000000000,No,30/12.13,44.000000000000000,1100.000000000000000,Yes,0.000000000000000,3.000000000000000,0.000000000000000,0.000000000000000,0.000000000000000,0.000000000000000,1.000000000000000,0.000000000000000,25/73,0.000000000000000,0.068181818181800,0.000000000000000,0.000000000000000,0.000000000000000,0.000000000000000,0.022727272727300,0.000000000000000, , ,{5FBC95AB-B063-45EE-A4A2-3B98CC71A746},3/08/2025 0:00:00, ,3/08/2025 0:00:00, ,6.000000000000000,Roy Trustee 2022 Ltd,Proforest
{E8284A26-C476-454B-86D6-E3E711BC70B0},2353.000000000000000,No,10/11.37,39.000000000000000,975.000000000000000,Yes,0.000000000000000,2.000000000000000,0.000000000000000,0.000000000000000,0.000000000000000,0.000000000000000,0.000000000000000,0.000000000000000,25/30,0.000000000000000,0.051282051282100,0.000000000000000,0.000000000000000,0.000000000000000,0.000000000000000,0.000000000000000,0.000000000000000, , ,{B9000B58-D37D-4C0B-B056-79AC50923307},4/08/2025 0:00:00, ,4/08/2025 0:00:00, ,2.000000000000000,Roy Trustee 2022 Ltd,Johnson Forestry Services
{E445A345-3D02-4FAF-96DC-56E5E1EB184C},2334.000000000000000,No,5/11.31,38.000000000000000,950.000000000000000,Yes,0.000000000000000,1.000000000000000,0.000000000000000,0.000000000000000,0.000000000000000,1.000000000000000,0.000000000000000,0.000000000000000,25/30,0.000000000000000,0.026315789473700,0.000000000000000,0.000000000000000,0.000000000000000,0.026315789473700,0.000000000000000,0.000000000000000, , ,{B9000B58-D37D-4C0B-B056-79AC50923307},4/08/2025 0:00:00, ,4/08/2025 0:00:00, ,4.000000000000000,Roy Trustee 2022 Ltd,Johnson Forestry Services
{3A544584-E458-46B8-A322-E398C8EB709B},2319.000000000000000,No,5/11.31,39.000000000000000,975.000000000000000,Yes,1.000000000000000,2.000000000000000,0.000000000000000,0.000000000000000,0.000000000000000,0.000000000000000,0.000000000000000,0.000000000000000,25/30,0.025641025641000,0.051282051282100,0.000000000000000,0.000000000000000,0.000000000000000,0.000000000000000,0.000000000000000,0.000000000000000, , ,{B9000B58-D37D-4C0B-B056-79AC50923307},4/08/2025 0:00:00, ,4/08/2025 0:00:00, ,3.000000000000000,Roy Trustee 2022 Ltd,Johnson Forestry Services
{66D75AF6-7926-4B99-8CE7-020678CBDD07},2297.000000000000000,No,5/11.31,37.000000000000000,925.000000000000000,Yes,0.000000000000000,3.000000000000000,0.000000000000000,0.000000000000000,0.000000000000000,0.000000000000000,0.000000000000000,0.000000000000000,25/30,0.000000000000000,0.081081081081100,0.000000000000000,0.000000000000000,0.000000000000000,0.000000000000000,0.000000000000000,0.000000000000000, , ,{B9000B58-D37D-4C0B-B056-79AC50923307},4/08/2025 0:00:00, ,4/08/2025 0:00:00, ,3.000000000000000,Roy Trustee 2022 Ltd,Johnson Forestry Services
{0A09CB7A-4037-46DD-906A-C75AD9A15592},2279.000000000000000,No,15/11.48,39.000000000000000,975.000000000000000,No,0.000000000000000,0.000000000000000,0.000000000000000,0.000000000000000,0.000000000000000,0.000000000000000,0.000000000000000,0.000000000000000,25/30,0.000000000000000,0.000000000000000,0.000000000000000,0.000000000000000,0.000000000000000,0.000000000000000,0.000000000000000,0.000000000000000, , ,{B9000B58-D37D-4C0B-B056-79AC50923307},4/08/2025 0:00:00, ,4/08/2025 0:00:00, ,0.000000000000000,Roy Trustee 2022 Ltd,Johnson Forestry Services
{AC71D750-B458-470F-BD25-1FAE27D0FDAA},2255.000000000000000,No,20/11.64,36.000000000000000,900.000000000000000,Yes,0.000000000000000,0.000000000000000,0.000000000000000,0.000000000000000,0.000000000000000,0.000000000000000,2.000000000000000,0.000000000000000,25/30,0.000000000000000,0.000000000000000,0.000000000000000,0.000000000000000,0.000000000000000,0.000000000000000,0.055555555555600,0.000000000000000, , ,{B9000B58-D37D-4C0B-B056-79AC50923307},4/08/2025 0:00:00, ,4/08/2025 0:00:00, ,6.000000000000000,Roy Trustee 2022 Ltd,Johnson Forestry Services
{8BCA4A69-D906-48C8-AE48-B952C2743435},2253.000000000000000,No,5/11.31,42.000000000000000,1050.000000000000000,Yes,0.000000000000000,2.000000000000000,0.000000000000000,0.000000000000000,0.000000000000000,0.000000000000000,1.000000000000000,0.000000000000000,25/30,0.000000000000000,0.047619047619000,0.000000000000000,0.000000000000000,0.000000000000000,0.000000000000000,0.023809523809500,0.000000000000000, , ,{B9000B58-D37D-4C0B-B056-79AC50923307},4/08/2025 0:00:00, ,4/08/2025 0:00:00, ,5.000000000000000,Roy Trustee 2022 Ltd,Johnson Forestry Services
{58244A3A-3CFB-4BE2-B616-0210B015949C},2237.000000000000000,No,20/11.64,38.000000000000000,950.000000000000000,Yes,0.000000000000000,3.000000000000000,0.000000000000000,0.000000000000000,0.000000000000000,0.000000000000000,0.000000000000000,0.000000000000000,25/30,0.000000000000000,0.078947368421100,0.000000000000000,0.000000000000000,0.000000000000000,0.000000000000000,0.000000000000000,0.000000000000000, , ,{B9000B58-D37D-4C0B-B056-79AC50923307},4/08/2025 0:00:00, ,4/08/2025 0:00:00, ,3.000000000000000,Roy Trustee 2022 Ltd,Johnson Forestry Services
{C6E64C6A-46B1-4208-AB90-890C8D37B47D},2235.000000000000000,No,10/11.37,37.000000000000000,925.000000000000000,Yes,0.000000000000000,3.000000000000000,0.000000000000000,0.000000000000000,0.000000000000000,0.000000000000000,0.000000000000000,0.000000000000000,25/30,0.000000000000000,0.081081081081100,0.000000000000000,0.000000000000000,0.000000000000000,0.000000000000000,0.000000000000000,0.000000000000000, , ,{B9000B58-D37D-4C0B-B056-79AC50923307},4/08/2025 0:00:00, ,4/08/2025 0:00:00, ,3.000000000000000,Roy Trustee 2022 Ltd,Johnson Forestry Services
{0F16D07F-FC34-4167-BAF9-9588D1762D8B},2233.000000000000000,No,15/11.48,36.000000000000000,900.000000000000000,No,0.000000000000000,0.000000000000000,0.000000000000000,0.000000000000000,0.000000000000000,0.000000000000000,0.000000000000000,0.000000000000000,25/30,0.000000000000000,0.000000000000000,0.000000000000000,0.000000000000000,0.000000000000000,0.000000000000000,0.000000000000000,0.000000000000000, , ,{B9000B58-D37D-4C0B-B056-79AC50923307},4/08/2025 0:00:00, ,4/08/2025 0:00:00, ,0.000000000000000,Roy Trustee 2022 Ltd,Johnson Forestry Services
{5CB0509F-D725-4319-8DF0-CAB01657F5B3},2231.000000000000000,No,20/11.64,38.000000000000000,950.000000000000000,Yes,0.000000000000000,0.000000000000000,0.000000000000000,0.000000000000000,0.000000000000000,0.000000000000000,2.000000000000000,0.000000000000000,25/30,0.000000000000000,0.000000000000000,0.000000000000000,0.000000000000000,0.000000000000000,0.000000000000000,0.052631578947400,0.000000000000000, , ,{B9000B58-D37D-4C0B-B056-79AC50923307},4/08/2025 0:00:00, ,4/08/2025 0:00:00, ,6.000000000000000,Roy Trustee 2022 Ltd,Johnson Forestry Services
{1BDDBB42-C4B9-452C-BA12-86BFBF5B15DC},2229.000000000000000,No,10/11.37,36.000000000000000,900.000000000000000,Yes,0.000000000000000,2.000000000000000,0.000000000000000,0.000000000000000,0.000000000000000,0.000000000000000,1.000000000000000,0.000000000000000,25/30,0.000000000000000,0.055555555555600,0.000000000000000,0.000000000000000,0.000000000000000,0.000000000000000,0.027777777777800,0.000000000000000, , ,{B9000B58-D37D-4C0B-B056-79AC50923307},4/08/2025 0:00:00, ,4/08/2025 0:00:00, ,5.000000000000000,Roy Trustee 2022 Ltd,Johnson Forestry Services
{54EBC047-C8AF-4595-B684-80DC9251F705},2277.000000000000000,No,15/11.48,37.000000000000000,925.000000000000000,Yes,0.000000000000000,2.000000000000000,0.000000000000000,0.000000000000000,0.000000000000000,1.000000000000000,0.000000000000000,0.000000000000000,25/30,0.000000000000000,0.054054054054100,0.000000000000000,0.000000000000000,0.000000000000000,0.027027027027000,0.000000000000000,0.000000000000000, , ,{B9000B58-D37D-4C0B-B056-79AC50923307},4/08/2025 0:00:00, ,4/08/2025 0:00:00, ,5.000000000000000,Roy Trustee 2022 Ltd,Johnson Forestry Services
{79FC6A21-3063-4184-AD46-0931A5305049},2295.000000000000000,No,15/11.48,42.000000000000000,1050.000000000000000,Yes,0.000000000000000,0.000000000000000,0.000000000000000,0.000000000000000,0.000000000000000,0.000000000000000,1.000000000000000,0.000000000000000,25/30,0.000000000000000,0.000000000000000,0.000000000000000,0.000000000000000,0.000000000000000,0.000000000000000,0.023809523809500,0.000000000000000, , ,{B9000B58-D37D-4C0B-B056-79AC50923307},4/08/2025 0:00:00, ,4/08/2025 0:00:00, ,3.000000000000000,Roy Trustee 2022 Ltd,Johnson Forestry Services
{5417C3A9-700D-4734-9D82-9AC8B2238ECA},441.000000000000000,No,5/11.31,42.000000000000000,1050.000000000000000,No,0.000000000000000,0.000000000000000,0.000000000000000,0.000000000000000,0.000000000000000,0.000000000000000,0.000000000000000,0.000000000000000,25/80,0.000000000000000,0.000000000000000,0.000000000000000,0.000000000000000,0.000000000000000,0.000000000000000,0.000000000000000,0.000000000000000, , ,{A06505C6-D58E-45F0-AD0C-EF69A0BB73C9},4/08/2025 0:00:00, ,4/08/2025 0:00:00, ,0.000000000000000,Roy Trustee 2022 Ltd,Forest View Contracting
{ADAC5601-659F-4C03-A9DB-0F361E37F654},455.000000000000000,No,5/11.31,36.000000000000000,900.000000000000000,No,0.000000000000000,0.000000000000000,0.000000000000000,0.000000000000000,0.000000000000000,0.000000000000000,0.000000000000000,0.000000000000000,25/80,0.000000000000000,0.000000000000000,0.000000000000000,0.000000000000000,0.000000000000000,0.000000000000000,0.000000000000000,0.000000000000000, ,"Plot was right on a line change.
Lost a couple trees where lines changed.
Planting was good.",{A06505C6-D58E-45F0-AD0C-EF69A0BB73C9},4/08/2025 0:00:00, ,4/08/2025 0:00:00, ,0.000000000000000,Roy Trustee 2022 Ltd,Forest View Contracting
{3F10A535-4540-4A39-A199-8ADBDE370961},445.000000000000000,No,5/11.31,43.000000000000000,1075.000000000000000,No,0.000000000000000,0.000000000000000,0.000000000000000,0.000000000000000,0.000000000000000,0.000000000000000,0.000000000000000,0.000000000000000,25/80,0.000000000000000,0.000000000000000,0.000000000000000,0.000000000000000,0.000000000000000,0.000000000000000,0.000000000000000,0.000000000000000, , ,{A06505C6-D58E-45F0-AD0C-EF69A0BB73C9},4/08/2025 0:00:00, ,4/08/2025 0:00:00, ,0.000000000000000,Roy Trustee 2022 Ltd,Forest View Contracting
{0C77EEA5-9D47-4DDB-990A-F199C6611DEC},447.000000000000000,No,5/11.31,36.000000000000000,900.000000000000000,No,0.000000000000000,0.000000000000000,0.000000000000000,0.000000000000000,0.000000000000000,0.000000000000000,0.000000000000000,0.000000000000000,25/80,0.000000000000000,0.000000000000000,0.000000000000000,0.000000000000000,0.000000000000000,0.000000000000000,0.000000000000000,0.000000000000000, , ,{A06505C6-D58E-45F0-AD0C-EF69A0BB73C9},4/08/2025 0:00:00, ,4/08/2025 0:00:00, ,0.000000000000000,Roy Trustee 2022 Ltd,Forest View Contracting
{66D5CF79-EFF8-4E1F-AB7A-07F6A3F911E0},465.000000000000000,No,5/11.31,39.000000000000000,975.000000000000000,Yes,0.000000000000000,2.000000000000000,0.000000000000000,0.000000000000000,0.000000000000000,0.000000000000000,0.000000000000000,0.000000000000000,25/80,0.000000000000000,0.051282051282100,0.000000000000000,0.000000000000000,0.000000000000000,0.000000000000000,0.000000000000000,0.000000000000000, ,"
",{A06505C6-D58E-45F0-AD0C-EF69A0BB73C9},4/08/2025 0:00:00, ,4/08/2025 0:00:00, ,2.000000000000000,Roy Trustee 2022 Ltd,Forest View Contracting
{C3BC9AEA-843C-40B4-9E5E-DB22ADE3D94C},461.000000000000000,No,0/11.31,38.000000000000000,950.000000000000000,No,0.000000000000000,0.000000000000000,0.000000000000000,0.000000000000000,0.000000000000000,0.000000000000000,0.000000000000000,0.000000000000000,25/80,0.000000000000000,0.000000000000000,0.000000000000000,0.000000000000000,0.000000000000000,0.000000000000000,0.000000000000000,0.000000000000000, , ,{A06505C6-D58E-45F0-AD0C-EF69A0BB73C9},4/08/2025 0:00:00, ,4/08/2025 0:00:00, ,0.000000000000000,Roy Trustee 2022 Ltd,Forest View Contracting
{AD118A86-8422-4D87-91AB-4E72016182DB},443.000000000000000,No,10/11.37,42.000000000000000,1050.000000000000000,No,0.000000000000000,0.000000000000000,0.000000000000000,0.000000000000000,0.000000000000000,0.000000000000000,0.000000000000000,0.000000000000000,25/80,0.000000000000000,0.000000000000000,0.000000000000000,0.000000000000000,0.000000000000000,0.000000000000000,0.000000000000000,0.000000000000000, ,"Good plot



",{A06505C6-D58E-45F0-AD0C-EF69A0BB73C9},4/08/2025 0:00:00, ,4/08/2025 0:00:00, ,0.000000000000000,Roy Trustee 2022 Ltd,Forest View Contracting
{F8DAFC8F-65F1-40E4-AD6F-C3ACDA6FA96D},451.000000000000000,No,15/11.48,44.000000000000000,1100.000000000000000,No,0.000000000000000,0.000000000000000,0.000000000000000,0.000000000000000,0.000000000000000,0.000000000000000,0.000000000000000,0.000000000000000,25/80,0.000000000000000,0.000000000000000,0.000000000000000,0.000000000000000,0.000000000000000,0.000000000000000,0.000000000000000,0.000000000000000, , ,{A06505C6-D58E-45F0-AD0C-EF69A0BB73C9},4/08/2025 0:00:00, ,4/08/2025 0:00:00, ,0.000000000000000,Roy Trustee 2022 Ltd,Forest View Contracting
{6EC677D2-3E8C-49CC-ADCA-4FD96A1C4D9F},3353.000000000000000,No,5/11.31,38.000000000000000,950.000000000000000,Yes,1.000000000000000,2.000000000000000,0.000000000000000,0.000000000000000,0.000000000000000,0.000000000000000,1.000000000000000,0.000000000000000,25/90,0.026315789473700,0.052631578947400,0.000000000000000,0.000000000000000,0.000000000000000,0.000000000000000,0.026315789473700,0.000000000000000, , ,{40A50221-612B-4CC8-9E97-249D4A8156FB},4/08/2025 0:00:00, ,4/08/2025 0:00:00, ,6.000000000000000,Roy Trustee 2022 Ltd,Proforest
{05F7587E-4BBA-4EEF-B36B-5CCE4D0DFBAB},3337.000000000000000,No,10/11.37,44.000000000000000,1100.000000000000000,Yes,0.000000000000000,3.000000000000000,1.000000000000000,0.000000000000000,0.000000000000000,0.000000000000000,0.000000000000000,0.000000000000000,25/90,0.000000000000000,0.000000000000000,0.000000000000000,0.000000000000000,0.000000000000000,0.000000000000000,0.000000000000000,0.000000000000000, , ,{40A50221-612B-4CC8-9E97-249D4A8156FB},4/08/2025 0:00:00, ,25/09/2025 0:00:00,ScarlettMichelle,6.000000000000000,Roy Trustee 2022 Ltd,Proforest
{6AB1A691-F55A-4D88-8FA7-FC94A6339397},3323.000000000000000,No,5/11.31,38.000000000000000,950.000000000000000,Yes,0.000000000000000,3.000000000000000,0.000000000000000,0.000000000000000,0.000000000000000,0.000000000000000,0.000000000000000,0.000000000000000,25/90,0.000000000000000,0.000000000000000,0.000000000000000,0.000000000000000,0.000000000000000,0.000000000000000,0.000000000000000,0.000000000000000, , ,{40A50221-612B-4CC8-9E97-249D4A8156FB},4/08/2025 0:00:00, ,25/09/2025 0:00:00,ScarlettMichelle,3.000000000000000,Roy Trustee 2022 Ltd,Proforest
{F07D8B9D-5AD1-4829-9EC6-BB534D3791BF},3351.000000000000000,No,15/11.48,40.000000000000000,1000.000000000000000,Yes,0.000000000000000,3.000000000000000,0.000000000000000,0.000000000000000,0.000000000000000,0.000000000000000,1.000000000000000,0.000000000000000,25/90,0.000000000000000,0.000000000000000,0.000000000000000,0.000000000000000,0.000000000000000,0.000000000000000,0.000000000000000,0.000000000000000, , ,{40A50221-612B-4CC8-9E97-249D4A8156FB},4/08/2025 0:00:00, ,25/09/2025 0:00:00,ScarlettMichelle,6.000000000000000,Roy Trustee 2022 Ltd,Proforest
{F0A237AF-5D7F-4DC6-938D-B438596C3A0B},3335.000000000000000,No,5/11.31,42.000000000000000,1050.000000000000000,Yes,0.000000000000000,3.000000000000000,0.000000000000000,0.000000000000000,0.000000000000000,0.000000000000000,0.000000000000000,0.000000000000000,25/90,0.000000000000000,0.000000000000000,0.000000000000000,0.000000000000000,0.000000000000000,0.000000000000000,0.000000000000000,0.000000000000000, , ,{40A50221-612B-4CC8-9E97-249D4A8156FB},4/08/2025 0:00:00, ,25/09/2025 0:00:00,ScarlettMichelle,3.000000000000000,Roy Trustee 2022 Ltd,Proforest
{550880D1-007D-48F1-9A8B-DC8F55F1EF0E},3349.000000000000000,No,5/11.31,42.000000000000000,1050.000000000000000,Yes,0.000000000000000,3.000000000000000,0.000000000000000,0.000000000000000,0.000000000000000,0.000000000000000,1.000000000000000,0.000000000000000,25/90,0.000000000000000,0.000000000000000,0.000000000000000,0.000000000000000,0.000000000000000,0.000000000000000,0.000000000000000,0.000000000000000, , ,{40A50221-612B-4CC8-9E97-249D4A8156FB},4/08/2025 0:00:00, ,25/09/2025 0:00:00,ScarlettMichelle,6.000000000000000,Roy Trustee 2022 Ltd,Proforest
{02B49051-9301-4EAA-922E-CD5B1C8E1189},2365.000000000000000,No,15/11.48,40.000000000000000,1000.000000000000000,Yes,0.000000000000000,1.000000000000000,0.000000000000000,0.000000000000000,0.000000000000000,0.000000000000000,1.000000000000000,0.000000000000000,25/30,0.000000000000000,0.025000000000000,0.000000000000000,0.000000000000000,0.000000000000000,0.000000000000000,0.025000000000000,0.000000000000000, , ,{6C38A218-845D-4DB9-BD1F-606700210659},4/08/2025 0:00:00, ,4/08/2025 0:00:00, ,4.000000000000000,Roy Trustee 2022 Ltd,Johnson Forestry Services
{AF81A2F9-51CC-4A8F-B3E6-C87A581F8C34},2343.000000000000000,No,10/11.37,44.000000000000000,1100.000000000000000,No,0.000000000000000,0.000000000000000,0.000000000000000,0.000000000000000,0.000000000000000,0.000000000000000,0.000000000000000,0.000000000000000,25/30,0.000000000000000,0.000000000000000,0.000000000000000,0.000000000000000,0.000000000000000,0.000000000000000,0.000000000000000,0.000000000000000, , ,{6C38A218-845D-4DB9-BD1F-606700210659},4/08/2025 0:00:00, ,4/08/2025 0:00:00, ,0.000000000000000,Roy Trustee 2022 Ltd,Johnson Forestry Services
{CEE61762-F723-4658-93B1-DA52A83A6E48},2371.000000000000000,No,10/11.37,39.000000000000000,975.000000000000000,Yes,0.000000000000000,0.000000000000000,0.000000000000000,0.000000000000000,0.000000000000000,0.000000000000000,1.000000000000000,0.000000000000000,25/30,0.000000000000000,0.000000000000000,0.000000000000000,0.000000000000000,0.000000000000000,0.000000000000000,0.025641025641000,0.000000000000000, , ,{6C38A218-845D-4DB9-BD1F-606700210659},4/08/2025 0:00:00, ,4/08/2025 0:00:00, ,3.000000000000000,Roy Trustee 2022 Ltd,Johnson Forestry Services
{EC2D524A-6B8E-406C-B4DA-8815D5155B49},2361.000000000000000,No,30/12.13,43.000000000000000,1075.000000000000000,Yes,0.000000000000000,2.000000000000000,0.000000000000000,0.000000000000000,0.000000000000000,0.000000000000000,0.000000000000000,0.000000000000000,25/30,0.000000000000000,0.046511627907000,0.000000000000000,0.000000000000000,0.000000000000000,0.000000000000000,0.000000000000000,0.000000000000000, , ,{6C38A218-845D-4DB9-BD1F-606700210659},4/08/2025 0:00:00, ,4/08/2025 0:00:00, ,2.000000000000000,Roy Trustee 2022 Ltd,Johnson Forestry Services
{205B32D0-5FED-4BFE-A22A-4DCBD74A3A0D},2347.000000000000000,No,20/11.64,43.000000000000000,1075.000000000000000,Yes,0.000000000000000,2.000000000000000,0.000000000000000,0.000000000000000,0.000000000000000,0.000000000000000,0.000000000000000,0.000000000000000,25/30,0.000000000000000,0.046511627907000,0.000000000000000,0.000000000000000,0.000000000000000,0.000000000000000,0.000000000000000,0.000000000000000, , ,{6C38A218-845D-4DB9-BD1F-606700210659},4/08/2025 0:00:00, ,4/08/2025 0:00:00, ,2.000000000000000,Roy Trustee 2022 Ltd,Johnson Forestry Services
{0483B86A-07ED-4D84-A875-E445A19C2AC9},2287.000000000000000,No,20/11.64,36.000000000000000,900.000000000000000,Yes,0.000000000000000,0.000000000000000,0.000000000000000,0.000000000000000,0.000000000000000,0.000000000000000,1.000000000000000,0.000000000000000,25/30,0.000000000000000,0.000000000000000,0.000000000000000,0.000000000000000,0.000000000000000,0.000000000000000,0.027777777777800,0.000000000000000, , ,{6C38A218-845D-4DB9-BD1F-606700210659},4/08/2025 0:00:00, ,4/08/2025 0:00:00, ,3.000000000000000,Roy Trustee 2022 Ltd,Johnson Forestry Services
{D9EBA26F-5834-4EC5-AD43-2BB2ADF3AE10},2309.000000000000000,No,20/11.64,43.000000000000000,1075.000000000000000,Yes,0.000000000000000,0.000000000000000,0.000000000000000,0.000000000000000,0.000000000000000,0.000000000000000,2.000000000000000,0.000000000000000,25/30,0.000000000000000,0.000000000000000,0.000000000000000,0.000000000000000,0.000000000000000,0.000000000000000,0.046511627907000,0.000000000000000, , ,{6C38A218-845D-4DB9-BD1F-606700210659},4/08/2025 0:00:00, ,4/08/2025 0:00:00, ,6.000000000000000,Roy Trustee 2022 Ltd,Johnson Forestry Services
{58510675-805C-4B25-BF03-9F0C0FA5E420},2345.000000000000000,No,10/11.37,41.000000000000000,1025.000000000000000,Yes,0.000000000000000,0.000000000000000,0.000000000000000,0.000000000000000,1.000000000000000,0.000000000000000,0.000000000000000,0.000000000000000,25/30,0.000000000000000,0.000000000000000,0.000000000000000,0.000000000000000,0.024390243902400,0.000000000000000,0.000000000000000,0.000000000000000, , ,{5216C796-D601-4F52-8BE2-AE3E397B3D0B},5/08/2025 0:00:00, ,5/08/2025 0:00:00, ,3.000000000000000,Roy Trustee 2022 Ltd,Johnson Forestry Services
{032A6731-61DE-4022-9598-3FDAD153BDAF},2331.000000000000000,No,25/11.85,39.000000000000000,975.000000000000000,Yes,0.000000000000000,0.000000000000000,0.000000000000000,0.000000000000000,0.000000000000000,0.000000000000000,2.000000000000000,0.000000000000000,25/30,0.000000000000000,0.000000000000000,0.000000000000000,0.000000000000000,0.000000000000000,0.000000000000000,0.051282051282100,0.000000000000000, , ,{0C474253-7D03-4CB9-BBE8-6DEFB4AAB27A},5/08/2025 0:00:00, ,5/08/2025 0:00:00, ,6.000000000000000,Roy Trustee 2022 Ltd,Johnson Forestry Services
{C51C6A17-4490-402C-926A-8E6C8F1BB1D5},2349.000000000000000,No,20/11.64,36.000000000000000,900.000000000000000,No,0.000000000000000,0.000000000000000,0.000000000000000,0.000000000000000,0.000000000000000,0.000000000000000,0.000000000000000,0.000000000000000,25/30,0.000000000000000,0.000000000000000,0.000000000000000,0.000000000000000,0.000000000000000,0.000000000000000,0.000000000000000,0.000000000000000, , ,{0C474253-7D03-4CB9-BBE8-6DEFB4AAB27A},5/08/2025 0:00:00, ,5/08/2025 0:00:00, ,0.000000000000000,Roy Trustee 2022 Ltd,Johnson Forestry Services
{6BF21482-BFE1-43E6-AA2F-C6A0AD9EA2B7},2351.000000000000000,No,15/11.48,43.000000000000000,1075.000000000000000,Yes,0.000000000000000,0.000000000000000,0.000000000000000,0.000000000000000,0.000000000000000,0.000000000000000,1.000000000000000,0.000000000000000,25/30,0.000000000000000,0.000000000000000,0.000000000000000,0.000000000000000,0.000000000000000,0.000000000000000,0.023255813953500,0.000000000000000, , ,{0C474253-7D03-4CB9-BBE8-6DEFB4AAB27A},5/08/2025 0:00:00, ,5/08/2025 0:00:00, ,3.000000000000000,Roy Trustee 2022 Ltd,Johnson Forestry Services
{B371DA51-3C3D-402A-AB09-ADE2260D782B},2333.000000000000000,No,20/11.64,44.000000000000000,1100.000000000000000,No,0.000000000000000,0.000000000000000,0.000000000000000,0.000000000000000,0.000000000000000,0.000000000000000,0.000000000000000,0.000000000000000,25/30,0.000000000000000,0.000000000000000,0.000000000000000,0.000000000000000,0.000000000000000,0.000000000000000,0.000000000000000,0.000000000000000, , ,{0C474253-7D03-4CB9-BBE8-6DEFB4AAB27A},5/08/2025 0:00:00, ,5/08/2025 0:00:00, ,0.000000000000000,Roy Trustee 2022 Ltd,Johnson Forestry Services
{D2083BA8-12FC-4E98-8614-ECD56987DD87},2289.000000000000000,No,20/11.64,39.000000000000000,975.000000000000000,Yes,0.000000000000000,0.000000000000000,0.000000000000000,0.000000000000000,0.000000000000000,0.000000000000000,2.000000000000000,0.000000000000000,25/30,0.000000000000000,0.000000000000000,0.000000000000000,0.000000000000000,0.000000000000000,0.000000000000000,0.051282051282100,0.000000000000000, , ,{0C474253-7D03-4CB9-BBE8-6DEFB4AAB27A},5/08/2025 0:00:00, ,5/08/2025 0:00:00, ,6.000000000000000,Roy Trustee 2022 Ltd,Johnson Forestry Services
{79858991-607B-42A8-A5FF-002481488221},2271.000000000000000,No,10/11.37,44.000000000000000,1100.000000000000000,No,0.000000000000000,0.000000000000000,0.000000000000000,0.000000000000000,0.000000000000000,0.000000000000000,0.000000000000000,0.000000000000000,25/30,0.000000000000000,0.000000000000000,0.000000000000000,0.000000000000000,0.000000000000000,0.000000000000000,0.000000000000000,0.000000000000000, , ,{0C474253-7D03-4CB9-BBE8-6DEFB4AAB27A},5/08/2025 0:00:00, ,5/08/2025 0:00:00, ,0.000000000000000,Roy Trustee 2022 Ltd,Johnson Forestry Services
{A93A3866-B726-4720-BCDE-B51853DC4723},2307.000000000000000,No,20/11.64,36.000000000000000,900.000000000000000,Yes,0.000000000000000,0.000000000000000,0.000000000000000,0.000000000000000,0.000000000000000,0.000000000000000,2.000000000000000,0.000000000000000,25/30,0.000000000000000,0.000000000000000,0.000000000000000,0.000000000000000,0.000000000000000,0.000000000000000,0.055555555555600,0.000000000000000, , ,{0C474253-7D03-4CB9-BBE8-6DEFB4AAB27A},5/08/2025 0:00:00, ,5/08/2025 0:00:00, ,6.000000000000000,Roy Trustee 2022 Ltd,Johnson Forestry Services
{A21BDB09-05E1-455C-B51F-08569F37D65B},473.000000000000000,No,5/11.31,41.000000000000000,1025.000000000000000,No,0.000000000000000,0.000000000000000,0.000000000000000,0.000000000000000,0.000000000000000,0.000000000000000,0.000000000000000,0.000000000000000,25/80,0.000000000000000,0.000000000000000,0.000000000000000,0.000000000000000,0.000000000000000,0.000000000000000,0.000000000000000,0.000000000000000, , ,{9A797217-B23A-4413-A25B-A8D5024748A8},5/08/2025 0:00:00, ,5/08/2025 0:00:00, ,0.000000000000000,Roy Trustee 2022 Ltd,Forest View Contracting
{634C70FF-16FD-4DE8-9D88-4C73A52094D7},469.000000000000000,No,5/11.31,42.000000000000000,1050.000000000000000,No,0.000000000000000,0.000000000000000,0.000000000000000,0.000000000000000,0.000000000000000,0.000000000000000,0.000000000000000,0.000000000000000,25/80,0.000000000000000,0.000000000000000,0.000000000000000,0.000000000000000,0.000000000000000,0.000000000000000,0.000000000000000,0.000000000000000, , ,{9A797217-B23A-4413-A25B-A8D5024748A8},5/08/2025 0:00:00, ,5/08/2025 0:00:00, ,0.000000000000000,Roy Trustee 2022 Ltd,Forest View Contracting
{3999886E-5670-4253-B130-97FF805E5124},471.000000000000000,No,5/11.31,44.000000000000000,1100.000000000000000,Yes,0.000000000000000,0.000000000000000,0.000000000000000,0.000000000000000,0.000000000000000,0.000000000000000,1.000000000000000,0.000000000000000,25/80,0.000000000000000,0.000000000000000,0.000000000000000,0.000000000000000,0.000000000000000,0.000000000000000,0.022727272727300,0.000000000000000, , ,{9A797217-B23A-4413-A25B-A8D5024748A8},5/08/2025 0:00:00, ,5/08/2025 0:00:00, ,3.000000000000000,Roy Trustee 2022 Ltd,Forest View Contracting
{6A230B46-3517-439C-9D26-00FF0BFD1F40},449.000000000000000,No,5/11.31,42.000000000000000,1050.000000000000000,No,0.000000000000000,0.000000000000000,0.000000000000000,0.000000000000000,0.000000000000000,0.000000000000000,0.000000000000000,0.000000000000000,25/80,0.000000000000000,0.000000000000000,0.000000000000000,0.000000000000000,0.000000000000000,0.000000000000000,0.000000000000000,0.000000000000000, , ,{9A797217-B23A-4413-A25B-A8D5024748A8},5/08/2025 0:00:00, ,5/08/2025 0:00:00, ,0.000000000000000,Roy Trustee 2022 Ltd,Forest View Contracting
{941CB67C-A028-4CB8-A3FD-212FF8A612CE},463.000000000000000,No,5/11.31,39.000000000000000,975.000000000000000,No,0.000000000000000,0.000000000000000,0.000000000000000,0.000000000000000,0.000000000000000,0.000000000000000,0.000000000000000,0.000000000000000,25/80,0.000000000000000,0.000000000000000,0.000000000000000,0.000000000000000,0.000000000000000,0.000000000000000,0.000000000000000,0.000000000000000, ,Area quite wet boggy.,{9A797217-B23A-4413-A25B-A8D5024748A8},5/08/2025 0:00:00, ,5/08/2025 0:00:00, ,0.000000000000000,Roy Trustee 2022 Ltd,Forest View Contracting
{A76C25E3-63C1-48FD-9C0B-62E2A8621F31},3393.000000000000000,No,5/11.31,39.000000000000000,975.000000000000000,Yes,0.000000000000000,2.000000000000000,0.000000000000000,0.000000000000000,0.000000000000000,0.000000000000000,0.000000000000000,0.000000000000000,25/90,0.000000000000000,0.000000000000000,0.000000000000000,0.000000000000000,0.000000000000000,0.000000000000000,0.000000000000000,0.000000000000000, , ,{A2F75D5F-9ECC-43AA-9981-6960038A988D},5/08/2025 0:00:00, ,25/09/2025 0:00:00,ScarlettMichelle,2.000000000000000,Roy Trustee 2022 Ltd,Proforest
{8276DD44-0D91-42C2-A9D1-F094230E0193},3391.000000000000000,No,10/11.37,44.000000000000000,1100.000000000000000,Yes,0.000000000000000,4.000000000000000,0.000000000000000,0.000000000000000,0.000000000000000,0.000000000000000,0.000000000000000,0.000000000000000,25/90,0.000000000000000,0.000000000000000,0.000000000000000,0.000000000000000,0.000000000000000,0.000000000000000,0.000000000000000,0.000000000000000, , ,{A2F75D5F-9ECC-43AA-9981-6960038A988D},5/08/2025 0:00:00, ,25/09/2025 0:00:00,ScarlettMichelle,4.000000000000000,Roy Trustee 2022 Ltd,Proforest
{A6F53843-949F-4ED4-A8E9-3ADCCC63F219},3389.000000000000000,No,0/11.31,40.000000000000000,1000.000000000000000,Yes,0.000000000000000,5.000000000000000,0.000000000000000,0.000000000000000,0.000000000000000,0.000000000000000,0.000000000000000,0.000000000000000,25/90,0.000000000000000,0.000000000000000,0.000000000000000,0.000000000000000,0.000000000000000,0.000000000000000,0.000000000000000,0.000000000000000, , ,{A2F75D5F-9ECC-43AA-9981-6960038A988D},5/08/2025 0:00:00, ,25/09/2025 0:00:00,ScarlettMichelle,5.000000000000000,Roy Trustee 2022 Ltd,Proforest
{57E7A312-5EA4-4004-B56C-DF30F4047AD8},3385.000000000000000,No,0/11.31,44.000000000000000,1100.000000000000000,Yes,0.000000000000000,3.000000000000000,0.000000000000000,0.000000000000000,0.000000000000000,0.000000000000000,0.000000000000000,0.000000000000000,25/90,0.000000000000000,0.068181818181800,0.000000000000000,0.000000000000000,0.000000000000000,0.000000000000000,0.000000000000000,0.000000000000000, , ,{A2F75D5F-9ECC-43AA-9981-6960038A988D},5/08/2025 0:00:00, ,5/08/2025 0:00:00, ,3.000000000000000,Roy Trustee 2022 Ltd,Proforest
{8B9E2442-2AED-43AD-9C63-218121D8072C},3383.000000000000000,No,5/11.31,43.000000000000000,1075.000000000000000,Yes,0.000000000000000,2.000000000000000,0.000000000000000,0.000000000000000,0.000000000000000,0.000000000000000,1.000000000000000,0.000000000000000,25/90,0.000000000000000,0.046511627907000,0.000000000000000,0.000000000000000,0.000000000000000,0.000000000000000,0.023255813953500,0.000000000000000, , ,{A2F75D5F-9ECC-43AA-9981-6960038A988D},5/08/2025 0:00:00, ,5/08/2025 0:00:00, ,5.000000000000000,Roy Trustee 2022 Ltd,Proforest
{D504F89B-2FE0-4387-B9C8-516612EBB700},3381.000000000000000,No,15/11.48,38.000000000000000,950.000000000000000,Yes,0.000000000000000,3.000000000000000,0.000000000000000,0.000000000000000,0.000000000000000,0.000000000000000,1.000000000000000,0.000000000000000,25/90,0.000000000000000,0.078947368421100,0.000000000000000,0.000000000000000,0.000000000000000,0.000000000000000,0.026315789473700,0.000000000000000, , ,{A2F75D5F-9ECC-43AA-9981-6960038A988D},5/08/2025 0:00:00, ,5/08/2025 0:00:00, ,6.000000000000000,Roy Trustee 2022 Ltd,Proforest
{8D991D61-E3F0-4F6E-A6BC-78AF04885B13},3375.000000000000000,No,5/11.31,42.000000000000000,1050.000000000000000,Yes,0.000000000000000,2.000000000000000,1.000000000000000,0.000000000000000,0.000000000000000,0.000000000000000,0.000000000000000,0.000000000000000,25/90,0.000000000000000,0.000000000000000,0.000000000000000,0.000000000000000,0.000000000000000,0.000000000000000,0.000000000000000,0.000000000000000, , ,{A2F75D5F-9ECC-43AA-9981-6960038A988D},5/08/2025 0:00:00, ,25/09/2025 0:00:00,ScarlettMichelle,5.000000000000000,Roy Trustee 2022 Ltd,Proforest
{C8117EB4-88E6-44F2-B7A8-F4C137018987},3365.000000000000000,No,5/11.31,33.000000000000000,825.000000000000000,Yes,0.000000000000000,2.000000000000000,0.000000000000000,0.000000000000000,0.000000000000000,1.000000000000000,0.000000000000000,0.000000000000000,25/90,0.000000000000000,0.060606060606100,0.000000000000000,0.000000000000000,0.000000000000000,0.030303030303000,0.000000000000000,0.000000000000000,Yes, ,{A2F75D5F-9ECC-43AA-9981-6960038A988D},5/08/2025 0:00:00, ,5/08/2025 0:00:00, ,5.000000000000000,Roy Trustee 2022 Ltd,Proforest
{1D406933-02B2-4518-9C4D-A5EF5A4C3F8E},3355.000000000000000,No,5/11.31,36.000000000000000,900.000000000000000,Yes,0.000000000000000,3.000000000000000,0.000000000000000,0.000000000000000,0.000000000000000,0.000000000000000,0.000000000000000,0.000000000000000,25/90,0.000000000000000,0.083333333333300,0.000000000000000,0.000000000000000,0.000000000000000,0.000000000000000,0.000000000000000,0.000000000000000, , ,{A2F75D5F-9ECC-43AA-9981-6960038A988D},5/08/2025 0:00:00, ,5/08/2025 0:00:00, ,3.000000000000000,Roy Trustee 2022 Ltd,Proforest
{0E363213-7B99-4E51-99C8-A188D8476F19},3357.000000000000000,No,10/11.37,39.000000000000000,975.000000000000000,Yes,0.000000000000000,3.000000000000000,0.000000000000000,0.000000000000000,0.000000000000000,0.000000000000000,1.000000000000000,0.000000000000000,25/90,0.000000000000000,0.076923076923100,0.000000000000000,0.000000000000000,0.000000000000000,0.000000000000000,0.025641025641000,0.000000000000000, , ,{A2F75D5F-9ECC-43AA-9981-6960038A988D},5/08/2025 0:00:00, ,5/08/2025 0:00:00, ,6.000000000000000,Roy Trustee 2022 Ltd,Proforest
{97E3C5BB-D482-4470-A34D-51C03BFFA3BF},2329.000000000000000,No,20/11.64,31.000000000000000,775.000000000000000,Yes,0.000000000000000,1.000000000000000,0.000000000000000,0.000000000000000,0.000000000000000,0.000000000000000,1.000000000000000,0.000000000000000,25/30,0.000000000000000,0.032258064516100,0.000000000000000,0.000000000000000,0.000000000000000,0.000000000000000,0.032258064516100,0.000000000000000,Yes,Plot land between 2 small waterways and area is heavy with scrub all available ground is planted and no rework is required,{86845E30-D28C-4291-B8DB-805005E4BFB0},6/08/2025 0:00:00, ,6/08/2025 0:00:00, ,4.000000000000000,Roy Trustee 2022 Ltd,Johnson Forestry Services
{0C2BB7C4-15BC-4018-BAA9-BA08C88080A9},2313.000000000000000,No,30/12.13,38.000000000000000,950.000000000000000,Yes,0.000000000000000,0.000000000000000,0.000000000000000,0.000000000000000,0.000000000000000,0.000000000000000,2.000000000000000,0.000000000000000,25/30,0.000000000000000,0.000000000000000,0.000000000000000,0.000000000000000,0.000000000000000,0.000000000000000,0.052631578947400,0.000000000000000, , ,{86845E30-D28C-4291-B8DB-805005E4BFB0},6/08/2025 0:00:00, ,6/08/2025 0:00:00, ,6.000000000000000,Roy Trustee 2022 Ltd,Johnson Forestry Services
{F81E595E-A410-4CF9-BD7A-71498425761D},2291.000000000000000,No,15/11.48,36.000000000000000,900.000000000000000,Yes,0.000000000000000,2.000000000000000,0.000000000000000,0.000000000000000,0.000000000000000,0.000000000000000,1.000000000000000,0.000000000000000,25/30,0.000000000000000,0.055555555555600,0.000000000000000,0.000000000000000,0.000000000000000,0.000000000000000,0.027777777777800,0.000000000000000, , ,{86845E30-D28C-4291-B8DB-805005E4BFB0},6/08/2025 0:00:00, ,6/08/2025 0:00:00, ,5.000000000000000,Roy Trustee 2022 Ltd,Johnson Forestry Services
{155572C9-210A-42C8-93B8-99E9B5C542DA},2275.000000000000000,No,20/11.64,44.000000000000000,1100.000000000000000,Yes,0.000000000000000,2.000000000000000,0.000000000000000,0.000000000000000,0.000000000000000,0.000000000000000,0.000000000000000,0.000000000000000,25/30,0.000000000000000,0.045454545454500,0.000000000000000,0.000000000000000,0.000000000000000,0.000000000000000,0.000000000000000,0.000000000000000, , ,{86845E30-D28C-4291-B8DB-805005E4BFB0},6/08/2025 0:00:00, ,6/08/2025 0:00:00, ,2.000000000000000,Roy Trustee 2022 Ltd,Johnson Forestry Services
{133DA706-7E2D-4387-A4F0-019CCA494227},2293.000000000000000,No,20/11.64,44.000000000000000,1100.000000000000000,Yes,0.000000000000000,0.000000000000000,0.000000000000000,0.000000000000000,0.000000000000000,0.000000000000000,2.000000000000000,0.000000000000000,25/30,0.000000000000000,0.000000000000000,0.000000000000000,0.000000000000000,0.000000000000000,0.000000000000000,0.045454545454500,0.000000000000000, , ,{86845E30-D28C-4291-B8DB-805005E4BFB0},6/08/2025 0:00:00, ,6/08/2025 0:00:00, ,6.000000000000000,Roy Trustee 2022 Ltd,Johnson Forestry Services
{5BCD4629-D067-4608-950D-9881C0340C6D},2315.000000000000000,No,30/12.13,44.000000000000000,1100.000000000000000,Yes,0.000000000000000,0.000000000000000,0.000000000000000,0.000000000000000,0.000000000000000,0.000000000000000,2.000000000000000,0.000000000000000,25/30,0.000000000000000,0.000000000000000,0.000000000000000,0.000000000000000,0.000000000000000,0.000000000000000,0.045454545454500,0.000000000000000, , ,{86845E30-D28C-4291-B8DB-805005E4BFB0},6/08/2025 0:00:00, ,6/08/2025 0:00:00, ,6.000000000000000,Roy Trustee 2022 Ltd,Johnson Forestry Services
{A1E81117-E0CA-4AA5-B36B-83C366511D7A},2335.000000000000000,No,20/11.64,43.000000000000000,1075.000000000000000,Yes,1.000000000000000,0.000000000000000,0.000000000000000,0.000000000000000,0.000000000000000,0.000000000000000,1.000000000000000,0.000000000000000,25/30,0.023255813953500,0.000000000000000,0.000000000000000,0.000000000000000,0.000000000000000,0.000000000000000,0.023255813953500,0.000000000000000, , ,{86845E30-D28C-4291-B8DB-805005E4BFB0},6/08/2025 0:00:00, ,6/08/2025 0:00:00, ,4.000000000000000,Roy Trustee 2022 Ltd,Johnson Forestry Services
{DC2A98BB-CD65-4242-9525-3B35F33105C7},2317.000000000000000,No,5/11.31,44.000000000000000,1100.000000000000000,Yes,0.000000000000000,0.000000000000000,0.000000000000000,0.000000000000000,0.000000000000000,0.000000000000000,1.000000000000000,0.000000000000000,25/30,0.000000000000000,0.000000000000000,0.000000000000000,0.000000000000000,0.000000000000000,0.000000000000000,0.022727272727300,0.000000000000000, ,Plot moved of tracks,{86845E30-D28C-4291-B8DB-805005E4BFB0},6/08/2025 0:00:00, ,6/08/2025 0:00:00, ,3.000000000000000,Roy Trustee 2022 Ltd,Johnson Forestry Services
{2DBDB43E-0D6E-4569-B281-2F2C6695C8FC},2273.000000000000000,No,20/11.64,36.000000000000000,900.000000000000000,Yes,0.000000000000000,0.000000000000000,0.000000000000000,0.000000000000000,0.000000000000000,0.000000000000000,2.000000000000000,0.000000000000000,25/30,0.000000000000000,0.000000000000000,0.000000000000000,0.000000000000000,0.000000000000000,0.000000000000000,0.055555555555600,0.000000000000000, , ,{86845E30-D28C-4291-B8DB-805005E4BFB0},6/08/2025 0:00:00, ,6/08/2025 0:00:00, ,6.000000000000000,Roy Trustee 2022 Ltd,Johnson Forestry Services
{7C929C84-225A-443A-8537-CA2E28A1DED8},4065.000000000000000,No,5/11.31,40.000000000000000,1000.000000000000000,No,0.000000000000000,0.000000000000000,0.000000000000000,0.000000000000000,0.000000000000000,0.000000000000000,0.000000000000000,0.000000000000000,25/96,0.000000000000000,0.000000000000000,0.000000000000000,0.000000000000000,0.000000000000000,0.000000000000000,0.000000000000000,0.000000000000000, , ,{4AB3A909-DCA3-435C-A9E7-8278A6F7B051},6/08/2025 0:00:00, ,6/08/2025 0:00:00, ,0.000000000000000,Roy Trustee 2022 Ltd,Forest View Contracting
{1AAA3CF6-6243-4C67-8AC0-36C98D2A7F7F},4039.000000000000000,No,15/11.48,39.000000000000000,975.000000000000000,No,0.000000000000000,0.000000000000000,0.000000000000000,0.000000000000000,0.000000000000000,0.000000000000000,0.000000000000000,0.000000000000000,25/96,0.000000000000000,0.000000000000000,0.000000000000000,0.000000000000000,0.000000000000000,0.000000000000000,0.000000000000000,0.000000000000000, , ,{4AB3A909-DCA3-435C-A9E7-8278A6F7B051},6/08/2025 0:00:00, ,6/08/2025 0:00:00, ,0.000000000000000,Roy Trustee 2022 Ltd,Forest View Contracting
{7E607BEE-C572-425B-84FE-92757B0FDA82},4051.000000000000000,No,5/11.31,38.000000000000000,950.000000000000000,No,0.000000000000000,0.000000000000000,0.000000000000000,0.000000000000000,0.000000000000000,0.000000000000000,0.000000000000000,0.000000000000000,25/96,0.000000000000000,0.000000000000000,0.000000000000000,0.000000000000000,0.000000000000000,0.000000000000000,0.000000000000000,0.000000000000000, , ,{4AB3A909-DCA3-435C-A9E7-8278A6F7B051},6/08/2025 0:00:00, ,6/08/2025 0:00:00, ,0.000000000000000,Roy Trustee 2022 Ltd,Forest View Contracting
{F07A086B-7ACD-4EFC-8E74-8C48B813B961},4049.000000000000000,No,5/11.31,44.000000000000000,1100.000000000000000,No,0.000000000000000,0.000000000000000,0.000000000000000,0.000000000000000,0.000000000000000,0.000000000000000,0.000000000000000,0.000000000000000,25/96,0.000000000000000,0.000000000000000,0.000000000000000,0.000000000000000,0.000000000000000,0.000000000000000,0.000000000000000,0.000000000000000, , ,{4AB3A909-DCA3-435C-A9E7-8278A6F7B051},6/08/2025 0:00:00, ,6/08/2025 0:00:00, ,0.000000000000000,Roy Trustee 2022 Ltd,Forest View Contracting
{51A048F5-1713-478C-BE5E-30CAA453926F},4035.000000000000000,No,20/11.64,43.000000000000000,1075.000000000000000,No,0.000000000000000,0.000000000000000,0.000000000000000,0.000000000000000,0.000000000000000,0.000000000000000,0.000000000000000,0.000000000000000,25/96,0.000000000000000,0.000000000000000,0.000000000000000,0.000000000000000,0.000000000000000,0.000000000000000,0.000000000000000,0.000000000000000, , ,{4AB3A909-DCA3-435C-A9E7-8278A6F7B051},6/08/2025 0:00:00, ,6/08/2025 0:00:00, ,0.000000000000000,Roy Trustee 2022 Ltd,Forest View Contracting
{BC169AF0-D4F0-4387-A320-7983258EA2F6},4027.000000000000000,No,10/11.37,39.000000000000000,975.000000000000000,No,0.000000000000000,0.000000000000000,0.000000000000000,0.000000000000000,0.000000000000000,0.000000000000000,0.000000000000000,0.000000000000000,25/96,0.000000000000000,0.000000000000000,0.000000000000000,0.000000000000000,0.000000000000000,0.000000000000000,0.000000000000000,0.000000000000000, , ,{4AB3A909-DCA3-435C-A9E7-8278A6F7B051},6/08/2025 0:00:00, ,6/08/2025 0:00:00, ,0.000000000000000,Roy Trustee 2022 Ltd,Forest View Contracting
{34E80F7D-66F7-485F-9BE0-E58D419B03E7},4037.000000000000000,No,5/11.31,38.000000000000000,950.000000000000000,No,0.000000000000000,0.000000000000000,0.000000000000000,0.000000000000000,0.000000000000000,0.000000000000000,0.000000000000000,0.000000000000000,25/96,0.000000000000000,0.000000000000000,0.000000000000000,0.000000000000000,0.000000000000000,0.000000000000000,0.000000000000000,0.000000000000000, , ,{16F29E55-0B3F-4F9E-BAAB-C6AC9D1B1EB6},6/08/2025 0:00:00, ,25/09/2025 0:00:00,ScarlettMichelle,0.000000000000000,Roy Trustee 2022 Ltd,Forest View Contracting
{75E10EAA-F39B-49B5-9F00-8B6E7E72B521},3363.000000000000000,No,10/11.37,43.000000000000000,1075.000000000000000,Yes,0.000000000000000,3.000000000000000,1.000000000000000,0.000000000000000,0.000000000000000,0.000000000000000,0.000000000000000,0.000000000000000,25/90,0.000000000000000,0.069767441860500,0.023255813953500,0.000000000000000,0.000000000000000,0.000000000000000,0.000000000000000,0.000000000000000, , ,{0BB2006B-74AC-42BC-9BB6-200F436C7E9E},6/08/2025 0:00:00, ,6/08/2025 0:00:00, ,6.000000000000000,Roy Trustee 2022 Ltd,Proforest
{323C004B-D21B-4987-B918-32CE3F653B0F},3373.000000000000000,No,10/11.37,45.000000000000000,1125.000000000000000,Yes,0.000000000000000,3.000000000000000,0.000000000000000,0.000000000000000,0.000000000000000,0.000000000000000,0.000000000000000,1.000000000000000,25/90,0.000000000000000,0.000000000000000,0.000000000000000,0.000000000000000,0.000000000000000,0.000000000000000,0.000000000000000,0.000000000000000, , ,{0BB2006B-74AC-42BC-9BB6-200F436C7E9E},6/08/2025 0:00:00, ,25/09/2025 0:00:00,ScarlettMichelle,6.000000000000000,Roy Trustee 2022 Ltd,Proforest
{C3E3DFA4-537B-4012-8433-A3526433B200},3361.000000000000000,No,10/11.37,40.000000000000000,1000.000000000000000,Yes,0.000000000000000,2.000000000000000,1.000000000000000,0.000000000000000,0.000000000000000,0.000000000000000,0.000000000000000,0.000000000000000,25/90,0.000000000000000,0.000000000000000,0.000000000000000,0.000000000000000,0.000000000000000,0.000000000000000,0.000000000000000,0.000000000000000, , ,{0BB2006B-74AC-42BC-9BB6-200F436C7E9E},6/08/2025 0:00:00, ,25/09/2025 0:00:00,ScarlettMichelle,5.000000000000000,Roy Trustee 2022 Ltd,Proforest
{0EFE94AA-77B7-4784-B952-790BBE6C71D2},4237.000000000000000,No,10/11.37,43.000000000000000,1075.000000000000000,Yes,0.000000000000000,2.000000000000000,1.000000000000000,0.000000000000000,0.000000000000000,0.000000000000000,0.000000000000000,0.000000000000000,25/90,0.000000000000000,0.046511627907000,0.023255813953500,0.000000000000000,0.000000000000000,0.000000000000000,0.000000000000000,0.000000000000000, , ,{0BB2006B-74AC-42BC-9BB6-200F436C7E9E},6/08/2025 0:00:00, ,6/08/2025 0:00:00, ,5.000000000000000,Roy Trustee 2022 Ltd,Proforest
{3F2148E3-7E15-4FCD-AD3C-30984424FC3E},4197.000000000000000,No,10/11.37,44.000000000000000,1100.000000000000000,Yes,0.000000000000000,3.000000000000000,1.000000000000000,0.000000000000000,0.000000000000000,0.000000000000000,0.000000000000000,0.000000000000000,25/90,0.000000000000000,0.068181818181800,0.022727272727300,0.000000000000000,0.000000000000000,0.000000000000000,0.000000000000000,0.000000000000000, , ,{0BB2006B-74AC-42BC-9BB6-200F436C7E9E},6/08/2025 0:00:00, ,6/08/2025 0:00:00, ,6.000000000000000,Roy Trustee 2022 Ltd,Proforest
{2606E79D-202A-418A-838D-897D4C96723E},4211.000000000000000,No,5/11.31,41.000000000000000,1025.000000000000000,Yes,2.000000000000000,3.000000000000000,0.000000000000000,0.000000000000000,0.000000000000000,0.000000000000000,0.000000000000000,0.000000000000000,25/90,0.048780487804900,0.073170731707300,0.000000000000000,0.000000000000000,0.000000000000000,0.000000000000000,0.000000000000000,0.000000000000000, , ,{0BB2006B-74AC-42BC-9BB6-200F436C7E9E},6/08/2025 0:00:00, ,6/08/2025 0:00:00, ,5.000000000000000,Roy Trustee 2022 Ltd,Proforest
{AAB82AD7-6115-4AD3-A72F-CDF8EF70CBBB},4235.000000000000000,No,15/11.48,43.000000000000000,1075.000000000000000,Yes,0.000000000000000,2.000000000000000,0.000000000000000,0.000000000000000,0.000000000000000,0.000000000000000,0.000000000000000,0.000000000000000,25/90,0.000000000000000,0.000000000000000,0.000000000000000,0.000000000000000,0.000000000000000,0.000000000000000,0.000000000000000,0.000000000000000, , ,{0BB2006B-74AC-42BC-9BB6-200F436C7E9E},6/08/2025 0:00:00, ,25/09/2025 0:00:00,ScarlettMichelle,2.000000000000000,Roy Trustee 2022 Ltd,Proforest
{B2C25BC7-A7A2-4893-A50A-E3D219A1FF69},4221.000000000000000,No,25/11.85,40.000000000000000,1000.000000000000000,Yes,1.000000000000000,2.000000000000000,0.000000000000000,0.000000000000000,0.000000000000000,0.000000000000000,1.000000000000000,0.000000000000000,25/90,0.025000000000000,0.050000000000000,0.000000000000000,0.000000000000000,0.000000000000000,0.000000000000000,0.025000000000000,0.000000000000000, , ,{0BB2006B-74AC-42BC-9BB6-200F436C7E9E},6/08/2025 0:00:00, ,6/08/2025 0:00:00, ,6.000000000000000,Roy Trustee 2022 Ltd,Proforest
{2D7F70C2-A110-4C39-BE07-8A7B41018661},3971.000000000000000,No,5/11.31,42.000000000000000,1050.000000000000000,No,0.000000000000000,0.000000000000000,0.000000000000000,0.000000000000000,0.000000000000000,0.000000000000000,0.000000000000000,0.000000000000000,25/96,0.000000000000000,0.000000000000000,0.000000000000000,0.000000000000000,0.000000000000000,0.000000000000000,0.000000000000000,0.000000000000000, , ,{CEBF44E5-645F-4235-96BF-C46A2BE2CB4B},7/08/2025 0:00:00, ,7/08/2025 0:00:00, ,0.000000000000000,Roy Trustee 2022 Ltd,Forest View Contracting
{7CBBFA5A-0960-49C2-A369-E083EB57BE7D},3961.000000000000000,No,10/11.37,41.000000000000000,1025.000000000000000,No,0.000000000000000,0.000000000000000,0.000000000000000,0.000000000000000,0.000000000000000,0.000000000000000,0.000000000000000,0.000000000000000,25/96,0.000000000000000,0.000000000000000,0.000000000000000,0.000000000000000,0.000000000000000,0.000000000000000,0.000000000000000,0.000000000000000, , ,{CEBF44E5-645F-4235-96BF-C46A2BE2CB4B},7/08/2025 0:00:00, ,7/08/2025 0:00:00, ,0.000000000000000,Roy Trustee 2022 Ltd,Forest View Contracting
{F376D7B3-9C6A-44A7-932F-6A6B940E290C},4007.000000000000000,No,5/11.31,41.000000000000000,1025.000000000000000,No,0.000000000000000,0.000000000000000,0.000000000000000,0.000000000000000,0.000000000000000,0.000000000000000,0.000000000000000,0.000000000000000,25/96,0.000000000000000,0.000000000000000,0.000000000000000,0.000000000000000,0.000000000000000,0.000000000000000,0.000000000000000,0.000000000000000, , ,{CEBF44E5-645F-4235-96BF-C46A2BE2CB4B},7/08/2025 0:00:00, ,7/08/2025 0:00:00, ,0.000000000000000,Roy Trustee 2022 Ltd,Forest View Contracting
{0EA3C70D-2EA2-4C46-BD0D-E408B2202793},4009.000000000000000,No,5/11.31,44.000000000000000,1100.000000000000000,Yes,0.000000000000000,1.000000000000000,0.000000000000000,0.000000000000000,0.000000000000000,0.000000000000000,0.000000000000000,0.000000000000000,25/96,0.000000000000000,0.022727272727300,0.000000000000000,0.000000000000000,0.000000000000000,0.000000000000000,0.000000000000000,0.000000000000000, , ,{CEBF44E5-645F-4235-96BF-C46A2BE2CB4B},7/08/2025 0:00:00, ,7/08/2025 0:00:00, ,1.000000000000000,Roy Trustee 2022 Ltd,Forest View Contracting
{E5CDFEA4-6DDD-4460-A544-E94317286DD5},3989.000000000000000,No,10/11.37,43.000000000000000,1075.000000000000000,Yes,0.000000000000000,0.000000000000000,0.000000000000000,0.000000000000000,0.000000000000000,0.000000000000000,1.000000000000000,0.000000000000000,25/96,0.000000000000000,0.000000000000000,0.000000000000000,0.000000000000000,0.000000000000000,0.000000000000000,0.023255813953500,0.000000000000000, , ,{CEBF44E5-645F-4235-96BF-C46A2BE2CB4B},7/08/2025 0:00:00, ,7/08/2025 0:00:00, ,3.000000000000000,Roy Trustee 2022 Ltd,Forest View Contracting
{061D9186-B5F1-4CBB-AB36-6A865F79728B},4415.000000000000000,No,10/11.37,36.000000000000000,900.000000000000000,No,0.000000000000000,0.000000000000000,0.000000000000000,0.000000000000000,0.000000000000000,0.000000000000000,0.000000000000000,0.000000000000000,25/96,0.000000000000000,0.000000000000000,0.000000000000000,0.000000000000000,0.000000000000000,0.000000000000000,0.000000000000000,0.000000000000000, , ,{8EFF2363-FCB0-45F0-B674-E9B1425E6E2F},7/08/2025 0:00:00, ,7/08/2025 0:00:00, ,0.000000000000000,Roy Trustee 2022 Ltd,Johnson Forestry Services
{82854DC2-79F8-4643-A0E1-EC0E73324A34},4413.000000000000000,No,10/11.37,38.000000000000000,950.000000000000000,Yes,0.000000000000000,0.000000000000000,0.000000000000000,0.000000000000000,0.000000000000000,0.000000000000000,2.000000000000000,0.000000000000000,25/96,0.000000000000000,0.000000000000000,0.000000000000000,0.000000000000000,0.000000000000000,0.000000000000000,0.052631578947400,0.000000000000000, , ,{8EFF2363-FCB0-45F0-B674-E9B1425E6E2F},7/08/2025 0:00:00, ,7/08/2025 0:00:00, ,6.000000000000000,Roy Trustee 2022 Ltd,Johnson Forestry Services
{8DC4FD43-BA66-42C6-964D-54757BA039EF},4409.000000000000000,No,15/11.48,42.000000000000000,1050.000000000000000,Yes,0.000000000000000,0.000000000000000,0.000000000000000,0.000000000000000,0.000000000000000,0.000000000000000,2.000000000000000,0.000000000000000,25/96,0.000000000000000,0.000000000000000,0.000000000000000,0.000000000000000,0.000000000000000,0.000000000000000,0.047619047619000,0.000000000000000, , ,{8EFF2363-FCB0-45F0-B674-E9B1425E6E2F},7/08/2025 0:00:00, ,7/08/2025 0:00:00, ,6.000000000000000,Roy Trustee 2022 Ltd,Johnson Forestry Services
{BD79A283-F410-4CF6-8725-AC2EB961ADBD},4407.000000000000000,No,5/11.31,38.000000000000000,950.000000000000000,Yes,0.000000000000000,0.000000000000000,0.000000000000000,0.000000000000000,0.000000000000000,0.000000000000000,1.000000000000000,0.000000000000000,25/96,0.000000000000000,0.000000000000000,0.000000000000000,0.000000000000000,0.000000000000000,0.000000000000000,0.026315789473700,0.000000000000000, , ,{8EFF2363-FCB0-45F0-B674-E9B1425E6E2F},7/08/2025 0:00:00, ,7/08/2025 0:00:00, ,3.000000000000000,Roy Trustee 2022 Ltd,Johnson Forestry Services
{0EB90FB4-FE14-4271-894A-6493587B3B65},4405.000000000000000,No,15/11.48,39.000000000000000,975.000000000000000,Yes,0.000000000000000,0.000000000000000,0.000000000000000,0.000000000000000,0.000000000000000,0.000000000000000,2.000000000000000,0.000000000000000,25/96,0.000000000000000,0.000000000000000,0.000000000000000,0.000000000000000,0.000000000000000,0.000000000000000,0.051282051282100,0.000000000000000, , ,{8EFF2363-FCB0-45F0-B674-E9B1425E6E2F},7/08/2025 0:00:00, ,7/08/2025 0:00:00, ,6.000000000000000,Roy Trustee 2022 Ltd,Johnson Forestry Services
{2295E714-B21C-44E3-A497-57C9E8C27203},4447.000000000000000,No,5/11.31,37.000000000000000,925.000000000000000,Yes,0.000000000000000,0.000000000000000,0.000000000000000,0.000000000000000,0.000000000000000,0.000000000000000,1.000000000000000,0.000000000000000,25/96,0.000000000000000,0.000000000000000,0.000000000000000,0.000000000000000,0.000000000000000,0.000000000000000,0.027027027027000,0.000000000000000, , ,{8EFF2363-FCB0-45F0-B674-E9B1425E6E2F},7/08/2025 0:00:00, ,7/08/2025 0:00:00, ,3.000000000000000,Roy Trustee 2022 Ltd,Johnson Forestry Services
{9172F608-E47B-43D5-824E-0332F65A4F6E},4417.000000000000000,No,20/11.64,39.000000000000000,975.000000000000000,Yes,0.000000000000000,2.000000000000000,0.000000000000000,0.000000000000000,0.000000000000000,0.000000000000000,1.000000000000000,0.000000000000000,25/96,0.000000000000000,0.051282051282100,0.000000000000000,0.000000000000000,0.000000000000000,0.000000000000000,0.025641025641000,0.000000000000000, , ,{8EFF2363-FCB0-45F0-B674-E9B1425E6E2F},7/08/2025 0:00:00, ,7/08/2025 0:00:00, ,5.000000000000000,Roy Trustee 2022 Ltd,Johnson Forestry Services
{8F80CB0C-3057-40EE-98DC-54856098C512},4489.000000000000000,No,15/11.48,37.000000000000000,925.000000000000000,Yes,1.000000000000000,0.000000000000000,0.000000000000000,0.000000000000000,0.000000000000000,0.000000000000000,1.000000000000000,0.000000000000000,25/96,0.027027027027000,0.000000000000000,0.000000000000000,0.000000000000000,0.000000000000000,0.000000000000000,0.027027027027000,0.000000000000000, , ,{8EFF2363-FCB0-45F0-B674-E9B1425E6E2F},7/08/2025 0:00:00, ,7/08/2025 0:00:00, ,4.000000000000000,Roy Trustee 2022 Ltd,Johnson Forestry Services
{EEDE6196-2B72-4A6C-AA3B-CD48D0562513},4435.000000000000000,No,15/11.48,40.000000000000000,1000.000000000000000,Yes,0.000000000000000,0.000000000000000,0.000000000000000,0.000000000000000,0.000000000000000,0.000000000000000,2.000000000000000,0.000000000000000,25/96,0.000000000000000,0.000000000000000,0.000000000000000,0.000000000000000,0.000000000000000,0.000000000000000,0.050000000000000,0.000000000000000, , ,{8EFF2363-FCB0-45F0-B674-E9B1425E6E2F},7/08/2025 0:00:00, ,7/08/2025 0:00:00, ,6.000000000000000,Roy Trustee 2022 Ltd,Johnson Forestry Services
{0F5A8E89-6447-4FD7-A908-E12897F3F337},4475.000000000000000,No,5/11.31,36.000000000000000,900.000000000000000,Yes,0.000000000000000,0.000000000000000,0.000000000000000,0.000000000000000,0.000000000000000,0.000000000000000,2.000000000000000,0.000000000000000,25/96,0.000000000000000,0.000000000000000,0.000000000000000,0.000000000000000,0.000000000000000,0.000000000000000,0.055555555555600,0.000000000000000, , ,{8EFF2363-FCB0-45F0-B674-E9B1425E6E2F},7/08/2025 0:00:00, ,7/08/2025 0:00:00, ,6.000000000000000,Roy Trustee 2022 Ltd,Johnson Forestry Services
{9043CF68-02BE-4F7D-B834-5DCFD543432A},4411.000000000000000,No,15/11.48,40.000000000000000,1000.000000000000000,No,0.000000000000000,0.000000000000000,0.000000000000000,0.000000000000000,0.000000000000000,0.000000000000000,0.000000000000000,0.000000000000000,25/96,0.000000000000000,0.000000000000000,0.000000000000000,0.000000000000000,0.000000000000000,0.000000000000000,0.000000000000000,0.000000000000000, , ,{8EFF2363-FCB0-45F0-B674-E9B1425E6E2F},7/08/2025 0:00:00, ,7/08/2025 0:00:00, ,0.000000000000000,Roy Trustee 2022 Ltd,Johnson Forestry Services
{5277D24C-88D9-4E18-B108-E576EC9F92B9},4419.000000000000000,No,20/11.64,43.000000000000000,1075.000000000000000,No,0.000000000000000,0.000000000000000,0.000000000000000,0.000000000000000,0.000000000000000,0.000000000000000,0.000000000000000,0.000000000000000,25/96,0.000000000000000,0.000000000000000,0.000000000000000,0.000000000000000,0.000000000000000,0.000000000000000,0.000000000000000,0.000000000000000, , ,{8EFF2363-FCB0-45F0-B674-E9B1425E6E2F},7/08/2025 0:00:00, ,7/08/2025 0:00:00, ,0.000000000000000,Roy Trustee 2022 Ltd,Johnson Forestry Services
{5FF3291F-4098-46FB-95A4-8C002826C426},4425.000000000000000,No,10/11.37,42.000000000000000,1050.000000000000000,Yes,0.000000000000000,2.000000000000000,0.000000000000000,0.000000000000000,0.000000000000000,0.000000000000000,0.000000000000000,0.000000000000000,25/96,0.000000000000000,0.047619047619000,0.000000000000000,0.000000000000000,0.000000000000000,0.000000000000000,0.000000000000000,0.000000000000000, , ,{8EFF2363-FCB0-45F0-B674-E9B1425E6E2F},7/08/2025 0:00:00, ,7/08/2025 0:00:00, ,2.000000000000000,Roy Trustee 2022 Ltd,Johnson Forestry Services
{09894D56-9551-49D0-A446-073FDA1DD291},4463.000000000000000,No,15/11.48,40.000000000000000,1000.000000000000000,Yes,0.000000000000000,3.000000000000000,0.000000000000000,0.000000000000000,0.000000000000000,0.000000000000000,1.000000000000000,0.000000000000000,25/96,0.000000000000000,0.075000000000000,0.000000000000000,0.000000000000000,0.000000000000000,0.000000000000000,0.025000000000000,0.000000000000000, , ,{8EFF2363-FCB0-45F0-B674-E9B1425E6E2F},7/08/2025 0:00:00, ,7/08/2025 0:00:00, ,6.000000000000000,Roy Trustee 2022 Ltd,Johnson Forestry Services
{61CAE0F0-6A0A-4E16-A0D7-32C022150D8A},4473.000000000000000,No,10/11.37,38.000000000000000,950.000000000000000,No,0.000000000000000,0.000000000000000,0.000000000000000,0.000000000000000,0.000000000000000,0.000000000000000,0.000000000000000,0.000000000000000,25/96,0.000000000000000,0.000000000000000,0.000000000000000,0.000000000000000,0.000000000000000,0.000000000000000,0.000000000000000,0.000000000000000, , ,{8EFF2363-FCB0-45F0-B674-E9B1425E6E2F},7/08/2025 0:00:00, ,7/08/2025 0:00:00, ,0.000000000000000,Roy Trustee 2022 Ltd,Johnson Forestry Services
{CB977418-2C15-45E8-A996-F98A8F13C1A4},4159.000000000000000,No,0/11.31,44.000000000000000,1100.000000000000000,Yes,0.000000000000000,3.000000000000000,0.000000000000000,0.000000000000000,0.000000000000000,0.000000000000000,1.000000000000000,0.000000000000000,25/90,0.000000000000000,0.068181818181800,0.000000000000000,0.000000000000000,0.000000000000000,0.000000000000000,0.022727272727300,0.000000000000000, , ,{71B392A2-1DF9-46B5-A024-EA89C7139113},8/08/2025 0:00:00, ,25/09/2025 0:00:00,ScarlettMichelle,6.000000000000000,Roy Trustee 2022 Ltd,Proforest
{17275A12-7476-4486-A4D3-088DB092650B},4167.000000000000000,No,5/11.31,43.000000000000000,1075.000000000000000,Yes,0.000000000000000,2.000000000000000,1.000000000000000,0.000000000000000,0.000000000000000,0.000000000000000,0.000000000000000,0.000000000000000,25/90,0.000000000000000,0.046511627907000,0.023255813953500,0.000000000000000,0.000000000000000,0.000000000000000,0.000000000000000,0.000000000000000, , ,{71B392A2-1DF9-46B5-A024-EA89C7139113},8/08/2025 0:00:00, ,8/08/2025 0:00:00, ,5.000000000000000,Roy Trustee 2022 Ltd,Proforest
{3913B0D1-F97C-4769-BF8C-0359C11DBD97},4175.000000000000000,No,5/11.31,41.000000000000000,1025.000000000000000,Yes,0.000000000000000,3.000000000000000,1.000000000000000,0.000000000000000,0.000000000000000,0.000000000000000,0.000000000000000,0.000000000000000,25/90,0.000000000000000,0.073170731707300,0.024390243902400,0.000000000000000,0.000000000000000,0.000000000000000,0.000000000000000,0.000000000000000, , ,{71B392A2-1DF9-46B5-A024-EA89C7139113},8/08/2025 0:00:00, ,8/08/2025 0:00:00, ,6.000000000000000,Roy Trustee 2022 Ltd,Proforest
{0D349022-15BE-4850-9A58-8C132807EF3C},4213.000000000000000,No,15/11.48,40.000000000000000,1000.000000000000000,Yes,0.000000000000000,2.000000000000000,0.000000000000000,0.000000000000000,0.000000000000000,1.000000000000000,0.000000000000000,0.000000000000000,25/90,0.000000000000000,0.050000000000000,0.000000000000000,0.000000000000000,0.000000000000000,0.025000000000000,0.000000000000000,0.000000000000000, , ,{71B392A2-1DF9-46B5-A024-EA89C7139113},8/08/2025 0:00:00, ,8/08/2025 0:00:00, ,5.000000000000000,Roy Trustee 2022 Ltd,Proforest
{C4A3B4BF-177A-4EC9-9898-80A99A5FF96C},4199.000000000000000,No,5/11.31,42.000000000000000,1050.000000000000000,Yes,0.000000000000000,2.000000000000000,1.000000000000000,1.000000000000000,0.000000000000000,0.000000000000000,0.000000000000000,0.000000000000000,25/90,0.000000000000000,0.047619047619000,0.023809523809500,0.023809523809500,0.000000000000000,0.000000000000000,0.000000000000000,0.000000000000000, , ,{71B392A2-1DF9-46B5-A024-EA89C7139113},8/08/2025 0:00:00, ,8/08/2025 0:00:00, ,6.000000000000000,Roy Trustee 2022 Ltd,Proforest
{6CA9ED87-58F8-41EB-8A2A-9C92107C8DFA},4153.000000000000000,No,5/11.31,41.000000000000000,1025.000000000000000,Yes,2.000000000000000,3.000000000000000,0.000000000000000,0.000000000000000,0.000000000000000,0.000000000000000,0.000000000000000,0.000000000000000,25/90,0.048780487804900,0.073170731707300,0.000000000000000,0.000000000000000,0.000000000000000,0.000000000000000,0.000000000000000,0.000000000000000, , ,{71B392A2-1DF9-46B5-A024-EA89C7139113},8/08/2025 0:00:00, ,8/08/2025 0:00:00, ,5.000000000000000,Roy Trustee 2022 Ltd,Proforest
{1408044A-9FFD-40C7-BC81-EAF3C0700E83},4161.000000000000000,No,0/11.31,39.000000000000000,975.000000000000000,Yes,1.000000000000000,2.000000000000000,0.000000000000000,0.000000000000000,0.000000000000000,0.000000000000000,1.000000000000000,0.000000000000000,25/90,0.025641025641000,0.051282051282100,0.000000000000000,0.000000000000000,0.000000000000000,0.000000000000000,0.025641025641000,0.000000000000000, , ,{71B392A2-1DF9-46B5-A024-EA89C7139113},8/08/2025 0:00:00, ,8/08/2025 0:00:00, ,6.000000000000000,Roy Trustee 2022 Ltd,Proforest
{0F385E84-8763-4E71-9C65-68C06D2CCBF5},4171.000000000000000,No,5/11.31,43.000000000000000,1075.000000000000000,Yes,0.000000000000000,3.000000000000000,1.000000000000000,0.000000000000000,0.000000000000000,0.000000000000000,0.000000000000000,0.000000000000000,25/90,0.000000000000000,0.069767441860500,0.023255813953500,0.000000000000000,0.000000000000000,0.000000000000000,0.000000000000000,0.000000000000000, , ,{71B392A2-1DF9-46B5-A024-EA89C7139113},8/08/2025 0:00:00, ,8/08/2025 0:00:00, ,6.000000000000000,Roy Trustee 2022 Ltd,Proforest
{52D462F3-3CB2-4098-91F9-21D00C0DF88B},4183.000000000000000,No,5/11.31,44.000000000000000,1100.000000000000000,Yes,1.000000000000000,2.000000000000000,0.000000000000000,0.000000000000000,0.000000000000000,0.000000000000000,0.000000000000000,1.000000000000000,25/90,0.000000000000000,0.000000000000000,0.000000000000000,0.000000000000000,0.000000000000000,0.000000000000000,0.000000000000000,0.000000000000000, , ,{71B392A2-1DF9-46B5-A024-EA89C7139113},8/08/2025 0:00:00, ,25/09/2025 0:00:00,ScarlettMichelle,6.000000000000000,Roy Trustee 2022 Ltd,Proforest
{1C7D1EDE-D713-436D-AEDA-35548DC5218F},4195.000000000000000,No,10/11.37,40.000000000000000,1000.000000000000000,Yes,1.000000000000000,2.000000000000000,1.000000000000000,0.000000000000000,0.000000000000000,0.000000000000000,0.000000000000000,0.000000000000000,25/90,0.000000000000000,0.000000000000000,0.000000000000000,0.000000000000000,0.000000000000000,0.000000000000000,0.000000000000000,0.000000000000000, , ,{71B392A2-1DF9-46B5-A024-EA89C7139113},8/08/2025 0:00:00, ,25/09/2025 0:00:00,ScarlettMichelle,6.000000000000000,Roy Trustee 2022 Ltd,Proforest
{74DB6D2B-5212-4B18-A4A9-F459101F2581},4181.000000000000000,No,5/11.31,43.000000000000000,1075.000000000000000,Yes,0.000000000000000,3.000000000000000,0.000000000000000,0.000000000000000,0.000000000000000,1.000000000000000,0.000000000000000,0.000000000000000,25/90,0.000000000000000,0.000000000000000,0.000000000000000,0.000000000000000,0.000000000000000,0.000000000000000,0.000000000000000,0.000000000000000, , ,{71B392A2-1DF9-46B5-A024-EA89C7139113},8/08/2025 0:00:00, ,25/09/2025 0:00:00,ScarlettMichelle,6.000000000000000,Roy Trustee 2022 Ltd,Proforest
{41AE6911-2AC7-4D17-82C0-B0010385CE32},4169.000000000000000,No,10/11.37,42.000000000000000,1050.000000000000000,Yes,1.000000000000000,2.000000000000000,0.000000000000000,0.000000000000000,0.000000000000000,0.000000000000000,1.000000000000000,0.000000000000000,25/90,0.023809523809500,0.047619047619000,0.000000000000000,0.000000000000000,0.000000000000000,0.000000000000000,0.023809523809500,0.000000000000000, , ,{71B392A2-1DF9-46B5-A024-EA89C7139113},8/08/2025 0:00:00, ,8/08/2025 0:00:00, ,6.000000000000000,Roy Trustee 2022 Ltd,Proforest
{7DDCE401-0D4E-4F05-B7EA-0C50895C22B7},4507.000000000000000,No,15/11.48,38.000000000000000,950.000000000000000,No,0.000000000000000,0.000000000000000,0.000000000000000,0.000000000000000,0.000000000000000,0.000000000000000,0.000000000000000,0.000000000000000,25/96,0.000000000000000,0.000000000000000,0.000000000000000,0.000000000000000,0.000000000000000,0.000000000000000,0.000000000000000,0.000000000000000, , ,{DAB18282-C55F-46EC-8CB3-116F85518B69},8/08/2025 0:00:00, ,8/08/2025 0:00:00, ,0.000000000000000,Roy Trustee 2022 Ltd,Johnson Forestry Services
{1FB356CF-5B76-438D-AD3A-C37BC91F2F77},4529.000000000000000,No,10/11.37,39.000000000000000,975.000000000000000,No,0.000000000000000,0.000000000000000,0.000000000000000,0.000000000000000,0.000000000000000,0.000000000000000,0.000000000000000,0.000000000000000,25/96,0.000000000000000,0.000000000000000,0.000000000000000,0.000000000000000,0.000000000000000,0.000000000000000,0.000000000000000,0.000000000000000, , ,{DAB18282-C55F-46EC-8CB3-116F85518B69},8/08/2025 0:00:00, ,8/08/2025 0:00:00, ,0.000000000000000,Roy Trustee 2022 Ltd,Johnson Forestry Services
{E2DB367C-7576-4E25-9533-8A7C599B4F55},4541.000000000000000,No,15/11.48,38.000000000000000,950.000000000000000,Yes,0.000000000000000,0.000000000000000,0.000000000000000,0.000000000000000,0.000000000000000,0.000000000000000,1.000000000000000,0.000000000000000,25/96,0.000000000000000,0.000000000000000,0.000000000000000,0.000000000000000,0.000000000000000,0.000000000000000,0.026315789473700,0.000000000000000, , ,{DAB18282-C55F-46EC-8CB3-116F85518B69},8/08/2025 0:00:00, ,8/08/2025 0:00:00, ,3.000000000000000,Roy Trustee 2022 Ltd,Johnson Forestry Services
{E0B99D8F-116A-49D6-8E7B-B2C72E361D4B},4527.000000000000000,No,10/11.37,39.000000000000000,975.000000000000000,Yes,0.000000000000000,0.000000000000000,0.000000000000000,0.000000000000000,0.000000000000000,0.000000000000000,1.000000000000000,0.000000000000000,25/96,0.000000000000000,0.000000000000000,0.000000000000000,0.000000000000000,0.000000000000000,0.000000000000000,0.025641025641000,0.000000000000000, , ,{DAB18282-C55F-46EC-8CB3-116F85518B69},8/08/2025 0:00:00, ,8/08/2025 0:00:00, ,3.000000000000000,Roy Trustee 2022 Ltd,Johnson Forestry Services
{7EC12C61-3C96-4FDB-8DEE-2BB56A190AAB},4551.000000000000000,No,20/11.64,38.000000000000000,950.000000000000000,Yes,0.000000000000000,0.000000000000000,0.000000000000000,0.000000000000000,0.000000000000000,1.000000000000000,1.000000000000000,0.000000000000000,25/96,0.000000000000000,0.000000000000000,0.000000000000000,0.000000000000000,0.000000000000000,0.026315789473700,0.026315789473700,0.000000000000000, , ,{DAB18282-C55F-46EC-8CB3-116F85518B69},8/08/2025 0:00:00, ,8/08/2025 0:00:00, ,6.000000000000000,Roy Trustee 2022 Ltd,Johnson Forestry Services
{1F3EB346-B548-4EC5-8CA4-AA5948A8A919},4553.000000000000000,No,10/11.37,38.000000000000000,950.000000000000000,No,0.000000000000000,0.000000000000000,0.000000000000000,0.000000000000000,0.000000000000000,0.000000000000000,0.000000000000000,0.000000000000000,25/96,0.000000000000000,0.000000000000000,0.000000000000000,0.000000000000000,0.000000000000000,0.000000000000000,0.000000000000000,0.000000000000000, , ,{DAB18282-C55F-46EC-8CB3-116F85518B69},8/08/2025 0:00:00, ,8/08/2025 0:00:00, ,0.000000000000000,Roy Trustee 2022 Ltd,Johnson Forestry Services
{A285B2D6-3B13-4B9F-BAC6-6C319CB506F3},3997.000000000000000,No,5/11.31,41.000000000000000,1025.000000000000000,Yes,0.000000000000000,0.000000000000000,0.000000000000000,0.000000000000000,0.000000000000000,0.000000000000000,2.000000000000000,0.000000000000000,25/96,0.000000000000000,0.000000000000000,0.000000000000000,0.000000000000000,0.000000000000000,0.000000000000000,0.048780487804900,0.000000000000000, , ,{AB049B51-5893-4B6E-B999-1A7045A7598E},8/08/2025 0:00:00, ,8/08/2025 0:00:00, ,6.000000000000000,Roy Trustee 2022 Ltd,Forest View Contracting
{592EEA97-B043-4B48-9362-BC9A37C3F417},4549.000000000000000,No,10/11.37,41.000000000000000,1025.000000000000000,Yes,0.000000000000000,0.000000000000000,0.000000000000000,0.000000000000000,0.000000000000000,0.000000000000000,1.000000000000000,0.000000000000000,25/96,0.000000000000000,0.000000000000000,0.000000000000000,0.000000000000000,0.000000000000000,0.000000000000000,0.024390243902400,0.000000000000000, , ,{1214B298-F967-4C76-9840-057B663570D3},11/08/2025 0:00:00, ,11/08/2025 0:00:00, ,3.000000000000000,Roy Trustee 2022 Ltd,Johnson Forestry Services
{667CBC38-CD95-414E-81CD-94A32F71074E},4539.000000000000000,No,15/11.48,36.000000000000000,900.000000000000000,Yes,0.000000000000000,0.000000000000000,0.000000000000000,0.000000000000000,0.000000000000000,0.000000000000000,1.000000000000000,0.000000000000000,25/96,0.000000000000000,0.000000000000000,0.000000000000000,0.000000000000000,0.000000000000000,0.000000000000000,0.027777777777800,0.000000000000000, , ,{1214B298-F967-4C76-9840-057B663570D3},11/08/2025 0:00:00, ,11/08/2025 0:00:00, ,3.000000000000000,Roy Trustee 2022 Ltd,Johnson Forestry Services
{1250C65A-F5AC-4220-A85A-D34F982A0A95},4517.000000000000000,No,15/11.48,39.000000000000000,975.000000000000000,No,0.000000000000000,0.000000000000000,0.000000000000000,0.000000000000000,0.000000000000000,0.000000000000000,0.000000000000000,0.000000000000000,25/96,0.000000000000000,0.000000000000000,0.000000000000000,0.000000000000000,0.000000000000000,0.000000000000000,0.000000000000000,0.000000000000000, , ,{1214B298-F967-4C76-9840-057B663570D3},11/08/2025 0:00:00, ,11/08/2025 0:00:00, ,0.000000000000000,Roy Trustee 2022 Ltd,Johnson Forestry Services
{D7F7B4F6-31C0-4EB7-BFF2-8B33B1E7AD2C},4519.000000000000000,No,5/11.31,44.000000000000000,1100.000000000000000,Yes,0.000000000000000,2.000000000000000,0.000000000000000,0.000000000000000,0.000000000000000,0.000000000000000,0.000000000000000,0.000000000000000,25/96,0.000000000000000,0.045454545454500,0.000000000000000,0.000000000000000,0.000000000000000,0.000000000000000,0.000000000000000,0.000000000000000, , ,{1214B298-F967-4C76-9840-057B663570D3},11/08/2025 0:00:00, ,11/08/2025 0:00:00, ,2.000000000000000,Roy Trustee 2022 Ltd,Johnson Forestry Services
{C630E834-92CB-42BF-91FC-8C3551B6CC41},4537.000000000000000,No,10/11.37,38.000000000000000,950.000000000000000,Yes,0.000000000000000,0.000000000000000,0.000000000000000,0.000000000000000,0.000000000000000,0.000000000000000,1.000000000000000,0.000000000000000,25/96,0.000000000000000,0.000000000000000,0.000000000000000,0.000000000000000,0.000000000000000,0.000000000000000,0.026315789473700,0.000000000000000, , ,{1214B298-F967-4C76-9840-057B663570D3},11/08/2025 0:00:00, ,11/08/2025 0:00:00, ,3.000000000000000,Roy Trustee 2022 Ltd,Johnson Forestry Services
{E15ED7BC-EC59-4441-B840-3C79E9241E52},4513.000000000000000,No,10/11.37,36.000000000000000,900.000000000000000,Yes,0.000000000000000,0.000000000000000,0.000000000000000,0.000000000000000,0.000000000000000,0.000000000000000,1.000000000000000,0.000000000000000,25/96,0.000000000000000,0.000000000000000,0.000000000000000,0.000000000000000,0.000000000000000,0.000000000000000,0.027777777777800,0.000000000000000, , ,{1214B298-F967-4C76-9840-057B663570D3},11/08/2025 0:00:00, ,11/08/2025 0:00:00, ,3.000000000000000,Roy Trustee 2022 Ltd,Johnson Forestry Services
{37456BD0-B590-491E-9B88-CEAF166F971A},4525.000000000000000,No,20/11.64,36.000000000000000,900.000000000000000,No,0.000000000000000,0.000000000000000,0.000000000000000,0.000000000000000,0.000000000000000,0.000000000000000,0.000000000000000,0.000000000000000,25/96,0.000000000000000,0.000000000000000,0.000000000000000,0.000000000000000,0.000000000000000,0.000000000000000,0.000000000000000,0.000000000000000, , ,{1214B298-F967-4C76-9840-057B663570D3},11/08/2025 0:00:00, ,11/08/2025 0:00:00, ,0.000000000000000,Roy Trustee 2022 Ltd,Johnson Forestry Services
{0B0903A9-A1C6-4624-AA09-8C3004E30377},4503.000000000000000,No,15/11.48,37.000000000000000,925.000000000000000,Yes,0.000000000000000,0.000000000000000,0.000000000000000,0.000000000000000,0.000000000000000,0.000000000000000,2.000000000000000,0.000000000000000,25/96,0.000000000000000,0.000000000000000,0.000000000000000,0.000000000000000,0.000000000000000,0.000000000000000,0.054054054054100,0.000000000000000, , ,{1214B298-F967-4C76-9840-057B663570D3},11/08/2025 0:00:00, ,11/08/2025 0:00:00, ,6.000000000000000,Roy Trustee 2022 Ltd,Johnson Forestry Services
{1D6A81EB-6B84-471B-9653-666D92B1D222},4497.000000000000000,No,5/11.31,40.000000000000000,1000.000000000000000,Yes,0.000000000000000,2.000000000000000,0.000000000000000,0.000000000000000,0.000000000000000,0.000000000000000,1.000000000000000,0.000000000000000,25/96,0.000000000000000,0.050000000000000,0.000000000000000,0.000000000000000,0.000000000000000,0.000000000000000,0.025000000000000,0.000000000000000, , ,{1214B298-F967-4C76-9840-057B663570D3},11/08/2025 0:00:00, ,11/08/2025 0:00:00, ,5.000000000000000,Roy Trustee 2022 Ltd,Johnson Forestry Services
{9DBAFF3C-78C0-4040-83DA-A1DAC97B7859},4495.000000000000000,No,15/11.48,42.000000000000000,1050.000000000000000,No,0.000000000000000,0.000000000000000,0.000000000000000,0.000000000000000,0.000000000000000,0.000000000000000,0.000000000000000,0.000000000000000,25/96,0.000000000000000,0.000000000000000,0.000000000000000,0.000000000000000,0.000000000000000,0.000000000000000,0.000000000000000,0.000000000000000, , ,{1214B298-F967-4C76-9840-057B663570D3},11/08/2025 0:00:00, ,11/08/2025 0:00:00, ,0.000000000000000,Roy Trustee 2022 Ltd,Johnson Forestry Services
{32F06E15-D81B-4BDF-B0B0-617BA9D87766},4485.000000000000000,No,15/11.48,38.000000000000000,950.000000000000000,Yes,0.000000000000000,1.000000000000000,0.000000000000000,0.000000000000000,0.000000000000000,0.000000000000000,1.000000000000000,0.000000000000000,25/96,0.000000000000000,0.026315789473700,0.000000000000000,0.000000000000000,0.000000000000000,0.000000000000000,0.026315789473700,0.000000000000000, , ,{1214B298-F967-4C76-9840-057B663570D3},11/08/2025 0:00:00, ,11/08/2025 0:00:00, ,4.000000000000000,Roy Trustee 2022 Ltd,Johnson Forestry Services
{BDE17CA5-3D16-41D6-B481-25AFCBEB2DB2},4433.000000000000000,No,10/11.37,39.000000000000000,975.000000000000000,Yes,0.000000000000000,2.000000000000000,0.000000000000000,0.000000000000000,0.000000000000000,0.000000000000000,0.000000000000000,0.000000000000000,25/96,0.000000000000000,0.051282051282100,0.000000000000000,0.000000000000000,0.000000000000000,0.000000000000000,0.000000000000000,0.000000000000000, , ,{4610EC03-007D-4F64-9B80-F7BD5C1441C0},12/08/2025 0:00:00, ,12/08/2025 0:00:00, ,2.000000000000000,Roy Trustee 2022 Ltd,Johnson Forestry Services
{EFB50BDA-64FE-4F96-A8AD-EAF6109DCC36},4457.000000000000000,No,15/11.48,38.000000000000000,950.000000000000000,Yes,0.000000000000000,1.000000000000000,0.000000000000000,0.000000000000000,0.000000000000000,0.000000000000000,1.000000000000000,0.000000000000000,25/96,0.000000000000000,0.026315789473700,0.000000000000000,0.000000000000000,0.000000000000000,0.000000000000000,0.026315789473700,0.000000000000000, , ,{4610EC03-007D-4F64-9B80-F7BD5C1441C0},12/08/2025 0:00:00, ,12/08/2025 0:00:00, ,4.000000000000000,Roy Trustee 2022 Ltd,Johnson Forestry Services
{04298FD3-5ADC-4D59-B714-A4FDA24BE7D8},4487.000000000000000,No,10/11.37,40.000000000000000,1000.000000000000000,No,0.000000000000000,0.000000000000000,0.000000000000000,0.000000000000000,0.000000000000000,0.000000000000000,0.000000000000000,0.000000000000000,25/96,0.000000000000000,0.000000000000000,0.000000000000000,0.000000000000000,0.000000000000000,0.000000000000000,0.000000000000000,0.000000000000000, , ,{4610EC03-007D-4F64-9B80-F7BD5C1441C0},12/08/2025 0:00:00, ,12/08/2025 0:00:00, ,0.000000000000000,Roy Trustee 2022 Ltd,Johnson Forestry Services
{026E57BB-0F88-4260-934F-BF5B12A1739E},4471.000000000000000,No,5/11.31,41.000000000000000,1025.000000000000000,No,0.000000000000000,0.000000000000000,0.000000000000000,0.000000000000000,0.000000000000000,0.000000000000000,0.000000000000000,0.000000000000000,25/96,0.000000000000000,0.000000000000000,0.000000000000000,0.000000000000000,0.000000000000000,0.000000000000000,0.000000000000000,0.000000000000000, , ,{4610EC03-007D-4F64-9B80-F7BD5C1441C0},12/08/2025 0:00:00, ,12/08/2025 0:00:00, ,0.000000000000000,Roy Trustee 2022 Ltd,Johnson Forestry Services
{A6019261-68F4-4FDE-A312-541E41800DB9},4459.000000000000000,No,10/11.37,38.000000000000000,950.000000000000000,Yes,0.000000000000000,4.000000000000000,0.000000000000000,0.000000000000000,0.000000000000000,0.000000000000000,0.000000000000000,0.000000000000000,25/96,0.000000000000000,0.105263157895000,0.000000000000000,0.000000000000000,0.000000000000000,0.000000000000000,0.000000000000000,0.000000000000000, , ,{4610EC03-007D-4F64-9B80-F7BD5C1441C0},12/08/2025 0:00:00, ,12/08/2025 0:00:00, ,4.000000000000000,Roy Trustee 2022 Ltd,Johnson Forestry Services
{DFEE7BED-761F-49A8-9544-D2062AC2541A},4445.000000000000000,No,15/11.48,39.000000000000000,975.000000000000000,Yes,0.000000000000000,0.000000000000000,0.000000000000000,0.000000000000000,0.000000000000000,0.000000000000000,1.000000000000000,0.000000000000000,25/96,0.000000000000000,0.000000000000000,0.000000000000000,0.000000000000000,0.000000000000000,0.000000000000000,0.025641025641000,0.000000000000000, ,Plot mived iff track and fence line,{4610EC03-007D-4F64-9B80-F7BD5C1441C0},12/08/2025 0:00:00, ,12/08/2025 0:00:00, ,3.000000000000000,Roy Trustee 2022 Ltd,Johnson Forestry Services
{2AFF80D9-DA72-4882-B6BA-14B6E9BDEE85},4403.000000000000000,No,15/11.48,43.000000000000000,1075.000000000000000,Yes,0.000000000000000,0.000000000000000,0.000000000000000,0.000000000000000,0.000000000000000,0.000000000000000,2.000000000000000,0.000000000000000,25/96,0.000000000000000,0.000000000000000,0.000000000000000,0.000000000000000,0.000000000000000,0.000000000000000,0.046511627907000,0.000000000000000, , ,{4610EC03-007D-4F64-9B80-F7BD5C1441C0},12/08/2025 0:00:00, ,12/08/2025 0:00:00, ,6.000000000000000,Roy Trustee 2022 Ltd,Johnson Forestry Services
{9E72EFB3-D924-42C8-9B9F-8EF33384F888},4401.000000000000000,No,5/11.31,37.000000000000000,925.000000000000000,Yes,1.000000000000000,0.000000000000000,0.000000000000000,0.000000000000000,0.000000000000000,0.000000000000000,1.000000000000000,0.000000000000000,25/96,0.027027027027000,0.000000000000000,0.000000000000000,0.000000000000000,0.000000000000000,0.000000000000000,0.027027027027000,0.000000000000000, , ,{4610EC03-007D-4F64-9B80-F7BD5C1441C0},12/08/2025 0:00:00, ,12/08/2025 0:00:00, ,4.000000000000000,Roy Trustee 2022 Ltd,Johnson Forestry Services
{754A7D5C-653B-49F0-8780-6B8099F1F3EE},4429.000000000000000,No,10/11.37,44.000000000000000,1100.000000000000000,No,0.000000000000000,0.000000000000000,0.000000000000000,0.000000000000000,0.000000000000000,0.000000000000000,0.000000000000000,0.000000000000000,25/96,0.000000000000000,0.000000000000000,0.000000000000000,0.000000000000000,0.000000000000000,0.000000000000000,0.000000000000000,0.000000000000000, , ,{4610EC03-007D-4F64-9B80-F7BD5C1441C0},12/08/2025 0:00:00, ,12/08/2025 0:00:00, ,0.000000000000000,Roy Trustee 2022 Ltd,Johnson Forestry Services
{6273272C-D03B-43B1-A636-0136D23580DB},4501.000000000000000,No,15/11.48,39.000000000000000,975.000000000000000,Yes,0.000000000000000,2.000000000000000,0.000000000000000,0.000000000000000,0.000000000000000,0.000000000000000,0.000000000000000,0.000000000000000,25/96,0.000000000000000,0.051282051282100,0.000000000000000,0.000000000000000,0.000000000000000,0.000000000000000,0.000000000000000,0.000000000000000, , ,{4610EC03-007D-4F64-9B80-F7BD5C1441C0},12/08/2025 0:00:00, ,12/08/2025 0:00:00, ,2.000000000000000,Roy Trustee 2022 Ltd,Johnson Forestry Services
{667A8571-F128-4B2A-948C-72C971429DE8},4493.000000000000000,No,10/11.37,37.000000000000000,925.000000000000000,Yes,0.000000000000000,0.000000000000000,0.000000000000000,0.000000000000000,0.000000000000000,0.000000000000000,1.000000000000000,0.000000000000000,25/96,0.000000000000000,0.000000000000000,0.000000000000000,0.000000000000000,0.000000000000000,0.000000000000000,0.027027027027000,0.000000000000000, , ,{4610EC03-007D-4F64-9B80-F7BD5C1441C0},12/08/2025 0:00:00, ,12/08/2025 0:00:00, ,3.000000000000000,Roy Trustee 2022 Ltd,Johnson Forestry Services
{38310730-85AD-4205-A0CE-FD390FC37CAB},4483.000000000000000,No,15/11.48,39.000000000000000,975.000000000000000,No,0.000000000000000,0.000000000000000,0.000000000000000,0.000000000000000,0.000000000000000,0.000000000000000,0.000000000000000,0.000000000000000,25/96,0.000000000000000,0.000000000000000,0.000000000000000,0.000000000000000,0.000000000000000,0.000000000000000,0.000000000000000,0.000000000000000, , ,{4610EC03-007D-4F64-9B80-F7BD5C1441C0},12/08/2025 0:00:00, ,12/08/2025 0:00:00, ,0.000000000000000,Roy Trustee 2022 Ltd,Johnson Forestry Services
{4CBA95A7-83A4-461F-95CB-736592904F29},4469.000000000000000,No,10/11.37,36.000000000000000,900.000000000000000,No,0.000000000000000,0.000000000000000,0.000000000000000,0.000000000000000,0.000000000000000,0.000000000000000,0.000000000000000,0.000000000000000,25/96,0.000000000000000,0.000000000000000,0.000000000000000,0.000000000000000,0.000000000000000,0.000000000000000,0.000000000000000,0.000000000000000, , ,{4610EC03-007D-4F64-9B80-F7BD5C1441C0},12/08/2025 0:00:00, ,12/08/2025 0:00:00, ,0.000000000000000,Roy Trustee 2022 Ltd,Johnson Forestry Services
{42F9BA82-4CF3-4107-93F7-512DAF8A9B1C},4453.000000000000000,No,15/11.48,40.000000000000000,1000.000000000000000,Yes,0.000000000000000,2.000000000000000,0.000000000000000,0.000000000000000,0.000000000000000,0.000000000000000,0.000000000000000,0.000000000000000,25/96,0.000000000000000,0.050000000000000,0.000000000000000,0.000000000000000,0.000000000000000,0.000000000000000,0.000000000000000,0.000000000000000, , ,{4610EC03-007D-4F64-9B80-F7BD5C1441C0},12/08/2025 0:00:00, ,12/08/2025 0:00:00, ,2.000000000000000,Roy Trustee 2022 Ltd,Johnson Forestry Services
{AF0F6222-4611-43F6-B10F-8647027C7D8B},4441.000000000000000,No,25/11.85,39.000000000000000,975.000000000000000,Yes,0.000000000000000,1.000000000000000,0.000000000000000,0.000000000000000,0.000000000000000,0.000000000000000,1.000000000000000,0.000000000000000,25/96,0.000000000000000,0.025641025641000,0.000000000000000,0.000000000000000,0.000000000000000,0.000000000000000,0.025641025641000,0.000000000000000, , ,{4610EC03-007D-4F64-9B80-F7BD5C1441C0},12/08/2025 0:00:00, ,12/08/2025 0:00:00, ,4.000000000000000,Roy Trustee 2022 Ltd,Johnson Forestry Services
{C6B3D21B-B5BC-4E9B-93D1-3989296AADCF},4439.000000000000000,No,5/11.31,42.000000000000000,1050.000000000000000,No,0.000000000000000,0.000000000000000,0.000000000000000,0.000000000000000,0.000000000000000,0.000000000000000,0.000000000000000,0.000000000000000,25/96,0.000000000000000,0.000000000000000,0.000000000000000,0.000000000000000,0.000000000000000,0.000000000000000,0.000000000000000,0.000000000000000, , ,{4610EC03-007D-4F64-9B80-F7BD5C1441C0},12/08/2025 0:00:00, ,12/08/2025 0:00:00, ,0.000000000000000,Roy Trustee 2022 Ltd,Johnson Forestry Services
{E0A70CA0-E6AC-4C53-8C7B-2DB4D6DA79CB},4451.000000000000000,No,5/11.31,37.000000000000000,925.000000000000000,Yes,0.000000000000000,1.000000000000000,0.000000000000000,0.000000000000000,0.000000000000000,0.000000000000000,1.000000000000000,0.000000000000000,25/96,0.000000000000000,0.027027027027000,0.000000000000000,0.000000000000000,0.000000000000000,0.000000000000000,0.027027027027000,0.000000000000000, , ,{4610EC03-007D-4F64-9B80-F7BD5C1441C0},12/08/2025 0:00:00, ,12/08/2025 0:00:00, ,4.000000000000000,Roy Trustee 2022 Ltd,Johnson Forestry Services
{1687DC2C-7D2C-496E-9E66-678975171CFD},4467.000000000000000,No,10/11.37,42.000000000000000,1050.000000000000000,Yes,0.000000000000000,1.000000000000000,0.000000000000000,0.000000000000000,0.000000000000000,0.000000000000000,1.000000000000000,0.000000000000000,25/96,0.000000000000000,0.023809523809500,0.000000000000000,0.000000000000000,0.000000000000000,0.000000000000000,0.023809523809500,0.000000000000000, , ,{4610EC03-007D-4F64-9B80-F7BD5C1441C0},12/08/2025 0:00:00, ,12/08/2025 0:00:00, ,4.000000000000000,Roy Trustee 2022 Ltd,Johnson Forestry Services
{1F7D1082-0448-4F7D-A050-25FD1295F2D1},4177.000000000000000,No,0/11.31,37.000000000000000,925.000000000000000,Yes,0.000000000000000,3.000000000000000,0.000000000000000,0.000000000000000,0.000000000000000,0.000000000000000,0.000000000000000,0.000000000000000,25/90,0.000000000000000,0.081081081081100,0.000000000000000,0.000000000000000,0.000000000000000,0.000000000000000,0.000000000000000,0.000000000000000, , ,{45AC2702-731B-49E7-8F1A-F06ECEC0BD85},12/08/2025 0:00:00, ,12/08/2025 0:00:00, ,3.000000000000000,Roy Trustee 2022 Ltd,Proforest
{4BAA6075-9338-4FCF-BBFF-B5DD6D56F2C0},4193.000000000000000,No,0/11.31,36.000000000000000,900.000000000000000,Yes,0.000000000000000,3.000000000000000,0.000000000000000,0.000000000000000,0.000000000000000,0.000000000000000,0.000000000000000,1.000000000000000,25/90,0.000000000000000,0.083333333333300,0.000000000000000,0.000000000000000,0.000000000000000,0.000000000000000,0.000000000000000,0.027777777777800, , ,{45AC2702-731B-49E7-8F1A-F06ECEC0BD85},12/08/2025 0:00:00, ,12/08/2025 0:00:00, ,6.000000000000000,Roy Trustee 2022 Ltd,Proforest
{80BD1AFA-C194-4424-8761-8ED8A5D37065},4191.000000000000000,No,15/11.48,44.000000000000000,1100.000000000000000,Yes,1.000000000000000,3.000000000000000,0.000000000000000,0.000000000000000,0.000000000000000,0.000000000000000,0.000000000000000,0.000000000000000,25/90,0.022727272727300,0.068181818181800,0.000000000000000,0.000000000000000,0.000000000000000,0.000000000000000,0.000000000000000,0.000000000000000, , ,{45AC2702-731B-49E7-8F1A-F06ECEC0BD85},12/08/2025 0:00:00, ,12/08/2025 0:00:00, ,4.000000000000000,Roy Trustee 2022 Ltd,Proforest
{A18089E4-3857-46B5-BE98-C81BB0B49613},4179.000000000000000,No,5/11.31,36.000000000000000,900.000000000000000,Yes,0.000000000000000,3.000000000000000,0.000000000000000,0.000000000000000,0.000000000000000,1.000000000000000,0.000000000000000,0.000000000000000,25/90,0.000000000000000,0.083333333333300,0.000000000000000,0.000000000000000,0.000000000000000,0.027777777777800,0.000000000000000,0.000000000000000, , ,{45AC2702-731B-49E7-8F1A-F06ECEC0BD85},12/08/2025 0:00:00, ,12/08/2025 0:00:00, ,6.000000000000000,Roy Trustee 2022 Ltd,Proforest
{910CF205-7ABC-444C-97D3-3AE07D9E32F6},4203.000000000000000,No,10/11.37,44.000000000000000,1100.000000000000000,Yes,0.000000000000000,2.000000000000000,1.000000000000000,0.000000000000000,0.000000000000000,0.000000000000000,0.000000000000000,0.000000000000000,25/90,0.000000000000000,0.045454545454500,0.022727272727300,0.000000000000000,0.000000000000000,0.000000000000000,0.000000000000000,0.000000000000000, , ,{45AC2702-731B-49E7-8F1A-F06ECEC0BD85},12/08/2025 0:00:00, ,12/08/2025 0:00:00, ,5.000000000000000,Roy Trustee 2022 Ltd,Proforest
{0BEA6482-528D-4F9A-A8C7-B1A98F5E4A6A},4189.000000000000000,No,0/11.31,43.000000000000000,1075.000000000000000,Yes,1.000000000000000,3.000000000000000,0.000000000000000,0.000000000000000,0.000000000000000,0.000000000000000,0.000000000000000,0.000000000000000,25/90,0.023255813953500,0.069767441860500,0.000000000000000,0.000000000000000,0.000000000000000,0.000000000000000,0.000000000000000,0.000000000000000, , ,{45AC2702-731B-49E7-8F1A-F06ECEC0BD85},12/08/2025 0:00:00, ,12/08/2025 0:00:00, ,4.000000000000000,Roy Trustee 2022 Ltd,Proforest
{932251E6-D604-444A-9BB3-47D5528E26F4},4255.000000000000000,No,0/11.31,37.000000000000000,925.000000000000000,Yes,0.000000000000000,3.000000000000000,0.000000000000000,0.000000000000000,0.000000000000000,0.000000000000000,0.000000000000000,0.000000000000000,25/90,0.000000000000000,0.081081081081100,0.000000000000000,0.000000000000000,0.000000000000000,0.000000000000000,0.000000000000000,0.000000000000000, , ,{45AC2702-731B-49E7-8F1A-F06ECEC0BD85},12/08/2025 0:00:00, ,12/08/2025 0:00:00, ,3.000000000000000,Roy Trustee 2022 Ltd,Proforest
{3CC8BFC7-0978-4F3E-BAD8-6F961D6238F7},4257.000000000000000,No,0/11.31,44.000000000000000,1100.000000000000000,Yes,1.000000000000000,2.000000000000000,0.000000000000000,0.000000000000000,0.000000000000000,0.000000000000000,0.000000000000000,0.000000000000000,25/90,0.022727272727300,0.045454545454500,0.000000000000000,0.000000000000000,0.000000000000000,0.000000000000000,0.000000000000000,0.000000000000000, , ,{45AC2702-731B-49E7-8F1A-F06ECEC0BD85},12/08/2025 0:00:00, ,12/08/2025 0:00:00, ,3.000000000000000,Roy Trustee 2022 Ltd,Proforest
{10324F45-5076-4BBE-AA9A-C591C52169AF},4245.000000000000000,No,10/11.37,42.000000000000000,1050.000000000000000,Yes,0.000000000000000,3.000000000000000,0.000000000000000,0.000000000000000,0.000000000000000,0.000000000000000,1.000000000000000,0.000000000000000,25/90,0.000000000000000,0.071428571428600,0.000000000000000,0.000000000000000,0.000000000000000,0.000000000000000,0.023809523809500,0.000000000000000, , ,{45AC2702-731B-49E7-8F1A-F06ECEC0BD85},12/08/2025 0:00:00, ,12/08/2025 0:00:00, ,6.000000000000000,Roy Trustee 2022 Ltd,Proforest
{C236BFE2-D2A8-4C2E-84A5-A729EFAB8F04},4233.000000000000000,No,30/12.13,46.000000000000000,1150.000000000000000,Yes,2.000000000000000,2.000000000000000,0.000000000000000,0.000000000000000,0.000000000000000,0.000000000000000,1.000000000000000,0.000000000000000,25/90,0.043478260869600,0.043478260869600,0.000000000000000,0.000000000000000,0.000000000000000,0.000000000000000,0.021739130434800,0.000000000000000,Yes, ,{45AC2702-731B-49E7-8F1A-F06ECEC0BD85},12/08/2025 0:00:00, ,12/08/2025 0:00:00, ,7.000000000000000,Roy Trustee 2022 Ltd,Proforest
{69554605-D577-4525-B314-ECA2624DCE2D},4217.000000000000000,No,10/11.37,42.000000000000000,1050.000000000000000,Yes,0.000000000000000,3.000000000000000,1.000000000000000,0.000000000000000,0.000000000000000,0.000000000000000,0.000000000000000,0.000000000000000,25/90,0.000000000000000,0.000000000000000,0.000000000000000,0.000000000000000,0.000000000000000,0.000000000000000,0.000000000000000,0.000000000000000, , ,{45AC2702-731B-49E7-8F1A-F06ECEC0BD85},12/08/2025 0:00:00, ,25/09/2025 0:00:00,ScarlettMichelle,6.000000000000000,Roy Trustee 2022 Ltd,Proforest
{2A13F0E9-6698-46E0-9972-BAD6A65382E4},4205.000000000000000,No,25/11.85,42.000000000000000,1050.000000000000000,Yes,1.000000000000000,2.000000000000000,1.000000000000000,0.000000000000000,0.000000000000000,0.000000000000000,0.000000000000000,0.000000000000000,25/90,0.023809523809500,0.047619047619000,0.023809523809500,0.000000000000000,0.000000000000000,0.000000000000000,0.000000000000000,0.000000000000000, , ,{45AC2702-731B-49E7-8F1A-F06ECEC0BD85},12/08/2025 0:00:00, ,12/08/2025 0:00:00, ,6.000000000000000,Roy Trustee 2022 Ltd,Proforest
{3CC42379-F3C7-479C-9373-35FB0462F139},4219.000000000000000,No,15/11.48,38.000000000000000,950.000000000000000,Yes,1.000000000000000,3.000000000000000,0.000000000000000,0.000000000000000,0.000000000000000,0.000000000000000,0.000000000000000,0.000000000000000,25/90,0.000000000000000,0.000000000000000,0.000000000000000,0.000000000000000,0.000000000000000,0.000000000000000,0.000000000000000,0.000000000000000, , ,{45AC2702-731B-49E7-8F1A-F06ECEC0BD85},12/08/2025 0:00:00, ,25/09/2025 0:00:00,ScarlettMichelle,4.000000000000000,Roy Trustee 2022 Ltd,Proforest
{DC3E96F6-A290-400F-A7A9-3E40192EB43F},4185.000000000000000,No,5/11.31,41.000000000000000,1025.000000000000000,No,0.000000000000000,0.000000000000000,0.000000000000000,0.000000000000000,0.000000000000000,0.000000000000000,0.000000000000000,0.000000000000000,25/90,0.000000000000000,0.000000000000000,0.000000000000000,0.000000000000000,0.000000000000000,0.000000000000000,0.000000000000000,0.000000000000000, , ,{45AC2702-731B-49E7-8F1A-F06ECEC0BD85},12/08/2025 0:00:00, ,25/09/2025 0:00:00,ScarlettMichelle,0.000000000000000,Roy Trustee 2022 Ltd,Proforest
{803AB2CB-041F-4996-9E6C-41CD7315B3DC},4151.000000000000000,No,5/11.31,43.000000000000000,1075.000000000000000,Yes,0.000000000000000,3.000000000000000,1.000000000000000,0.000000000000000,0.000000000000000,0.000000000000000,0.000000000000000,0.000000000000000,25/90,0.000000000000000,0.000000000000000,0.000000000000000,0.000000000000000,0.000000000000000,0.000000000000000,0.000000000000000,0.000000000000000, , ,{45AC2702-731B-49E7-8F1A-F06ECEC0BD85},12/08/2025 0:00:00, ,25/09/2025 0:00:00,ScarlettMichelle,6.000000000000000,Roy Trustee 2022 Ltd,Proforest
{63E2F2F5-25A5-4186-A86C-BDB885829ABB},4155.000000000000000,No,5/11.31,42.000000000000000,1050.000000000000000,Yes,0.000000000000000,3.000000000000000,0.000000000000000,0.000000000000000,0.000000000000000,0.000000000000000,1.000000000000000,0.000000000000000,25/90,0.000000000000000,0.000000000000000,0.000000000000000,0.000000000000000,0.000000000000000,0.000000000000000,0.000000000000000,0.000000000000000, , ,{45AC2702-731B-49E7-8F1A-F06ECEC0BD85},12/08/2025 0:00:00, ,25/09/2025 0:00:00,ScarlettMichelle,6.000000000000000,Roy Trustee 2022 Ltd,Proforest
{4B0D928A-B80D-4C63-9629-792E9E13E619},4173.000000000000000,No,5/11.31,41.000000000000000,1025.000000000000000,Yes,0.000000000000000,2.000000000000000,1.000000000000000,0.000000000000000,0.000000000000000,0.000000000000000,0.000000000000000,0.000000000000000,25/90,0.000000000000000,0.000000000000000,0.000000000000000,0.000000000000000,0.000000000000000,0.000000000000000,0.000000000000000,0.000000000000000, , ,{45AC2702-731B-49E7-8F1A-F06ECEC0BD85},12/08/2025 0:00:00, ,25/09/2025 0:00:00,ScarlettMichelle,0.000000000000000,Roy Trustee 2022 Ltd,Proforest
{791528F9-E027-48CB-BD57-A1F649DF48CE},4163.000000000000000,No,5/11.31,42.000000000000000,1050.000000000000000,Yes,1.000000000000000,2.000000000000000,0.000000000000000,0.000000000000000,0.000000000000000,0.000000000000000,1.000000000000000,0.000000000000000,25/90,0.000000000000000,0.000000000000000,0.000000000000000,0.000000000000000,0.000000000000000,0.000000000000000,0.000000000000000,0.000000000000000, , ,{45AC2702-731B-49E7-8F1A-F06ECEC0BD85},12/08/2025 0:00:00, ,25/09/2025 0:00:00,ScarlettMichelle,6.000000000000000,Roy Trustee 2022 Ltd,Proforest
{4F88FA3D-C844-402E-9B72-81EF17A3FD61},4157.000000000000000,No,10/11.37,40.000000000000000,1000.000000000000000,Yes,0.000000000000000,2.000000000000000,0.000000000000000,0.000000000000000,0.000000000000000,0.000000000000000,1.000000000000000,0.000000000000000,25/90,0.000000000000000,0.000000000000000,0.000000000000000,0.000000000000000,0.000000000000000,0.000000000000000,0.000000000000000,0.000000000000000, , ,{45AC2702-731B-49E7-8F1A-F06ECEC0BD85},12/08/2025 0:00:00, ,25/09/2025 0:00:00,ScarlettMichelle,0.000000000000000,Roy Trustee 2022 Ltd,Proforest
{4F83473E-9C0B-4389-83BA-039614BAD953},4165.000000000000000,No,10/11.37,37.000000000000000,925.000000000000000,Yes,1.000000000000000,3.000000000000000,0.000000000000000,0.000000000000000,0.000000000000000,0.000000000000000,0.000000000000000,0.000000000000000,25/90,0.000000000000000,0.000000000000000,0.000000000000000,0.000000000000000,0.000000000000000,0.000000000000000,0.000000000000000,0.000000000000000, , ,{45AC2702-731B-49E7-8F1A-F06ECEC0BD85},12/08/2025 0:00:00, ,25/09/2025 0:00:00,ScarlettMichelle,4.000000000000000,Roy Trustee 2022 Ltd,Proforest
{51124748-D854-404E-B455-EB1C073FA068},4149.000000000000000,No,30/12.13,43.000000000000000,1075.000000000000000,Yes,0.000000000000000,2.000000000000000,0.000000000000000,0.000000000000000,0.000000000000000,0.000000000000000,1.000000000000000,0.000000000000000,25/90,0.000000000000000,0.046511627907000,0.000000000000000,0.000000000000000,0.000000000000000,0.000000000000000,0.023255813953500,0.000000000000000, , ,{45AC2702-731B-49E7-8F1A-F06ECEC0BD85},12/08/2025 0:00:00, ,12/08/2025 0:00:00, ,5.000000000000000,Roy Trustee 2022 Ltd,Proforest
{9DFFD4FF-5668-4AF3-A86A-A60288E98CF5},4295.000000000000000,No,15/11.48,41.000000000000000,1025.000000000000000,No,0.000000000000000,0.000000000000000,0.000000000000000,0.000000000000000,0.000000000000000,0.000000000000000,0.000000000000000,0.000000000000000,25/95,0.000000000000000,0.000000000000000,0.000000000000000,0.000000000000000,0.000000000000000,0.000000000000000,0.000000000000000,0.000000000000000, , ,{13C5CA49-134A-425B-9B00-CE1EFCDFA600},13/08/2025 0:00:00, ,13/08/2025 0:00:00, ,0.000000000000000,Roy Trustee 2022 Ltd,Johnson Forestry Services
{EEA7DEAB-3455-49BB-9A9E-FBCA070438D8},433.000000000000000,No,25/11.85,41.000000000000000,1025.000000000000000,Yes,0.000000000000000,0.000000000000000,1.000000000000000,0.000000000000000,0.000000000000000,0.000000000000000,1.000000000000000,0.000000000000000,25/95,0.000000000000000,0.000000000000000,0.024390243902400,0.000000000000000,0.000000000000000,0.000000000000000,0.024390243902400,0.000000000000000, , ,{13C5CA49-134A-425B-9B00-CE1EFCDFA600},13/08/2025 0:00:00, ,13/08/2025 0:00:00, ,6.000000000000000,Roy Trustee 2022 Ltd,Johnson Forestry Services
{6539F940-07E0-4B5F-9BC5-C8698D557F73},4301.000000000000000,No,20/11.64,36.000000000000000,900.000000000000000,Yes,0.000000000000000,0.000000000000000,0.000000000000000,0.000000000000000,0.000000000000000,0.000000000000000,2.000000000000000,0.000000000000000,25/95,0.000000000000000,0.000000000000000,0.000000000000000,0.000000000000000,0.000000000000000,0.000000000000000,0.055555555555600,0.000000000000000, , ,{13C5CA49-134A-425B-9B00-CE1EFCDFA600},13/08/2025 0:00:00, ,13/08/2025 0:00:00, ,6.000000000000000,Roy Trustee 2022 Ltd,Johnson Forestry Services
{165514D3-32C8-4DDB-89E8-2344C42E2D99},4309.000000000000000,No,35/12.50,42.000000000000000,1050.000000000000000,Yes,0.000000000000000,2.000000000000000,0.000000000000000,0.000000000000000,0.000000000000000,0.000000000000000,1.000000000000000,0.000000000000000,25/95,0.000000000000000,0.047619047619000,0.000000000000000,0.000000000000000,0.000000000000000,0.000000000000000,0.023809523809500,0.000000000000000, , ,{13C5CA49-134A-425B-9B00-CE1EFCDFA600},13/08/2025 0:00:00, ,13/08/2025 0:00:00, ,5.000000000000000,Roy Trustee 2022 Ltd,Johnson Forestry Services
{9A9AB2CA-2F5C-4EDD-91C8-5E5440492D82},4329.000000000000000,No,25/11.85,42.000000000000000,1050.000000000000000,Yes,0.000000000000000,0.000000000000000,1.000000000000000,0.000000000000000,0.000000000000000,0.000000000000000,1.000000000000000,0.000000000000000,25/95,0.000000000000000,0.000000000000000,0.023809523809500,0.000000000000000,0.000000000000000,0.000000000000000,0.023809523809500,0.000000000000000, , ,{13C5CA49-134A-425B-9B00-CE1EFCDFA600},13/08/2025 0:00:00, ,13/08/2025 0:00:00, ,6.000000000000000,Roy Trustee 2022 Ltd,Johnson Forestry Services
{1A90A40F-14AB-4576-A370-AB76783C0DD4},4331.000000000000000,No,25/11.85,44.000000000000000,1100.000000000000000,Yes,0.000000000000000,0.000000000000000,1.000000000000000,0.000000000000000,0.000000000000000,0.000000000000000,1.000000000000000,0.000000000000000,25/95,0.000000000000000,0.000000000000000,0.022727272727300,0.000000000000000,0.000000000000000,0.000000000000000,0.022727272727300,0.000000000000000, , ,{13C5CA49-134A-425B-9B00-CE1EFCDFA600},13/08/2025 0:00:00, ,13/08/2025 0:00:00, ,6.000000000000000,Roy Trustee 2022 Ltd,Johnson Forestry Services
{7069AA07-84DB-436B-AC3E-D7782C9945FF},4431.000000000000000,No,10/11.37,42.000000000000000,1050.000000000000000,Yes,0.000000000000000,0.000000000000000,0.000000000000000,0.000000000000000,0.000000000000000,0.000000000000000,1.000000000000000,0.000000000000000,25/96,0.000000000000000,0.000000000000000,0.000000000000000,0.000000000000000,0.000000000000000,0.000000000000000,0.023809523809500,0.000000000000000, , ,{76EB41F2-EDEF-4208-9D71-D63763226F75},13/08/2025 0:00:00, ,13/08/2025 0:00:00, ,3.000000000000000,Roy Trustee 2022 Ltd,Johnson Forestry Services
{3019E9AC-0CC6-4D4B-B235-793CB307AEA0},4443.000000000000000,No,10/11.37,41.000000000000000,1025.000000000000000,No,0.000000000000000,0.000000000000000,0.000000000000000,0.000000000000000,0.000000000000000,0.000000000000000,0.000000000000000,0.000000000000000,25/96,0.000000000000000,0.000000000000000,0.000000000000000,0.000000000000000,0.000000000000000,0.000000000000000,0.000000000000000,0.000000000000000, , ,{76EB41F2-EDEF-4208-9D71-D63763226F75},13/08/2025 0:00:00, ,13/08/2025 0:00:00, ,0.000000000000000,Roy Trustee 2022 Ltd,Johnson Forestry Services
{4888698B-BF44-4502-BAF1-1E420F2F5CEB},4455.000000000000000,No,10/11.37,36.000000000000000,900.000000000000000,Yes,0.000000000000000,0.000000000000000,0.000000000000000,0.000000000000000,0.000000000000000,0.000000000000000,1.000000000000000,0.000000000000000,25/96,0.000000000000000,0.000000000000000,0.000000000000000,0.000000000000000,0.000000000000000,0.000000000000000,0.027777777777800,0.000000000000000, , ,{76EB41F2-EDEF-4208-9D71-D63763226F75},13/08/2025 0:00:00, ,13/08/2025 0:00:00, ,3.000000000000000,Roy Trustee 2022 Ltd,Johnson Forestry Services
{34AC0C8C-3B77-44B0-BA3B-B6CD63D592F0},4427.000000000000000,No,10/11.37,38.000000000000000,950.000000000000000,Yes,1.000000000000000,0.000000000000000,0.000000000000000,0.000000000000000,0.000000000000000,0.000000000000000,1.000000000000000,0.000000000000000,25/96,0.026315789473700,0.000000000000000,0.000000000000000,0.000000000000000,0.000000000000000,0.000000000000000,0.026315789473700,0.000000000000000, , ,{76EB41F2-EDEF-4208-9D71-D63763226F75},13/08/2025 0:00:00, ,13/08/2025 0:00:00, ,4.000000000000000,Roy Trustee 2022 Ltd,Johnson Forestry Services
{5FDE7E0D-F8CB-49A7-94D4-D7C3F6856557},4421.000000000000000,No,5/11.31,39.000000000000000,975.000000000000000,No,0.000000000000000,0.000000000000000,0.000000000000000,0.000000000000000,0.000000000000000,0.000000000000000,0.000000000000000,0.000000000000000,25/96,0.000000000000000,0.000000000000000,0.000000000000000,0.000000000000000,0.000000000000000,0.000000000000000,0.000000000000000,0.000000000000000, , ,{76EB41F2-EDEF-4208-9D71-D63763226F75},13/08/2025 0:00:00, ,13/08/2025 0:00:00, ,0.000000000000000,Roy Trustee 2022 Ltd,Johnson Forestry Services
{5D90EF11-F929-4B1B-BD0D-420BF0335DA4},4311.000000000000000,No,25/11.85,39.000000000000000,975.000000000000000,No,0.000000000000000,0.000000000000000,0.000000000000000,0.000000000000000,0.000000000000000,0.000000000000000,0.000000000000000,0.000000000000000,25/95,0.000000000000000,0.000000000000000,0.000000000000000,0.000000000000000,0.000000000000000,0.000000000000000,0.000000000000000,0.000000000000000, ,I,{75B14BFA-47DC-4D8D-A1B0-5214E19B521B},14/08/2025 0:00:00, ,14/08/2025 0:00:00, ,0.000000000000000,Roy Trustee 2022 Ltd,Johnson Forestry Services
{1CD16486-81F5-4082-B8F0-37FDE78CFF57},4321.000000000000000,No,15/11.48,38.000000000000000,950.000000000000000,Yes,0.000000000000000,1.000000000000000,0.000000000000000,0.000000000000000,0.000000000000000,0.000000000000000,0.000000000000000,0.000000000000000,25/95,0.000000000000000,0.026315789473700,0.000000000000000,0.000000000000000,0.000000000000000,0.000000000000000,0.000000000000000,0.000000000000000, , ,{75B14BFA-47DC-4D8D-A1B0-5214E19B521B},14/08/2025 0:00:00, ,14/08/2025 0:00:00, ,1.000000000000000,Roy Trustee 2022 Ltd,Johnson Forestry Services
{CA35AF31-2619-4FB0-855A-6E58131CB872},4323.000000000000000,No,5/11.31,40.000000000000000,1000.000000000000000,No,0.000000000000000,0.000000000000000,0.000000000000000,0.000000000000000,0.000000000000000,0.000000000000000,0.000000000000000,0.000000000000000,25/95,0.000000000000000,0.000000000000000,0.000000000000000,0.000000000000000,0.000000000000000,0.000000000000000,0.000000000000000,0.000000000000000, , ,{75B14BFA-47DC-4D8D-A1B0-5214E19B521B},14/08/2025 0:00:00, ,14/08/2025 0:00:00, ,0.000000000000000,Roy Trustee 2022 Ltd,Johnson Forestry Services
{1679252E-C0F5-4406-AC83-2FFC5A47B6AF},4341.000000000000000,No,30/12.13,44.000000000000000,1100.000000000000000,Yes,0.000000000000000,0.000000000000000,1.000000000000000,0.000000000000000,0.000000000000000,0.000000000000000,1.000000000000000,0.000000000000000,25/95,0.000000000000000,0.000000000000000,0.022727272727300,0.000000000000000,0.000000000000000,0.000000000000000,0.022727272727300,0.000000000000000, , ,{75B14BFA-47DC-4D8D-A1B0-5214E19B521B},14/08/2025 0:00:00, ,14/08/2025 0:00:00, ,6.000000000000000,Roy Trustee 2022 Ltd,Johnson Forestry Services
{105BC665-97E7-4398-A4A9-BE97125C9A04},4347.000000000000000,No,5/11.31,40.000000000000000,1000.000000000000000,Yes,0.000000000000000,0.000000000000000,0.000000000000000,0.000000000000000,0.000000000000000,0.000000000000000,1.000000000000000,0.000000000000000,25/95,0.000000000000000,0.000000000000000,0.000000000000000,0.000000000000000,0.000000000000000,0.000000000000000,0.025000000000000,0.000000000000000, , ,{75B14BFA-47DC-4D8D-A1B0-5214E19B521B},14/08/2025 0:00:00, ,14/08/2025 0:00:00, ,3.000000000000000,Roy Trustee 2022 Ltd,Johnson Forestry Services
{026AA497-C15D-4B01-9FF7-1D8A4FE95703},4319.000000000000000,No,20/11.64,39.000000000000000,975.000000000000000,Yes,0.000000000000000,3.000000000000000,0.000000000000000,0.000000000000000,0.000000000000000,0.000000000000000,0.000000000000000,0.000000000000000,25/95,0.000000000000000,0.076923076923100,0.000000000000000,0.000000000000000,0.000000000000000,0.000000000000000,0.000000000000000,0.000000000000000, , ,{75B14BFA-47DC-4D8D-A1B0-5214E19B521B},14/08/2025 0:00:00, ,14/08/2025 0:00:00, ,3.000000000000000,Roy Trustee 2022 Ltd,Johnson Forestry Services
{DAECCF77-3F82-4F32-9F39-68E12B16390A},4317.000000000000000,No,20/11.64,39.000000000000000,975.000000000000000,No,0.000000000000000,0.000000000000000,0.000000000000000,0.000000000000000,0.000000000000000,0.000000000000000,0.000000000000000,0.000000000000000,25/95,0.000000000000000,0.000000000000000,0.000000000000000,0.000000000000000,0.000000000000000,0.000000000000000,0.000000000000000,0.000000000000000, , ,{75B14BFA-47DC-4D8D-A1B0-5214E19B521B},14/08/2025 0:00:00, ,14/08/2025 0:00:00, ,0.000000000000000,Roy Trustee 2022 Ltd,Johnson Forestry Services
{0483B254-B2BA-493E-BCE8-981E8474313B},3721.000000000000000,No,10/11.37,41.000000000000000,1025.000000000000000,No,0.000000000000000,0.000000000000000,0.000000000000000,0.000000000000000,0.000000000000000,0.000000000000000,0.000000000000000,0.000000000000000,25/95,0.000000000000000,0.000000000000000,0.000000000000000,0.000000000000000,0.000000000000000,0.000000000000000,0.000000000000000,0.000000000000000, , ,{34677F5B-B975-4F7E-AF90-2B2753E2132B},15/08/2025 0:00:00, ,15/08/2025 0:00:00, ,0.000000000000000,Roy Trustee 2022 Ltd,Johnson Forestry Services
{62DAEA18-DB01-4FE9-8450-D3530E4B321D},3727.000000000000000,No,15/11.48,39.000000000000000,975.000000000000000,No,0.000000000000000,0.000000000000000,0.000000000000000,0.000000000000000,0.000000000000000,0.000000000000000,0.000000000000000,0.000000000000000,25/95,0.000000000000000,0.000000000000000,0.000000000000000,0.000000000000000,0.000000000000000,0.000000000000000,0.000000000000000,0.000000000000000, , ,{34677F5B-B975-4F7E-AF90-2B2753E2132B},15/08/2025 0:00:00, ,15/08/2025 0:00:00, ,0.000000000000000,Roy Trustee 2022 Ltd,Johnson Forestry Services
{3A8A28C4-BC92-4AEC-A149-B9BC1DB74660},3809.000000000000000,No,10/11.37,43.000000000000000,1075.000000000000000,Yes,0.000000000000000,0.000000000000000,0.000000000000000,0.000000000000000,0.000000000000000,1.000000000000000,1.000000000000000,0.000000000000000,25/95,0.000000000000000,0.000000000000000,0.000000000000000,0.000000000000000,0.000000000000000,0.023255813953500,0.023255813953500,0.000000000000000, , ,{34677F5B-B975-4F7E-AF90-2B2753E2132B},15/08/2025 0:00:00, ,15/08/2025 0:00:00, ,6.000000000000000,Roy Trustee 2022 Ltd,Johnson Forestry Services
{86860A2A-371F-4151-AF0F-5B81C9FF5A12},3801.000000000000000,No,15/11.48,38.000000000000000,950.000000000000000,Yes,0.000000000000000,0.000000000000000,0.000000000000000,0.000000000000000,0.000000000000000,0.000000000000000,2.000000000000000,0.000000000000000,25/95,0.000000000000000,0.000000000000000,0.000000000000000,0.000000000000000,0.000000000000000,0.000000000000000,0.052631578947400,0.000000000000000, , ,{34677F5B-B975-4F7E-AF90-2B2753E2132B},15/08/2025 0:00:00, ,15/08/2025 0:00:00, ,6.000000000000000,Roy Trustee 2022 Ltd,Johnson Forestry Services
{2096B79A-40BC-4D39-A4E4-78271E058965},3803.000000000000000,No,15/11.48,40.000000000000000,1000.000000000000000,Yes,0.000000000000000,0.000000000000000,0.000000000000000,0.000000000000000,0.000000000000000,0.000000000000000,1.000000000000000,0.000000000000000,25/95,0.000000000000000,0.000000000000000,0.000000000000000,0.000000000000000,0.000000000000000,0.000000000000000,0.025000000000000,0.000000000000000, , ,{34677F5B-B975-4F7E-AF90-2B2753E2132B},15/08/2025 0:00:00, ,15/08/2025 0:00:00, ,3.000000000000000,Roy Trustee 2022 Ltd,Johnson Forestry Services
{FC3C06A9-881A-4F8F-995A-E544C50E9150},3781.000000000000000,No,5/11.31,40.000000000000000,1000.000000000000000,Yes,0.000000000000000,0.000000000000000,0.000000000000000,0.000000000000000,0.000000000000000,2.000000000000000,0.000000000000000,0.000000000000000,25/95,0.000000000000000,0.000000000000000,0.000000000000000,0.000000000000000,0.000000000000000,0.050000000000000,0.000000000000000,0.000000000000000, , ,{34677F5B-B975-4F7E-AF90-2B2753E2132B},15/08/2025 0:00:00, ,15/08/2025 0:00:00, ,6.000000000000000,Roy Trustee 2022 Ltd,Johnson Forestry Services
{B445E92D-C1BA-4C2B-AC5C-AFD0DA79AC50},3791.000000000000000,No,20/11.64,44.000000000000000,1100.000000000000000,Yes,0.000000000000000,0.000000000000000,0.000000000000000,0.000000000000000,0.000000000000000,1.000000000000000,1.000000000000000,0.000000000000000,25/95,0.000000000000000,0.000000000000000,0.000000000000000,0.000000000000000,0.000000000000000,0.022727272727300,0.022727272727300,0.000000000000000, , ,{34677F5B-B975-4F7E-AF90-2B2753E2132B},15/08/2025 0:00:00, ,15/08/2025 0:00:00, ,6.000000000000000,Roy Trustee 2022 Ltd,Johnson Forestry Services
{AE443F09-DD96-4844-B52A-BE6364DE35A9},4363.000000000000000,No,15/11.48,41.000000000000000,1025.000000000000000,Yes,0.000000000000000,1.000000000000000,0.000000000000000,0.000000000000000,0.000000000000000,0.000000000000000,1.000000000000000,0.000000000000000,25/95,0.000000000000000,0.024390243902400,0.000000000000000,0.000000000000000,0.000000000000000,0.000000000000000,0.024390243902400,0.000000000000000, , ,{A6376217-72FE-455B-9105-A81A66BC1038},18/08/2025 0:00:00, ,18/08/2025 0:00:00, ,4.000000000000000,Roy Trustee 2022 Ltd,Johnson Forestry Services
{1D3E5EBF-2EEB-4C78-B9EF-79088EBE7563},4355.000000000000000,No,15/11.48,39.000000000000000,975.000000000000000,No,0.000000000000000,0.000000000000000,0.000000000000000,0.000000000000000,0.000000000000000,0.000000000000000,0.000000000000000,0.000000000000000,25/95,0.000000000000000,0.000000000000000,0.000000000000000,0.000000000000000,0.000000000000000,0.000000000000000,0.000000000000000,0.000000000000000, , ,{A6376217-72FE-455B-9105-A81A66BC1038},18/08/2025 0:00:00, ,18/08/2025 0:00:00, ,0.000000000000000,Roy Trustee 2022 Ltd,Johnson Forestry Services
{7A783B9D-6C73-49EE-B870-A59647378C56},4349.000000000000000,No,10/11.37,41.000000000000000,1025.000000000000000,Yes,0.000000000000000,3.000000000000000,0.000000000000000,0.000000000000000,0.000000000000000,0.000000000000000,0.000000000000000,0.000000000000000,25/95,0.000000000000000,0.073170731707300,0.000000000000000,0.000000000000000,0.000000000000000,0.000000000000000,0.000000000000000,0.000000000000000, , ,{A6376217-72FE-455B-9105-A81A66BC1038},18/08/2025 0:00:00, ,18/08/2025 0:00:00, ,3.000000000000000,Roy Trustee 2022 Ltd,Johnson Forestry Services
{7B0F9A76-A452-416A-A0A9-DA060FF29B64},4351.000000000000000,No,25/11.85,44.000000000000000,1100.000000000000000,Yes,1.000000000000000,1.000000000000000,0.000000000000000,0.000000000000000,0.000000000000000,0.000000000000000,0.000000000000000,0.000000000000000,25/95,0.022727272727300,0.022727272727300,0.000000000000000,0.000000000000000,0.000000000000000,0.000000000000000,0.000000000000000,0.000000000000000, , ,{A6376217-72FE-455B-9105-A81A66BC1038},18/08/2025 0:00:00, ,18/08/2025 0:00:00, ,2.000000000000000,Roy Trustee 2022 Ltd,Johnson Forestry Services
{ABBFCA58-2FA1-4D6B-8A4E-25BEDBAE7EF4},4353.000000000000000,No,10/11.37,40.000000000000000,1000.000000000000000,Yes,0.000000000000000,0.000000000000000,1.000000000000000,0.000000000000000,0.000000000000000,0.000000000000000,1.000000000000000,0.000000000000000,25/95,0.000000000000000,0.000000000000000,0.025000000000000,0.000000000000000,0.000000000000000,0.000000000000000,0.025000000000000,0.000000000000000, , ,{A6376217-72FE-455B-9105-A81A66BC1038},18/08/2025 0:00:00, ,18/08/2025 0:00:00, ,6.000000000000000,Roy Trustee 2022 Ltd,Johnson Forestry Services
{CEB05B93-498A-4AC5-B7B3-FD1183C4387F},4397.000000000000000,No,10/11.37,37.000000000000000,925.000000000000000,Yes,0.000000000000000,0.000000000000000,0.000000000000000,0.000000000000000,0.000000000000000,0.000000000000000,2.000000000000000,0.000000000000000,25/95,0.000000000000000,0.000000000000000,0.000000000000000,0.000000000000000,0.000000000000000,0.000000000000000,0.054054054054100,0.000000000000000, , ,{A6376217-72FE-455B-9105-A81A66BC1038},18/08/2025 0:00:00, ,18/08/2025 0:00:00, ,6.000000000000000,Roy Trustee 2022 Ltd,Johnson Forestry Services
{C6AB1100-1CCF-40CD-B093-B47EBAA90F9A},4399.000000000000000,No,5/11.31,41.000000000000000,1025.000000000000000,Yes,0.000000000000000,0.000000000000000,0.000000000000000,0.000000000000000,0.000000000000000,0.000000000000000,2.000000000000000,0.000000000000000,25/95,0.000000000000000,0.000000000000000,0.000000000000000,0.000000000000000,0.000000000000000,0.000000000000000,0.048780487804900,0.000000000000000, , ,{A6376217-72FE-455B-9105-A81A66BC1038},18/08/2025 0:00:00, ,18/08/2025 0:00:00, ,6.000000000000000,Roy Trustee 2022 Ltd,Johnson Forestry Services
{D70F6E21-FCB0-4D38-9F59-30E721093F7B},4393.000000000000000,No,20/11.64,38.000000000000000,950.000000000000000,Yes,0.000000000000000,2.000000000000000,0.000000000000000,0.000000000000000,0.000000000000000,0.000000000000000,1.000000000000000,0.000000000000000,25/95,0.000000000000000,0.052631578947400,0.000000000000000,0.000000000000000,0.000000000000000,0.000000000000000,0.026315789473700,0.000000000000000, , ,{A6376217-72FE-455B-9105-A81A66BC1038},18/08/2025 0:00:00, ,18/08/2025 0:00:00, ,5.000000000000000,Roy Trustee 2022 Ltd,Johnson Forestry Services
{8CA4A699-1879-4AC0-AF79-F12E1B0D3954},4567.000000000000000,No,10/11.37,44.000000000000000,1100.000000000000000,No,0.000000000000000,0.000000000000000,0.000000000000000,0.000000000000000,0.000000000000000,0.000000000000000,0.000000000000000,0.000000000000000, ,0.000000000000000,0.000000000000000,0.000000000000000,0.000000000000000,0.000000000000000,0.000000000000000,0.000000000000000,0.000000000000000, , ,{6FACCAE0-4478-4AC1-B1C3-5A2A1A6C088F},18/08/2025 0:00:00, ,25/09/2025 0:00:00,ScarlettMichelle,0.000000000000000,Roy Trustee 2022 Ltd,Johnson Forestry Services
{0E483554-3E7E-4617-A998-21E04E024884},4565.000000000000000,No,10/11.37,38.000000000000000,950.000000000000000,Yes,0.000000000000000,1.000000000000000,0.000000000000000,0.000000000000000,0.000000000000000,0.000000000000000,1.000000000000000,0.000000000000000,25/96,0.000000000000000,0.026315789473700,0.000000000000000,0.000000000000000,0.000000000000000,0.000000000000000,0.026315789473700,0.000000000000000, , ,{6FACCAE0-4478-4AC1-B1C3-5A2A1A6C088F},18/08/2025 0:00:00, ,18/08/2025 0:00:00, ,4.000000000000000,Roy Trustee 2022 Ltd,Johnson Forestry Services
{C401820B-214C-4AB6-8F05-27A874ACB213},2561.000000000000000,No,10/11.37,38.000000000000000,950.000000000000000,Yes,0.000000000000000,3.000000000000000,0.000000000000000,0.000000000000000,0.000000000000000,0.000000000000000,0.000000000000000,0.000000000000000,25/96,0.000000000000000,0.078947368421100,0.000000000000000,0.000000000000000,0.000000000000000,0.000000000000000,0.000000000000000,0.000000000000000, , ,{6FACCAE0-4478-4AC1-B1C3-5A2A1A6C088F},18/08/2025 0:00:00, ,18/08/2025 0:00:00, ,3.000000000000000,Roy Trustee 2022 Ltd,Johnson Forestry Services
{FEABBB90-9FF8-44B1-B516-4DCFFA8F7EBD},4563.000000000000000,No,10/11.37,39.000000000000000,975.000000000000000,No,0.000000000000000,0.000000000000000,0.000000000000000,0.000000000000000,0.000000000000000,0.000000000000000,0.000000000000000,0.000000000000000,25/96,0.000000000000000,0.000000000000000,0.000000000000000,0.000000000000000,0.000000000000000,0.000000000000000,0.000000000000000,0.000000000000000, , ,{6FACCAE0-4478-4AC1-B1C3-5A2A1A6C088F},18/08/2025 0:00:00, ,18/08/2025 0:00:00, ,0.000000000000000,Roy Trustee 2022 Ltd,Johnson Forestry Services
{70157926-A3BD-424A-8B5C-16C59F6514B7},4389.000000000000000,No,10/11.37,38.000000000000000,950.000000000000000,Yes,1.000000000000000,2.000000000000000,0.000000000000000,0.000000000000000,0.000000000000000,0.000000000000000,0.000000000000000,0.000000000000000,25/95,0.026315789473700,0.052631578947400,0.000000000000000,0.000000000000000,0.000000000000000,0.000000000000000,0.000000000000000,0.000000000000000, , ,{7BA0756F-C027-43D8-BA37-F4E6A71FADDA},19/08/2025 0:00:00, ,19/08/2025 0:00:00, ,3.000000000000000,Roy Trustee 2022 Ltd,Johnson Forestry Services
{44FD0945-8175-4939-A8E4-A3C0C13C840E},4379.000000000000000,No,5/11.31,38.000000000000000,950.000000000000000,No,0.000000000000000,0.000000000000000,0.000000000000000,0.000000000000000,0.000000000000000,0.000000000000000,0.000000000000000,0.000000000000000,25/95,0.000000000000000,0.000000000000000,0.000000000000000,0.000000000000000,0.000000000000000,0.000000000000000,0.000000000000000,0.000000000000000, , ,{7BA0756F-C027-43D8-BA37-F4E6A71FADDA},19/08/2025 0:00:00, ,19/08/2025 0:00:00, ,0.000000000000000,Roy Trustee 2022 Ltd,Johnson Forestry Services
{BB14D754-E5D6-4ACC-A3A3-1550E0204BE0},4387.000000000000000,No,20/11.64,43.000000000000000,1075.000000000000000,Yes,0.000000000000000,2.000000000000000,0.000000000000000,0.000000000000000,0.000000000000000,0.000000000000000,0.000000000000000,0.000000000000000,25/95,0.000000000000000,0.046511627907000,0.000000000000000,0.000000000000000,0.000000000000000,0.000000000000000,0.000000000000000,0.000000000000000, , ,{7BA0756F-C027-43D8-BA37-F4E6A71FADDA},19/08/2025 0:00:00, ,19/08/2025 0:00:00, ,2.000000000000000,Roy Trustee 2022 Ltd,Johnson Forestry Services
{977A83C3-9923-4DE3-A574-4DFB3B4844F9},4391.000000000000000,No,10/11.37,44.000000000000000,1100.000000000000000,Yes,0.000000000000000,2.000000000000000,1.000000000000000,0.000000000000000,0.000000000000000,0.000000000000000,0.000000000000000,0.000000000000000,25/95,0.000000000000000,0.045454545454500,0.022727272727300,0.000000000000000,0.000000000000000,0.000000000000000,0.000000000000000,0.000000000000000, , ,{7BA0756F-C027-43D8-BA37-F4E6A71FADDA},19/08/2025 0:00:00, ,19/08/2025 0:00:00, ,5.000000000000000,Roy Trustee 2022 Ltd,Johnson Forestry Services
{A21DABF7-F4AF-4E0E-AD62-3931CDCA2B1A},4395.000000000000000,No,15/11.48,40.000000000000000,1000.000000000000000,Yes,0.000000000000000,1.000000000000000,0.000000000000000,0.000000000000000,0.000000000000000,0.000000000000000,1.000000000000000,0.000000000000000,25/95,0.000000000000000,0.025000000000000,0.000000000000000,0.000000000000000,0.000000000000000,0.000000000000000,0.025000000000000,0.000000000000000, , ,{7BA0756F-C027-43D8-BA37-F4E6A71FADDA},19/08/2025 0:00:00, ,19/08/2025 0:00:00, ,4.000000000000000,Roy Trustee 2022 Ltd,Johnson Forestry Services
{0823273A-B125-4903-91AD-B23A5D266888},4385.000000000000000,No,10/11.37,44.000000000000000,1100.000000000000000,Yes,0.000000000000000,0.000000000000000,0.000000000000000,0.000000000000000,0.000000000000000,0.000000000000000,1.000000000000000,0.000000000000000,25/95,0.000000000000000,0.000000000000000,0.000000000000000,0.000000000000000,0.000000000000000,0.000000000000000,0.022727272727300,0.000000000000000, , ,{7BA0756F-C027-43D8-BA37-F4E6A71FADDA},19/08/2025 0:00:00, ,19/08/2025 0:00:00, ,3.000000000000000,Roy Trustee 2022 Ltd,Johnson Forestry Services
{A39C1664-60E6-40D8-8958-E3E1B04F0826},4381.000000000000000,No,15/11.48,41.000000000000000,1025.000000000000000,No,0.000000000000000,0.000000000000000,0.000000000000000,0.000000000000000,0.000000000000000,0.000000000000000,0.000000000000000,0.000000000000000,25/95,0.000000000000000,0.000000000000000,0.000000000000000,0.000000000000000,0.000000000000000,0.000000000000000,0.000000000000000,0.000000000000000, , ,{7BA0756F-C027-43D8-BA37-F4E6A71FADDA},19/08/2025 0:00:00, ,19/08/2025 0:00:00, ,0.000000000000000,Roy Trustee 2022 Ltd,Johnson Forestry Services
{75D438E8-EF3A-4295-A4AB-68F643446988},4383.000000000000000,No,15/11.48,40.000000000000000,1000.000000000000000,Yes,0.000000000000000,1.000000000000000,0.000000000000000,0.000000000000000,0.000000000000000,0.000000000000000,1.000000000000000,0.000000000000000,25/95,0.000000000000000,0.025000000000000,0.000000000000000,0.000000000000000,0.000000000000000,0.000000000000000,0.025000000000000,0.000000000000000, , ,{7BA0756F-C027-43D8-BA37-F4E6A71FADDA},19/08/2025 0:00:00, ,19/08/2025 0:00:00, ,4.000000000000000,Roy Trustee 2022 Ltd,Johnson Forestry Services
{29FFAA9D-9843-4EB3-A92F-52221C1C179B},4377.000000000000000,No,15/11.48,39.000000000000000,975.000000000000000,Yes,0.000000000000000,2.000000000000000,0.000000000000000,0.000000000000000,0.000000000000000,0.000000000000000,0.000000000000000,0.000000000000000,25/95,0.000000000000000,0.051282051282100,0.000000000000000,0.000000000000000,0.000000000000000,0.000000000000000,0.000000000000000,0.000000000000000, , ,{7BA0756F-C027-43D8-BA37-F4E6A71FADDA},19/08/2025 0:00:00, ,19/08/2025 0:00:00, ,2.000000000000000,Roy Trustee 2022 Ltd,Johnson Forestry Services
{47FFFF86-8D87-478C-B27F-321557D21433},4373.000000000000000,No,5/11.31,46.000000000000000,1150.000000000000000,Yes,2.000000000000000,0.000000000000000,0.000000000000000,0.000000000000000,0.000000000000000,0.000000000000000,0.000000000000000,0.000000000000000,25/95,0.043478260869600,0.000000000000000,0.000000000000000,0.000000000000000,0.000000000000000,0.000000000000000,0.000000000000000,0.000000000000000,Yes,Stocking acceptable no reeork,{7BA0756F-C027-43D8-BA37-F4E6A71FADDA},19/08/2025 0:00:00, ,19/08/2025 0:00:00, ,2.000000000000000,Roy Trustee 2022 Ltd,Johnson Forestry Services
{FB132331-56AB-46F2-96FD-C51A0B9C6C79},4371.000000000000000,No,25/11.85,44.000000000000000,1100.000000000000000,Yes,0.000000000000000,0.000000000000000,0.000000000000000,0.000000000000000,0.000000000000000,0.000000000000000,2.000000000000000,0.000000000000000,25/95,0.000000000000000,0.000000000000000,0.000000000000000,0.000000000000000,0.000000000000000,0.000000000000000,0.045454545454500,0.000000000000000, , ,{7BA0756F-C027-43D8-BA37-F4E6A71FADDA},19/08/2025 0:00:00, ,19/08/2025 0:00:00, ,6.000000000000000,Roy Trustee 2022 Ltd,Johnson Forestry Services
{EFD78598-94A8-495E-A274-7C3B9A14E97C},4367.000000000000000,No,10/11.37,41.000000000000000,1025.000000000000000,Yes,1.000000000000000,1.000000000000000,1.000000000000000,0.000000000000000,0.000000000000000,0.000000000000000,0.000000000000000,0.000000000000000,25/95,0.024390243902400,0.024390243902400,0.024390243902400,0.000000000000000,0.000000000000000,0.000000000000000,0.000000000000000,0.000000000000000, , ,{7BA0756F-C027-43D8-BA37-F4E6A71FADDA},19/08/2025 0:00:00, ,19/08/2025 0:00:00, ,5.000000000000000,Roy Trustee 2022 Ltd,Johnson Forestry Services
{9B5ECD2E-C356-4372-A4A5-4A8147BC8677},4369.000000000000000,No,10/11.37,43.000000000000000,1075.000000000000000,No,0.000000000000000,0.000000000000000,0.000000000000000,0.000000000000000,0.000000000000000,0.000000000000000,0.000000000000000,0.000000000000000,25/95,0.000000000000000,0.000000000000000,0.000000000000000,0.000000000000000,0.000000000000000,0.000000000000000,0.000000000000000,0.000000000000000, , ,{7BA0756F-C027-43D8-BA37-F4E6A71FADDA},19/08/2025 0:00:00, ,19/08/2025 0:00:00, ,0.000000000000000,Roy Trustee 2022 Ltd,Johnson Forestry Services
{174F37FC-C0CD-4FA2-9CF7-E71767C9A31B},4375.000000000000000,No,10/11.37,39.000000000000000,975.000000000000000,Yes,0.000000000000000,1.000000000000000,1.000000000000000,0.000000000000000,0.000000000000000,0.000000000000000,0.000000000000000,0.000000000000000,25/95,0.000000000000000,0.025641025641000,0.025641025641000,0.000000000000000,0.000000000000000,0.000000000000000,0.000000000000000,0.000000000000000, , ,{7BA0756F-C027-43D8-BA37-F4E6A71FADDA},19/08/2025 0:00:00, ,19/08/2025 0:00:00, ,4.000000000000000,Roy Trustee 2022 Ltd,Johnson Forestry Services
{6DDA5951-3C27-458D-99C4-D0D5011BC4A8},4461.000000000000000,No,5/11.31,37.000000000000000,925.000000000000000,No,0.000000000000000,0.000000000000000,0.000000000000000,0.000000000000000,0.000000000000000,0.000000000000000,0.000000000000000,0.000000000000000,25/96,0.000000000000000,0.000000000000000,0.000000000000000,0.000000000000000,0.000000000000000,0.000000000000000,0.000000000000000,0.000000000000000, , ,{CA9A3035-A8E1-4869-8E29-C23CB6E80108},19/08/2025 0:00:00, ,19/08/2025 0:00:00, ,0.000000000000000,Roy Trustee 2022 Ltd,Johnson Forestry Services
{C19E490F-16CA-4C78-8625-17B94CCF11D2},4449.000000000000000,No,10/11.37,38.000000000000000,950.000000000000000,No,0.000000000000000,0.000000000000000,0.000000000000000,0.000000000000000,0.000000000000000,0.000000000000000,0.000000000000000,0.000000000000000,25/96,0.000000000000000,0.000000000000000,0.000000000000000,0.000000000000000,0.000000000000000,0.000000000000000,0.000000000000000,0.000000000000000, , ,{CA9A3035-A8E1-4869-8E29-C23CB6E80108},19/08/2025 0:00:00, ,19/08/2025 0:00:00, ,0.000000000000000,Roy Trustee 2022 Ltd,Johnson Forestry Services
{4764295F-D431-4DC8-A6F0-88E092B30327},4437.000000000000000,No,5/11.31,40.000000000000000,1000.000000000000000,No,0.000000000000000,0.000000000000000,0.000000000000000,0.000000000000000,0.000000000000000,0.000000000000000,0.000000000000000,0.000000000000000,25/96,0.000000000000000,0.000000000000000,0.000000000000000,0.000000000000000,0.000000000000000,0.000000000000000,0.000000000000000,0.000000000000000, , ,{CA9A3035-A8E1-4869-8E29-C23CB6E80108},19/08/2025 0:00:00, ,19/08/2025 0:00:00, ,0.000000000000000,Roy Trustee 2022 Ltd,Johnson Forestry Services
{5D78422F-E67C-4090-B46F-620339C5421C},2853.000000000000000,No,5/11.31,30.000000000000000,750.000000000000000,No,0.000000000000000,0.000000000000000,0.000000000000000,0.000000000000000,0.000000000000000,0.000000000000000,0.000000000000000,0.000000000000000,25/4,0.000000000000000,0.000000000000000,0.000000000000000,0.000000000000000,0.000000000000000,0.000000000000000,0.000000000000000,0.000000000000000,Yes,Plot falls inside large boggy area all availsble ground has been planted nobrework required,{91076381-7B64-42F5-9DC0-6E80FB03F2BF},20/08/2025 0:00:00, ,20/08/2025 0:00:00, ,0.000000000000000,Roy Trustee 2022 Ltd,Johnson Forestry Services
{113E4647-1A9B-4C81-9D1E-018A15F5E0F4},2849.000000000000000,No,15/11.48,40.000000000000000,1000.000000000000000,Yes,0.000000000000000,0.000000000000000,1.000000000000000,0.000000000000000,0.000000000000000,0.000000000000000,0.000000000000000,0.000000000000000,25/4,0.000000000000000,0.000000000000000,0.025000000000000,0.000000000000000,0.000000000000000,0.000000000000000,0.000000000000000,0.000000000000000, , ,{91076381-7B64-42F5-9DC0-6E80FB03F2BF},20/08/2025 0:00:00, ,20/08/2025 0:00:00, ,3.000000000000000,Roy Trustee 2022 Ltd,Johnson Forestry Services
{3A4A357F-B2B1-4093-BDED-EEB961A2FFC3},2855.000000000000000,No,20/11.64,40.000000000000000,1000.000000000000000,Yes,0.000000000000000,0.000000000000000,0.000000000000000,0.000000000000000,0.000000000000000,0.000000000000000,2.000000000000000,0.000000000000000,25/4,0.000000000000000,0.000000000000000,0.000000000000000,0.000000000000000,0.000000000000000,0.000000000000000,0.050000000000000,0.000000000000000, , ,{91076381-7B64-42F5-9DC0-6E80FB03F2BF},20/08/2025 0:00:00, ,20/08/2025 0:00:00, ,6.000000000000000,Roy Trustee 2022 Ltd,Johnson Forestry Services
{23B87701-BC26-402F-A641-FEEC89C926FD},2861.000000000000000,No,20/11.64,38.000000000000000,950.000000000000000,Yes,0.000000000000000,0.000000000000000,0.000000000000000,0.000000000000000,0.000000000000000,1.000000000000000,1.000000000000000,0.000000000000000,25/4,0.000000000000000,0.000000000000000,0.000000000000000,0.000000000000000,0.000000000000000,0.026315789473700,0.026315789473700,0.000000000000000, , ,{91076381-7B64-42F5-9DC0-6E80FB03F2BF},20/08/2025 0:00:00, ,20/08/2025 0:00:00, ,6.000000000000000,Roy Trustee 2022 Ltd,Johnson Forestry Services
{A1F040C1-3D57-4B9B-BA44-343601AC2F9B},2869.000000000000000,No,20/11.64,44.000000000000000,1100.000000000000000,Yes,0.000000000000000,0.000000000000000,0.000000000000000,0.000000000000000,1.000000000000000,0.000000000000000,1.000000000000000,0.000000000000000,25/4,0.000000000000000,0.000000000000000,0.000000000000000,0.000000000000000,0.022727272727300,0.000000000000000,0.022727272727300,0.000000000000000, , ,{91076381-7B64-42F5-9DC0-6E80FB03F2BF},20/08/2025 0:00:00, ,20/08/2025 0:00:00, ,6.000000000000000,Roy Trustee 2022 Ltd,Johnson Forestry Services
{50217DA6-22FE-4812-9AE6-B83CC2BC1518},2877.000000000000000,No,15/11.48,39.000000000000000,975.000000000000000,No,0.000000000000000,0.000000000000000,0.000000000000000,0.000000000000000,0.000000000000000,0.000000000000000,0.000000000000000,0.000000000000000,25/4,0.000000000000000,0.000000000000000,0.000000000000000,0.000000000000000,0.000000000000000,0.000000000000000,0.000000000000000,0.000000000000000, , ,{91076381-7B64-42F5-9DC0-6E80FB03F2BF},20/08/2025 0:00:00, ,20/08/2025 0:00:00, ,0.000000000000000,Roy Trustee 2022 Ltd,Johnson Forestry Services
{B7D4416D-F2FD-4C6C-8277-9E25E9953B65},2859.000000000000000,No,15/11.48,37.000000000000000,925.000000000000000,No,0.000000000000000,0.000000000000000,0.000000000000000,0.000000000000000,0.000000000000000,0.000000000000000,0.000000000000000,0.000000000000000,25/4,0.000000000000000,0.000000000000000,0.000000000000000,0.000000000000000,0.000000000000000,0.000000000000000,0.000000000000000,0.000000000000000, , ,{91076381-7B64-42F5-9DC0-6E80FB03F2BF},20/08/2025 0:00:00, ,20/08/2025 0:00:00, ,0.000000000000000,Roy Trustee 2022 Ltd,Johnson Forestry Services
{7DF994E0-ACC6-4DAB-99B3-689626CA88F0},2851.000000000000000,No,15/11.48,39.000000000000000,975.000000000000000,Yes,0.000000000000000,1.000000000000000,0.000000000000000,0.000000000000000,0.000000000000000,0.000000000000000,0.000000000000000,0.000000000000000,25/4,0.000000000000000,0.025641025641000,0.000000000000000,0.000000000000000,0.000000000000000,0.000000000000000,0.000000000000000,0.000000000000000, , ,{91076381-7B64-42F5-9DC0-6E80FB03F2BF},20/08/2025 0:00:00, ,20/08/2025 0:00:00, ,1.000000000000000,Roy Trustee 2022 Ltd,Johnson Forestry Services
{C1F183ED-81AE-4763-8A0B-334BFA4D8D43},2863.000000000000000,No,10/11.37,37.000000000000000,925.000000000000000,Yes,1.000000000000000,1.000000000000000,0.000000000000000,0.000000000000000,0.000000000000000,0.000000000000000,1.000000000000000,0.000000000000000,25/4,0.027027027027000,0.027027027027000,0.000000000000000,0.000000000000000,0.000000000000000,0.000000000000000,0.027027027027000,0.000000000000000, , ,{91076381-7B64-42F5-9DC0-6E80FB03F2BF},20/08/2025 0:00:00, ,20/08/2025 0:00:00, ,5.000000000000000,Roy Trustee 2022 Ltd,Johnson Forestry Services
{332EF393-98DB-41FC-9C6E-2227EF22E455},2857.000000000000000,No,15/11.48,36.000000000000000,900.000000000000000,Yes,0.000000000000000,0.000000000000000,0.000000000000000,0.000000000000000,0.000000000000000,1.000000000000000,0.000000000000000,0.000000000000000,25/4,0.000000000000000,0.000000000000000,0.000000000000000,0.000000000000000,0.000000000000000,0.027777777777800,0.000000000000000,0.000000000000000, , ,{91076381-7B64-42F5-9DC0-6E80FB03F2BF},20/08/2025 0:00:00, ,20/08/2025 0:00:00, ,3.000000000000000,Roy Trustee 2022 Ltd,Johnson Forestry Services
{805E2520-79E5-43A5-A134-ED8914EDAFAC},2885.000000000000000,No,20/11.64,41.000000000000000,1025.000000000000000,Yes,0.000000000000000,0.000000000000000,0.000000000000000,0.000000000000000,0.000000000000000,0.000000000000000,1.000000000000000,0.000000000000000,25/4,0.000000000000000,0.000000000000000,0.000000000000000,0.000000000000000,0.000000000000000,0.000000000000000,0.024390243902400,0.000000000000000, ,Plot moved off water way,{91076381-7B64-42F5-9DC0-6E80FB03F2BF},20/08/2025 0:00:00, ,20/08/2025 0:00:00, ,3.000000000000000,Roy Trustee 2022 Ltd,Johnson Forestry Services
{FE3E17CD-75D6-48E4-BFF5-3EA402842051},2883.000000000000000,No,20/11.64,39.000000000000000,975.000000000000000,Yes,0.000000000000000,0.000000000000000,0.000000000000000,0.000000000000000,0.000000000000000,0.000000000000000,2.000000000000000,0.000000000000000,25/4,0.000000000000000,0.000000000000000,0.000000000000000,0.000000000000000,0.000000000000000,0.000000000000000,0.051282051282100,0.000000000000000, ,Plot moved out of bog,{1F389759-DDDB-436E-93EE-F46A04053B17},21/08/2025 0:00:00, ,21/08/2025 0:00:00, ,6.000000000000000,Roy Trustee 2022 Ltd,Johnson Forestry Services
{A3E3A2DE-A74A-450B-A37E-615F303C1CEE},2875.000000000000000,No,20/11.64,44.000000000000000,1100.000000000000000,Yes,2.000000000000000,0.000000000000000,0.000000000000000,0.000000000000000,0.000000000000000,0.000000000000000,1.000000000000000,0.000000000000000,25/4,0.045454545454500,0.000000000000000,0.000000000000000,0.000000000000000,0.000000000000000,0.000000000000000,0.022727272727300,0.000000000000000, , ,{1F389759-DDDB-436E-93EE-F46A04053B17},21/08/2025 0:00:00, ,21/08/2025 0:00:00, ,5.000000000000000,Roy Trustee 2022 Ltd,Johnson Forestry Services
{133BC854-182B-4625-9BEE-1D849623F2EA},4693.000000000000000,No,15/11.48,38.000000000000000,950.000000000000000,No,0.000000000000000,0.000000000000000,0.000000000000000,0.000000000000000,0.000000000000000,0.000000000000000,0.000000000000000,0.000000000000000,25/4,0.000000000000000,0.000000000000000,0.000000000000000,0.000000000000000,0.000000000000000,0.000000000000000,0.000000000000000,0.000000000000000, , ,{B9764BC7-81E9-4655-B07C-AA40BD5A0539},22/08/2025 0:00:00, ,22/08/2025 0:00:00, ,0.000000000000000,Roy Trustee 2022 Ltd,Johnson Forestry Services
{DFD0BFA9-D9F1-4B35-8A20-34C14EB7FFB2},2867.000000000000000,No,15/11.48,41.000000000000000,1025.000000000000000,Yes,1.000000000000000,1.000000000000000,0.000000000000000,0.000000000000000,0.000000000000000,0.000000000000000,0.000000000000000,0.000000000000000,25/4,0.024390243902400,0.024390243902400,0.000000000000000,0.000000000000000,0.000000000000000,0.000000000000000,0.000000000000000,0.000000000000000, , ,{B9764BC7-81E9-4655-B07C-AA40BD5A0539},22/08/2025 0:00:00, ,22/08/2025 0:00:00, ,2.000000000000000,Roy Trustee 2022 Ltd,Johnson Forestry Services
{B0545FDC-3827-4265-A972-2646DCF7B238},2865.000000000000000,No,5/11.31,40.000000000000000,1000.000000000000000,No,0.000000000000000,0.000000000000000,0.000000000000000,0.000000000000000,0.000000000000000,0.000000000000000,0.000000000000000,0.000000000000000,25/4,0.000000000000000,0.000000000000000,0.000000000000000,0.000000000000000,0.000000000000000,0.000000000000000,0.000000000000000,0.000000000000000, , ,{B9764BC7-81E9-4655-B07C-AA40BD5A0539},22/08/2025 0:00:00, ,22/08/2025 0:00:00, ,0.000000000000000,Roy Trustee 2022 Ltd,Johnson Forestry Services
{3E9BFD78-89EA-4D71-BCF3-21022006CB87},2841.000000000000000,No,20/11.64,43.000000000000000,1075.000000000000000,Yes,0.000000000000000,0.000000000000000,0.000000000000000,0.000000000000000,0.000000000000000,0.000000000000000,2.000000000000000,0.000000000000000,25/4,0.000000000000000,0.000000000000000,0.000000000000000,0.000000000000000,0.000000000000000,0.000000000000000,0.046511627907000,0.000000000000000, , ,{B9764BC7-81E9-4655-B07C-AA40BD5A0539},22/08/2025 0:00:00, ,22/08/2025 0:00:00, ,6.000000000000000,Roy Trustee 2022 Ltd,Johnson Forestry Services
{70F271E5-46D9-4B04-8A80-4C68EDA301E0},2845.000000000000000,No,25/11.85,39.000000000000000,975.000000000000000,Yes,0.000000000000000,1.000000000000000,0.000000000000000,0.000000000000000,0.000000000000000,0.000000000000000,1.000000000000000,0.000000000000000,25/4,0.000000000000000,0.025641025641000,0.000000000000000,0.000000000000000,0.000000000000000,0.000000000000000,0.025641025641000,0.000000000000000, , ,{B9764BC7-81E9-4655-B07C-AA40BD5A0539},22/08/2025 0:00:00, ,22/08/2025 0:00:00, ,4.000000000000000,Roy Trustee 2022 Ltd,Johnson Forestry Services
{CFB8A14B-66A3-4355-B9D7-CF05FBF23E7F},2823.000000000000000,No,20/11.64,41.000000000000000,1025.000000000000000,Yes,0.000000000000000,0.000000000000000,0.000000000000000,0.000000000000000,0.000000000000000,0.000000000000000,1.000000000000000,0.000000000000000,25/4,0.000000000000000,0.000000000000000,0.000000000000000,0.000000000000000,0.000000000000000,0.000000000000000,0.024390243902400,0.000000000000000, , ,{B9764BC7-81E9-4655-B07C-AA40BD5A0539},22/08/2025 0:00:00, ,22/08/2025 0:00:00, ,3.000000000000000,Roy Trustee 2022 Ltd,Johnson Forestry Services
{9E654EAB-9D4D-4509-A896-C15B7ADC661A},2839.000000000000000,No,5/11.31,38.000000000000000,950.000000000000000,Yes,0.000000000000000,0.000000000000000,0.000000000000000,0.000000000000000,0.000000000000000,0.000000000000000,1.000000000000000,0.000000000000000,25/4,0.000000000000000,0.000000000000000,0.000000000000000,0.000000000000000,0.000000000000000,0.000000000000000,0.026315789473700,0.000000000000000, , ,{B9764BC7-81E9-4655-B07C-AA40BD5A0539},22/08/2025 0:00:00, ,22/08/2025 0:00:00, ,3.000000000000000,Roy Trustee 2022 Ltd,Johnson Forestry Services
{9111A38E-1B53-4F42-A514-7FA764105FD7},2487.000000000000000,No,5/11.31,47.000000000000000,1175.000000000000000,Yes,0.000000000000000,3.000000000000000,0.000000000000000,0.000000000000000,0.000000000000000,0.000000000000000,0.000000000000000,0.000000000000000,25/4,0.000000000000000,0.063829787234000,0.000000000000000,0.000000000000000,0.000000000000000,0.000000000000000,0.000000000000000,0.000000000000000,Yes, ,{B9764BC7-81E9-4655-B07C-AA40BD5A0539},22/08/2025 0:00:00, ,22/08/2025 0:00:00, ,3.000000000000000,Roy Trustee 2022 Ltd,Johnson Forestry Services
{248BE307-633E-47FE-A5B5-7C0BB3B43933},2843.000000000000000,No,5/11.31,43.000000000000000,1075.000000000000000,Yes,0.000000000000000,2.000000000000000,0.000000000000000,0.000000000000000,0.000000000000000,0.000000000000000,1.000000000000000,0.000000000000000,25/4,0.000000000000000,0.046511627907000,0.000000000000000,0.000000000000000,0.000000000000000,0.000000000000000,0.023255813953500,0.000000000000000, , ,{B9764BC7-81E9-4655-B07C-AA40BD5A0539},22/08/2025 0:00:00, ,22/08/2025 0:00:00, ,5.000000000000000,Roy Trustee 2022 Ltd,Johnson Forestry Services
{6D459E8F-8DBD-4D5B-8F60-6AC3DD48EE80},2837.000000000000000,No,25/11.85,41.000000000000000,1025.000000000000000,No,0.000000000000000,0.000000000000000,0.000000000000000,0.000000000000000,0.000000000000000,0.000000000000000,0.000000000000000,0.000000000000000,25/4,0.000000000000000,0.000000000000000,0.000000000000000,0.000000000000000,0.000000000000000,0.000000000000000,0.000000000000000,0.000000000000000, , ,{B20DB501-8981-4623-ABD9-50FCFB964D6C},25/08/2025 0:00:00, ,25/08/2025 0:00:00, ,0.000000000000000,Roy Trustee 2022 Ltd,Johnson Forestry Services
{F2AB4832-A18F-4610-8442-125249F2D293},2831.000000000000000,No,20/11.64,41.000000000000000,1025.000000000000000,Yes,0.000000000000000,0.000000000000000,0.000000000000000,0.000000000000000,0.000000000000000,1.000000000000000,1.000000000000000,0.000000000000000,25/4,0.000000000000000,0.000000000000000,0.000000000000000,0.000000000000000,0.000000000000000,0.024390243902400,0.024390243902400,0.000000000000000, , ,{B20DB501-8981-4623-ABD9-50FCFB964D6C},25/08/2025 0:00:00, ,25/08/2025 0:00:00, ,6.000000000000000,Roy Trustee 2022 Ltd,Johnson Forestry Services
{BC014F2A-C368-4CD3-9703-B135B769CDFC},2825.000000000000000,No,25/11.85,46.000000000000000,1150.000000000000000,Yes,0.000000000000000,2.000000000000000,0.000000000000000,0.000000000000000,0.000000000000000,0.000000000000000,0.000000000000000,0.000000000000000,25/4,0.000000000000000,0.043478260869600,0.000000000000000,0.000000000000000,0.000000000000000,0.000000000000000,0.000000000000000,0.000000000000000,Yes, ,{B20DB501-8981-4623-ABD9-50FCFB964D6C},25/08/2025 0:00:00, ,25/08/2025 0:00:00, ,2.000000000000000,Roy Trustee 2022 Ltd,Johnson Forestry Services
{9A7D451D-A0BF-470A-B2D1-F52FCD308F65},2817.000000000000000,No,25/11.85,42.000000000000000,1050.000000000000000,Yes,0.000000000000000,2.000000000000000,0.000000000000000,0.000000000000000,0.000000000000000,0.000000000000000,1.000000000000000,0.000000000000000,25/4,0.000000000000000,0.047619047619000,0.000000000000000,0.000000000000000,0.000000000000000,0.000000000000000,0.023809523809500,0.000000000000000, , ,{B20DB501-8981-4623-ABD9-50FCFB964D6C},25/08/2025 0:00:00, ,25/08/2025 0:00:00, ,5.000000000000000,Roy Trustee 2022 Ltd,Johnson Forestry Services
{D7D884E1-3F98-434F-A4B5-1D3EB0D2E640},2813.000000000000000,No,5/11.31,43.000000000000000,1075.000000000000000,Yes,0.000000000000000,3.000000000000000,0.000000000000000,0.000000000000000,0.000000000000000,0.000000000000000,0.000000000000000,0.000000000000000,25/4,0.000000000000000,0.069767441860500,0.000000000000000,0.000000000000000,0.000000000000000,0.000000000000000,0.000000000000000,0.000000000000000, , ,{B20DB501-8981-4623-ABD9-50FCFB964D6C},25/08/2025 0:00:00, ,25/08/2025 0:00:00, ,3.000000000000000,Roy Trustee 2022 Ltd,Johnson Forestry Services
{708D8F91-2DAE-4354-A731-B2DA43E43143},2815.000000000000000,No,20/11.64,41.000000000000000,1025.000000000000000,Yes,0.000000000000000,2.000000000000000,0.000000000000000,0.000000000000000,0.000000000000000,0.000000000000000,0.000000000000000,0.000000000000000,25/4,0.000000000000000,0.048780487804900,0.000000000000000,0.000000000000000,0.000000000000000,0.000000000000000,0.000000000000000,0.000000000000000, , ,{B20DB501-8981-4623-ABD9-50FCFB964D6C},25/08/2025 0:00:00, ,25/08/2025 0:00:00, ,2.000000000000000,Roy Trustee 2022 Ltd,Johnson Forestry Services
{F7CF3DEA-1302-4943-A431-13209C860316},2803.000000000000000,No,25/11.85,44.000000000000000,1100.000000000000000,Yes,0.000000000000000,3.000000000000000,0.000000000000000,0.000000000000000,0.000000000000000,0.000000000000000,1.000000000000000,0.000000000000000,25/4,0.000000000000000,0.068181818181800,0.000000000000000,0.000000000000000,0.000000000000000,0.000000000000000,0.022727272727300,0.000000000000000, , ,{B20DB501-8981-4623-ABD9-50FCFB964D6C},25/08/2025 0:00:00, ,25/08/2025 0:00:00, ,6.000000000000000,Roy Trustee 2022 Ltd,Johnson Forestry Services
{F7B345C5-6BCD-46E4-AA18-845385F550E1},2791.000000000000000,No,20/11.64,38.000000000000000,950.000000000000000,No,0.000000000000000,0.000000000000000,0.000000000000000,0.000000000000000,0.000000000000000,0.000000000000000,0.000000000000000,0.000000000000000,25/4,0.000000000000000,0.000000000000000,0.000000000000000,0.000000000000000,0.000000000000000,0.000000000000000,0.000000000000000,0.000000000000000, , ,{B20DB501-8981-4623-ABD9-50FCFB964D6C},25/08/2025 0:00:00, ,25/08/2025 0:00:00, ,0.000000000000000,Roy Trustee 2022 Ltd,Johnson Forestry Services
{5DE2F783-ECDB-4E04-9FFA-03236F95404B},2871.000000000000000,No,20/11.64,44.000000000000000,1100.000000000000000,No,0.000000000000000,0.000000000000000,0.000000000000000,0.000000000000000,0.000000000000000,0.000000000000000,0.000000000000000,0.000000000000000,25/4,0.000000000000000,0.000000000000000,0.000000000000000,0.000000000000000,0.000000000000000,0.000000000000000,0.000000000000000,0.000000000000000, , ,{B20DB501-8981-4623-ABD9-50FCFB964D6C},25/08/2025 0:00:00, ,25/08/2025 0:00:00, ,0.000000000000000,Roy Trustee 2022 Ltd,Johnson Forestry Services
{57B31933-F76F-4C7B-9100-90C3AA1E33FA},2873.000000000000000,No,5/11.31,39.000000000000000,975.000000000000000,Yes,1.000000000000000,1.000000000000000,0.000000000000000,0.000000000000000,0.000000000000000,0.000000000000000,0.000000000000000,0.000000000000000,25/4,0.025641025641000,0.025641025641000,0.000000000000000,0.000000000000000,0.000000000000000,0.000000000000000,0.000000000000000,0.000000000000000, , ,{B20DB501-8981-4623-ABD9-50FCFB964D6C},25/08/2025 0:00:00, ,25/08/2025 0:00:00, ,2.000000000000000,Roy Trustee 2022 Ltd,Johnson Forestry Services
{172F9740-44B7-4F7E-813A-10F7BFE7E02D},2913.000000000000000,No,5/11.31,41.000000000000000,1025.000000000000000,Yes,0.000000000000000,3.000000000000000,0.000000000000000,0.000000000000000,1.000000000000000,0.000000000000000,0.000000000000000,0.000000000000000,25/12,0.000000000000000,0.073170731707300,0.000000000000000,0.000000000000000,0.024390243902400,0.000000000000000,0.000000000000000,0.000000000000000, , ,{CD40C412-72A4-461F-A47C-D993970DC826},26/08/2025 0:00:00, ,26/08/2025 0:00:00, ,6.000000000000000,Roy Trustee 2022 Ltd,Proforest
{9685A3A3-0700-46C5-A5E3-A7720D75F387},2907.000000000000000,No,5/11.31,37.000000000000000,925.000000000000000,Yes,0.000000000000000,3.000000000000000,0.000000000000000,0.000000000000000,0.000000000000000,0.000000000000000,1.000000000000000,0.000000000000000,25/12,0.000000000000000,0.081081081081100,0.000000000000000,0.000000000000000,0.000000000000000,0.000000000000000,0.027027027027000,0.000000000000000, , ,{FCA902DC-7DD7-46E6-8383-09034A3F4676},26/08/2025 0:00:00, ,25/09/2025 0:00:00,ScarlettMichelle,6.000000000000000,Roy Trustee 2022 Ltd,Proforest
{B61614C7-1721-4DC2-BFD1-CB21A3AEB61D},2879.000000000000000,No,20/11.64,36.000000000000000,900.000000000000000,Yes,0.000000000000000,0.000000000000000,0.000000000000000,0.000000000000000,0.000000000000000,0.000000000000000,1.000000000000000,0.000000000000000,25/4,0.000000000000000,0.000000000000000,0.000000000000000,0.000000000000000,0.000000000000000,0.000000000000000,0.027777777777800,0.000000000000000, , ,{BD56872E-2723-41F1-BFA2-703B98CD6710},27/08/2025 0:00:00, ,27/08/2025 0:00:00, ,3.000000000000000,Roy Trustee 2022 Ltd,Johnson Forestry Services
{D6D5E92A-73FE-464C-8DA5-88F1605EAE6C},2887.000000000000000,No,20/11.64,44.000000000000000,1100.000000000000000,No,0.000000000000000,0.000000000000000,0.000000000000000,0.000000000000000,0.000000000000000,0.000000000000000,0.000000000000000,0.000000000000000,25/4,0.000000000000000,0.000000000000000,0.000000000000000,0.000000000000000,0.000000000000000,0.000000000000000,0.000000000000000,0.000000000000000, , ,{BD56872E-2723-41F1-BFA2-703B98CD6710},27/08/2025 0:00:00, ,27/08/2025 0:00:00, ,0.000000000000000,Roy Trustee 2022 Ltd,Johnson Forestry Services
{3546C333-8A7C-47CC-9163-0D9EB39B9425},2881.000000000000000,No,10/11.37,44.000000000000000,1100.000000000000000,No,0.000000000000000,0.000000000000000,0.000000000000000,0.000000000000000,0.000000000000000,0.000000000000000,0.000000000000000,0.000000000000000,25/4,0.000000000000000,0.000000000000000,0.000000000000000,0.000000000000000,0.000000000000000,0.000000000000000,0.000000000000000,0.000000000000000, , ,{BD56872E-2723-41F1-BFA2-703B98CD6710},27/08/2025 0:00:00, ,27/08/2025 0:00:00, ,0.000000000000000,Roy Trustee 2022 Ltd,Johnson Forestry Services
{6BFBD9CB-0E91-4E22-B62D-E494C5F8B938},2889.000000000000000,No,10/11.37,43.000000000000000,1075.000000000000000,No,0.000000000000000,0.000000000000000,0.000000000000000,0.000000000000000,0.000000000000000,0.000000000000000,0.000000000000000,0.000000000000000,25/4,0.000000000000000,0.000000000000000,0.000000000000000,0.000000000000000,0.000000000000000,0.000000000000000,0.000000000000000,0.000000000000000, , ,{BD56872E-2723-41F1-BFA2-703B98CD6710},27/08/2025 0:00:00, ,27/08/2025 0:00:00, ,0.000000000000000,Roy Trustee 2022 Ltd,Johnson Forestry Services
{0566253F-CBC4-4589-98FD-36F19AEBFAD0},2893.000000000000000,No,20/11.64,41.000000000000000,1025.000000000000000,Yes,1.000000000000000,1.000000000000000,0.000000000000000,0.000000000000000,0.000000000000000,0.000000000000000,0.000000000000000,0.000000000000000,25/4,0.024390243902400,0.024390243902400,0.000000000000000,0.000000000000000,0.000000000000000,0.000000000000000,0.000000000000000,0.000000000000000, , ,{BD56872E-2723-41F1-BFA2-703B98CD6710},27/08/2025 0:00:00, ,27/08/2025 0:00:00, ,2.000000000000000,Roy Trustee 2022 Ltd,Johnson Forestry Services
{54E5C3B6-DD39-4845-9085-BD651BA348F5},2897.000000000000000,No,20/11.64,43.000000000000000,1075.000000000000000,Yes,1.000000000000000,0.000000000000000,0.000000000000000,0.000000000000000,0.000000000000000,0.000000000000000,0.000000000000000,0.000000000000000,25/4,0.023255813953500,0.000000000000000,0.000000000000000,0.000000000000000,0.000000000000000,0.000000000000000,0.000000000000000,0.000000000000000, , ,{BD56872E-2723-41F1-BFA2-703B98CD6710},27/08/2025 0:00:00, ,27/08/2025 0:00:00, ,1.000000000000000,Roy Trustee 2022 Ltd,Johnson Forestry Services
{EA680AF2-90A7-4241-83B0-AA063622430F},2899.000000000000000,No,15/11.48,34.000000000000000,850.000000000000000,No,0.000000000000000,0.000000000000000,0.000000000000000,0.000000000000000,0.000000000000000,0.000000000000000,0.000000000000000,0.000000000000000,25/4,0.000000000000000,0.000000000000000,0.000000000000000,0.000000000000000,0.000000000000000,0.000000000000000,0.000000000000000,0.000000000000000,Yes,Plot moved off track and has boggy areas within it all available ground has been planted no rework required,{BD56872E-2723-41F1-BFA2-703B98CD6710},27/08/2025 0:00:00, ,27/08/2025 0:00:00, ,0.000000000000000,Roy Trustee 2022 Ltd,Johnson Forestry Services
{BC927CE2-8605-4A17-B020-F10D6CD29DFC},2927.000000000000000,No,5/11.31,45.000000000000000,1125.000000000000000,Yes,0.000000000000000,3.000000000000000,0.000000000000000,0.000000000000000,0.000000000000000,0.000000000000000,0.000000000000000,0.000000000000000,25/12,0.000000000000000,0.066666666666700,0.000000000000000,0.000000000000000,0.000000000000000,0.000000000000000,0.000000000000000,0.000000000000000,Yes, ,{7EDBE83C-1F8D-4270-963C-92D4ABD30255},27/08/2025 0:00:00, ,27/08/2025 0:00:00, ,3.000000000000000,Roy Trustee 2022 Ltd,Proforest
{9E7E822A-DBA8-4C0A-9ABE-E5C154CA5AD3},2931.000000000000000,No,10/11.37,39.000000000000000,975.000000000000000,Yes,0.000000000000000,2.000000000000000,1.000000000000000,0.000000000000000,0.000000000000000,0.000000000000000,0.000000000000000,0.000000000000000,25/12,0.000000000000000,0.051282051282100,0.025641025641000,0.000000000000000,0.000000000000000,0.000000000000000,0.000000000000000,0.000000000000000, ,Long roots,{7EDBE83C-1F8D-4270-963C-92D4ABD30255},27/08/2025 0:00:00, ,27/08/2025 0:00:00, ,5.000000000000000,Roy Trustee 2022 Ltd,Proforest
{3273FC2C-D0AC-4E66-8F21-93F03B43A430},2945.000000000000000,No,20/11.64,44.000000000000000,1100.000000000000000,Yes,0.000000000000000,0.000000000000000,1.000000000000000,0.000000000000000,0.000000000000000,0.000000000000000,1.000000000000000,0.000000000000000,25/12,0.000000000000000,0.000000000000000,0.022727272727300,0.000000000000000,0.000000000000000,0.000000000000000,0.022727272727300,0.000000000000000, , ,{7EDBE83C-1F8D-4270-963C-92D4ABD30255},27/08/2025 0:00:00, ,27/08/2025 0:00:00, ,6.000000000000000,Roy Trustee 2022 Ltd,Proforest
{208A3AB5-A176-448B-B803-DCFBD5C69C3A},2929.000000000000000,No,5/11.31,42.000000000000000,1050.000000000000000,Yes,0.000000000000000,2.000000000000000,0.000000000000000,0.000000000000000,0.000000000000000,1.000000000000000,0.000000000000000,0.000000000000000,25/12,0.000000000000000,0.000000000000000,0.000000000000000,0.000000000000000,0.000000000000000,0.000000000000000,0.000000000000000,0.000000000000000, , ,{7EDBE83C-1F8D-4270-963C-92D4ABD30255},27/08/2025 0:00:00, ,25/09/2025 0:00:00,ScarlettMichelle,5.000000000000000,Roy Trustee 2022 Ltd,Proforest
{854C9FAE-A5A2-437C-A2B8-8B4CAE943556},2911.000000000000000,No,20/11.64,45.000000000000000,1125.000000000000000,Yes,2.000000000000000,2.000000000000000,0.000000000000000,0.000000000000000,0.000000000000000,0.000000000000000,0.000000000000000,0.000000000000000,25/12,0.044444444444400,0.044444444444400,0.000000000000000,0.000000000000000,0.000000000000000,0.000000000000000,0.000000000000000,0.000000000000000,Yes, ,{7EDBE83C-1F8D-4270-963C-92D4ABD30255},27/08/2025 0:00:00, ,27/08/2025 0:00:00, ,4.000000000000000,Roy Trustee 2022 Ltd,Proforest
{68163E00-0391-4F11-ADEC-5C6E7A8540C9},2911.000000000000000,No,20/11.64,38.000000000000000,950.000000000000000,Yes,0.000000000000000,2.000000000000000,0.000000000000000,0.000000000000000,0.000000000000000,0.000000000000000,0.000000000000000,0.000000000000000,25/12,0.000000000000000,0.000000000000000,0.000000000000000,0.000000000000000,0.000000000000000,0.000000000000000,0.000000000000000,0.000000000000000, , ,{7EDBE83C-1F8D-4270-963C-92D4ABD30255},27/08/2025 0:00:00, ,25/09/2025 0:00:00,ScarlettMichelle,2.000000000000000,Roy Trustee 2022 Ltd,Proforest
{281DBCCA-B35F-420D-A50E-5F4E8516587E},2909.000000000000000,No,25/11.85,44.000000000000000,1100.000000000000000,Yes,1.000000000000000,2.000000000000000,0.000000000000000,0.000000000000000,0.000000000000000,0.000000000000000,0.000000000000000,0.000000000000000,25/12,0.000000000000000,0.000000000000000,0.000000000000000,0.000000000000000,0.000000000000000,0.000000000000000,0.000000000000000,0.000000000000000, , ,{7EDBE83C-1F8D-4270-963C-92D4ABD30255},27/08/2025 0:00:00, ,25/09/2025 0:00:00,ScarlettMichelle,3.000000000000000,Roy Trustee 2022 Ltd,Proforest
{DE5E674A-C83A-442C-8BA8-85F70BB4E3F4},2925.000000000000000,No,10/11.37,40.000000000000000,1000.000000000000000,Yes,1.000000000000000,0.000000000000000,0.000000000000000,0.000000000000000,0.000000000000000,0.000000000000000,0.000000000000000,0.000000000000000,25/12,0.000000000000000,0.000000000000000,0.000000000000000,0.000000000000000,0.000000000000000,0.000000000000000,0.000000000000000,0.000000000000000, , ,{7EDBE83C-1F8D-4270-963C-92D4ABD30255},27/08/2025 0:00:00, ,25/09/2025 0:00:00,ScarlettMichelle,1.000000000000000,Roy Trustee 2022 Ltd,Proforest
{0A92D03F-6ABB-4959-AAA0-8D642131661A},2941.000000000000000,No,10/11.37,41.000000000000000,1025.000000000000000,Yes,0.000000000000000,2.000000000000000,0.000000000000000,0.000000000000000,0.000000000000000,0.000000000000000,0.000000000000000,0.000000000000000,25/12,0.000000000000000,0.048780487804900,0.000000000000000,0.000000000000000,0.000000000000000,0.000000000000000,0.000000000000000,0.000000000000000, , ,{7EDBE83C-1F8D-4270-963C-92D4ABD30255},27/08/2025 0:00:00, ,27/08/2025 0:00:00, ,2.000000000000000,Roy Trustee 2022 Ltd,Proforest
{659C4953-1487-4E6D-BCBE-2F0BFDAFDA64},4691.000000000000000,No,15/11.48,42.000000000000000,1050.000000000000000,Yes,1.000000000000000,0.000000000000000,0.000000000000000,0.000000000000000,0.000000000000000,0.000000000000000,0.000000000000000,0.000000000000000,25/4,0.023809523809500,0.000000000000000,0.000000000000000,0.000000000000000,0.000000000000000,0.000000000000000,0.000000000000000,0.000000000000000, , ,{9AF47D04-467B-4608-8863-D7D28B004585},28/08/2025 0:00:00, ,28/08/2025 0:00:00, ,1.000000000000000,Roy Trustee 2022 Ltd,Johnson Forestry Services
{49AD76FC-5E17-45B6-8A72-B9987D6E24B3},2833.000000000000000,No,20/11.64,41.000000000000000,1025.000000000000000,No,0.000000000000000,0.000000000000000,0.000000000000000,0.000000000000000,0.000000000000000,0.000000000000000,0.000000000000000,0.000000000000000,25/4,0.000000000000000,0.000000000000000,0.000000000000000,0.000000000000000,0.000000000000000,0.000000000000000,0.000000000000000,0.000000000000000, , ,{9AF47D04-467B-4608-8863-D7D28B004585},28/08/2025 0:00:00, ,28/08/2025 0:00:00, ,0.000000000000000,Roy Trustee 2022 Ltd,Johnson Forestry Services
{84820FF2-2142-494F-A58C-7838C200B544},2827.000000000000000,No,20/11.64,41.000000000000000,1025.000000000000000,No,0.000000000000000,0.000000000000000,0.000000000000000,0.000000000000000,0.000000000000000,0.000000000000000,0.000000000000000,0.000000000000000,25/4,0.000000000000000,0.000000000000000,0.000000000000000,0.000000000000000,0.000000000000000,0.000000000000000,0.000000000000000,0.000000000000000, , ,{9AF47D04-467B-4608-8863-D7D28B004585},28/08/2025 0:00:00, ,28/08/2025 0:00:00, ,0.000000000000000,Roy Trustee 2022 Ltd,Johnson Forestry Services
{88888DB9-0548-42C8-8EEA-9A73DEB9A2D9},2819.000000000000000,No,25/11.85,44.000000000000000,1100.000000000000000,No,0.000000000000000,0.000000000000000,0.000000000000000,0.000000000000000,0.000000000000000,0.000000000000000,0.000000000000000,0.000000000000000,25/4,0.000000000000000,0.000000000000000,0.000000000000000,0.000000000000000,0.000000000000000,0.000000000000000,0.000000000000000,0.000000000000000, , ,{9AF47D04-467B-4608-8863-D7D28B004585},28/08/2025 0:00:00, ,28/08/2025 0:00:00, ,0.000000000000000,Roy Trustee 2022 Ltd,Johnson Forestry Services
{7E5D31D5-925E-454B-9AC2-546F2AB8CE63},2835.000000000000000,No,25/11.85,38.000000000000000,950.000000000000000,Yes,0.000000000000000,0.000000000000000,0.000000000000000,0.000000000000000,0.000000000000000,0.000000000000000,2.000000000000000,0.000000000000000,25/4,0.000000000000000,0.000000000000000,0.000000000000000,0.000000000000000,0.000000000000000,0.000000000000000,0.052631578947400,0.000000000000000, , ,{9AF47D04-467B-4608-8863-D7D28B004585},28/08/2025 0:00:00, ,28/08/2025 0:00:00, ,6.000000000000000,Roy Trustee 2022 Ltd,Johnson Forestry Services
{2059647A-21EE-418D-96D8-420EC7F1768C},2805.000000000000000,No,25/11.85,44.000000000000000,1100.000000000000000,No,0.000000000000000,0.000000000000000,0.000000000000000,0.000000000000000,0.000000000000000,0.000000000000000,0.000000000000000,0.000000000000000,25/4,0.000000000000000,0.000000000000000,0.000000000000000,0.000000000000000,0.000000000000000,0.000000000000000,0.000000000000000,0.000000000000000, , ,{9AF47D04-467B-4608-8863-D7D28B004585},28/08/2025 0:00:00, ,28/08/2025 0:00:00, ,0.000000000000000,Roy Trustee 2022 Ltd,Johnson Forestry Services
{3D7984DC-7A91-4D6F-BE45-AF2E2D9020DB},2493.000000000000000,No,20/11.64,44.000000000000000,1100.000000000000000,No,0.000000000000000,0.000000000000000,0.000000000000000,0.000000000000000,0.000000000000000,0.000000000000000,0.000000000000000,0.000000000000000,25/4,0.000000000000000,0.000000000000000,0.000000000000000,0.000000000000000,0.000000000000000,0.000000000000000,0.000000000000000,0.000000000000000, , ,{9AF47D04-467B-4608-8863-D7D28B004585},28/08/2025 0:00:00, ,28/08/2025 0:00:00, ,0.000000000000000,Roy Trustee 2022 Ltd,Johnson Forestry Services
{73D5120E-9A80-496B-9461-8A2A9BA6B42A},2783.000000000000000,No,25/11.85,44.000000000000000,1100.000000000000000,Yes,0.000000000000000,0.000000000000000,0.000000000000000,0.000000000000000,0.000000000000000,1.000000000000000,1.000000000000000,0.000000000000000,25/4,0.000000000000000,0.000000000000000,0.000000000000000,0.000000000000000,0.000000000000000,0.022727272727300,0.022727272727300,0.000000000000000, , ,{9AF47D04-467B-4608-8863-D7D28B004585},28/08/2025 0:00:00, ,28/08/2025 0:00:00, ,6.000000000000000,Roy Trustee 2022 Ltd,Johnson Forestry Services
{FCAF5753-0436-4053-980D-8D6107986B54},2771.000000000000000,No,15/11.48,44.000000000000000,1100.000000000000000,Yes,0.000000000000000,1.000000000000000,0.000000000000000,0.000000000000000,0.000000000000000,0.000000000000000,1.000000000000000,0.000000000000000,25/4,0.000000000000000,0.022727272727300,0.000000000000000,0.000000000000000,0.000000000000000,0.000000000000000,0.022727272727300,0.000000000000000, , ,{9AF47D04-467B-4608-8863-D7D28B004585},28/08/2025 0:00:00, ,28/08/2025 0:00:00, ,4.000000000000000,Roy Trustee 2022 Ltd,Johnson Forestry Services
{F52A15A6-AABA-4C02-B32A-33CF0497148E},2809.000000000000000,No,10/11.37,41.000000000000000,1025.000000000000000,Yes,1.000000000000000,1.000000000000000,0.000000000000000,0.000000000000000,0.000000000000000,0.000000000000000,0.000000000000000,0.000000000000000,25/4,0.024390243902400,0.024390243902400,0.000000000000000,0.000000000000000,0.000000000000000,0.000000000000000,0.000000000000000,0.000000000000000, , ,{6CE37C51-EED8-46ED-B56E-CB7B6F159EDA},3/09/2025 0:00:00, ,3/09/2025 0:00:00, ,2.000000000000000,Roy Trustee 2022 Ltd,Johnson Forestry Services
{2A0BA5C7-90C0-492E-B404-CD135605005F},2797.000000000000000,No,15/11.48,40.000000000000000,1000.000000000000000,No,0.000000000000000,0.000000000000000,0.000000000000000,0.000000000000000,0.000000000000000,0.000000000000000,0.000000000000000,0.000000000000000,25/4,0.000000000000000,0.000000000000000,0.000000000000000,0.000000000000000,0.000000000000000,0.000000000000000,0.000000000000000,0.000000000000000, , ,{6CE37C51-EED8-46ED-B56E-CB7B6F159EDA},3/09/2025 0:00:00, ,3/09/2025 0:00:00, ,0.000000000000000,Roy Trustee 2022 Ltd,Johnson Forestry Services
{CA914A95-477F-4C5A-BE34-CF0577DB4C7D},2795.000000000000000,No,20/11.64,37.000000000000000,925.000000000000000,No,0.000000000000000,0.000000000000000,0.000000000000000,0.000000000000000,0.000000000000000,0.000000000000000,0.000000000000000,0.000000000000000,25/4,0.000000000000000,0.000000000000000,0.000000000000000,0.000000000000000,0.000000000000000,0.000000000000000,0.000000000000000,0.000000000000000, , ,{6CE37C51-EED8-46ED-B56E-CB7B6F159EDA},3/09/2025 0:00:00, ,3/09/2025 0:00:00, ,0.000000000000000,Roy Trustee 2022 Ltd,Johnson Forestry Services
{703E9EE9-C51D-4FDD-9875-3C84E3B1DA10},2775.000000000000000,No,20/11.64,44.000000000000000,1100.000000000000000,No,0.000000000000000,0.000000000000000,0.000000000000000,0.000000000000000,0.000000000000000,0.000000000000000,0.000000000000000,0.000000000000000,25/4,0.000000000000000,0.000000000000000,0.000000000000000,0.000000000000000,0.000000000000000,0.000000000000000,0.000000000000000,0.000000000000000, , ,{6CE37C51-EED8-46ED-B56E-CB7B6F159EDA},3/09/2025 0:00:00, ,3/09/2025 0:00:00, ,0.000000000000000,Roy Trustee 2022 Ltd,Johnson Forestry Services
{FAD26E38-C1E6-401F-ADF2-E67D842D2215},2785.000000000000000,No,15/11.48,40.000000000000000,1000.000000000000000,Yes,0.000000000000000,2.000000000000000,0.000000000000000,0.000000000000000,0.000000000000000,0.000000000000000,1.000000000000000,0.000000000000000,25/4,0.000000000000000,0.050000000000000,0.000000000000000,0.000000000000000,0.000000000000000,0.000000000000000,0.025000000000000,0.000000000000000, , ,{6CE37C51-EED8-46ED-B56E-CB7B6F159EDA},3/09/2025 0:00:00, ,3/09/2025 0:00:00, ,5.000000000000000,Roy Trustee 2022 Ltd,Johnson Forestry Services
{E8EB7D17-0FEE-4686-B6BA-331B8443595A},2807.000000000000000,No,15/11.48,41.000000000000000,1025.000000000000000,No,0.000000000000000,0.000000000000000,0.000000000000000,0.000000000000000,0.000000000000000,0.000000000000000,0.000000000000000,0.000000000000000,25/4,0.000000000000000,0.000000000000000,0.000000000000000,0.000000000000000,0.000000000000000,0.000000000000000,0.000000000000000,0.000000000000000, , ,{6CE37C51-EED8-46ED-B56E-CB7B6F159EDA},3/09/2025 0:00:00, ,3/09/2025 0:00:00, ,0.000000000000000,Roy Trustee 2022 Ltd,Johnson Forestry Services
{A65F7C80-4FAD-47F9-B564-2F695CA1A457},2821.000000000000000,No,20/11.64,40.000000000000000,1000.000000000000000,No,0.000000000000000,0.000000000000000,0.000000000000000,0.000000000000000,0.000000000000000,0.000000000000000,0.000000000000000,0.000000000000000,25/4,0.000000000000000,0.000000000000000,0.000000000000000,0.000000000000000,0.000000000000000,0.000000000000000,0.000000000000000,0.000000000000000, , ,{6CE37C51-EED8-46ED-B56E-CB7B6F159EDA},3/09/2025 0:00:00, ,3/09/2025 0:00:00, ,0.000000000000000,Roy Trustee 2022 Ltd,Johnson Forestry Services
{DE2B7153-6CD4-4F6B-99B7-53DA5BD278B4},2799.000000000000000,No,15/11.48,41.000000000000000,1025.000000000000000,No,0.000000000000000,0.000000000000000,0.000000000000000,0.000000000000000,0.000000000000000,0.000000000000000,0.000000000000000,0.000000000000000,25/4,0.000000000000000,0.000000000000000,0.000000000000000,0.000000000000000,0.000000000000000,0.000000000000000,0.000000000000000,0.000000000000000, , ,{6CE37C51-EED8-46ED-B56E-CB7B6F159EDA},3/09/2025 0:00:00, ,3/09/2025 0:00:00, ,0.000000000000000,Roy Trustee 2022 Ltd,Johnson Forestry Services
{BE2DBCC5-C2E1-4EE4-B9FB-86D72F297754},2811.000000000000000,No,10/11.37,43.000000000000000,1075.000000000000000,No,0.000000000000000,0.000000000000000,0.000000000000000,0.000000000000000,0.000000000000000,0.000000000000000,0.000000000000000,0.000000000000000,25/4,0.000000000000000,0.000000000000000,0.000000000000000,0.000000000000000,0.000000000000000,0.000000000000000,0.000000000000000,0.000000000000000, , ,{6CE37C51-EED8-46ED-B56E-CB7B6F159EDA},3/09/2025 0:00:00, ,3/09/2025 0:00:00, ,0.000000000000000,Roy Trustee 2022 Ltd,Johnson Forestry Services
{2F72A12F-50D9-46AB-AF4C-9DF3D052A244},2829.000000000000000,No,5/11.31,42.000000000000000,1050.000000000000000,No,0.000000000000000,0.000000000000000,0.000000000000000,0.000000000000000,0.000000000000000,0.000000000000000,0.000000000000000,0.000000000000000,25/4,0.000000000000000,0.000000000000000,0.000000000000000,0.000000000000000,0.000000000000000,0.000000000000000,0.000000000000000,0.000000000000000, , ,{6CE37C51-EED8-46ED-B56E-CB7B6F159EDA},3/09/2025 0:00:00, ,3/09/2025 0:00:00, ,0.000000000000000,Roy Trustee 2022 Ltd,Johnson Forestry Services
{CA25A05B-B5A8-4F65-A580-A6D84BEBFDAB},2773.000000000000000,No,20/11.64,44.000000000000000,1100.000000000000000,Yes,0.000000000000000,1.000000000000000,0.000000000000000,0.000000000000000,0.000000000000000,0.000000000000000,1.000000000000000,0.000000000000000,25/3,0.000000000000000,0.022727272727300,0.000000000000000,0.000000000000000,0.000000000000000,0.000000000000000,0.022727272727300,0.000000000000000, , ,{793184FE-A07A-4879-A240-1117A20F3928},3/09/2025 0:00:00, ,3/09/2025 0:00:00, ,4.000000000000000,Roy Trustee 2022 Ltd,Johnson Forestry Services
{0283981F-22C4-4A46-99E0-BB087A5E0B62},2781.000000000000000,No,25/11.85,44.000000000000000,1100.000000000000000,No,0.000000000000000,0.000000000000000,0.000000000000000,0.000000000000000,0.000000000000000,0.000000000000000,0.000000000000000,0.000000000000000,25/4,0.000000000000000,0.000000000000000,0.000000000000000,0.000000000000000,0.000000000000000,0.000000000000000,0.000000000000000,0.000000000000000, , ,{793184FE-A07A-4879-A240-1117A20F3928},3/09/2025 0:00:00, ,3/09/2025 0:00:00, ,0.000000000000000,Roy Trustee 2022 Ltd,Johnson Forestry Services
{7366DF91-8862-4D2A-93D3-F30FFAB5D7C7},2779.000000000000000,No,25/11.85,36.000000000000000,900.000000000000000,Yes,1.000000000000000,1.000000000000000,0.000000000000000,0.000000000000000,0.000000000000000,0.000000000000000,0.000000000000000,0.000000000000000,25/4,0.027777777777800,0.027777777777800,0.000000000000000,0.000000000000000,0.000000000000000,0.000000000000000,0.000000000000000,0.000000000000000, , ,{793184FE-A07A-4879-A240-1117A20F3928},3/09/2025 0:00:00, ,3/09/2025 0:00:00, ,2.000000000000000,Roy Trustee 2022 Ltd,Johnson Forestry Services
{95B5DC36-CC23-4C31-A900-E0A28C0D8536},2789.000000000000000,No,25/11.85,41.000000000000000,1025.000000000000000,No,0.000000000000000,0.000000000000000,0.000000000000000,0.000000000000000,0.000000000000000,0.000000000000000,0.000000000000000,0.000000000000000,25/4,0.000000000000000,0.000000000000000,0.000000000000000,0.000000000000000,0.000000000000000,0.000000000000000,0.000000000000000,0.000000000000000, , ,{793184FE-A07A-4879-A240-1117A20F3928},3/09/2025 0:00:00, ,3/09/2025 0:00:00, ,0.000000000000000,Roy Trustee 2022 Ltd,Johnson Forestry Services
{D7443039-46C4-4A6A-A651-B2150C06642B},2777.000000000000000,No,10/11.37,43.000000000000000,1075.000000000000000,Yes,0.000000000000000,1.000000000000000,0.000000000000000,0.000000000000000,0.000000000000000,0.000000000000000,0.000000000000000,0.000000000000000,25/4,0.000000000000000,0.023255813953500,0.000000000000000,0.000000000000000,0.000000000000000,0.000000000000000,0.000000000000000,0.000000000000000, , ,{793184FE-A07A-4879-A240-1117A20F3928},3/09/2025 0:00:00, ,3/09/2025 0:00:00, ,1.000000000000000,Roy Trustee 2022 Ltd,Johnson Forestry Services
{98ECA307-FF01-422E-9387-18987EDD4C8A},2787.000000000000000,No,10/11.37,42.000000000000000,1050.000000000000000,No,0.000000000000000,0.000000000000000,0.000000000000000,0.000000000000000,0.000000000000000,0.000000000000000,0.000000000000000,0.000000000000000,25/4,0.000000000000000,0.000000000000000,0.000000000000000,0.000000000000000,0.000000000000000,0.000000000000000,0.000000000000000,0.000000000000000, , ,{793184FE-A07A-4879-A240-1117A20F3928},3/09/2025 0:00:00, ,3/09/2025 0:00:00, ,0.000000000000000,Roy Trustee 2022 Ltd,Johnson Forestry Services
{E3F85635-5D62-4D63-9C67-29764F698B65},2801.000000000000000,No,5/11.31,41.000000000000000,1025.000000000000000,No,0.000000000000000,0.000000000000000,0.000000000000000,0.000000000000000,0.000000000000000,0.000000000000000,0.000000000000000,0.000000000000000,25/3,0.000000000000000,0.000000000000000,0.000000000000000,0.000000000000000,0.000000000000000,0.000000000000000,0.000000000000000,0.000000000000000, , ,{793184FE-A07A-4879-A240-1117A20F3928},3/09/2025 0:00:00, ,3/09/2025 0:00:00, ,0.000000000000000,Roy Trustee 2022 Ltd,Johnson Forestry Services
{D832BEB8-09EE-4BE1-935F-743B382DCBE3},4359.000000000000000,No,10/11.37,38.000000000000000,950.000000000000000,Yes,0.000000000000000,1.000000000000000,0.000000000000000,0.000000000000000,0.000000000000000,0.000000000000000,0.000000000000000,0.000000000000000,25/95,0.000000000000000,0.026315789473700,0.000000000000000,0.000000000000000,0.000000000000000,0.000000000000000,0.000000000000000,0.000000000000000, , ,{226ECF9D-48E7-4F95-84FD-D03CBDDAFA18},7/09/2025 0:00:00, ,7/09/2025 0:00:00, ,1.000000000000000,Roy Trustee 2022 Ltd,Johnson Forestry Services
{88342906-A54B-414C-BFF5-90C59E53156F},4361.000000000000000,No,20/11.64,37.000000000000000,925.000000000000000,No,0.000000000000000,0.000000000000000,0.000000000000000,0.000000000000000,0.000000000000000,0.000000000000000,0.000000000000000,0.000000000000000,25/95,0.000000000000000,0.000000000000000,0.000000000000000,0.000000000000000,0.000000000000000,0.000000000000000,0.000000000000000,0.000000000000000, , ,{226ECF9D-48E7-4F95-84FD-D03CBDDAFA18},7/09/2025 0:00:00, ,7/09/2025 0:00:00, ,0.000000000000000,Roy Trustee 2022 Ltd,Johnson Forestry Services
{D45F8711-B08C-44CB-B7AE-6A5D19FC6E9B},4365.000000000000000,No,5/11.31,42.000000000000000,1050.000000000000000,No,0.000000000000000,0.000000000000000,0.000000000000000,0.000000000000000,0.000000000000000,0.000000000000000,0.000000000000000,0.000000000000000,25/95,0.000000000000000,0.000000000000000,0.000000000000000,0.000000000000000,0.000000000000000,0.000000000000000,0.000000000000000,0.000000000000000, , ,{226ECF9D-48E7-4F95-84FD-D03CBDDAFA18},7/09/2025 0:00:00, ,7/09/2025 0:00:00, ,0.000000000000000,Roy Trustee 2022 Ltd,Johnson Forestry Services
{AF540BED-7E05-4646-B8DF-7CBC7A89B2F1},4357.000000000000000,No,20/11.64,42.000000000000000,1050.000000000000000,Yes,0.000000000000000,0.000000000000000,0.000000000000000,0.000000000000000,0.000000000000000,0.000000000000000,1.000000000000000,0.000000000000000,25/95,0.000000000000000,0.000000000000000,0.000000000000000,0.000000000000000,0.000000000000000,0.000000000000000,0.023809523809500,0.000000000000000, , ,{226ECF9D-48E7-4F95-84FD-D03CBDDAFA18},7/09/2025 0:00:00, ,7/09/2025 0:00:00, ,3.000000000000000,Roy Trustee 2022 Ltd,Johnson Forestry Services
{65DE4BEC-7BF4-481B-B22A-0F479A15E05D},4277.000000000000000,No,20/11.64,42.000000000000000,1050.000000000000000,Yes,1.000000000000000,0.000000000000000,0.000000000000000,0.000000000000000,0.000000000000000,0.000000000000000,0.000000000000000,0.000000000000000,25/95,0.023809523809500,0.000000000000000,0.000000000000000,0.000000000000000,0.000000000000000,0.000000000000000,0.000000000000000,0.000000000000000, , ,{226ECF9D-48E7-4F95-84FD-D03CBDDAFA18},7/09/2025 0:00:00, ,7/09/2025 0:00:00, ,1.000000000000000,Roy Trustee 2022 Ltd,Johnson Forestry Services
{E57BF6D7-E375-4F97-8B60-957FD7D8534F},4279.000000000000000,No,30/12.13,40.000000000000000,1000.000000000000000,Yes,0.000000000000000,0.000000000000000,0.000000000000000,0.000000000000000,0.000000000000000,0.000000000000000,2.000000000000000,0.000000000000000,25/95,0.000000000000000,0.000000000000000,0.000000000000000,0.000000000000000,0.000000000000000,0.000000000000000,0.050000000000000,0.000000000000000, , ,{226ECF9D-48E7-4F95-84FD-D03CBDDAFA18},7/09/2025 0:00:00, ,7/09/2025 0:00:00, ,6.000000000000000,Roy Trustee 2022 Ltd,Johnson Forestry Services
{3563A442-9DAC-4E8E-BE46-A5E3CBD4CC87},4201.000000000000000,No,5/11.31,36.000000000000000,900.000000000000000,No,0.000000000000000,0.000000000000000,0.000000000000000,0.000000000000000,0.000000000000000,0.000000000000000,0.000000000000000,0.000000000000000,25/95,0.000000000000000,0.000000000000000,0.000000000000000,0.000000000000000,0.000000000000000,0.000000000000000,0.000000000000000,0.000000000000000, , ,{226ECF9D-48E7-4F95-84FD-D03CBDDAFA18},7/09/2025 0:00:00, ,7/09/2025 0:00:00, ,0.000000000000000,Roy Trustee 2022 Ltd,Johnson Forestry Services
{FDCF7886-BCF2-428C-8E3A-5F1E23752388},4285.000000000000000,No,15/11.48,44.000000000000000,1100.000000000000000,Yes,0.000000000000000,3.000000000000000,0.000000000000000,0.000000000000000,0.000000000000000,0.000000000000000,0.000000000000000,0.000000000000000,25/95,0.000000000000000,0.068181818181800,0.000000000000000,0.000000000000000,0.000000000000000,0.000000000000000,0.000000000000000,0.000000000000000, , ,{226ECF9D-48E7-4F95-84FD-D03CBDDAFA18},7/09/2025 0:00:00, ,7/09/2025 0:00:00, ,3.000000000000000,Roy Trustee 2022 Ltd,Johnson Forestry Services
{E037635F-FFF2-400F-B8F2-A0B55DD8DF2B},4293.000000000000000,No,25/11.85,39.000000000000000,975.000000000000000,No,0.000000000000000,0.000000000000000,0.000000000000000,0.000000000000000,0.000000000000000,0.000000000000000,0.000000000000000,0.000000000000000,25/95,0.000000000000000,0.000000000000000,0.000000000000000,0.000000000000000,0.000000000000000,0.000000000000000,0.000000000000000,0.000000000000000, , ,{226ECF9D-48E7-4F95-84FD-D03CBDDAFA18},7/09/2025 0:00:00, ,7/09/2025 0:00:00, ,0.000000000000000,Roy Trustee 2022 Ltd,Johnson Forestry Services
{124CCD09-7729-4095-BAB4-863ED7140945},4299.000000000000000,No,15/11.48,42.000000000000000,1050.000000000000000,No,0.000000000000000,0.000000000000000,0.000000000000000,0.000000000000000,0.000000000000000,0.000000000000000,0.000000000000000,0.000000000000000,25/95,0.000000000000000,0.000000000000000,0.000000000000000,0.000000000000000,0.000000000000000,0.000000000000000,0.000000000000000,0.000000000000000, , ,{226ECF9D-48E7-4F95-84FD-D03CBDDAFA18},7/09/2025 0:00:00, ,7/09/2025 0:00:00, ,0.000000000000000,Roy Trustee 2022 Ltd,Johnson Forestry Services
{321F5C8B-16E4-4790-917A-F433D4816F4F},4291.000000000000000,No,25/11.85,36.000000000000000,900.000000000000000,Yes,0.000000000000000,1.000000000000000,0.000000000000000,0.000000000000000,0.000000000000000,1.000000000000000,0.000000000000000,0.000000000000000,25/95,0.000000000000000,0.027777777777800,0.000000000000000,0.000000000000000,0.000000000000000,0.027777777777800,0.000000000000000,0.000000000000000, , ,{226ECF9D-48E7-4F95-84FD-D03CBDDAFA18},7/09/2025 0:00:00, ,7/09/2025 0:00:00, ,4.000000000000000,Roy Trustee 2022 Ltd,Johnson Forestry Services
{D78BB087-4843-466B-8F51-691B8C742A3E},4297.000000000000000,No,25/11.85,44.000000000000000,1100.000000000000000,Yes,0.000000000000000,2.000000000000000,0.000000000000000,0.000000000000000,0.000000000000000,0.000000000000000,0.000000000000000,0.000000000000000,25/95,0.000000000000000,0.045454545454500,0.000000000000000,0.000000000000000,0.000000000000000,0.000000000000000,0.000000000000000,0.000000000000000, , ,{226ECF9D-48E7-4F95-84FD-D03CBDDAFA18},7/09/2025 0:00:00, ,7/09/2025 0:00:00, ,2.000000000000000,Roy Trustee 2022 Ltd,Johnson Forestry Services
{E9392EEE-ABE8-4E6D-A01F-3223F0D2166C},4287.000000000000000,No,15/11.48,44.000000000000000,1100.000000000000000,No,0.000000000000000,0.000000000000000,0.000000000000000,0.000000000000000,0.000000000000000,0.000000000000000,0.000000000000000,0.000000000000000,25/95,0.000000000000000,0.000000000000000,0.000000000000000,0.000000000000000,0.000000000000000,0.000000000000000,0.000000000000000,0.000000000000000, , ,{226ECF9D-48E7-4F95-84FD-D03CBDDAFA18},7/09/2025 0:00:00, ,7/09/2025 0:00:00, ,0.000000000000000,Roy Trustee 2022 Ltd,Johnson Forestry Services
{ADC585B7-64AD-4A5E-8058-7FF1C483194F},4305.000000000000000,No,30/12.13,41.000000000000000,1025.000000000000000,No,0.000000000000000,0.000000000000000,0.000000000000000,0.000000000000000,0.000000000000000,0.000000000000000,0.000000000000000,0.000000000000000,25/95,0.000000000000000,0.000000000000000,0.000000000000000,0.000000000000000,0.000000000000000,0.000000000000000,0.000000000000000,0.000000000000000, , ,{226ECF9D-48E7-4F95-84FD-D03CBDDAFA18},7/09/2025 0:00:00, ,7/09/2025 0:00:00, ,0.000000000000000,Roy Trustee 2022 Ltd,Johnson Forestry Services
{131DFB94-B3DB-476B-892A-6CF2B5CE4515},4569.000000000000000,No,25/11.85,36.000000000000000,900.000000000000000,No,0.000000000000000,0.000000000000000,0.000000000000000,0.000000000000000,0.000000000000000,0.000000000000000,0.000000000000000,0.000000000000000,Q5/96,0.000000000000000,0.000000000000000,0.000000000000000,0.000000000000000,0.000000000000000,0.000000000000000,0.000000000000000,0.000000000000000, , ,{D1FDF847-623D-47AB-947F-40A0C2925930},7/09/2025 0:00:00, ,7/09/2025 0:00:00, ,0.000000000000000,Roy Trustee 2022 Ltd,Johnson Forestry Services
{867BCC51-23ED-4536-989A-B7E4E27FF646},4289.000000000000000,No,25/11.85,45.000000000000000,1125.000000000000000,Yes,0.000000000000000,1.000000000000000,1.000000000000000,0.000000000000000,0.000000000000000,0.000000000000000,0.000000000000000,0.000000000000000,25/95,0.000000000000000,0.022222222222200,0.022222222222200,0.000000000000000,0.000000000000000,0.000000000000000,0.000000000000000,0.000000000000000,Yes, ,{934E555E-D2EF-4C93-AAE8-049C9A36E577},8/09/2025 0:00:00, ,8/09/2025 0:00:00, ,4.000000000000000,Roy Trustee 2022 Ltd,Johnson Forestry Services
{A4B40B25-0B76-472B-A5FF-754F74CB7006},4307.000000000000000,No,20/11.64,40.000000000000000,1000.000000000000000,No,0.000000000000000,0.000000000000000,0.000000000000000,0.000000000000000,0.000000000000000,0.000000000000000,0.000000000000000,0.000000000000000,25/95,0.000000000000000,0.000000000000000,0.000000000000000,0.000000000000000,0.000000000000000,0.000000000000000,0.000000000000000,0.000000000000000, , ,{FA3C5253-085B-4D55-BA33-9DF63C91B39F},8/09/2025 0:00:00, ,8/09/2025 0:00:00, ,0.000000000000000,Roy Trustee 2022 Ltd,Johnson Forestry Services
{ADF982B3-537C-4FAF-81B1-47A976512568},4313.000000000000000,No,30/12.13,44.000000000000000,1100.000000000000000,Yes,0.000000000000000,0.000000000000000,1.000000000000000,0.000000000000000,0.000000000000000,0.000000000000000,1.000000000000000,0.000000000000000,25/95,0.000000000000000,0.000000000000000,0.022727272727300,0.000000000000000,0.000000000000000,0.000000000000000,0.022727272727300,0.000000000000000, , ,{FA3C5253-085B-4D55-BA33-9DF63C91B39F},8/09/2025 0:00:00, ,8/09/2025 0:00:00, ,6.000000000000000,Roy Trustee 2022 Ltd,Johnson Forestry Services
{09BFD8E6-E4F9-4A34-B57E-B50701673B8A},4315.000000000000000,No,5/11.31,40.000000000000000,1000.000000000000000,Yes,0.000000000000000,0.000000000000000,1.000000000000000,0.000000000000000,0.000000000000000,0.000000000000000,2.000000000000000,0.000000000000000,25/95,0.000000000000000,0.000000000000000,0.025000000000000,0.000000000000000,0.000000000000000,0.000000000000000,0.050000000000000,0.000000000000000,Yes, ,{FA3C5253-085B-4D55-BA33-9DF63C91B39F},8/09/2025 0:00:00, ,8/09/2025 0:00:00, ,9.000000000000000,Roy Trustee 2022 Ltd,Johnson Forestry Services
