globalid,plot_no,slope_and_adjusted_radius,alive,stressed,dead,notes,parentglobalid,CreationDate,Creator,EditDate,Editor,missing,tally
{709CEBBB-7894-4FAA-A836-2E8EF9495256},32.100000000000001,,19.000000000000000,28.000000000000000,2.000000000000000,Lots of red needles. Additional plot due to lots of browning,{EEDDF505-9750-4758-B18C-0FBFE1A7BFDC},15/10/2025 1:26:46.303,,15/10/2025 1:26:46.303,,1.000000000000000,50
{6AFF19BA-83FD-4A2A-9FA6-4D2C4C4B3023},29.000000000000000,,24.000000000000000,25.000000000000000,0.000000000000000,,{EEDDF505-9750-4758-B18C-0FBFE1A7BFDC},15/10/2025 1:26:46.303,,15/10/2025 1:26:46.303,,1.000000000000000,50
{868667C7-1166-4648-AEDA-B8BFE9906089},30.000000000000000,,24.000000000000000,25.000000000000000,0.000000000000000,,{EEDDF505-9750-4758-B18C-0FBFE1A7BFDC},15/10/2025 1:26:46.303,,15/10/2025 1:26:46.303,,1.000000000000000,50
{0177CAD0-9328-4FA8-B2E3-96B0FA4D75F6},32.000000000000000,,35.000000000000000,15.000000000000000,0.000000000000000,,{EEDDF505-9750-4758-B18C-0FBFE1A7BFDC},15/10/2025 1:26:46.303,,15/10/2025 1:26:46.303,,0.000000000000000,50
{92D4467F-AA13-45BF-9C86-A97B3F5E11F1},31.000000000000000,,23.000000000000000,27.000000000000000,0.000000000000000,,{EEDDF505-9750-4758-B18C-0FBFE1A7BFDC},15/10/2025 1:26:46.303,,15/10/2025 1:26:46.303,,0.000000000000000,50
{35E04496-51D2-4AF2-9DA6-A830AD114EC9},27.000000000000000,,23.000000000000000,23.000000000000000,4.000000000000000,,{EEDDF505-9750-4758-B18C-0FBFE1A7BFDC},15/10/2025 1:26:46.303,,15/10/2025 1:26:46.303,,0.000000000000000,50
{BDF53B61-B87E-4CA0-AD39-78BE92A8CD9F},28.000000000000000,,38.000000000000000,12.000000000000000,0.000000000000000,,{EEDDF505-9750-4758-B18C-0FBFE1A7BFDC},15/10/2025 1:26:46.303,,15/10/2025 1:26:46.303,,0.000000000000000,50
{0FA820B7-6004-4A19-ACE2-1C906061533A},23.000000000000000,,49.000000000000000,1.000000000000000,0.000000000000000,,{EEDDF505-9750-4758-B18C-0FBFE1A7BFDC},15/10/2025 1:26:46.303,,15/10/2025 1:26:46.303,,0.000000000000000,50
{9007A386-7E83-44EC-AF6F-2DDA540B2F30},18.000000000000000,,50.000000000000000,0.000000000000000,0.000000000000000,,{EEDDF505-9750-4758-B18C-0FBFE1A7BFDC},15/10/2025 1:26:46.303,,15/10/2025 1:26:46.303,,0.000000000000000,50
{E193991F-4C25-4556-B85C-B418B1A65AF5},22.000000000000000,,48.000000000000000,2.000000000000000,0.000000000000000,,{EEDDF505-9750-4758-B18C-0FBFE1A7BFDC},15/10/2025 1:26:46.303,,15/10/2025 1:26:46.303,,0.000000000000000,50
{C9671E4E-584F-4B6F-B2B2-E02185ACF521},26.000000000000000,,36.000000000000000,12.000000000000000,2.000000000000000,,{EEDDF505-9750-4758-B18C-0FBFE1A7BFDC},15/10/2025 1:26:46.303,,15/10/2025 1:26:46.303,,0.000000000000000,50
{3063532C-5B48-4925-89A4-13488D30FA33},21.000000000000000,,49.000000000000000,1.000000000000000,0.000000000000000,,{EEDDF505-9750-4758-B18C-0FBFE1A7BFDC},15/10/2025 1:26:46.303,,15/10/2025 1:26:46.303,,0.000000000000000,50
{E3D48324-782A-43D0-8AAC-5E334997A78A},24.000000000000000,,30.000000000000000,15.000000000000000,5.000000000000000,Stressed trees still show some green colour,{95A612EC-5779-40B4-BFE3-AAF8F0081CCA},15/10/2025 1:31:03.974,,15/10/2025 1:31:03.974,,0.000000000000000,50
{00EDFB62-0A64-4E31-9575-071E69D7B283},19.000000000000000,,44.000000000000000,6.000000000000000,0.000000000000000,,{95A612EC-5779-40B4-BFE3-AAF8F0081CCA},15/10/2025 1:31:03.974,,15/10/2025 1:31:03.974,,0.000000000000000,50
{E91DE4B1-2EC1-4B79-910C-C396E4CACCF4},14.000000000000000,,38.000000000000000,10.000000000000000,2.000000000000000,,{95A612EC-5779-40B4-BFE3-AAF8F0081CCA},15/10/2025 1:31:03.974,,15/10/2025 1:31:03.974,,0.000000000000000,50
{9BF0E924-5E6E-43BB-8142-D5CEF2A791A8},20.000000000000000,,41.000000000000000,9.000000000000000,0.000000000000000,,{95A612EC-5779-40B4-BFE3-AAF8F0081CCA},15/10/2025 1:31:03.974,,15/10/2025 1:31:03.974,,0.000000000000000,50
{3CBEDC74-7B47-4C8D-A4BA-1B59ACE7273B},15.000000000000000,,45.000000000000000,5.000000000000000,0.000000000000000,,{95A612EC-5779-40B4-BFE3-AAF8F0081CCA},15/10/2025 1:31:03.974,,15/10/2025 1:31:03.974,,0.000000000000000,50
{449C3028-BBD2-468D-B22A-82024633E315},10.000000000000000,,46.000000000000000,4.000000000000000,0.000000000000000,,{95A612EC-5779-40B4-BFE3-AAF8F0081CCA},15/10/2025 1:31:03.974,,15/10/2025 1:31:03.974,,0.000000000000000,50
{E709A333-20CA-4EE1-98D9-56A9FCC51589},11.000000000000000,,45.000000000000000,5.000000000000000,0.000000000000000,,{95A612EC-5779-40B4-BFE3-AAF8F0081CCA},15/10/2025 1:31:03.974,,15/10/2025 1:31:03.974,,0.000000000000000,50
{385020C5-6CA0-4CC7-85E0-BBBAEC5233E7},16.000000000000000,,39.000000000000000,11.000000000000000,0.000000000000000,,{95A612EC-5779-40B4-BFE3-AAF8F0081CCA},15/10/2025 1:31:03.974,,15/10/2025 1:31:03.974,,0.000000000000000,50
{DE3697C5-FE36-4B9B-AD8C-EA5FFDA1C20B},20.100000000000001,,50.000000000000000,0.000000000000000,0.000000000000000,,{BED17515-BBEC-4E9C-AFA5-85BB36DE6FAA},23/10/2025 18:54:17.242,,23/10/2025 18:54:17.242,,0.000000000000000,50
{7CF4F0DB-D103-469E-9F21-4CFF1FE0A366},20.000000000000000,,50.000000000000000,0.000000000000000,0.000000000000000,,{BED17515-BBEC-4E9C-AFA5-85BB36DE6FAA},23/10/2025 18:54:17.242,,23/10/2025 18:54:17.242,,0.000000000000000,50
{19D309EF-061F-44D9-B695-CEA8B63FEA6F},19.000000000000000,,49.000000000000000,1.000000000000000,0.000000000000000,,{BED17515-BBEC-4E9C-AFA5-85BB36DE6FAA},23/10/2025 18:54:17.242,,23/10/2025 18:54:17.242,,0.000000000000000,50
{27C26ED1-776E-4150-9754-B890703443FB},18.000000000000000,,41.000000000000000,9.000000000000000,0.000000000000000,,{BED17515-BBEC-4E9C-AFA5-85BB36DE6FAA},23/10/2025 18:54:17.242,,23/10/2025 18:54:17.242,,0.000000000000000,50
{4890CA0A-15A9-4516-8173-BF1635EBF06A},15.000000000000000,,49.000000000000000,1.000000000000000,0.000000000000000,,{DA60D088-1113-4156-9933-A4D991626E1E},23/10/2025 18:54:32.637,,23/10/2025 18:54:32.637,,0.000000000000000,50
{497E0D49-3530-4FEA-9A0B-5816A147EF1F},11.000000000000000,,45.000000000000000,5.000000000000000,0.000000000000000,,{DA60D088-1113-4156-9933-A4D991626E1E},23/10/2025 18:54:32.637,,23/10/2025 18:54:32.637,,0.000000000000000,50
{7687627D-8A85-4E1B-AEFB-04F2729CAB70},16.000000000000000,,48.000000000000000,2.000000000000000,0.000000000000000,,{DA60D088-1113-4156-9933-A4D991626E1E},23/10/2025 18:54:32.637,,23/10/2025 18:54:32.637,,0.000000000000000,50
{885D84B7-C27A-4E63-9EED-E2216914ABFA},3.000000000000000,,46.000000000000000,4.000000000000000,0.000000000000000,,{DA60D088-1113-4156-9933-A4D991626E1E},23/10/2025 18:54:32.637,,23/10/2025 18:54:32.637,,0.000000000000000,50
{C96052E5-3B4E-4BD1-A334-7FB1752756C9},1.000000000000000,,39.000000000000000,11.000000000000000,0.000000000000000,,{DA60D088-1113-4156-9933-A4D991626E1E},23/10/2025 18:54:32.637,,23/10/2025 18:54:32.637,,0.000000000000000,50
{905F8F1E-2050-4133-BC01-5D43AB66EDB1},1.000000000000000,,19.000000000000000,5.000000000000000,10.000000000000000,"Plot covers most of stand due to size. Round top fence lots of mortality, further down not too bad, could use a blank. Looks like macro mostly with some oine in northern portikn of stand.",{219AAA77-DFA5-45EB-B909-D7207064DD35},14/12/2025 21:56:09.052,,14/12/2025 21:56:09.052,,16.000000000000000,50
{CAD1A21D-6143-4535-8AD6-51B31695D27E},1.000000000000000,,18.000000000000000,0.000000000000000,0.000000000000000,May have missed some due to thistles but middle of hill missing alot of trees.,{813F0929-C370-4A3B-89A8-D250B8F15CED},14/12/2025 21:56:36.493,,14/12/2025 21:56:36.493,,32.000000000000000,50
{AFB1E5F2-B128-4DCD-8E15-49377554AA64},1374.000000000000000,,27.000000000000000,1.000000000000000,22.000000000000000,Dead patches of trees,{117DEA7E-9CC8-4838-9254-BD286F67E72E},18/02/2026 22:25:41.119,,18/02/2026 22:25:41.119,,0.000000000000000,50
{CC58B788-25BD-41A5-9470-D4E22657D9C3},1373.000000000000000,,24.000000000000000,3.000000000000000,23.000000000000000,,{117DEA7E-9CC8-4838-9254-BD286F67E72E},18/02/2026 22:25:41.119,,18/02/2026 22:25:41.119,,0.000000000000000,50
{6D845509-82D7-46B4-902F-B83DE4564CB9},1372.000000000000000,,19.000000000000000,6.000000000000000,25.000000000000000,A lot of pest bitten dead trees,{117DEA7E-9CC8-4838-9254-BD286F67E72E},18/02/2026 22:25:41.119,,18/02/2026 22:25:41.119,,0.000000000000000,50
{64CE6AC2-6DDD-4FA7-9BBD-D7B72E28A1D4},1405.000000000000000,,1.000000000000000,4.000000000000000,45.000000000000000,Wet patch. High mortality,{117DEA7E-9CC8-4838-9254-BD286F67E72E},18/02/2026 22:25:41.119,,18/02/2026 22:25:41.119,,0.000000000000000,50
{CD425D9C-B953-4207-85D5-49961EC8A1BB},1406.000000000000000,,12.000000000000000,2.000000000000000,36.000000000000000,Some eaten tops and wet patches present,{117DEA7E-9CC8-4838-9254-BD286F67E72E},18/02/2026 22:25:41.119,,18/02/2026 22:25:41.119,,0.000000000000000,50
{92C49392-86E9-43AE-9021-B71809AED466},1476.000000000000000,,27.000000000000000,3.000000000000000,20.000000000000000,,{117DEA7E-9CC8-4838-9254-BD286F67E72E},18/02/2026 22:25:41.119,,18/02/2026 22:25:41.119,,0.000000000000000,50
{ECB8D062-16E2-4F96-AA58-880A90B72728},1477.000000000000000,,25.000000000000000,4.000000000000000,21.000000000000000,,{117DEA7E-9CC8-4838-9254-BD286F67E72E},18/02/2026 22:25:41.119,,19/02/2026 21:31:14.711,ScarlettMichelle,0.000000000000000,50
{07E96DFE-8D2A-4079-8ADA-576EFC5660DB},1478.000000000000000,,39.000000000000000,0.000000000000000,11.000000000000000,,{117DEA7E-9CC8-4838-9254-BD286F67E72E},18/02/2026 22:25:41.119,,18/02/2026 22:25:41.119,,0.000000000000000,50
{9CC1A6B4-880F-43E5-B96E-0CDCFD1414EF},1445.000000000000000,,37.000000000000000,4.000000000000000,9.000000000000000,,{117DEA7E-9CC8-4838-9254-BD286F67E72E},18/02/2026 22:25:41.119,,18/02/2026 22:25:41.119,,0.000000000000000,50
{2FB1D1D3-303D-416C-9C42-B54C54F4EF41},1444.000000000000000,,15.000000000000000,5.000000000000000,30.000000000000000,Obvious clumps of dead trees,{117DEA7E-9CC8-4838-9254-BD286F67E72E},18/02/2026 22:25:41.119,,18/02/2026 22:25:41.119,,0.000000000000000,50
{42FF9DA4-33A9-4289-BC70-17A6E318FBE3},1443.000000000000000,,21.000000000000000,5.000000000000000,24.000000000000000,,{117DEA7E-9CC8-4838-9254-BD286F67E72E},18/02/2026 22:25:41.119,,18/02/2026 22:25:41.119,,0.000000000000000,50
{A0DBDC4E-D548-4AE0-B8D7-9F11AB74AD1A},1408.000000000000000,,39.000000000000000,5.000000000000000,6.000000000000000,,{117DEA7E-9CC8-4838-9254-BD286F67E72E},18/02/2026 22:25:41.119,,18/02/2026 22:25:41.119,,0.000000000000000,50
{5E29B6DE-925C-4DEB-A6D3-DB3BCCA77DEB},1409.000000000000000,,34.000000000000000,5.000000000000000,10.000000000000000,Quite green area (grass regrowth),{117DEA7E-9CC8-4838-9254-BD286F67E72E},18/02/2026 22:25:41.119,,18/02/2026 22:25:41.119,,1.000000000000000,50
{06AF5393-E380-4284-AE43-70953C874C96},1375.000000000000000,,34.000000000000000,3.000000000000000,13.000000000000000,,{117DEA7E-9CC8-4838-9254-BD286F67E72E},18/02/2026 22:25:41.119,,18/02/2026 22:25:41.119,,0.000000000000000,50
{A141F238-7647-4308-AEC1-808DA4D148B0},1446.000000000000000,,25.000000000000000,4.000000000000000,21.000000000000000,,{117DEA7E-9CC8-4838-9254-BD286F67E72E},18/02/2026 22:25:41.119,,18/02/2026 22:25:41.119,,0.000000000000000,50
{04ED95BF-C069-4881-B5BC-22C656F8A6B2},1410.000000000000000,,13.000000000000000,4.000000000000000,33.000000000000000,Wet patches throughout area,{117DEA7E-9CC8-4838-9254-BD286F67E72E},18/02/2026 22:25:41.119,,19/02/2026 23:42:57.593,ScarlettMichelle,0.000000000000000,50
{546A9143-23EF-4C9E-AE9C-84C906FB2495},1411.000000000000000,,19.000000000000000,2.000000000000000,29.000000000000000,Rocky area,{117DEA7E-9CC8-4838-9254-BD286F67E72E},18/02/2026 22:25:41.119,,18/02/2026 22:25:41.119,,0.000000000000000,50
{8C166EE2-5427-46A4-9022-F3174573D6EA},1379.000000000000000,,20.000000000000000,4.000000000000000,26.000000000000000,Rocky,{117DEA7E-9CC8-4838-9254-BD286F67E72E},18/02/2026 22:25:41.119,,18/02/2026 22:25:41.119,,0.000000000000000,50
{4CC34B67-EDEB-43C0-831B-9B38DA91C7BE},1378.000000000000000,,14.000000000000000,5.000000000000000,31.000000000000000,Wet patches,{117DEA7E-9CC8-4838-9254-BD286F67E72E},18/02/2026 22:25:41.119,,18/02/2026 22:25:41.119,,0.000000000000000,50
{40072ED3-CEFC-4BB5-AB03-8A8F91FEDBAD},1407.000000000000000,,35.000000000000000,1.000000000000000,10.000000000000000,Old pest damage present,{F17C3474-5409-4DCD-B823-C34D81F5659E},18/02/2026 22:26:20.016,,18/02/2026 22:26:20.016,,4.000000000000000,50
{F671799F-73DB-4991-9494-CF0DD395631E},1441.000000000000000,,19.000000000000000,1.000000000000000,29.000000000000000,,{F17C3474-5409-4DCD-B823-C34D81F5659E},18/02/2026 22:26:20.016,,18/02/2026 22:26:20.016,,1.000000000000000,50
{9302AD5A-76B2-496A-96EA-8EBFAA343709},1442.000000000000000,,23.000000000000000,1.000000000000000,22.000000000000000,Patchy green areas in plot,{F17C3474-5409-4DCD-B823-C34D81F5659E},18/02/2026 22:26:20.016,,18/02/2026 22:26:20.016,,4.000000000000000,50
{09E37306-853F-46A1-B5CC-9CA458939F7C},1474.000000000000000,,24.000000000000000,1.000000000000000,25.000000000000000,Patchy spraying,{F17C3474-5409-4DCD-B823-C34D81F5659E},18/02/2026 22:26:20.016,,2/03/2026 22:05:49.779,ScarlettMichelle,0.000000000000000,50
{A689084E-BDA9-4722-A23F-F63B0365305F},1475.000000000000000,,16.000000000000000,1.000000000000000,32.000000000000000,Green patches in plot,{F17C3474-5409-4DCD-B823-C34D81F5659E},18/02/2026 22:26:20.016,,18/02/2026 22:26:20.016,,1.000000000000000,50
{540031BF-6617-4A42-9C06-DD9591C29D1A},1507.000000000000000,,9.000000000000000,0.000000000000000,39.000000000000000,Patchy spraying,{F17C3474-5409-4DCD-B823-C34D81F5659E},18/02/2026 22:26:20.016,,18/02/2026 22:26:20.016,,2.000000000000000,50
{956A2F9E-10F1-4781-B654-9DC769788D01},1508.000000000000000,,11.000000000000000,1.000000000000000,35.000000000000000,,{F17C3474-5409-4DCD-B823-C34D81F5659E},18/02/2026 22:26:20.016,,18/02/2026 22:26:20.016,,3.000000000000000,50
{B742EBBF-A615-4C4B-9D27-186242AE6A65},1509.000000000000000,,34.000000000000000,1.000000000000000,15.000000000000000,Some old pest damage on live trees ,{F17C3474-5409-4DCD-B823-C34D81F5659E},18/02/2026 22:26:20.016,,18/02/2026 22:26:20.016,,0.000000000000000,50
{3BE8E1BC-B9E2-460C-BE5C-05DC3D994A5F},1510.000000000000000,,45.000000000000000,1.000000000000000,4.000000000000000,,{F17C3474-5409-4DCD-B823-C34D81F5659E},18/02/2026 22:26:20.016,,18/02/2026 22:26:20.016,,0.000000000000000,50
{DA6AC7D7-9C23-4B81-B6DE-098F1D329B3A},1539.000000000000000,,38.000000000000000,0.000000000000000,12.000000000000000,,{F17C3474-5409-4DCD-B823-C34D81F5659E},18/02/2026 22:26:20.016,,18/02/2026 22:26:20.016,,0.000000000000000,50
{39618944-6AA7-498C-89D2-E19C0CDF91FC},1540.000000000000000,,35.000000000000000,1.000000000000000,12.000000000000000,,{F17C3474-5409-4DCD-B823-C34D81F5659E},18/02/2026 22:26:20.016,,18/02/2026 22:26:20.016,,2.000000000000000,50
{CC46B26A-FEAA-4246-8D46-246D5B533884},1511.000000000000000,,43.000000000000000,0.000000000000000,7.000000000000000,,{F17C3474-5409-4DCD-B823-C34D81F5659E},18/02/2026 22:26:20.016,,18/02/2026 22:26:20.016,,0.000000000000000,50
{5BC555B9-F3FA-436A-AF17-06FBD1632275},1512.000000000000000,,32.000000000000000,3.000000000000000,14.000000000000000,,{F17C3474-5409-4DCD-B823-C34D81F5659E},18/02/2026 22:26:20.016,,18/02/2026 22:26:20.016,,1.000000000000000,50
{DDC3F0C1-E205-4399-9C63-7D2F3FB3C2C3},1541.000000000000000,,33.000000000000000,0.000000000000000,17.000000000000000,,{F17C3474-5409-4DCD-B823-C34D81F5659E},18/02/2026 22:26:20.016,,18/02/2026 22:26:20.016,,0.000000000000000,50
{C7094C13-4842-4EA4-834B-242E199D5109},1376.000000000000000,,27.000000000000000,1.000000000000000,22.000000000000000,,{F17C3474-5409-4DCD-B823-C34D81F5659E},18/02/2026 22:26:20.016,,18/02/2026 22:26:20.016,,0.000000000000000,50
{169B0D4A-0831-4E37-B30A-7EEFA651EA07},1337.000000000000000,,38.000000000000000,1.000000000000000,10.000000000000000,Patchy spraying,{F17C3474-5409-4DCD-B823-C34D81F5659E},18/02/2026 22:26:20.016,,18/02/2026 22:26:20.016,,1.000000000000000,50
{903E466D-5B0D-4A5D-9F3A-25499FDE4645},1338.000000000000000,,38.000000000000000,1.000000000000000,10.000000000000000,,{F17C3474-5409-4DCD-B823-C34D81F5659E},18/02/2026 22:26:20.016,,18/02/2026 22:26:20.016,,1.000000000000000,50
{6830FA40-821B-4B6F-B926-E0C4E40ABEF7},1339.000000000000000,,45.000000000000000,0.000000000000000,5.000000000000000,,{F17C3474-5409-4DCD-B823-C34D81F5659E},18/02/2026 22:26:20.016,,18/02/2026 22:26:20.016,,0.000000000000000,50
{71F0CEF1-9E59-4746-AAAF-9C1E45624445},1377.000000000000000,,29.000000000000000,1.000000000000000,20.000000000000000,,{F17C3474-5409-4DCD-B823-C34D81F5659E},18/02/2026 22:26:20.016,,18/02/2026 22:26:20.016,,0.000000000000000,50
{5CFAF8AD-6784-41D2-A7D6-E5B191BD3982},1476.000000000000000,,18.000000000000000,0.000000000000000,32.000000000000000,,{59ECA73D-0B10-4B03-BF94-DCA3041D9470},19/02/2026 0:01:16.588,,19/02/2026 0:01:16.588,,0.000000000000000,50
{44C628D7-2DBF-4C6D-B5BF-58D917B444E9},1513.000000000000000,,18.000000000000000,2.000000000000000,30.000000000000000,Long grass over 2 lines in plot,{59ECA73D-0B10-4B03-BF94-DCA3041D9470},19/02/2026 0:01:16.588,,19/02/2026 0:01:16.588,,0.000000000000000,50
{A65AAA95-33EB-49BD-B3F2-06045CEB1FF4},1542.000000000000000,,24.000000000000000,0.000000000000000,26.000000000000000,Patchy spray areas in plot,{59ECA73D-0B10-4B03-BF94-DCA3041D9470},19/02/2026 0:01:16.588,,19/02/2026 0:01:16.588,,0.000000000000000,50
{6DC39F2E-7588-4369-A4F4-DF2187571277},1561.000000000000000,,22.000000000000000,0.000000000000000,28.000000000000000,Lot of green grass in plot area,{59ECA73D-0B10-4B03-BF94-DCA3041D9470},19/02/2026 0:01:16.588,,19/02/2026 0:01:16.588,,0.000000000000000,50
{F4350D5D-2F59-4ABD-9686-771DC14BEB8F},1562.000000000000000,,17.000000000000000,2.000000000000000,30.000000000000000,"X crop paddock, patches of grass",{59ECA73D-0B10-4B03-BF94-DCA3041D9470},19/02/2026 0:01:16.588,,19/02/2026 0:01:16.588,,1.000000000000000,50
{A74BC9EA-9E09-4D3C-9AEE-0662F0850DD2},1589.000000000000000,,15.000000000000000,3.000000000000000,32.000000000000000,,{59ECA73D-0B10-4B03-BF94-DCA3041D9470},19/02/2026 0:01:16.588,,19/02/2026 0:01:16.588,,0.000000000000000,50
{210490C0-A2EB-4CFB-8BE4-43E0DCDAD84C},1588.000000000000000,,11.000000000000000,1.000000000000000,37.000000000000000,Grass in plot,{59ECA73D-0B10-4B03-BF94-DCA3041D9470},19/02/2026 0:01:16.588,,19/02/2026 0:01:16.588,,1.000000000000000,50
{311A212D-5F41-442D-AA70-EDA5F764DBC3},1587.000000000000000,,5.000000000000000,1.000000000000000,40.000000000000000,Grass in plot. X crop paddock,{59ECA73D-0B10-4B03-BF94-DCA3041D9470},19/02/2026 0:01:16.588,,19/02/2026 0:01:16.588,,4.000000000000000,50
{C45C8BE5-DC46-42BF-BB38-663C03064202},1609.000000000000000,,28.000000000000000,8.000000000000000,14.000000000000000,,{A107C85B-6A5A-4F86-A831-08E4755D23CA},19/02/2026 0:01:44.647,,19/02/2026 0:01:44.647,,0.000000000000000,50
{B1799081-21A3-4A3F-A25A-E4BF117A00D9},1481.000000000000000,,46.000000000000000,0.000000000000000,4.000000000000000,Good,{2DE7EDC5-AAA2-42C6-B4F5-FBB496A9A5AD},19/02/2026 0:05:30.145,,19/02/2026 0:05:30.145,,0.000000000000000,50
{A902F681-A1A3-4397-987C-8D3CC6974F08},1480.000000000000000,,18.000000000000000,2.000000000000000,27.000000000000000,Patchy,{2DE7EDC5-AAA2-42C6-B4F5-FBB496A9A5AD},19/02/2026 0:05:30.145,,19/02/2026 0:05:30.145,,3.000000000000000,50
{CD87835C-D972-44DD-8BD4-5391352DB16B},1514.000000000000000,,46.000000000000000,0.000000000000000,4.000000000000000,Good,{2DE7EDC5-AAA2-42C6-B4F5-FBB496A9A5AD},19/02/2026 0:05:30.145,,19/02/2026 0:05:30.145,,0.000000000000000,50
{78D58B63-924F-4AFB-AA94-E884F932A69A},1543.000000000000000,,23.000000000000000,3.000000000000000,24.000000000000000,,{2DE7EDC5-AAA2-42C6-B4F5-FBB496A9A5AD},19/02/2026 0:05:30.145,,19/02/2026 0:05:30.145,,0.000000000000000,50
{B9F32E4E-4E97-4142-82A1-2B79EBE136B9},1563.000000000000000,,19.000000000000000,3.000000000000000,28.000000000000000,,{2DE7EDC5-AAA2-42C6-B4F5-FBB496A9A5AD},19/02/2026 0:05:30.145,,19/02/2026 0:05:30.145,,0.000000000000000,50
{3BB8D1BE-A14F-4149-AB79-E0292B208E77},1564.000000000000000,,9.000000000000000,2.000000000000000,39.000000000000000,High mortality,{2DE7EDC5-AAA2-42C6-B4F5-FBB496A9A5AD},19/02/2026 0:05:30.145,,19/02/2026 0:05:30.145,,0.000000000000000,50
{4B4577B5-27A0-48D8-8CEB-EBAEF9A7615E},1544.000000000000000,,11.000000000000000,3.000000000000000,36.000000000000000,High Mortality,{2DE7EDC5-AAA2-42C6-B4F5-FBB496A9A5AD},19/02/2026 0:05:30.145,,19/02/2026 0:05:30.145,,0.000000000000000,50
{4555B2FC-142E-4EF8-AAF6-129B9C55E3F8},1565.000000000000000,,20.000000000000000,3.000000000000000,27.000000000000000,,{2DE7EDC5-AAA2-42C6-B4F5-FBB496A9A5AD},19/02/2026 0:05:30.145,,19/02/2026 0:05:30.145,,0.000000000000000,50
{5B79F91D-EF32-4DD8-8D93-C3A847B44988},1591.000000000000000,,2.000000000000000,2.000000000000000,42.000000000000000,Tussock patch here is essentially dead,{2DE7EDC5-AAA2-42C6-B4F5-FBB496A9A5AD},19/02/2026 0:05:30.145,,19/02/2026 0:05:30.145,,4.000000000000000,50
{36E8E34A-7CDD-46B5-81A6-2402B88B1EBA},1590.000000000000000,,15.000000000000000,3.000000000000000,31.000000000000000,,{2DE7EDC5-AAA2-42C6-B4F5-FBB496A9A5AD},19/02/2026 0:05:30.145,,19/02/2026 0:05:30.145,,1.000000000000000,50
{7C5126CF-DCCF-4296-BE8A-5028CCCAF8C9},709.000000000000000,,46.000000000000000,2.000000000000000,2.000000000000000,,{903DF166-93C4-4B19-B9C2-0D76E4669252},19/02/2026 2:05:08.148,,19/02/2026 2:05:08.148,,0.000000000000000,50
{3202ACEE-BE18-42B1-A618-F014976D2161},725.000000000000000,,50.000000000000000,0.000000000000000,0.000000000000000,,{903DF166-93C4-4B19-B9C2-0D76E4669252},19/02/2026 2:05:08.148,,19/02/2026 2:05:08.148,,0.000000000000000,50
{C8B2E04F-7165-4682-AC80-CCDCFA692DEB},708.000000000000000,,50.000000000000000,0.000000000000000,0.000000000000000,,{903DF166-93C4-4B19-B9C2-0D76E4669252},19/02/2026 2:05:08.148,,22/02/2026 19:25:17.514,ScarlettMichelle,0.000000000000000,50
{75E98C24-7EAD-49E7-B81F-A430F03ED5B6},707.000000000000000,,42.000000000000000,3.000000000000000,5.000000000000000,,{903DF166-93C4-4B19-B9C2-0D76E4669252},19/02/2026 2:05:08.148,,19/02/2026 2:05:08.148,,0.000000000000000,50
{23CCC73A-9B09-453A-BD20-1CB28D25E443},697.000000000000000,,50.000000000000000,0.000000000000000,0.000000000000000,,{903DF166-93C4-4B19-B9C2-0D76E4669252},19/02/2026 2:05:08.148,,19/02/2026 2:05:08.148,,0.000000000000000,50
{6EDC3185-87BD-4256-8EED-818D55287D77},696.000000000000000,,50.000000000000000,0.000000000000000,1.000000000000000,,{903DF166-93C4-4B19-B9C2-0D76E4669252},19/02/2026 2:05:08.148,,19/02/2026 2:05:08.148,,0.000000000000000,51
{7EA4EFAD-D7E6-4CB4-B573-5B8772F7C846},683.000000000000000,,45.000000000000000,1.000000000000000,4.000000000000000,Wet areas but trees ok,{494D2D0C-2876-4CA4-A3CD-7F606F866B0D},19/02/2026 3:37:10.468,,19/02/2026 3:37:10.468,,0.000000000000000,50
{A6DDD01D-01C7-45B4-B64F-E2EFB4B7C0D8},682.000000000000000,,47.000000000000000,1.000000000000000,2.000000000000000,Good,{494D2D0C-2876-4CA4-A3CD-7F606F866B0D},19/02/2026 3:37:10.468,,19/02/2026 3:37:10.468,,0.000000000000000,50
{E99B3EF5-85FB-4A14-BD92-7B15A9DB2EEA},681.000000000000000,,45.000000000000000,3.000000000000000,2.000000000000000,Good,{494D2D0C-2876-4CA4-A3CD-7F606F866B0D},19/02/2026 3:37:10.468,,19/02/2026 3:37:10.468,,0.000000000000000,50
{9D51D1B1-6C68-4875-B13A-CCBAB3A98A9B},692.000000000000000,,38.000000000000000,7.000000000000000,5.000000000000000,"Some stress, mostly good",{494D2D0C-2876-4CA4-A3CD-7F606F866B0D},19/02/2026 3:37:10.468,,19/02/2026 3:37:10.468,,0.000000000000000,50
{06B60D4F-EAC8-4667-9BB2-24F35E6760F8},693.000000000000000,,42.000000000000000,2.000000000000000,6.000000000000000,Good,{494D2D0C-2876-4CA4-A3CD-7F606F866B0D},19/02/2026 3:37:10.468,,19/02/2026 3:37:10.468,,0.000000000000000,50
{0D1A75C4-6A00-4754-A514-FF5D18A510A3},694.000000000000000,,50.000000000000000,0.000000000000000,0.000000000000000,A lot of grass regrowth. Excellent survival,{494D2D0C-2876-4CA4-A3CD-7F606F866B0D},19/02/2026 3:37:10.468,,19/02/2026 3:37:10.468,,0.000000000000000,50
{D5D01AA6-B046-416D-AA21-CD2A573BAB2F},695.000000000000000,,44.000000000000000,4.000000000000000,1.000000000000000,Good,{494D2D0C-2876-4CA4-A3CD-7F606F866B0D},19/02/2026 3:37:10.468,,19/02/2026 3:37:10.468,,1.000000000000000,50
{FBC22CCE-BDA7-4367-B1FE-E38296595488},667.000000000000000,,50.000000000000000,0.000000000000000,0.000000000000000,Excellent,{494D2D0C-2876-4CA4-A3CD-7F606F866B0D},19/02/2026 3:37:10.468,,19/02/2026 3:37:10.468,,0.000000000000000,50
{491C8593-060B-4C97-A3AB-1979D0E3B5DB},666.000000000000000,,49.000000000000000,0.000000000000000,1.000000000000000,Good,{494D2D0C-2876-4CA4-A3CD-7F606F866B0D},19/02/2026 3:37:10.468,,19/02/2026 3:37:10.468,,0.000000000000000,50
{BDB2104A-E972-4259-81F6-E7A2166EFC06},669.000000000000000,,39.000000000000000,8.000000000000000,3.000000000000000,Stressed in moist ground,{494D2D0C-2876-4CA4-A3CD-7F606F866B0D},19/02/2026 3:37:10.468,,19/02/2026 3:37:10.468,,0.000000000000000,50
{9610FE0B-C1FA-4133-BEBC-22CDD87ED4E4},668.000000000000000,,40.000000000000000,5.000000000000000,5.000000000000000,Good,{494D2D0C-2876-4CA4-A3CD-7F606F866B0D},19/02/2026 3:37:10.468,,19/02/2026 3:37:10.468,,0.000000000000000,50
{850C9E09-34F3-4A10-83DA-024DEC25631C},676.000000000000000,,39.000000000000000,2.000000000000000,9.000000000000000,,{494D2D0C-2876-4CA4-A3CD-7F606F866B0D},19/02/2026 3:37:10.468,,19/02/2026 3:37:10.468,,0.000000000000000,50
{E08E1B48-BC82-4398-B402-27D6A9E97CD5},670.000000000000000,,49.000000000000000,1.000000000000000,0.000000000000000,,{494D2D0C-2876-4CA4-A3CD-7F606F866B0D},19/02/2026 3:37:10.468,,19/02/2026 3:37:10.468,,0.000000000000000,50
{6823D699-2AD2-4C64-BEAE-D1BBCE7B8BE7},671.000000000000000,,46.000000000000000,1.000000000000000,2.000000000000000,,{494D2D0C-2876-4CA4-A3CD-7F606F866B0D},19/02/2026 3:37:10.468,,19/02/2026 3:37:10.468,,1.000000000000000,50
{6291ACAF-8016-409F-8FA8-880093943A13},677.000000000000000,,43.000000000000000,0.000000000000000,7.000000000000000,,{494D2D0C-2876-4CA4-A3CD-7F606F866B0D},19/02/2026 3:37:10.468,,19/02/2026 3:37:10.468,,0.000000000000000,50
{F73ED865-9BC6-4542-8610-1E3DA7DB09B0},678.000000000000000,,48.000000000000000,1.000000000000000,1.000000000000000,,{494D2D0C-2876-4CA4-A3CD-7F606F866B0D},19/02/2026 3:37:10.468,,19/02/2026 3:37:10.468,,0.000000000000000,50
{809B41C2-89C2-492E-B134-4E91682D2323},672.000000000000000,,48.000000000000000,0.000000000000000,2.000000000000000,,{494D2D0C-2876-4CA4-A3CD-7F606F866B0D},19/02/2026 3:37:10.468,,19/02/2026 3:37:10.468,,0.000000000000000,50
{9B3FC574-1261-4F55-A9DB-A8BEC62F3686},673.000000000000000,,45.000000000000000,2.000000000000000,3.000000000000000,,{494D2D0C-2876-4CA4-A3CD-7F606F866B0D},19/02/2026 3:37:10.468,,19/02/2026 3:37:10.468,,0.000000000000000,50
{587E9AE7-1B13-40A5-AAEA-37554EED3EFE},679.000000000000000,,38.000000000000000,3.000000000000000,9.000000000000000,Grass coming back through,{494D2D0C-2876-4CA4-A3CD-7F606F866B0D},19/02/2026 3:37:10.468,,19/02/2026 3:37:10.468,,0.000000000000000,50
{FBECDD28-D909-4511-B5B1-69DFCA0D4854},680.000000000000000,,47.000000000000000,1.000000000000000,2.000000000000000,Grass coming back through,{494D2D0C-2876-4CA4-A3CD-7F606F866B0D},19/02/2026 3:37:10.468,,19/02/2026 3:37:10.468,,0.000000000000000,50
{766DE205-7B3F-44A1-8C5D-D431AD03B0C6},674.000000000000000,,44.000000000000000,1.000000000000000,5.000000000000000,,{494D2D0C-2876-4CA4-A3CD-7F606F866B0D},19/02/2026 3:37:10.468,,19/02/2026 3:37:10.468,,0.000000000000000,50
{799C6C8C-22FF-44C3-A013-5233C2B1F1A0},2087.000000000000000,,50.000000000000000,0.000000000000000,0.000000000000000,Edge of latter spray area,{BB256C75-1E9F-4496-A7A5-6DB064B18A7E},22/02/2026 22:12:04.143,,22/02/2026 22:12:04.143,,0.000000000000000,50
{FF57129A-7297-4CB6-BE19-E40FE29EED7B},2078.000000000000000,,36.000000000000000,5.000000000000000,9.000000000000000,Some old pest damage,{BB256C75-1E9F-4496-A7A5-6DB064B18A7E},22/02/2026 22:12:04.143,,22/02/2026 22:12:04.143,,0.000000000000000,50
{72B8E71C-2539-4F77-853F-8926AAF46297},2079.000000000000000,,47.000000000000000,0.000000000000000,2.000000000000000,,{BB256C75-1E9F-4496-A7A5-6DB064B18A7E},22/02/2026 22:12:04.143,,22/02/2026 22:12:04.143,,1.000000000000000,50
{37C8E2DC-5B1E-4CB4-864A-2C8A3132D223},2080.000000000000000,,37.000000000000000,4.000000000000000,7.000000000000000,,{BB256C75-1E9F-4496-A7A5-6DB064B18A7E},22/02/2026 22:12:04.143,,22/02/2026 22:12:04.143,,2.000000000000000,50
{57D3623B-E041-45EE-958C-10E17CDA1739},2090.000000000000000,,45.000000000000000,2.000000000000000,1.000000000000000,,{BB256C75-1E9F-4496-A7A5-6DB064B18A7E},22/02/2026 22:12:04.143,,22/02/2026 22:12:04.143,,2.000000000000000,50
{0727EC00-974B-48E3-9BB5-E5C17CB931A5},2094.000000000000000,,43.000000000000000,0.000000000000000,0.000000000000000,Trees under grass height s and hard to find,{952C9ACE-6FDC-4AA9-9CE3-65FF9512E15B},22/02/2026 22:12:19.723,,27/02/2026 0:37:40.763,ScarlettMichelle,7.000000000000000,50
{43D356DA-63EF-4ECD-9BAD-B46BBACED6A7},2094.000000000000000,,43.000000000000000,0.000000000000000,0.000000000000000,Trees under grass height s and hard to find,{B27C7B88-7FFC-4B0E-9BAA-6CC335452583},22/02/2026 22:47:19.673,,27/02/2026 0:35:14.156,ScarlettMichelle,7.000000000000000,50
{66467CE4-2307-4433-91F4-A4EE2B00C8FF},2088.000000000000000,,45.000000000000000,4.000000000000000,1.000000000000000,Longer grass but trees getting through ok,{6CBAA35B-B6F8-4989-A4B3-04C2D253D1E6},22/02/2026 22:57:58.832,,22/02/2026 22:57:58.832,,0.000000000000000,50
{77E695C1-8246-46E5-B4AB-A29192FD9801},2089.000000000000000,,46.000000000000000,2.000000000000000,1.000000000000000,,{6CBAA35B-B6F8-4989-A4B3-04C2D253D1E6},22/02/2026 22:57:58.832,,22/02/2026 22:57:58.832,,1.000000000000000,50
{7F0B6D02-0B4C-464C-BD04-B681B69B2234},2072.000000000000000,,27.000000000000000,9.000000000000000,12.000000000000000,Grass died better here. More apparent stress and mortality,{6CBAA35B-B6F8-4989-A4B3-04C2D253D1E6},22/02/2026 22:57:58.832,,22/02/2026 22:57:58.832,,2.000000000000000,50
{8A390DA1-3ADE-4E62-AB7A-F2A34283DB58},2076.000000000000000,,34.000000000000000,4.000000000000000,8.000000000000000,Dead grass still tall in places,{6CBAA35B-B6F8-4989-A4B3-04C2D253D1E6},22/02/2026 22:57:58.832,,22/02/2026 22:57:58.832,,4.000000000000000,50
{5E64F03B-7430-4878-9025-64F834A03683},2075.000000000000000,,35.000000000000000,8.000000000000000,7.000000000000000,,{6CBAA35B-B6F8-4989-A4B3-04C2D253D1E6},22/02/2026 22:57:58.832,,22/02/2026 22:57:58.832,,0.000000000000000,50
{9EB1CB5C-4492-4BEE-8484-383D06DFF634},2065.000000000000000,,27.000000000000000,6.000000000000000,11.000000000000000,Old deer damage around,{6CBAA35B-B6F8-4989-A4B3-04C2D253D1E6},22/02/2026 22:57:58.832,,22/02/2026 22:57:58.832,,6.000000000000000,50
{C6356DBE-68F5-46EE-ACC2-86021959E4C3},2066.000000000000000,,40.000000000000000,5.000000000000000,3.000000000000000,Very long grass. Trees small,{6CBAA35B-B6F8-4989-A4B3-04C2D253D1E6},22/02/2026 22:57:58.832,,22/02/2026 22:57:58.832,,2.000000000000000,50
{F90816D3-51CD-4907-983B-9ACA94952193},2057.000000000000000,,34.000000000000000,7.000000000000000,6.000000000000000,Eaten trees with new greenery present,{6CBAA35B-B6F8-4989-A4B3-04C2D253D1E6},22/02/2026 22:57:58.832,,22/02/2026 22:57:58.832,,3.000000000000000,50
{93BD82BB-B2A9-41E8-8B38-0EEBBD649E6A},1953.000000000000000,,44.000000000000000,1.000000000000000,4.000000000000000,,{CEB9E3B9-CD13-42BC-867B-40636F3BFCA8},22/02/2026 22:58:12.628,,22/02/2026 22:58:12.628,,1.000000000000000,50
{03307F9A-F626-44D3-B29E-1F80D4335069},1954.000000000000000,,45.000000000000000,4.000000000000000,1.000000000000000,,{CEB9E3B9-CD13-42BC-867B-40636F3BFCA8},22/02/2026 22:58:12.628,,22/02/2026 22:58:12.628,,0.000000000000000,50
{C11DAB6D-6C39-4352-8CE5-28D08570B7E6},1955.000000000000000,,41.000000000000000,3.000000000000000,6.000000000000000,,{CEB9E3B9-CD13-42BC-867B-40636F3BFCA8},22/02/2026 22:58:12.628,,22/02/2026 22:58:12.628,,0.000000000000000,50
{18E1224F-23C9-4931-B0EB-1A2C120902B6},1964.000000000000000,,41.000000000000000,2.000000000000000,7.000000000000000,,{CEB9E3B9-CD13-42BC-867B-40636F3BFCA8},22/02/2026 22:58:12.628,,22/02/2026 22:58:12.628,,0.000000000000000,50
{51F4C2FB-292E-4B31-9867-835543EE0388},1974.000000000000000,,48.000000000000000,2.000000000000000,0.000000000000000,,{CEB9E3B9-CD13-42BC-867B-40636F3BFCA8},22/02/2026 22:58:12.628,,22/02/2026 22:58:12.628,,0.000000000000000,50
{68DBBC92-ABF1-41BE-BE77-6FA362860AA6},1975.000000000000000,,47.000000000000000,2.000000000000000,1.000000000000000,,{CEB9E3B9-CD13-42BC-867B-40636F3BFCA8},22/02/2026 22:58:12.628,,22/02/2026 22:58:12.628,,0.000000000000000,50
{B6DCB113-480D-48CD-9D07-8796BB66C394},1947.000000000000000,,47.000000000000000,1.000000000000000,1.000000000000000,,{CEB9E3B9-CD13-42BC-867B-40636F3BFCA8},22/02/2026 22:58:12.628,,22/02/2026 22:58:12.628,,1.000000000000000,50
{1806B5ED-5F78-4C7F-AA69-B3F4E5598C17},1952.000000000000000,,46.000000000000000,2.000000000000000,2.000000000000000,,{CEB9E3B9-CD13-42BC-867B-40636F3BFCA8},22/02/2026 22:58:12.628,,22/02/2026 22:58:12.628,,0.000000000000000,50
{22BAD985-FA63-4EBD-8F08-5E2E733ABAE9},1960.000000000000000,,47.000000000000000,1.000000000000000,1.000000000000000,Edge of wet area,{0185F14A-4148-4317-A215-C4BCCD6B50A9},22/02/2026 22:58:28.733,,22/02/2026 22:58:28.733,,1.000000000000000,50
{65199AE7-7BE5-4CBE-8DE3-9AAA24D57E9F},1961.000000000000000,,46.000000000000000,1.000000000000000,2.000000000000000,,{0185F14A-4148-4317-A215-C4BCCD6B50A9},22/02/2026 22:58:28.733,,22/02/2026 22:58:28.733,,1.000000000000000,50
{52C6F739-DE53-47A6-95EE-583774244751},1962.000000000000000,,50.000000000000000,0.000000000000000,0.000000000000000,,{0185F14A-4148-4317-A215-C4BCCD6B50A9},22/02/2026 22:58:28.733,,22/02/2026 22:58:28.733,,0.000000000000000,50
{CB1A5D0A-9000-48FD-9532-73B15ACAA9C6},1963.000000000000000,,48.000000000000000,0.000000000000000,1.000000000000000,,{0185F14A-4148-4317-A215-C4BCCD6B50A9},22/02/2026 22:58:28.733,,22/02/2026 22:58:28.733,,1.000000000000000,50
{AB96EE85-4710-412D-9AF3-1F999C8D1655},1973.000000000000000,,43.000000000000000,1.000000000000000,3.000000000000000,,{0185F14A-4148-4317-A215-C4BCCD6B50A9},22/02/2026 22:58:28.733,,22/02/2026 22:58:28.733,,3.000000000000000,50
{2FBA7564-A4B0-4182-841E-700A885CF2BC},1743.000000000000000,,43.000000000000000,1.000000000000000,4.000000000000000,,{8E6A0F31-348A-43BA-8049-1FD8EF09C71C},23/02/2026 0:25:53.641,,23/02/2026 0:25:53.641,,2.000000000000000,50
{8E22B032-BB25-45EB-9EAB-917EB4BADAD8},1734.000000000000000,,48.000000000000000,1.000000000000000,0.000000000000000,,{8E6A0F31-348A-43BA-8049-1FD8EF09C71C},23/02/2026 0:25:53.641,,23/02/2026 0:25:53.641,,1.000000000000000,50
{17D29411-1915-4C9A-B695-50BB4D63F9E7},1729.000000000000000,,39.000000000000000,3.000000000000000,8.000000000000000,,{8E6A0F31-348A-43BA-8049-1FD8EF09C71C},23/02/2026 0:25:53.641,,23/02/2026 0:25:53.641,,0.000000000000000,50
{65B333EA-61DB-435B-88F2-3EAD54D6A4A7},1730.000000000000000,,41.000000000000000,2.000000000000000,6.000000000000000,,{8E6A0F31-348A-43BA-8049-1FD8EF09C71C},23/02/2026 0:25:53.641,,23/02/2026 0:25:53.641,,1.000000000000000,50
{FE72EA16-9D28-4B99-93AC-01D396B84EB0},1727.000000000000000,,46.000000000000000,1.000000000000000,3.000000000000000,,{8E6A0F31-348A-43BA-8049-1FD8EF09C71C},23/02/2026 0:25:53.641,,23/02/2026 0:25:53.641,,0.000000000000000,50
{25536AF9-4A41-461A-96A4-544D7BEE7B9F},1735.000000000000000,,27.000000000000000,8.000000000000000,15.000000000000000,Random dead patches. Rocky in areas,{8DDB8005-9BFE-475A-ADC9-6841AF6F6F7E},23/02/2026 1:09:21.975,,23/02/2026 1:09:21.975,,0.000000000000000,50
{167B1976-5C8D-42D0-9CBF-766B1E462E9F},1726.000000000000000,,48.000000000000000,2.000000000000000,0.000000000000000,,{8DDB8005-9BFE-475A-ADC9-6841AF6F6F7E},23/02/2026 1:09:21.975,,23/02/2026 1:09:21.975,,0.000000000000000,50
{E53B8B04-716E-4001-99D3-46C0A081714A},1728.000000000000000,,44.000000000000000,3.000000000000000,2.000000000000000,Some old eaten tops regrowing,{8DDB8005-9BFE-475A-ADC9-6841AF6F6F7E},23/02/2026 1:09:21.975,,23/02/2026 1:09:21.975,,1.000000000000000,50
{C19CC83B-2912-4149-A82A-9AE7DCC9507B},1733.000000000000000,,45.000000000000000,1.000000000000000,2.000000000000000,,{8DDB8005-9BFE-475A-ADC9-6841AF6F6F7E},23/02/2026 1:09:21.975,,23/02/2026 1:09:21.975,,2.000000000000000,50
{4847E1F1-CB41-4E07-B56A-F72E98ABC1EB},1851.000000000000000,,46.000000000000000,4.000000000000000,0.000000000000000,Attenuata section. Browsed trees are stressed,{3680F765-5BE6-4170-A1FF-F85C3FF9DD54},23/02/2026 1:09:42.855,,23/02/2026 1:09:42.855,,0.000000000000000,50
{639BF716-3A67-4AE8-8C99-C672CBA33693},1872.000000000000000,,47.000000000000000,2.000000000000000,0.000000000000000,A couple eaten trees,{3680F765-5BE6-4170-A1FF-F85C3FF9DD54},23/02/2026 1:09:42.855,,23/02/2026 1:09:42.855,,1.000000000000000,50
{4AB91540-968F-46F7-A2F1-95422D2463D8},1852.000000000000000,,43.000000000000000,4.000000000000000,3.000000000000000,,{3680F765-5BE6-4170-A1FF-F85C3FF9DD54},23/02/2026 1:09:42.855,,23/02/2026 1:09:42.855,,0.000000000000000,50
{EFFB6540-4D10-47E9-94C6-B749B09877A6},1873.000000000000000,,45.000000000000000,4.000000000000000,1.000000000000000,,{3680F765-5BE6-4170-A1FF-F85C3FF9DD54},23/02/2026 1:09:42.855,,23/02/2026 1:09:42.855,,0.000000000000000,50
{9623557B-1F3F-482F-B661-A978C6FE490B},1874.000000000000000,,40.000000000000000,6.000000000000000,4.000000000000000,Rocky. A bit of chewing,{3680F765-5BE6-4170-A1FF-F85C3FF9DD54},23/02/2026 1:09:42.855,,23/02/2026 1:09:42.855,,0.000000000000000,50
{EA556962-FE21-4E29-B5E6-42B92B5380B4},1919.000000000000000,,25.000000000000000,15.000000000000000,4.000000000000000,A lot of chewed trees,{034E8269-A59D-419C-9A34-E3FAA0AC3DF1},23/02/2026 2:16:58.377,,23/02/2026 2:16:58.377,,6.000000000000000,50
{ECAEC4EC-993D-49C9-A2D6-3F1C11986573},1918.000000000000000,,42.000000000000000,0.000000000000000,8.000000000000000,,{034E8269-A59D-419C-9A34-E3FAA0AC3DF1},23/02/2026 2:16:58.377,,23/02/2026 2:16:58.377,,0.000000000000000,50
{C83A6172-0D2D-4592-A5C4-728FB96AACA8},1928.000000000000000,,39.000000000000000,5.000000000000000,5.000000000000000,A bit of chewing present,{034E8269-A59D-419C-9A34-E3FAA0AC3DF1},23/02/2026 2:16:58.377,,23/02/2026 2:16:58.377,,1.000000000000000,50
{2B4A0D85-D4FA-4B10-94B2-87943438459A},1917.000000000000000,,38.000000000000000,7.000000000000000,3.000000000000000,Heavy chewing but trees greening up again,{034E8269-A59D-419C-9A34-E3FAA0AC3DF1},23/02/2026 2:16:58.377,,23/02/2026 2:16:58.377,,2.000000000000000,50
{2AD051AA-9F98-46F1-993F-EED4E78C8DD2},1939.000000000000000,,42.000000000000000,1.000000000000000,5.000000000000000,,{034E8269-A59D-419C-9A34-E3FAA0AC3DF1},23/02/2026 2:16:58.377,,23/02/2026 2:16:58.377,,2.000000000000000,50
{A8EE55DD-3549-4976-AEAC-C272FF94A779},1938.000000000000000,,37.000000000000000,6.000000000000000,4.000000000000000,,{034E8269-A59D-419C-9A34-E3FAA0AC3DF1},23/02/2026 2:16:58.377,,23/02/2026 2:16:58.377,,3.000000000000000,50
{B4BF6E7E-BCFE-456C-AAFA-1B729C305B45},1933.000000000000000,,46.000000000000000,0.000000000000000,3.000000000000000,,{034E8269-A59D-419C-9A34-E3FAA0AC3DF1},23/02/2026 2:16:58.377,,23/02/2026 2:16:58.377,,1.000000000000000,50
{1A59F7C4-1940-4834-9A31-4FB3ED4645B1},147.000000000000000,,44.000000000000000,5.000000000000000,1.000000000000000,,{EFBDDABA-CFA7-4087-A97C-233FBCF02EC4},23/02/2026 4:11:24.835,,23/02/2026 4:11:24.835,,0.000000000000000,50
{F2C126EE-20F4-455F-8472-65AC17A63646},148.000000000000000,,29.000000000000000,6.000000000000000,15.000000000000000,Hare damage,{EFBDDABA-CFA7-4087-A97C-233FBCF02EC4},23/02/2026 4:11:24.835,,23/02/2026 4:11:24.835,,0.000000000000000,50
{74449858-33D5-407C-A1A9-489592833960},158.000000000000000,,47.000000000000000,0.000000000000000,3.000000000000000,"Good growth, wet area below. Grass streak through plot",{EFBDDABA-CFA7-4087-A97C-233FBCF02EC4},23/02/2026 4:11:24.835,,23/02/2026 4:11:24.835,,0.000000000000000,50
{24D0731E-E222-4833-9BF0-890ECD8B58F2},159.000000000000000,,43.000000000000000,3.000000000000000,4.000000000000000,,{EFBDDABA-CFA7-4087-A97C-233FBCF02EC4},23/02/2026 4:11:24.835,,23/02/2026 4:11:24.835,,0.000000000000000,50
{9C64E76A-EAFE-444A-982C-2F15FD5D458D},173.000000000000000,,44.000000000000000,2.000000000000000,4.000000000000000,,{EFBDDABA-CFA7-4087-A97C-233FBCF02EC4},23/02/2026 4:11:24.835,,23/02/2026 4:11:24.835,,0.000000000000000,50
{185A1FA7-E690-4D18-B07B-0884FF045183},180.000000000000000,,46.000000000000000,1.000000000000000,3.000000000000000,,{EFBDDABA-CFA7-4087-A97C-233FBCF02EC4},23/02/2026 4:11:24.835,,23/02/2026 4:11:24.835,,0.000000000000000,50
{3AAAD85B-A517-448A-A694-98D691C02BCF},172.000000000000000,,41.000000000000000,6.000000000000000,3.000000000000000,,{EFBDDABA-CFA7-4087-A97C-233FBCF02EC4},23/02/2026 4:11:24.835,,23/02/2026 4:11:24.835,,0.000000000000000,50
{607B9245-4023-4F5E-A335-6997AA8AFB7C},171.000000000000000,,47.000000000000000,0.000000000000000,3.000000000000000,,{EFBDDABA-CFA7-4087-A97C-233FBCF02EC4},23/02/2026 4:11:24.835,,23/02/2026 4:11:24.835,,0.000000000000000,50
{6945863C-CB56-45FA-93F0-0A6E2741D902},185.000000000000000,,45.000000000000000,2.000000000000000,3.000000000000000,,{EFBDDABA-CFA7-4087-A97C-233FBCF02EC4},23/02/2026 4:11:24.835,,23/02/2026 4:11:24.835,,0.000000000000000,50
{46698760-D50F-49FB-BE45-730E144B3C8F},186.000000000000000,,46.000000000000000,2.000000000000000,2.000000000000000,,{EFBDDABA-CFA7-4087-A97C-233FBCF02EC4},23/02/2026 4:11:24.835,,23/02/2026 4:11:24.835,,0.000000000000000,50
{D8C12C56-14F3-4C13-99A1-E28A691ECC44},187.000000000000000,,44.000000000000000,1.000000000000000,4.000000000000000,,{EFBDDABA-CFA7-4087-A97C-233FBCF02EC4},23/02/2026 4:11:24.835,,23/02/2026 4:11:24.835,,1.000000000000000,50
{EA04A1D8-27D8-465B-A855-54811E0F3F23},179.000000000000000,,38.000000000000000,5.000000000000000,7.000000000000000,,{EFBDDABA-CFA7-4087-A97C-233FBCF02EC4},23/02/2026 4:11:24.835,,23/02/2026 4:11:24.835,,0.000000000000000,50
{97D569EF-CAE6-429B-AC02-3DBC988856F3},1569.000000000000000,,40.000000000000000,4.000000000000000,6.000000000000000,Patchy grass,{F09657D7-08C5-423F-9261-334365242199},23/02/2026 20:52:04.304,,23/02/2026 23:49:01.762,ScarlettMichelle,0.000000000000000,50
{631F6A70-8633-4C30-87C1-2422DDCD1C44},1570.000000000000000,,37.000000000000000,2.000000000000000,10.000000000000000,,{F09657D7-08C5-423F-9261-334365242199},23/02/2026 20:52:04.304,,23/02/2026 23:49:01.762,ScarlettMichelle,1.000000000000000,50
{A5E4E21F-82BD-47D5-9834-A403101D2F58},1571.000000000000000,,29.000000000000000,2.000000000000000,19.000000000000000,,{F09657D7-08C5-423F-9261-334365242199},23/02/2026 20:52:04.304,,23/02/2026 23:49:01.762,ScarlettMichelle,0.000000000000000,50
{1FD4C053-83D3-4A82-BD42-946CB4CF917E},1551.000000000000000,,27.000000000000000,1.000000000000000,22.000000000000000,,{F09657D7-08C5-423F-9261-334365242199},23/02/2026 20:52:04.304,,23/02/2026 23:49:01.762,ScarlettMichelle,0.000000000000000,50
{9C249304-C35E-4C6A-9F71-F8D05642625C},1572.000000000000000,,26.000000000000000,2.000000000000000,21.000000000000000,,{F09657D7-08C5-423F-9261-334365242199},23/02/2026 20:52:04.304,,23/02/2026 23:49:01.762,ScarlettMichelle,1.000000000000000,50
{07B8163B-3F0F-4DF2-BB2D-63562B55B892},1573.000000000000000,,33.000000000000000,2.000000000000000,15.000000000000000,,{F09657D7-08C5-423F-9261-334365242199},23/02/2026 20:52:04.304,,23/02/2026 20:52:04.304,,0.000000000000000,50
{A0CEFA48-8FCB-4A21-A96A-54A854F8567E},1574.000000000000000,,38.000000000000000,0.000000000000000,12.000000000000000,2 dead trees have old hare damage,{F09657D7-08C5-423F-9261-334365242199},23/02/2026 20:52:04.304,,23/02/2026 20:52:04.304,,0.000000000000000,50
{35DA519C-5C4A-48C0-BF20-AA97FF58FF9B},1596.000000000000000,,28.000000000000000,0.000000000000000,22.000000000000000,Spray not holding,{F09657D7-08C5-423F-9261-334365242199},23/02/2026 20:52:04.304,,23/02/2026 20:52:04.304,,0.000000000000000,50
{9209AFD9-40DB-4806-8B2D-9C766BAD3357},1595.000000000000000,,22.000000000000000,2.000000000000000,26.000000000000000,,{F09657D7-08C5-423F-9261-334365242199},23/02/2026 20:52:04.304,,23/02/2026 20:52:04.304,,0.000000000000000,50
{2A17537E-C9E3-49C8-A9A7-19CC65D9DEA1},1594.000000000000000,,26.000000000000000,4.000000000000000,20.000000000000000,Small patches of grass,{F09657D7-08C5-423F-9261-334365242199},23/02/2026 20:52:04.304,,23/02/2026 20:52:04.304,,0.000000000000000,50
{E27BDB4E-F562-401E-AAD9-297615EBDB2F},1593.000000000000000,,19.000000000000000,7.000000000000000,24.000000000000000,Small patches of grass,{F09657D7-08C5-423F-9261-334365242199},23/02/2026 20:52:04.304,,23/02/2026 20:52:04.304,,0.000000000000000,50
{D5298832-04A0-4E07-9A3C-D1CA472050DD},1568.000000000000000,,6.000000000000000,7.000000000000000,32.000000000000000,In tussock patch. Very high mortality in tussocks,{3518DD8E-ED74-40C5-920E-CCE905A0F717},23/02/2026 21:05:28.664,,23/02/2026 21:05:28.664,,5.000000000000000,50
{3D1FE530-E873-49DC-ABD1-3F04AB4F47FE},1567.000000000000000,,14.000000000000000,6.000000000000000,30.000000000000000,Old chewing present,{3518DD8E-ED74-40C5-920E-CCE905A0F717},23/02/2026 21:05:28.664,,23/02/2026 21:05:28.664,,0.000000000000000,50
{0DBF0E28-0AC7-42CE-9508-CFDFCD362AED},1592.000000000000000,,14.000000000000000,1.000000000000000,35.000000000000000,,{3518DD8E-ED74-40C5-920E-CCE905A0F717},23/02/2026 21:05:28.664,,23/02/2026 21:05:28.664,,0.000000000000000,50
{ED513B36-3B55-4B0B-8F62-0C8F7E72EB56},1566.000000000000000,,19.000000000000000,3.000000000000000,28.000000000000000,,{3518DD8E-ED74-40C5-920E-CCE905A0F717},23/02/2026 21:05:28.664,,23/02/2026 21:05:28.664,,0.000000000000000,50
{F62390BE-5CA1-491F-BF98-42FD7E0A166C},1549.000000000000000,,26.000000000000000,7.000000000000000,15.000000000000000,Grass taller than most trees,{AA3DDF15-69B5-4E12-BC2F-F247DEC6FF87},23/02/2026 21:05:47.602,,23/02/2026 21:05:47.602,,2.000000000000000,50
{7995E0D9-857B-41A5-B24E-3D4B83B65CC7},1520.000000000000000,,19.000000000000000,4.000000000000000,20.000000000000000,Long grass smothering most trees,{AA3DDF15-69B5-4E12-BC2F-F247DEC6FF87},23/02/2026 21:05:47.602,,23/02/2026 21:05:47.602,,7.000000000000000,50
{46A672C7-BD34-4ACC-ABBC-DDC899BA305D},1550.000000000000000,,35.000000000000000,4.000000000000000,9.000000000000000,Better survival lower part. Long grass smothering higher up,{AA3DDF15-69B5-4E12-BC2F-F247DEC6FF87},23/02/2026 21:05:47.602,,23/02/2026 21:05:47.602,,2.000000000000000,50
{893EC542-BF00-423F-85CC-B6FDADE3FE54},1521.000000000000000,,26.000000000000000,7.000000000000000,14.000000000000000,Long grass smothering,{AA3DDF15-69B5-4E12-BC2F-F247DEC6FF87},23/02/2026 21:05:47.602,,23/02/2026 21:05:47.602,,3.000000000000000,50
{390718DB-120B-47E6-B13B-EBB583DE90B1},1522.000000000000000,,35.000000000000000,4.000000000000000,10.000000000000000,,{AA3DDF15-69B5-4E12-BC2F-F247DEC6FF87},23/02/2026 21:05:47.602,,23/02/2026 21:05:47.602,,1.000000000000000,50
{1F997837-7BB7-4A42-9087-0B205D22385A},1523.000000000000000,,18.000000000000000,7.000000000000000,18.000000000000000,Grass very long. Looks like an area where deer were mobbing,{AA3DDF15-69B5-4E12-BC2F-F247DEC6FF87},23/02/2026 21:05:47.602,,23/02/2026 21:05:47.602,,7.000000000000000,50
{C0235023-C480-4C60-AB5D-AAB3331E042E},1524.000000000000000,,15.000000000000000,6.000000000000000,24.000000000000000,Chewed trees around. Some coming back,{AA3DDF15-69B5-4E12-BC2F-F247DEC6FF87},23/02/2026 21:05:47.602,,23/02/2026 21:05:47.602,,5.000000000000000,50
{F2D315A9-BD37-48FF-9C39-257A53075501},3.000000000000000,,45.000000000000000,2.000000000000000,3.000000000000000,Nice flushing on seedlings,{0695F0F3-01E8-4F54-BB3C-49C4F81BB10A},23/02/2026 21:31:48.948,,23/02/2026 21:31:48.948,,0.000000000000000,50
{3734837E-FA9B-4209-A617-81A1D7099BFA},7.000000000000000,,44.000000000000000,5.000000000000000,1.000000000000000,"Dry part of paddock, small number stressed",{0695F0F3-01E8-4F54-BB3C-49C4F81BB10A},23/02/2026 21:31:48.948,,23/02/2026 21:31:48.948,,0.000000000000000,50
{76B2B45D-CACA-40E8-BBFF-53B54E736EFA},4.000000000000000,,46.000000000000000,3.000000000000000,1.000000000000000,,{0695F0F3-01E8-4F54-BB3C-49C4F81BB10A},23/02/2026 21:31:48.948,,23/02/2026 21:31:48.948,,0.000000000000000,50
{6DA0CE3B-24D3-45C9-94D6-9242804EA80F},10.000000000000000,,49.000000000000000,0.000000000000000,1.000000000000000,Really good seedling growth in this area,{3A1CAB53-DBB4-4DBF-A627-24E1BBC5D9EE},23/02/2026 22:19:48.762,,23/02/2026 22:19:48.762,,0.000000000000000,50
{55A9C160-4BA2-49E6-8B40-7E1B35BDBB1E},11.000000000000000,,50.000000000000000,0.000000000000000,0.000000000000000,,{3A1CAB53-DBB4-4DBF-A627-24E1BBC5D9EE},23/02/2026 22:19:48.762,,23/02/2026 22:19:48.762,,0.000000000000000,50
{6BF1A0A3-ECAD-4B4F-AEBC-2CE174190490},5.000000000000000,,41.000000000000000,7.000000000000000,2.000000000000000,,{3A1CAB53-DBB4-4DBF-A627-24E1BBC5D9EE},23/02/2026 22:19:48.762,,23/02/2026 22:19:48.762,,0.000000000000000,50
{A784BF68-C348-4ED4-9267-1F5C00B7D840},1.000000000000000,,42.000000000000000,3.000000000000000,1.000000000000000,,{3A1CAB53-DBB4-4DBF-A627-24E1BBC5D9EE},23/02/2026 22:19:48.762,,23/02/2026 22:19:48.762,,4.000000000000000,50
{74C14093-3C4A-4FB0-A024-7A12E023E886},1247.000000000000000,,46.000000000000000,2.000000000000000,2.000000000000000,Green grass throughout area,{30C53C65-1F11-42D8-8223-D0B1A860277C},23/02/2026 22:33:01.556,,23/02/2026 22:33:01.556,,0.000000000000000,50
{DB99C755-77FB-44F2-9E81-EF36502E1A1B},1282.000000000000000,,47.000000000000000,2.000000000000000,1.000000000000000,,{30C53C65-1F11-42D8-8223-D0B1A860277C},23/02/2026 22:33:01.556,,23/02/2026 22:33:01.556,,0.000000000000000,50
{B009E9B7-E449-48FE-8D86-E00E678E868C},1281.000000000000000,,38.000000000000000,2.000000000000000,10.000000000000000,Lot of long green grass present. Old browsing on some trees but still alive,{30C53C65-1F11-42D8-8223-D0B1A860277C},23/02/2026 22:33:01.556,,23/02/2026 22:33:01.556,,0.000000000000000,50
{0FF975D3-15BC-409C-921D-5C396010C060},1245.000000000000000,,43.000000000000000,2.000000000000000,5.000000000000000,"Long grass, lot of green grass. Some trees hard to find",{30C53C65-1F11-42D8-8223-D0B1A860277C},23/02/2026 22:33:01.556,,23/02/2026 22:33:01.556,,0.000000000000000,50
{C573F70C-6AF7-4215-8275-938A107DFD4F},1206.000000000000000,,47.000000000000000,0.000000000000000,3.000000000000000,Change in lines in plot.,{30C53C65-1F11-42D8-8223-D0B1A860277C},23/02/2026 22:33:01.556,,23/02/2026 22:33:01.556,,0.000000000000000,50
{E6B3B5E5-82F2-4CF6-96B7-E8BBA0808A55},1169.000000000000000,,46.000000000000000,1.000000000000000,3.000000000000000,,{30C53C65-1F11-42D8-8223-D0B1A860277C},23/02/2026 22:33:01.556,,23/02/2026 22:33:01.556,,0.000000000000000,50
{E6FDED73-190F-4249-8D5A-05E78A398643},1207.000000000000000,,46.000000000000000,2.000000000000000,2.000000000000000,,{30C53C65-1F11-42D8-8223-D0B1A860277C},23/02/2026 22:33:01.556,,23/02/2026 22:33:01.556,,0.000000000000000,50
{280D5DBC-8096-44C3-8C0F-EE205A3780C2},1208.000000000000000,,36.000000000000000,0.000000000000000,4.000000000000000,One row with dead trees,{30C53C65-1F11-42D8-8223-D0B1A860277C},23/02/2026 22:33:01.556,,23/02/2026 23:59:02.385,ScarlettMichelle,0.000000000000000,50
{EC483E03-9243-4CE3-B39B-71373AF43131},1246.000000000000000,,48.000000000000000,1.000000000000000,0.000000000000000,Some trees hard to fi d in long grass,{30C53C65-1F11-42D8-8223-D0B1A860277C},23/02/2026 22:33:01.556,,23/02/2026 22:33:01.556,,1.000000000000000,50
{8C58B69E-0D05-4D60-8E14-A9C2DA7EED98},1283.000000000000000,,39.000000000000000,1.000000000000000,10.000000000000000,,{C411B20B-F58D-4567-86B0-4D59D33B1C7B},23/02/2026 22:34:36.465,,23/02/2026 22:34:36.465,,0.000000000000000,50
{A105DA63-1710-4660-B204-5E117F5AEE17},1284.000000000000000,,36.000000000000000,6.000000000000000,8.000000000000000,,{C411B20B-F58D-4567-86B0-4D59D33B1C7B},23/02/2026 22:34:36.465,,23/02/2026 22:34:36.465,,0.000000000000000,50
{BC1CADF1-7488-4FCD-8055-9DCBE3B910FF},1285.000000000000000,,43.000000000000000,3.000000000000000,3.000000000000000,,{C411B20B-F58D-4567-86B0-4D59D33B1C7B},23/02/2026 22:34:36.465,,23/02/2026 22:34:36.465,,1.000000000000000,50
{1AFDE030-5711-4CC2-B118-2BEB19D895D3},1248.000000000000000,,29.000000000000000,9.000000000000000,12.000000000000000,More stress in this area,{C411B20B-F58D-4567-86B0-4D59D33B1C7B},23/02/2026 22:34:36.465,,23/02/2026 22:34:36.465,,0.000000000000000,50
{706904CD-87A2-4CD1-96DD-262DEF63BEF4},1209.000000000000000,,35.000000000000000,2.000000000000000,13.000000000000000,Random singles dead,{C411B20B-F58D-4567-86B0-4D59D33B1C7B},23/02/2026 22:34:36.465,,23/02/2026 22:34:36.465,,0.000000000000000,50
{590C6BDA-B44D-457F-AE8A-4C81E92E0B4F},1249.000000000000000,,43.000000000000000,4.000000000000000,3.000000000000000,Some highly stressed trees,{C411B20B-F58D-4567-86B0-4D59D33B1C7B},23/02/2026 22:34:36.465,,23/02/2026 22:34:36.465,,0.000000000000000,50
{772BF8EF-3BC6-4591-902C-9CDDCB57C010},1250.000000000000000,,40.000000000000000,3.000000000000000,7.000000000000000,,{C411B20B-F58D-4567-86B0-4D59D33B1C7B},23/02/2026 22:34:36.465,,23/02/2026 22:34:36.465,,0.000000000000000,50
{7670A46D-616D-425F-B41E-722AFDD3D8AD},1251.000000000000000,,42.000000000000000,2.000000000000000,5.000000000000000,,{C411B20B-F58D-4567-86B0-4D59D33B1C7B},23/02/2026 22:34:36.465,,23/02/2026 22:34:36.465,,1.000000000000000,50
{8B458A74-1039-4B2C-A4AA-232EECA2767E},1212.000000000000000,,36.000000000000000,4.000000000000000,9.000000000000000,,{C411B20B-F58D-4567-86B0-4D59D33B1C7B},23/02/2026 22:34:36.465,,23/02/2026 22:34:36.465,,1.000000000000000,50
{64780917-81C2-4E98-8B94-684EA6B82737},1211.000000000000000,,35.000000000000000,4.000000000000000,11.000000000000000,,{C411B20B-F58D-4567-86B0-4D59D33B1C7B},23/02/2026 22:34:36.465,,23/02/2026 22:34:36.465,,0.000000000000000,50
{36FB3A19-A923-41E9-859A-61418FD7D203},1173.000000000000000,,40.000000000000000,2.000000000000000,8.000000000000000,,{C411B20B-F58D-4567-86B0-4D59D33B1C7B},23/02/2026 22:34:36.465,,23/02/2026 22:34:36.465,,0.000000000000000,50
{D3541B7B-C0D6-4F9D-9FE4-E7298E42BBF2},1172.000000000000000,,38.000000000000000,6.000000000000000,6.000000000000000,,{C411B20B-F58D-4567-86B0-4D59D33B1C7B},23/02/2026 22:34:36.465,,23/02/2026 22:34:36.465,,0.000000000000000,50
{92703783-A0C5-46D1-A2DA-FDA1AD8A40B0},1210.000000000000000,,32.000000000000000,6.000000000000000,12.000000000000000,,{C411B20B-F58D-4567-86B0-4D59D33B1C7B},23/02/2026 22:34:36.465,,23/02/2026 22:34:36.465,,0.000000000000000,50
{2B85EEAF-30A3-4B6A-A27D-5F457CF8F71B},1171.000000000000000,,39.000000000000000,2.000000000000000,9.000000000000000,,{C411B20B-F58D-4567-86B0-4D59D33B1C7B},23/02/2026 22:34:36.465,,23/02/2026 22:34:36.465,,0.000000000000000,50
{987BEB30-6F7E-4158-B235-AD80D0B944FC},9.000000000000000,,43.000000000000000,2.000000000000000,5.000000000000000,Ground appears pugged from stock prior to planting,{66BB1F2A-6F84-4E46-8F20-475304FBD68F},23/02/2026 23:23:07.242,,23/02/2026 23:23:07.242,,0.000000000000000,50
{8EB51922-BBE9-472F-A303-6F1AC3F3F43F},6.000000000000000,,44.000000000000000,2.000000000000000,4.000000000000000,,{66BB1F2A-6F84-4E46-8F20-475304FBD68F},23/02/2026 23:23:07.242,,23/02/2026 23:23:07.242,,0.000000000000000,50
{3A202C76-3D99-41F2-ACDC-808AA8598959},2.000000000000000,,49.000000000000000,0.000000000000000,1.000000000000000,,{66BB1F2A-6F84-4E46-8F20-475304FBD68F},23/02/2026 23:23:07.242,,23/02/2026 23:23:07.242,,0.000000000000000,50
{F894E54C-057A-4543-AEEC-5327A0F972EB},8.000000000000000,,45.000000000000000,1.000000000000000,3.000000000000000,,{66BB1F2A-6F84-4E46-8F20-475304FBD68F},23/02/2026 23:23:07.242,,23/02/2026 23:23:07.242,,1.000000000000000,50
{9DC2A786-3E6E-4F7A-ACBB-29D75C54E9F5},15.000000000000000,,48.000000000000000,1.000000000000000,1.000000000000000,,{66BB1F2A-6F84-4E46-8F20-475304FBD68F},23/02/2026 23:23:07.242,,23/02/2026 23:23:07.242,,0.000000000000000,50
{DD3D9124-4AB6-4A1B-B948-3F4B4BD5ED6F},15.000000000000000,,49.000000000000000,0.000000000000000,1.000000000000000,,{66BB1F2A-6F84-4E46-8F20-475304FBD68F},23/02/2026 23:23:07.242,,23/02/2026 23:23:07.242,,0.000000000000000,50
{AA3884EF-BD3D-4D62-8D86-8FF36D3955A4},17.000000000000000,,48.000000000000000,2.000000000000000,0.000000000000000,Very few seen dead or stressed in this general area,{F4185EA5-F5D8-4CF9-9047-4833FFA86816},23/02/2026 23:38:42.850,,23/02/2026 23:38:42.850,,0.000000000000000,50
{66638F0B-4151-489B-BEB9-0302C9BE0B61},20.000000000000000,,48.000000000000000,1.000000000000000,1.000000000000000,,{F4185EA5-F5D8-4CF9-9047-4833FFA86816},23/02/2026 23:38:42.850,,23/02/2026 23:38:42.850,,0.000000000000000,50
{AB2D7C8E-BFC0-4C39-B97C-9049432BE5A2},9.000000000000000,,43.000000000000000,2.000000000000000,5.000000000000000,Ground appears pugged from stock prior to planting,{79EC6DFC-F41F-4BDE-9337-1F80DB124609},23/02/2026 23:38:44.218,,23/02/2026 23:38:44.218,,0.000000000000000,50
{319D2574-E2D2-42F2-989F-8BD711A32977},6.000000000000000,,44.000000000000000,2.000000000000000,4.000000000000000,,{79EC6DFC-F41F-4BDE-9337-1F80DB124609},23/02/2026 23:38:44.218,,23/02/2026 23:38:44.218,,0.000000000000000,50
{41A224B0-B686-4775-8EB0-B06F90F8B3AA},2.000000000000000,,49.000000000000000,0.000000000000000,1.000000000000000,,{79EC6DFC-F41F-4BDE-9337-1F80DB124609},23/02/2026 23:38:44.218,,23/02/2026 23:38:44.218,,0.000000000000000,50
{4AA984A5-D948-4D33-BCF3-57FCD072538A},8.000000000000000,,45.000000000000000,1.000000000000000,3.000000000000000,,{79EC6DFC-F41F-4BDE-9337-1F80DB124609},23/02/2026 23:38:44.218,,23/02/2026 23:38:44.218,,1.000000000000000,50
{1D8FB3BB-8CA7-4CCA-97CD-0D370BB5A7FA},15.000000000000000,,48.000000000000000,1.000000000000000,1.000000000000000,,{79EC6DFC-F41F-4BDE-9337-1F80DB124609},23/02/2026 23:38:44.218,,23/02/2026 23:38:44.218,,0.000000000000000,50
{6774C3A2-85AA-4BB0-BC84-E5E3E191A35B},15.000000000000000,,49.000000000000000,0.000000000000000,1.000000000000000,,{79EC6DFC-F41F-4BDE-9337-1F80DB124609},23/02/2026 23:38:44.218,,23/02/2026 23:38:44.218,,0.000000000000000,50
{8D4C91B5-D78B-446C-A239-4CFF26690BD2},834.000000000000000,,34.000000000000000,10.000000000000000,4.000000000000000,Very long grass. A lot of stressed trees,{F44F37B8-560C-47D7-BCB0-44D0D56D0D34},23/02/2026 23:54:38.375,,23/02/2026 23:54:38.375,,2.000000000000000,50
{FF957351-FE33-46D1-8ED7-F4AEDA7E7DD4},833.000000000000000,,31.000000000000000,0.000000000000000,11.000000000000000,Very long grass. Hard to track in places,{F44F37B8-560C-47D7-BCB0-44D0D56D0D34},23/02/2026 23:54:38.375,,23/02/2026 23:54:38.375,,9.000000000000000,51
{98E33151-E16C-4174-8DE1-800244E28EF2},803.000000000000000,,33.000000000000000,5.000000000000000,5.000000000000000,,{F44F37B8-560C-47D7-BCB0-44D0D56D0D34},23/02/2026 23:54:38.375,,23/02/2026 23:54:38.375,,7.000000000000000,50
{6E76BFE0-AEC2-41F5-8DAD-36F92A9195B0},891.000000000000000,,46.000000000000000,1.000000000000000,1.000000000000000,Trees browsed but healthy. Hard to find in long grass,{B0FC3597-F5A3-4D5C-8EB0-2464F368CDFA},23/02/2026 23:56:59.583,,23/02/2026 23:56:59.583,,2.000000000000000,50
{8641551E-2CFD-46DA-9347-E468CF820DCD},890.000000000000000,,36.000000000000000,1.000000000000000,2.000000000000000,"Long grass falling over covering most trees in plot. Trees found were healthy but small.
Trees missing may be there as ones found were well hidden",{B0FC3597-F5A3-4D5C-8EB0-2464F368CDFA},23/02/2026 23:56:59.583,,23/02/2026 23:56:59.583,,11.000000000000000,50
{DD9C9FFE-270D-4D3A-9FCD-4E527302C984},860.000000000000000,,40.000000000000000,2.000000000000000,1.000000000000000,Missing trees may be there as hard to find most trees u der long grass,{B0FC3597-F5A3-4D5C-8EB0-2464F368CDFA},23/02/2026 23:56:59.583,,23/02/2026 23:56:59.583,,7.000000000000000,50
{CE17708D-B248-4DB5-AD7C-5FA6507FBC99},21.000000000000000,,48.000000000000000,0.000000000000000,2.000000000000000,,{109BBA7D-EF0E-4233-B741-CCDB1985CCE7},24/02/2026 0:46:19.643,,24/02/2026 0:46:19.643,,0.000000000000000,50
{BFC5089D-1713-4C56-A727-D785B6AEABA0},22.000000000000000,,32.000000000000000,4.000000000000000,14.000000000000000,Heavily pugged in tis immediate area. Area outside plot looks generally good live stocking,{109BBA7D-EF0E-4233-B741-CCDB1985CCE7},24/02/2026 0:46:19.643,,24/02/2026 0:46:19.643,,0.000000000000000,50
{6639E2E0-1C81-4187-9AF6-FFD6E43D4E43},19.000000000000000,,44.000000000000000,2.000000000000000,4.000000000000000,,{109BBA7D-EF0E-4233-B741-CCDB1985CCE7},24/02/2026 0:46:19.643,,24/02/2026 0:46:19.643,,0.000000000000000,50
{B8590C0A-808C-4DC8-B706-08DE963EA7AA},18.000000000000000,,47.000000000000000,2.000000000000000,1.000000000000000,,{109BBA7D-EF0E-4233-B741-CCDB1985CCE7},24/02/2026 0:46:19.643,,24/02/2026 0:46:19.643,,0.000000000000000,50
{31B006D0-B5F5-47A4-8260-6743966B6F62},14.000000000000000,,48.000000000000000,1.000000000000000,1.000000000000000,,{109BBA7D-EF0E-4233-B741-CCDB1985CCE7},24/02/2026 0:46:19.643,,24/02/2026 0:46:19.643,,0.000000000000000,50
{43A157EF-AB2B-4354-A42A-E03E33127E2D},12.000000000000000,,43.000000000000000,1.000000000000000,6.000000000000000,,{109BBA7D-EF0E-4233-B741-CCDB1985CCE7},24/02/2026 0:46:19.643,,24/02/2026 0:46:19.643,,0.000000000000000,50
{AE131328-17A3-4FE5-BD0D-64257DFC377E},13.000000000000000,,47.000000000000000,1.000000000000000,2.000000000000000,,{109BBA7D-EF0E-4233-B741-CCDB1985CCE7},24/02/2026 0:46:19.643,,24/02/2026 0:46:19.643,,0.000000000000000,50
{DE2F8578-BF51-4AAB-81DD-04022894A19A},1058.000000000000000,,44.000000000000000,1.000000000000000,4.000000000000000,Patchy green grass,{D7D08443-1269-4F08-8FDA-8F8CB45D1BA9},24/02/2026 1:18:45.298,,24/02/2026 3:18:10.360,ScarlettMichelle,1.000000000000000,50
{22AFB094-DE34-4662-B7CD-89D1FD092A51},1507.000000000000000,,43.000000000000000,3.000000000000000,4.000000000000000,Patchy green grass in plot,{D7D08443-1269-4F08-8FDA-8F8CB45D1BA9},24/02/2026 1:18:45.298,,24/02/2026 1:18:45.298,,0.000000000000000,50
{52A5FA57-365B-4CB2-AF23-ABA0B251A897},1506.000000000000000,,38.000000000000000,0.000000000000000,8.000000000000000,Green grass as high as trees in places,{D7D08443-1269-4F08-8FDA-8F8CB45D1BA9},24/02/2026 1:18:45.298,,24/02/2026 1:18:45.298,,4.000000000000000,50
{F85384D9-0451-45AC-90F0-C0C05A338786},1055.000000000000000,,28.000000000000000,0.000000000000000,21.000000000000000,Long green grass in 1/2 plot,{D7D08443-1269-4F08-8FDA-8F8CB45D1BA9},24/02/2026 1:18:45.298,,24/02/2026 3:17:42.443,ScarlettMichelle,1.000000000000000,50
{ADFB319C-11D1-41BE-8FEE-822DAF09E680},1024.000000000000000,,45.000000000000000,2.000000000000000,3.000000000000000,Spray mostly holding,{D7D08443-1269-4F08-8FDA-8F8CB45D1BA9},24/02/2026 1:18:45.298,,24/02/2026 1:18:45.298,,0.000000000000000,50
{F1858498-C7A4-4F4D-9212-486CE4739918},1023.000000000000000,,48.000000000000000,1.000000000000000,1.000000000000000,Patchy green grass,{D7D08443-1269-4F08-8FDA-8F8CB45D1BA9},24/02/2026 1:18:45.298,,24/02/2026 1:18:45.298,,0.000000000000000,50
{F0F8497E-34F0-4675-AD80-E1A577383D21},1022.000000000000000,,45.000000000000000,3.000000000000000,0.000000000000000,,{D7D08443-1269-4F08-8FDA-8F8CB45D1BA9},24/02/2026 1:18:45.298,,24/02/2026 1:18:45.298,,2.000000000000000,50
{CB70E93E-56CF-4E61-A431-30CFB3F330C5},1021.000000000000000,,48.000000000000000,1.000000000000000,0.000000000000000,"Couple of old browsed trees, still growing well even after browsing",{D7D08443-1269-4F08-8FDA-8F8CB45D1BA9},24/02/2026 1:18:45.298,,24/02/2026 1:18:45.298,,1.000000000000000,50
{966396A2-E12D-4319-9EAC-56A83C07C1B9},987.000000000000000,,45.000000000000000,1.000000000000000,4.000000000000000,,{D7D08443-1269-4F08-8FDA-8F8CB45D1BA9},24/02/2026 1:18:45.298,,24/02/2026 1:18:45.298,,0.000000000000000,50
{7BB2008E-D8EC-44ED-9E54-14B74C2C44F2},1020.000000000000000,,26.000000000000000,6.000000000000000,17.000000000000000,Very green area,{EE9EA295-565C-498B-A674-209F281FD1AC},24/02/2026 1:22:06.247,,24/02/2026 1:22:06.247,,1.000000000000000,50
{31005628-03A0-4163-84D5-DF1DE0084F24},1019.000000000000000,,36.000000000000000,6.000000000000000,6.000000000000000,,{EE9EA295-565C-498B-A674-209F281FD1AC},24/02/2026 1:22:06.247,,24/02/2026 1:22:06.247,,2.000000000000000,50
{92D66749-6DA1-425C-8FE4-40DA18EA07E2},1092.000000000000000,,45.000000000000000,0.000000000000000,5.000000000000000,,{0CAE4738-9EDF-41D9-8D95-6F9EADFDD621},24/02/2026 2:41:43.791,,24/02/2026 2:41:43.791,,0.000000000000000,50
{4D848095-BFB3-4CC9-88C1-3DF536BA69A5},952.000000000000000,,43.000000000000000,4.000000000000000,3.000000000000000,,{0CAE4738-9EDF-41D9-8D95-6F9EADFDD621},24/02/2026 2:41:43.791,,24/02/2026 2:41:43.791,,0.000000000000000,50
{017FBD2C-DF7B-4A58-8F1E-5274C25FDC9E},986.000000000000000,,46.000000000000000,3.000000000000000,1.000000000000000,,{0CAE4738-9EDF-41D9-8D95-6F9EADFDD621},24/02/2026 2:41:43.791,,24/02/2026 2:41:43.791,,0.000000000000000,50
{428ECA77-E810-41BB-9F6C-C0D3C2884D54},985.000000000000000,,47.000000000000000,2.000000000000000,1.000000000000000,,{0CAE4738-9EDF-41D9-8D95-6F9EADFDD621},24/02/2026 2:41:43.791,,24/02/2026 2:41:43.791,,0.000000000000000,50
{F92315F7-A9DE-470D-8D43-39C6D00471CC},141.000000000000000,,49.000000000000000,1.000000000000000,0.000000000000000,,{045F0474-00EC-4BE5-B3F2-3AC0F461B05F},24/02/2026 19:54:50.395,,24/02/2026 19:54:50.395,,0.000000000000000,50
{B8DCF872-53D5-4AD9-A2C7-F5BCDE40D28D},127.000000000000000,,43.000000000000000,4.000000000000000,2.000000000000000,2 dead from old hare damage,{045F0474-00EC-4BE5-B3F2-3AC0F461B05F},24/02/2026 19:54:50.395,,24/02/2026 19:54:50.395,,1.000000000000000,50
{9EF965F8-F063-42F2-ABFC-7696F560D6A2},113.000000000000000,,40.000000000000000,5.000000000000000,5.000000000000000,"Dead and stressed due to dry area of paddock, good survival outside plot area",{045F0474-00EC-4BE5-B3F2-3AC0F461B05F},24/02/2026 19:54:50.395,,24/02/2026 19:54:50.395,,0.000000000000000,50
{2621467F-F21D-4120-97D9-FC504FD20912},102.000000000000000,,46.000000000000000,1.000000000000000,3.000000000000000,,{045F0474-00EC-4BE5-B3F2-3AC0F461B05F},24/02/2026 19:54:50.395,,24/02/2026 19:54:50.395,,0.000000000000000,50
{533B5B4B-A26E-432C-82F0-BAEEF1D62E5B},115.000000000000000,,41.000000000000000,2.000000000000000,7.000000000000000,Rocky/dry area,{045F0474-00EC-4BE5-B3F2-3AC0F461B05F},24/02/2026 19:54:50.395,,24/02/2026 19:54:50.395,,0.000000000000000,50
{54110374-A0CE-4C25-8391-F1F0EFB1168F},114.000000000000000,,45.000000000000000,3.000000000000000,2.000000000000000,,{045F0474-00EC-4BE5-B3F2-3AC0F461B05F},24/02/2026 19:54:50.395,,24/02/2026 19:54:50.395,,0.000000000000000,50
{7BB8E7D0-2EDB-47E0-A2FB-25AA643775B1},128.000000000000000,,44.000000000000000,2.000000000000000,4.000000000000000,,{045F0474-00EC-4BE5-B3F2-3AC0F461B05F},24/02/2026 19:54:50.395,,24/02/2026 19:54:50.395,,0.000000000000000,50
{197D476E-0503-4A60-B09C-663CF0E2C6F2},129.000000000000000,,40.000000000000000,5.000000000000000,5.000000000000000,"Trees strugling in this location, dry area",{045F0474-00EC-4BE5-B3F2-3AC0F461B05F},24/02/2026 19:54:50.395,,24/02/2026 19:54:50.395,,0.000000000000000,50
{1C839F11-1162-4D2D-97C7-0BDA0692A72E},143.000000000000000,,37.000000000000000,7.000000000000000,6.000000000000000,High number dead or stressed due to pests and dry area,{045F0474-00EC-4BE5-B3F2-3AC0F461B05F},24/02/2026 19:54:50.395,,24/02/2026 19:54:50.395,,0.000000000000000,50
{172F4C27-B154-4C91-856B-052292B9E264},142.000000000000000,,45.000000000000000,1.000000000000000,3.000000000000000,,{045F0474-00EC-4BE5-B3F2-3AC0F461B05F},24/02/2026 19:54:50.395,,24/02/2026 19:54:50.395,,1.000000000000000,50
{D362F41D-E343-4669-B314-37AB44F90CA8},177.000000000000000,,42.000000000000000,3.000000000000000,5.000000000000000,"Pest damage, fresh",{492BE74C-B462-4F6B-A06A-6E61DBAA84CF},24/02/2026 19:56:43.949,,24/02/2026 19:56:43.949,,0.000000000000000,50
{33E59616-6D09-4BE5-828E-DEA30498D75C},167.000000000000000,,50.000000000000000,0.000000000000000,0.000000000000000,Excellent looking trees,{492BE74C-B462-4F6B-A06A-6E61DBAA84CF},24/02/2026 19:56:43.949,,24/02/2026 19:56:43.949,,0.000000000000000,50
{80EAB773-4939-4081-8C7F-C93FF811D25B},168.000000000000000,,48.000000000000000,2.000000000000000,0.000000000000000,,{492BE74C-B462-4F6B-A06A-6E61DBAA84CF},24/02/2026 19:56:43.949,,24/02/2026 19:56:43.949,,0.000000000000000,50
{79E07294-FD03-4B3D-A49E-24CEC74BAED4},182.000000000000000,,39.000000000000000,8.000000000000000,2.000000000000000,"Lots of hare damage, likely will be hogher mortality in couple months",{492BE74C-B462-4F6B-A06A-6E61DBAA84CF},24/02/2026 19:56:43.949,,24/02/2026 19:56:43.949,,1.000000000000000,50
{AE1DC6EA-6669-4727-A26B-91B0869F7EFB},190.000000000000000,,44.000000000000000,2.000000000000000,4.000000000000000,,{492BE74C-B462-4F6B-A06A-6E61DBAA84CF},24/02/2026 19:56:43.949,,24/02/2026 19:56:43.949,,0.000000000000000,50
{5D9C5B13-DCBD-47DE-88E9-9E79A8EFB56F},183.000000000000000,,49.000000000000000,0.000000000000000,1.000000000000000,,{492BE74C-B462-4F6B-A06A-6E61DBAA84CF},24/02/2026 19:56:43.949,,24/02/2026 19:56:43.949,,0.000000000000000,50
{29E34152-6DB7-441F-83FE-2D4B51725FB6},191.000000000000000,,42.000000000000000,1.000000000000000,6.000000000000000,,{492BE74C-B462-4F6B-A06A-6E61DBAA84CF},24/02/2026 19:56:43.949,,24/02/2026 19:56:43.949,,1.000000000000000,50
{224926CA-0C70-46A3-862D-AE1C62D86CA5},192.000000000000000,,47.000000000000000,1.000000000000000,2.000000000000000,,{492BE74C-B462-4F6B-A06A-6E61DBAA84CF},24/02/2026 19:56:43.949,,24/02/2026 19:56:43.949,,0.000000000000000,50
{40ED7189-94F8-48A7-B205-99B722AC9585},184.000000000000000,,48.000000000000000,0.000000000000000,2.000000000000000,,{492BE74C-B462-4F6B-A06A-6E61DBAA84CF},24/02/2026 19:56:43.949,,24/02/2026 19:56:43.949,,0.000000000000000,50
{F0B2D31F-3C07-4BC5-8089-874C58D71C47},157.000000000000000,,40.000000000000000,0.000000000000000,10.000000000000000,,{492BE74C-B462-4F6B-A06A-6E61DBAA84CF},24/02/2026 19:56:43.949,,24/02/2026 19:56:43.949,,0.000000000000000,50
{03CD9238-C174-41F7-AEFF-93535E09D8F8},170.000000000000000,,44.000000000000000,2.000000000000000,4.000000000000000,,{492BE74C-B462-4F6B-A06A-6E61DBAA84CF},24/02/2026 19:56:43.949,,24/02/2026 19:56:43.949,,0.000000000000000,50
{F2CA242C-F7EC-4179-90DF-D32BBC70B77F},169.000000000000000,,47.000000000000000,1.000000000000000,2.000000000000000,,{492BE74C-B462-4F6B-A06A-6E61DBAA84CF},24/02/2026 19:56:43.949,,24/02/2026 19:56:43.949,,0.000000000000000,50
{B78EC56B-BA56-406D-A28B-9B3CF8307681},178.000000000000000,,47.000000000000000,0.000000000000000,3.000000000000000,,{492BE74C-B462-4F6B-A06A-6E61DBAA84CF},24/02/2026 19:56:43.949,,24/02/2026 19:56:43.949,,0.000000000000000,50
{FB9B3DE6-15F8-4C12-82DC-3EEF51410F00},149.000000000000000,,43.000000000000000,0.000000000000000,7.000000000000000,,{8AAB0F4F-77C2-4A39-925A-E712B6A1877F},24/02/2026 21:13:48.271,,24/02/2026 21:13:48.271,,0.000000000000000,50
{B886472B-53A5-49CF-9B7C-C02BAFE5D6DC},150.000000000000000,,37.000000000000000,2.000000000000000,11.000000000000000,,{8AAB0F4F-77C2-4A39-925A-E712B6A1877F},24/02/2026 21:13:48.271,,24/02/2026 21:13:48.271,,0.000000000000000,50
{5575B914-238A-4906-A505-7534E7744069},134.000000000000000,,40.000000000000000,2.000000000000000,8.000000000000000,,{8AAB0F4F-77C2-4A39-925A-E712B6A1877F},24/02/2026 21:13:48.271,,24/02/2026 21:13:48.271,,0.000000000000000,50
{02A8C6EC-A68A-4FF4-B640-2292D6C84FFE},133.000000000000000,,45.000000000000000,3.000000000000000,2.000000000000000,,{8AAB0F4F-77C2-4A39-925A-E712B6A1877F},24/02/2026 21:13:48.271,,24/02/2026 21:13:48.271,,0.000000000000000,50
{B5CB382B-2B07-4C62-990B-7F29EBEB9ED4},122.000000000000000,,45.000000000000000,2.000000000000000,3.000000000000000,Hare damage to tres,{8AAB0F4F-77C2-4A39-925A-E712B6A1877F},24/02/2026 21:13:48.271,,24/02/2026 21:13:48.271,,0.000000000000000,50
{0AF83FE9-B507-4BB8-9FC3-AE149124DF8E},121.000000000000000,,46.000000000000000,1.000000000000000,2.000000000000000,,{8AAB0F4F-77C2-4A39-925A-E712B6A1877F},24/02/2026 21:13:48.271,,24/02/2026 21:13:48.271,,1.000000000000000,50
{C26A99DD-449A-4E58-B2AA-1B76FE06FBBF},107.000000000000000,,44.000000000000000,2.000000000000000,4.000000000000000,,{8AAB0F4F-77C2-4A39-925A-E712B6A1877F},24/02/2026 21:13:48.271,,24/02/2026 21:13:48.271,,0.000000000000000,50
{C24C866C-A8C8-40D7-BAF7-86ABD2F2DECF},106.000000000000000,,37.000000000000000,8.000000000000000,5.000000000000000,"1 row had alot of dead/stressed, old gare damage",{8AAB0F4F-77C2-4A39-925A-E712B6A1877F},24/02/2026 21:13:48.271,,24/02/2026 21:13:48.271,,0.000000000000000,50
{2294B899-E058-484D-AFB3-ACE78BD693E0},97.000000000000000,,29.000000000000000,4.000000000000000,7.000000000000000,"Large gap of missing trees, change of rows halfway through plot",{8AAB0F4F-77C2-4A39-925A-E712B6A1877F},24/02/2026 21:13:48.271,,24/02/2026 21:13:48.271,,10.000000000000000,50
{A4DA3A9D-F463-4FC4-BC1F-1099776EFF25},90.000000000000000,,45.000000000000000,3.000000000000000,2.000000000000000,,{8AAB0F4F-77C2-4A39-925A-E712B6A1877F},24/02/2026 21:13:48.271,,24/02/2026 21:13:48.271,,0.000000000000000,50
{0A3A7175-CF7C-4A25-9CC9-0F69F466F31A},86.000000000000000,,49.000000000000000,1.000000000000000,0.000000000000000,Good looking healthy trees,{8AAB0F4F-77C2-4A39-925A-E712B6A1877F},24/02/2026 21:13:48.271,,24/02/2026 21:13:48.271,,0.000000000000000,50
{4AED498A-37CB-4884-B45C-826A37B6D7B2},89.000000000000000,,48.000000000000000,0.000000000000000,2.000000000000000,,{8AAB0F4F-77C2-4A39-925A-E712B6A1877F},24/02/2026 21:13:48.271,,24/02/2026 21:13:48.271,,0.000000000000000,50
{E72A3291-E2FE-43C2-B371-1B0E9AFBF094},88.000000000000000,,45.000000000000000,0.000000000000000,5.000000000000000,,{8AAB0F4F-77C2-4A39-925A-E712B6A1877F},24/02/2026 21:13:48.271,,24/02/2026 21:13:48.271,,0.000000000000000,50
{3363FB1C-E38E-4BF7-889F-1574478A58D8},96.000000000000000,,40.000000000000000,6.000000000000000,2.000000000000000,,{8AAB0F4F-77C2-4A39-925A-E712B6A1877F},24/02/2026 21:13:48.271,,24/02/2026 21:13:48.271,,2.000000000000000,50
{E9BBDB84-7897-40E5-A6E2-53B7692D0E94},105.000000000000000,,45.000000000000000,2.000000000000000,3.000000000000000,,{8AAB0F4F-77C2-4A39-925A-E712B6A1877F},24/02/2026 21:13:48.271,,24/02/2026 21:13:48.271,,0.000000000000000,50
{B58B1143-7A06-4564-8B35-29C8015E5C29},120.000000000000000,,46.000000000000000,0.000000000000000,4.000000000000000,,{8AAB0F4F-77C2-4A39-925A-E712B6A1877F},24/02/2026 21:13:48.271,,24/02/2026 21:13:48.271,,0.000000000000000,50
{D767F2E4-6FC9-4E12-9385-A3B581033B53},132.000000000000000,,49.000000000000000,1.000000000000000,0.000000000000000,,{8AAB0F4F-77C2-4A39-925A-E712B6A1877F},24/02/2026 21:13:48.271,,24/02/2026 21:13:48.271,,0.000000000000000,50
{D3813DFD-A4D1-4FAB-A658-03D5BB746B8B},87.000000000000000,,47.000000000000000,1.000000000000000,1.000000000000000,Rows short due to track so did 10 rows with 5 trees each,{8AAB0F4F-77C2-4A39-925A-E712B6A1877F},24/02/2026 21:13:48.271,,24/02/2026 21:13:48.271,,1.000000000000000,50
{CC310A21-5CD5-416E-A1D6-F0E020F9ED93},116.000000000000000,,35.000000000000000,7.000000000000000,8.000000000000000,Rocky/boney area. Seedlings stressed due to dry conditions,{8A5445A7-E116-4405-87DB-2767D2C07605},24/02/2026 21:36:34.842,,24/02/2026 21:36:34.842,,0.000000000000000,50
{2F046554-7FC1-41E0-8258-2D99CC8A4E8C},103.000000000000000,,17.000000000000000,4.000000000000000,29.000000000000000,Both rows next to native and fence completely dead due to being very dry,{8A5445A7-E116-4405-87DB-2767D2C07605},24/02/2026 21:36:34.842,,24/02/2026 21:36:34.842,,0.000000000000000,50
{F8B4D238-7E42-4AA0-853C-2C698CA76D38},117.000000000000000,,44.000000000000000,2.000000000000000,4.000000000000000,,{8A5445A7-E116-4405-87DB-2767D2C07605},24/02/2026 21:36:34.842,,24/02/2026 21:36:34.842,,0.000000000000000,50
{7FD6036E-7E6A-4C03-A8F0-7D51B2B10193},130.000000000000000,,43.000000000000000,1.000000000000000,6.000000000000000,,{8A5445A7-E116-4405-87DB-2767D2C07605},24/02/2026 21:36:34.842,,24/02/2026 21:36:34.842,,0.000000000000000,50
{1006FD9A-90A2-4D97-BDB3-96B5CEF360D4},145.000000000000000,,44.000000000000000,3.000000000000000,3.000000000000000,,{8A5445A7-E116-4405-87DB-2767D2C07605},24/02/2026 21:36:34.842,,24/02/2026 21:36:34.842,,0.000000000000000,50
{8A0E5ACE-0A8D-498E-A742-4EB05009D33C},156.000000000000000,,44.000000000000000,2.000000000000000,4.000000000000000,,{8A5445A7-E116-4405-87DB-2767D2C07605},24/02/2026 21:36:34.842,,24/02/2026 21:36:34.842,,0.000000000000000,50
{7632D1B4-9DAC-4DD2-9CA7-524A8C7AB59F},144.000000000000000,,42.000000000000000,3.000000000000000,5.000000000000000,Boney area with natural spring running through plot area,{8A5445A7-E116-4405-87DB-2767D2C07605},24/02/2026 21:36:34.842,,24/02/2026 21:36:34.842,,0.000000000000000,50
{9820E3F3-CFA1-4AE0-A3A3-0BCA9B9BA50E},93.000000000000000,,38.000000000000000,3.000000000000000,9.000000000000000,Very dry area,{273C30E6-ED26-48C7-81FF-1B21A4425AF5},24/02/2026 22:12:42.638,,24/02/2026 22:12:42.638,,0.000000000000000,50
{027EE5C1-A628-44A3-A5F6-9CF7CB1F6328},94.000000000000000,,42.000000000000000,3.000000000000000,5.000000000000000,,{273C30E6-ED26-48C7-81FF-1B21A4425AF5},24/02/2026 22:12:42.638,,24/02/2026 22:12:42.638,,0.000000000000000,50
{D1F82311-CAF1-4B1B-B56E-4E4CABDC6331},95.000000000000000,,46.000000000000000,0.000000000000000,4.000000000000000,,{273C30E6-ED26-48C7-81FF-1B21A4425AF5},24/02/2026 22:12:42.638,,24/02/2026 22:12:42.638,,0.000000000000000,50
{A59AB520-F5F1-4A09-9A74-F6FD9AD96FF6},104.000000000000000,,40.000000000000000,6.000000000000000,4.000000000000000,Stressed due to dry area,{273C30E6-ED26-48C7-81FF-1B21A4425AF5},24/02/2026 22:12:42.638,,24/02/2026 22:12:42.638,,0.000000000000000,50
{84F476C3-9A3A-479F-93B4-D4F2D16B464C},84.000000000000000,,44.000000000000000,0.000000000000000,6.000000000000000,,{E8934460-E32F-41F7-9026-4CFF4D80B2F1},24/02/2026 22:25:12.975,,24/02/2026 22:25:12.975,,0.000000000000000,50
{C3759BB0-B8ED-4D34-B03F-ACC784D42CA4},85.000000000000000,,48.000000000000000,0.000000000000000,2.000000000000000,,{E8934460-E32F-41F7-9026-4CFF4D80B2F1},24/02/2026 22:25:12.975,,24/02/2026 22:25:12.975,,0.000000000000000,50
{54801C01-D08E-46DE-A024-E34C1DFF8E1A},82.000000000000000,,50.000000000000000,0.000000000000000,0.000000000000000,"Excellent survival and trees, gorse in area will definately need a spray",{E8934460-E32F-41F7-9026-4CFF4D80B2F1},24/02/2026 22:25:12.975,,24/02/2026 22:25:12.975,,0.000000000000000,50
{A0A4960F-B70F-4AB0-B0AE-DC1024E5F7F7},83.000000000000000,,47.000000000000000,2.000000000000000,0.000000000000000,Windrowed gorsed. ,{E8934460-E32F-41F7-9026-4CFF4D80B2F1},24/02/2026 22:25:12.975,,24/02/2026 22:25:12.975,,1.000000000000000,50
{47732443-C8CC-4614-89F6-A9F32033E08D},146.000000000000000,,43.000000000000000,3.000000000000000,4.000000000000000,,{E8934460-E32F-41F7-9026-4CFF4D80B2F1},24/02/2026 22:25:12.975,,24/02/2026 22:25:12.975,,0.000000000000000,50
{FA04B900-22DE-4704-911F-2DEB7A70F4BD},131.000000000000000,,46.000000000000000,2.000000000000000,2.000000000000000,,{E8934460-E32F-41F7-9026-4CFF4D80B2F1},24/02/2026 22:25:12.975,,24/02/2026 22:25:12.975,,0.000000000000000,50
{1CCA5514-7097-4E05-A960-86433980863E},131.199999999999989,,23.000000000000000,10.000000000000000,16.000000000000000,"Extra plot due to significant hare damage. Many coming back, but have been damaged all the way to ground, photo shows.",{E8934460-E32F-41F7-9026-4CFF4D80B2F1},24/02/2026 22:25:12.975,,24/02/2026 22:25:12.975,,1.000000000000000,50
{D2CD82D6-73F0-4643-B8F9-387DAA436DC6},119.000000000000000,,49.000000000000000,1.000000000000000,0.000000000000000,,{E8934460-E32F-41F7-9026-4CFF4D80B2F1},24/02/2026 22:25:12.975,,24/02/2026 22:25:12.975,,0.000000000000000,50
{227F1167-F27D-4119-8B79-85F89678B756},118.000000000000000,,41.000000000000000,2.000000000000000,7.000000000000000,,{E8934460-E32F-41F7-9026-4CFF4D80B2F1},24/02/2026 22:25:12.975,,24/02/2026 22:25:12.975,,0.000000000000000,50
{20C5A03B-E4E3-4641-B97E-C9CB6D12C2EF},101.000000000000000,,40.000000000000000,4.000000000000000,6.000000000000000,,{C977811D-AFF3-4ACE-A86D-8F72826CB5FF},25/02/2026 0:09:00.779,,25/02/2026 0:09:00.779,,0.000000000000000,50
{8E6F931A-8352-4DE0-A828-5F9EE24BBE18},92.000000000000000,,44.000000000000000,3.000000000000000,3.000000000000000,,{C977811D-AFF3-4ACE-A86D-8F72826CB5FF},25/02/2026 0:09:00.779,,25/02/2026 0:09:00.779,,0.000000000000000,50
{2990539A-9334-4987-8122-FC517E77DB6E},100.000000000000000,,28.000000000000000,5.000000000000000,17.000000000000000,"Many dead, soil is dry and hard",{C977811D-AFF3-4ACE-A86D-8F72826CB5FF},25/02/2026 0:09:00.779,,25/02/2026 0:09:00.779,,0.000000000000000,50
{ACC1AFBD-9857-478D-B752-DE5ADACC3874},99.000000000000000,,3.000000000000000,17.000000000000000,11.000000000000000,"Every tree found damaged by pests, whole area needs heavy blank shown in screenshot.",{C977811D-AFF3-4ACE-A86D-8F72826CB5FF},25/02/2026 0:09:00.779,,25/02/2026 0:09:00.779,,19.000000000000000,50
{8C04FB98-2456-4C23-AD95-DB52ED5D1B17},112.000000000000000,,38.000000000000000,7.000000000000000,5.000000000000000,Ridges/flats showing higher mortality than gullies.,{C977811D-AFF3-4ACE-A86D-8F72826CB5FF},25/02/2026 0:09:00.779,,25/02/2026 0:09:00.779,,0.000000000000000,50
{457FDECA-2EFF-4064-849F-9492553B361F},112.099999999999994,,22.000000000000000,2.000000000000000,25.000000000000000,Additional plot to asses ridge survival.,{C977811D-AFF3-4ACE-A86D-8F72826CB5FF},25/02/2026 0:09:00.779,,25/02/2026 0:09:00.779,,1.000000000000000,50
{F215D909-F706-4386-96BB-59AF7ECE53ED},126.000000000000000,,15.000000000000000,3.000000000000000,25.000000000000000,"Very poor survival, crop paddocks not looking flash.",{C977811D-AFF3-4ACE-A86D-8F72826CB5FF},25/02/2026 0:09:00.779,,25/02/2026 0:09:00.779,,7.000000000000000,50
{1DF3ED73-5A9A-429B-96D1-D2738546E493},111.000000000000000,,41.000000000000000,3.000000000000000,6.000000000000000,,{C977811D-AFF3-4ACE-A86D-8F72826CB5FF},25/02/2026 0:09:00.779,,25/02/2026 0:09:00.779,,0.000000000000000,50
{6CC6F9B8-FFF5-4368-AF61-FC3291CAC682},110.000000000000000,,45.000000000000000,0.000000000000000,5.000000000000000,,{C977811D-AFF3-4ACE-A86D-8F72826CB5FF},25/02/2026 0:09:00.779,,25/02/2026 0:09:00.779,,0.000000000000000,50
{0E47216B-959F-4654-878E-2912EAF7BBE9},196.000000000000000,,47.000000000000000,2.000000000000000,1.000000000000000,Dry but trees doing well,{F994E10D-C807-4CC1-8B49-B22EFCE3526E},25/02/2026 0:33:44.700,,25/02/2026 0:33:44.700,,0.000000000000000,50
{31725970-134F-44C3-AA09-C815D8BC5ED9},197.000000000000000,,43.000000000000000,2.000000000000000,5.000000000000000,,{F994E10D-C807-4CC1-8B49-B22EFCE3526E},25/02/2026 0:33:44.700,,25/02/2026 0:33:44.700,,0.000000000000000,50
{A5D65C97-FE0A-451C-9BC9-7AEC7F3CC634},198.000000000000000,,50.000000000000000,0.000000000000000,0.000000000000000,,{F994E10D-C807-4CC1-8B49-B22EFCE3526E},25/02/2026 0:33:44.700,,25/02/2026 0:33:44.700,,0.000000000000000,50
{83B6E16B-AB78-425D-B0C1-659D26C5D8E7},201.000000000000000,,46.000000000000000,0.000000000000000,4.000000000000000,,{F994E10D-C807-4CC1-8B49-B22EFCE3526E},25/02/2026 0:33:44.700,,25/02/2026 0:33:44.700,,0.000000000000000,50
{D1F4B415-A098-43ED-838B-F3000966C03D},202.000000000000000,,35.000000000000000,11.000000000000000,4.000000000000000,High number stressed fue to pest grazing,{F994E10D-C807-4CC1-8B49-B22EFCE3526E},25/02/2026 0:33:44.700,,25/02/2026 0:33:44.700,,0.000000000000000,50
{26700FCE-5AAE-439E-A9CF-213B3F0ABC06},207.000000000000000,,26.000000000000000,3.000000000000000,21.000000000000000,,{F994E10D-C807-4CC1-8B49-B22EFCE3526E},25/02/2026 0:33:44.700,,25/02/2026 0:33:44.700,,0.000000000000000,50
{89694D7B-FEEB-4D14-9EA2-E4F14A019247},210.000000000000000,,47.000000000000000,1.000000000000000,2.000000000000000,,{F994E10D-C807-4CC1-8B49-B22EFCE3526E},25/02/2026 0:33:44.700,,25/02/2026 0:33:44.700,,0.000000000000000,50
{94F3281D-30CA-4B9B-8FAA-E1659EE33C42},209.000000000000000,,49.000000000000000,1.000000000000000,0.000000000000000,Trees look great down this ridge,{F994E10D-C807-4CC1-8B49-B22EFCE3526E},25/02/2026 0:33:44.700,,25/02/2026 0:33:44.700,,0.000000000000000,50
{797F1F6A-E374-4A74-B004-482E06C83B9C},205.000000000000000,,44.000000000000000,3.000000000000000,3.000000000000000,,{F994E10D-C807-4CC1-8B49-B22EFCE3526E},25/02/2026 0:33:44.700,,25/02/2026 0:33:44.700,,0.000000000000000,50
{BDD932BE-ECFE-4C42-AFE8-0A7854F9C52B},206.000000000000000,,49.000000000000000,0.000000000000000,1.000000000000000,,{F994E10D-C807-4CC1-8B49-B22EFCE3526E},25/02/2026 0:33:44.700,,25/02/2026 0:33:44.700,,0.000000000000000,50
{0858B607-68C6-4866-803F-2D6D951AF9BB},208.000000000000000,,50.000000000000000,0.000000000000000,0.000000000000000,,{F994E10D-C807-4CC1-8B49-B22EFCE3526E},25/02/2026 0:33:44.700,,25/02/2026 0:33:44.700,,0.000000000000000,50
{6C1BB051-EEAB-4895-9909-E3715DD053D0},204.000000000000000,,44.000000000000000,1.000000000000000,5.000000000000000,,{1F929D32-09F2-445C-8F50-08561FEADA59},25/02/2026 1:20:34.920,,25/02/2026 1:20:34.920,,0.000000000000000,50
{31C13E2A-87B6-43D5-B707-864A307CAC3B},203.000000000000000,,45.000000000000000,0.000000000000000,4.000000000000000,,{1F929D32-09F2-445C-8F50-08561FEADA59},25/02/2026 1:20:34.920,,25/02/2026 1:20:34.920,,1.000000000000000,50
{175FB5AF-BAD7-4282-B062-0FF3017FCC0C},200.000000000000000,,33.000000000000000,5.000000000000000,12.000000000000000,,{1F929D32-09F2-445C-8F50-08561FEADA59},25/02/2026 1:20:34.920,,25/02/2026 1:20:34.920,,0.000000000000000,50
{653C95AE-F074-47D1-9DF7-3302AB441CD2},199.000000000000000,,37.000000000000000,2.000000000000000,11.000000000000000,,{1F929D32-09F2-445C-8F50-08561FEADA59},25/02/2026 1:20:34.920,,25/02/2026 1:20:34.920,,0.000000000000000,50
{B809619F-1058-4CB5-BA17-6A46F902E14F},194.000000000000000,,49.000000000000000,0.000000000000000,1.000000000000000,,{1F929D32-09F2-445C-8F50-08561FEADA59},25/02/2026 1:20:34.920,,25/02/2026 1:20:34.920,,0.000000000000000,50
{C909DE47-9304-4F4B-8133-083AAA82C5C2},195.000000000000000,,37.000000000000000,3.000000000000000,10.000000000000000,,{1F929D32-09F2-445C-8F50-08561FEADA59},25/02/2026 1:20:34.920,,25/02/2026 1:20:34.920,,0.000000000000000,50
{88A468FE-F2E6-43F5-81E7-78DAE82C2DEC},155.000000000000000,,44.000000000000000,2.000000000000000,2.000000000000000,,{DB4A571D-980C-462F-BF82-7C6EE7E61C3B},25/02/2026 1:28:11.644,,25/02/2026 1:28:11.644,,2.000000000000000,50
{CEEBF830-5D27-4129-8A91-257658A5B19C},154.000000000000000,,34.000000000000000,3.000000000000000,13.000000000000000,,{DB4A571D-980C-462F-BF82-7C6EE7E61C3B},25/02/2026 1:28:11.644,,25/02/2026 1:28:11.644,,0.000000000000000,50
{F6284BCB-0E7D-49E5-8904-079C21D42012},165.000000000000000,,31.000000000000000,5.000000000000000,14.000000000000000,"Soil opening up in alot in places, dry and hard especially on ridges.",{DB4A571D-980C-462F-BF82-7C6EE7E61C3B},25/02/2026 1:28:11.644,,25/02/2026 1:28:11.644,,0.000000000000000,50
{616C752D-29E6-4B2F-812D-12FB4FD100F1},166.000000000000000,,48.000000000000000,2.000000000000000,0.000000000000000,Some browsing damage by bush edge.,{DB4A571D-980C-462F-BF82-7C6EE7E61C3B},25/02/2026 1:28:11.644,,25/02/2026 1:28:11.644,,0.000000000000000,50
{E94298D1-E1BB-44F4-B7CA-8190DE6A4B13},176.000000000000000,,42.000000000000000,2.000000000000000,4.000000000000000,Some long grass thats been missed during spray.,{DB4A571D-980C-462F-BF82-7C6EE7E61C3B},25/02/2026 1:28:11.644,,25/02/2026 1:28:11.644,,2.000000000000000,50
{81019512-FDE9-4595-9664-CB29C7A5577E},164.000000000000000,,47.000000000000000,2.000000000000000,1.000000000000000,Browisng again by bush edge.,{DB4A571D-980C-462F-BF82-7C6EE7E61C3B},25/02/2026 1:28:11.644,,25/02/2026 1:28:11.644,,0.000000000000000,50
{1C9CDBE6-A00B-42DF-8E33-B4A3A8060E51},163.000000000000000,,38.000000000000000,3.000000000000000,9.000000000000000,,{DB4A571D-980C-462F-BF82-7C6EE7E61C3B},25/02/2026 1:28:11.644,,25/02/2026 1:28:11.644,,0.000000000000000,50
{502C036E-BD59-4AC8-916E-1FB8B2793939},70.000000000000000,,43.000000000000000,2.000000000000000,5.000000000000000,,{824D36FD-6D70-46CA-9946-70FCD6AAB427},25/02/2026 21:06:45.968,,25/02/2026 21:06:45.968,,0.000000000000000,50
{F4D8A4E5-DEEA-4373-8B33-98A60814B6B2},69.000000000000000,,49.000000000000000,0.000000000000000,1.000000000000000,,{824D36FD-6D70-46CA-9946-70FCD6AAB427},25/02/2026 21:06:45.968,,25/02/2026 21:06:45.968,,0.000000000000000,50
{9892D195-AEF6-4E84-9470-AF95DC6A7873},74.000000000000000,,49.000000000000000,0.000000000000000,1.000000000000000,,{824D36FD-6D70-46CA-9946-70FCD6AAB427},25/02/2026 21:06:45.968,,25/02/2026 21:06:45.968,,0.000000000000000,50
{584AEBAD-FD6F-4368-87D7-FDF5A1870EC2},75.000000000000000,,46.000000000000000,0.000000000000000,4.000000000000000,Some intersecting lines,{824D36FD-6D70-46CA-9946-70FCD6AAB427},25/02/2026 21:06:45.968,,25/02/2026 21:06:45.968,,0.000000000000000,50
{2F9D7A32-02D2-4008-9B11-910EC15B2452},68.000000000000000,,44.000000000000000,3.000000000000000,3.000000000000000,,{824D36FD-6D70-46CA-9946-70FCD6AAB427},25/02/2026 21:06:45.968,,25/02/2026 21:06:45.968,,0.000000000000000,50
{8DCC11A8-F710-4804-8F80-A822CBBF55BB},73.000000000000000,,39.000000000000000,5.000000000000000,6.000000000000000,,{824D36FD-6D70-46CA-9946-70FCD6AAB427},25/02/2026 21:06:45.968,,25/02/2026 21:06:45.968,,0.000000000000000,50
{120B3790-A8E5-4985-9E09-C2C7516516D5},78.000000000000000,,34.000000000000000,9.000000000000000,6.000000000000000,Lot of browsing damage in area.,{824D36FD-6D70-46CA-9946-70FCD6AAB427},25/02/2026 21:06:45.968,,25/02/2026 21:06:45.968,,1.000000000000000,50
{3F164F4A-AE66-437B-BBB4-70C1775641AA},72.000000000000000,,42.000000000000000,3.000000000000000,5.000000000000000,,{824D36FD-6D70-46CA-9946-70FCD6AAB427},25/02/2026 21:06:45.968,,25/02/2026 21:06:45.968,,0.000000000000000,50
{44DCE073-4DD2-4A5A-98C6-A167D5DE106B},66.000000000000000,,40.000000000000000,1.000000000000000,9.000000000000000,Sheep in paddock,{824D36FD-6D70-46CA-9946-70FCD6AAB427},25/02/2026 21:06:45.968,,25/02/2026 21:06:45.968,,0.000000000000000,50
{11601DCA-5943-4173-893A-88BB743EB6C5},56.000000000000000,,46.000000000000000,1.000000000000000,3.000000000000000,,{824D36FD-6D70-46CA-9946-70FCD6AAB427},25/02/2026 21:06:45.968,,25/02/2026 21:06:45.968,,0.000000000000000,50
{C9A1D84C-947F-42C9-AB90-0D420F3EE811},46.000000000000000,,50.000000000000000,0.000000000000000,0.000000000000000,,{59595546-990F-4A5D-AE68-6E191EED02ED},25/02/2026 21:11:38.872,,25/02/2026 21:11:38.872,,0.000000000000000,50
{47E298EE-FA48-46A3-AFCA-68E020ABCA0C},64.000000000000000,,45.000000000000000,1.000000000000000,4.000000000000000,Very fee sèen dead in general area,{59595546-990F-4A5D-AE68-6E191EED02ED},25/02/2026 21:11:38.872,,25/02/2026 21:11:38.872,,0.000000000000000,50
{08085EC9-5295-40F5-94C5-763F7AB3F414},65.000000000000000,,46.000000000000000,3.000000000000000,1.000000000000000,,{59595546-990F-4A5D-AE68-6E191EED02ED},25/02/2026 21:11:38.872,,25/02/2026 21:11:38.872,,0.000000000000000,50
{19C9836F-E0D2-4E92-8AC6-2A2D8D1E505C},63.000000000000000,,43.000000000000000,2.000000000000000,5.000000000000000,,{59595546-990F-4A5D-AE68-6E191EED02ED},25/02/2026 21:11:38.872,,25/02/2026 21:11:38.872,,0.000000000000000,50
{2A30D3EA-E77F-460F-ADAE-F55284EA2C63},62.000000000000000,,40.000000000000000,2.000000000000000,8.000000000000000,Odd single dead due to dry/boney area,{59595546-990F-4A5D-AE68-6E191EED02ED},25/02/2026 21:11:38.872,,25/02/2026 21:11:38.872,,0.000000000000000,50
{A39D7D3A-C307-409F-BC7E-6E0AFDBAD417},71.000000000000000,,47.000000000000000,1.000000000000000,2.000000000000000,,{59595546-990F-4A5D-AE68-6E191EED02ED},25/02/2026 21:11:38.872,,25/02/2026 21:11:38.872,,0.000000000000000,50
{E7B359DB-A710-49AA-9E32-0327D810183F},54.000000000000000,,41.000000000000000,2.000000000000000,7.000000000000000,,{59595546-990F-4A5D-AE68-6E191EED02ED},25/02/2026 21:11:38.872,,25/02/2026 21:11:38.872,,0.000000000000000,50
{DD2B0BA6-A802-4BE8-ABE5-89A5C48FA6A0},45.000000000000000,,46.000000000000000,0.000000000000000,3.000000000000000,,{59595546-990F-4A5D-AE68-6E191EED02ED},25/02/2026 21:11:38.872,,25/02/2026 21:11:38.872,,1.000000000000000,50
{0403778A-358A-433C-9E74-3036210D614B},55.000000000000000,,48.000000000000000,1.000000000000000,1.000000000000000,,{59595546-990F-4A5D-AE68-6E191EED02ED},25/02/2026 21:11:38.872,,25/02/2026 21:11:38.872,,0.000000000000000,50
{432D480A-44E8-4039-B423-398E40E5E203},37.000000000000000,,49.000000000000000,1.000000000000000,0.000000000000000,,{59595546-990F-4A5D-AE68-6E191EED02ED},25/02/2026 21:11:38.872,,25/02/2026 21:11:38.872,,0.000000000000000,50
{4B936085-7A5C-41D0-99EF-45E7751BEF67},33.000000000000000,,48.000000000000000,1.000000000000000,1.000000000000000,,{59595546-990F-4A5D-AE68-6E191EED02ED},25/02/2026 21:11:38.872,,25/02/2026 21:11:38.872,,0.000000000000000,50
{5AA2BB56-064E-4A55-BF2A-6F4689CFCB9F},32.000000000000000,,47.000000000000000,0.000000000000000,3.000000000000000,,{59595546-990F-4A5D-AE68-6E191EED02ED},25/02/2026 21:11:38.872,,25/02/2026 21:11:38.872,,0.000000000000000,50
{56E51C46-B089-408A-827C-1CFA5F1479E2},27.000000000000000,,45.000000000000000,1.000000000000000,4.000000000000000,"Ex crop paddock. Odd dead seen scattered, pretty good in general",{73B1EAF0-2127-4794-B8AB-4F9ECEA38788},25/02/2026 21:36:17.687,,25/02/2026 21:36:17.687,,0.000000000000000,50
{BA31F8C1-7DD3-434A-A718-E593495A0F2A},24.000000000000000,,40.000000000000000,3.000000000000000,7.000000000000000,,{75AABC54-5D90-4648-8E71-CF3081FEAB99},25/02/2026 22:22:59.439,,25/02/2026 22:22:59.439,,0.000000000000000,50
{7100FEED-A194-4E69-AE24-14BF6DE7EBC2},26.000000000000000,,50.000000000000000,0.000000000000000,0.000000000000000,,{75AABC54-5D90-4648-8E71-CF3081FEAB99},25/02/2026 22:22:59.439,,25/02/2026 22:22:59.439,,0.000000000000000,50
{45F65FB7-FD80-4AEC-92F0-7115B2FC546E},31.000000000000000,,47.000000000000000,1.000000000000000,2.000000000000000,Trees doing very weĺl on this nirth facing rock face,{75AABC54-5D90-4648-8E71-CF3081FEAB99},25/02/2026 22:22:59.439,,25/02/2026 22:22:59.439,,0.000000000000000,50
{D155A77E-0A9F-4265-9BFE-36BF578A5EC5},25.000000000000000,,47.000000000000000,1.000000000000000,2.000000000000000,,{75AABC54-5D90-4648-8E71-CF3081FEAB99},25/02/2026 22:22:59.439,,25/02/2026 22:22:59.439,,0.000000000000000,50
{EA29CBB8-B1BB-41DF-BD78-7445338E8F13},23.000000000000000,,43.000000000000000,3.000000000000000,4.000000000000000,Stressed trees in this area should be ok,{75AABC54-5D90-4648-8E71-CF3081FEAB99},25/02/2026 22:22:59.439,,25/02/2026 22:22:59.439,,0.000000000000000,50
{5F9F7A39-0D58-463D-A620-899F85301652},30.000000000000000,,46.000000000000000,0.000000000000000,4.000000000000000,,{75AABC54-5D90-4648-8E71-CF3081FEAB99},25/02/2026 22:22:59.439,,25/02/2026 22:22:59.439,,0.000000000000000,50
{1236EBC0-D9BA-452A-9497-7C507F9B9F33},67.000000000000000,,37.000000000000000,2.000000000000000,10.000000000000000,,{38B27B65-05D5-4EB6-8393-A624D1490824},25/02/2026 22:28:00.265,,25/02/2026 22:28:00.265,,1.000000000000000,50
{6CAD45C6-C5DF-47C1-A116-AC7BD3E1081E},59.000000000000000,,40.000000000000000,2.000000000000000,7.000000000000000,,{38B27B65-05D5-4EB6-8393-A624D1490824},25/02/2026 22:28:00.265,,25/02/2026 22:28:00.265,,1.000000000000000,50
{40722921-C0EC-460F-819A-82CDC7746E40},58.000000000000000,,38.000000000000000,0.000000000000000,12.000000000000000,,{38B27B65-05D5-4EB6-8393-A624D1490824},25/02/2026 22:28:00.265,,25/02/2026 22:28:00.265,,0.000000000000000,50
{31037C1D-4FBB-46DA-BC80-C15A0BA14966},51.000000000000000,,39.000000000000000,3.000000000000000,8.000000000000000,,{38B27B65-05D5-4EB6-8393-A624D1490824},25/02/2026 22:28:00.265,,25/02/2026 22:28:00.265,,0.000000000000000,50
{C9D147C1-E52D-4AE3-BB7B-969D8AFA3F1A},50.000000000000000,,50.000000000000000,0.000000000000000,0.000000000000000,,{38B27B65-05D5-4EB6-8393-A624D1490824},25/02/2026 22:28:00.265,,25/02/2026 22:28:00.265,,0.000000000000000,50
{71DEC177-5322-467F-85C5-4384B6042006},40.000000000000000,,44.000000000000000,2.000000000000000,4.000000000000000,,{38B27B65-05D5-4EB6-8393-A624D1490824},25/02/2026 22:28:00.265,,25/02/2026 22:28:00.265,,0.000000000000000,50
{95D5256B-267E-47E3-BCBA-EEE3B61F771B},38.000000000000000,,45.000000000000000,0.000000000000000,3.000000000000000,,{38B27B65-05D5-4EB6-8393-A624D1490824},25/02/2026 22:28:00.265,,25/02/2026 22:28:00.265,,2.000000000000000,50
{9F38B200-A80D-4B47-904B-1058331B6852},47.000000000000000,,9.000000000000000,4.000000000000000,28.000000000000000,Heavy browsing damage. Windrowed areas need blank.,{38B27B65-05D5-4EB6-8393-A624D1490824},25/02/2026 22:28:00.265,,25/02/2026 22:28:00.265,,9.000000000000000,50
{FDE55ECD-1BC1-42CB-874E-AFCE2730F987},48.000000000000000,,47.000000000000000,0.000000000000000,0.000000000000000,,{38B27B65-05D5-4EB6-8393-A624D1490824},25/02/2026 22:28:00.265,,25/02/2026 22:28:00.265,,3.000000000000000,50
{06822935-0522-4D6D-8F2E-0C4F7CDBC5C2},39.000000000000000,,50.000000000000000,0.000000000000000,0.000000000000000,Excellent looking trees and survival,{38B27B65-05D5-4EB6-8393-A624D1490824},25/02/2026 22:28:00.265,,25/02/2026 22:28:00.265,,0.000000000000000,50
{C9698E94-FF54-4B01-8436-43DCAAA3CC57},49.000000000000000,,39.000000000000000,3.000000000000000,6.000000000000000,,{38B27B65-05D5-4EB6-8393-A624D1490824},25/02/2026 22:28:00.265,,25/02/2026 22:28:00.265,,2.000000000000000,50
{73741474-9172-465C-953A-94B852C47639},44.000000000000000,,50.000000000000000,0.000000000000000,0.000000000000000,,{A22AAD97-F83A-4D27-B629-842317DF2D93},25/02/2026 22:49:10.193,,25/02/2026 22:49:10.193,,0.000000000000000,50
{C72FAAA7-6A42-4DE7-8BED-149478A68FD6},43.000000000000000,,47.000000000000000,2.000000000000000,1.000000000000000,,{A22AAD97-F83A-4D27-B629-842317DF2D93},25/02/2026 22:49:10.193,,25/02/2026 22:49:10.193,,0.000000000000000,50
{C2B1804E-9B9B-4615-9449-4A04A842B019},36.000000000000000,,49.000000000000000,1.000000000000000,0.000000000000000,Trees doing very well amongst the tussock,{A22AAD97-F83A-4D27-B629-842317DF2D93},25/02/2026 22:49:10.193,,25/02/2026 22:49:10.193,,0.000000000000000,50
{BD43AD79-43DF-4F66-9BAD-4F1FA08A2D05},29.000000000000000,,49.000000000000000,0.000000000000000,1.000000000000000,,{A22AAD97-F83A-4D27-B629-842317DF2D93},25/02/2026 22:49:10.193,,25/02/2026 22:49:10.193,,0.000000000000000,50
{D3C3E8E9-1943-4AEE-9748-C4AD368BDB78},77.000000000000000,,48.000000000000000,1.000000000000000,1.000000000000000,,{DB7579C8-F6E6-45D8-8FA8-9D055E64B06B},25/02/2026 23:20:30.896,,25/02/2026 23:20:30.896,,0.000000000000000,50
{4EB39B60-EA47-44CC-8153-C76850DC32F1},76.000000000000000,,46.000000000000000,0.000000000000000,4.000000000000000,,{DB7579C8-F6E6-45D8-8FA8-9D055E64B06B},25/02/2026 23:20:30.896,,25/02/2026 23:20:30.896,,0.000000000000000,50
{9294444C-BB4A-4397-827D-973AFFD08D0B},80.000000000000000,,40.000000000000000,4.000000000000000,6.000000000000000,,{DB7579C8-F6E6-45D8-8FA8-9D055E64B06B},25/02/2026 23:20:30.896,,25/02/2026 23:20:30.896,,0.000000000000000,50
{224D4B58-811E-49D4-9937-993187DB8859},79.000000000000000,,47.000000000000000,0.000000000000000,1.000000000000000,Long grass has flattened a couple after spray,{DB7579C8-F6E6-45D8-8FA8-9D055E64B06B},25/02/2026 23:20:30.896,,25/02/2026 23:20:30.896,,2.000000000000000,50
{52BADF8D-6A71-468A-8FD6-27810E09F40F},81.000000000000000,,43.000000000000000,1.000000000000000,6.000000000000000,,{DB7579C8-F6E6-45D8-8FA8-9D055E64B06B},25/02/2026 23:20:30.896,,25/02/2026 23:20:30.896,,0.000000000000000,50
{CE2ADE36-4BC9-4DF4-B36B-1F4043EB6B92},57.000000000000000,,47.000000000000000,0.000000000000000,3.000000000000000,,{5BA48637-8F1C-441B-8C1A-78FC843A4E44},25/02/2026 23:35:49.995,,25/02/2026 23:35:49.995,,0.000000000000000,50
{56104BDF-7515-4FF5-8864-6E9685AE956E},34.000000000000000,,49.000000000000000,0.000000000000000,1.000000000000000,,{5BA48637-8F1C-441B-8C1A-78FC843A4E44},25/02/2026 23:35:49.995,,25/02/2026 23:35:49.995,,0.000000000000000,50
{4B21E35B-2974-4BAD-B22C-0969625464EE},41.000000000000000,,27.000000000000000,4.000000000000000,18.000000000000000,,{5BA48637-8F1C-441B-8C1A-78FC843A4E44},25/02/2026 23:35:49.995,,25/02/2026 23:35:49.995,,1.000000000000000,50
{727A1E5F-4133-49D4-B99A-E84326446058},52.000000000000000,,47.000000000000000,0.000000000000000,3.000000000000000,,{5BA48637-8F1C-441B-8C1A-78FC843A4E44},25/02/2026 23:35:49.995,,25/02/2026 23:35:49.995,,0.000000000000000,50
{9F700787-E341-48E0-8B51-D77B757236BE},42.000000000000000,,43.000000000000000,0.000000000000000,1.000000000000000,Long grass so some missing may be alive.,{5BA48637-8F1C-441B-8C1A-78FC843A4E44},25/02/2026 23:35:49.995,,25/02/2026 23:35:49.995,,6.000000000000000,50
{8E498171-5F43-42D8-83B7-BD7E0AA4C19B},28.000000000000000,,50.000000000000000,0.000000000000000,0.000000000000000,,{5BA48637-8F1C-441B-8C1A-78FC843A4E44},25/02/2026 23:35:49.995,,25/02/2026 23:35:49.995,,0.000000000000000,50
{15B59C5E-C963-4028-A8D2-E40FB09E65A7},61.000000000000000,,41.000000000000000,3.000000000000000,6.000000000000000,,{A437D839-2003-443B-BCF8-CAF0A6575166},25/02/2026 23:42:20.741,,25/02/2026 23:42:20.741,,0.000000000000000,50
{64DA79A4-FA9E-455A-A45D-1579A6ECF2EB},53.000000000000000,,48.000000000000000,1.000000000000000,1.000000000000000,,{A437D839-2003-443B-BCF8-CAF0A6575166},25/02/2026 23:42:20.741,,25/02/2026 23:42:20.741,,0.000000000000000,50
{205CEE60-B96E-4F94-B02E-6F7662DB3783},60.000000000000000,,40.000000000000000,3.000000000000000,7.000000000000000,,{A437D839-2003-443B-BCF8-CAF0A6575166},25/02/2026 23:42:20.741,,25/02/2026 23:42:20.741,,0.000000000000000,50
{701BD90B-3E61-4DF8-840E-F6D62D1A76EA},35.000000000000000,,46.000000000000000,1.000000000000000,3.000000000000000,,{7CE7F1DD-9837-45E6-9580-45E142D5D2B6},25/02/2026 23:45:29.465,,25/02/2026 23:45:29.465,,0.000000000000000,50
{24186504-09A1-4646-8234-55E9C3D9D82B},193.000000000000000,,41.000000000000000,2.000000000000000,7.000000000000000,Ex crop paddock,{79FA281D-2358-4113-8581-F369FC64EEAF},26/02/2026 2:13:40.179,,26/02/2026 2:13:40.179,,0.000000000000000,50
{1F115F59-2FEF-431C-96F4-E299F7CB0FF0},189.000000000000000,,35.000000000000000,2.000000000000000,13.000000000000000,Dry ex crop paddock,{79FA281D-2358-4113-8581-F369FC64EEAF},26/02/2026 2:13:40.179,,26/02/2026 2:13:40.179,,0.000000000000000,50
{94BAD106-5A81-4ADE-8ACB-897118EED989},188.000000000000000,,37.000000000000000,2.000000000000000,11.000000000000000,,{79FA281D-2358-4113-8581-F369FC64EEAF},26/02/2026 2:13:40.179,,26/02/2026 2:13:40.179,,0.000000000000000,50
{A0664704-D248-44AD-941F-972C8077F836},181.000000000000000,,34.000000000000000,4.000000000000000,12.000000000000000,,{79FA281D-2358-4113-8581-F369FC64EEAF},26/02/2026 2:13:40.179,,26/02/2026 2:13:40.179,,0.000000000000000,50
{6C2881F9-9D46-4CCC-A034-7EAE2B2DC923},175.000000000000000,,46.000000000000000,0.000000000000000,4.000000000000000,,{79FA281D-2358-4113-8581-F369FC64EEAF},26/02/2026 2:13:40.179,,26/02/2026 2:13:40.179,,0.000000000000000,50
{5CCD6C11-C937-4A98-BCF3-C305A4B6457B},174.000000000000000,,47.000000000000000,0.000000000000000,3.000000000000000,,{79FA281D-2358-4113-8581-F369FC64EEAF},26/02/2026 2:13:40.179,,26/02/2026 2:13:40.179,,0.000000000000000,50
{59A5FB11-D84D-4A9F-B01C-54769AFD355C},161.000000000000000,,43.000000000000000,1.000000000000000,6.000000000000000,"Some old pest damage in area, most tree recovering",{79FA281D-2358-4113-8581-F369FC64EEAF},26/02/2026 2:13:40.179,,26/02/2026 2:13:40.179,,0.000000000000000,50
{CADF081E-1DEF-45FE-B0E7-EDE8F5177982},160.000000000000000,,43.000000000000000,1.000000000000000,6.000000000000000,,{79FA281D-2358-4113-8581-F369FC64EEAF},26/02/2026 2:13:40.179,,26/02/2026 2:13:40.179,,0.000000000000000,50
{5F667F1D-A455-4EF4-83E6-ED5DF7C40724},162.000000000000000,,47.000000000000000,0.000000000000000,1.000000000000000,,{AED1B26E-692D-4BB8-BA43-9C004C68B59A},26/02/2026 2:47:22.404,,26/02/2026 2:47:22.404,,2.000000000000000,50
{7236A4C9-B283-4E4E-950C-09A602278312},137.000000000000000,,48.000000000000000,0.000000000000000,1.000000000000000,,{AED1B26E-692D-4BB8-BA43-9C004C68B59A},26/02/2026 2:47:22.404,,26/02/2026 2:47:22.404,,1.000000000000000,50
{231186DE-BAD0-4C0F-95E4-90A0A4E8ACA1},124.000000000000000,,46.000000000000000,0.000000000000000,4.000000000000000,"Good growth in this area, moved plot above track to ensure have enough trees to count",{AED1B26E-692D-4BB8-BA43-9C004C68B59A},26/02/2026 2:47:22.404,,26/02/2026 2:47:22.404,,0.000000000000000,50
{8FEF02F3-EFCB-4836-8A71-52AE4C4ED86E},140.000000000000000,,29.000000000000000,4.000000000000000,17.000000000000000,,{AED1B26E-692D-4BB8-BA43-9C004C68B59A},26/02/2026 2:47:22.404,,26/02/2026 2:47:22.404,,0.000000000000000,50
{3285C991-4024-4E64-AA40-CC04652FAEC4},125.000000000000000,,46.000000000000000,3.000000000000000,1.000000000000000,,{AED1B26E-692D-4BB8-BA43-9C004C68B59A},26/02/2026 2:47:22.404,,26/02/2026 2:47:22.404,,0.000000000000000,50
{CB9EC08F-00B4-4A68-AC63-E6278A77DC5F},108.000000000000000,,38.000000000000000,0.000000000000000,12.000000000000000,,{AED1B26E-692D-4BB8-BA43-9C004C68B59A},26/02/2026 2:47:22.404,,26/02/2026 2:47:22.404,,0.000000000000000,50
{3B739A51-41F7-48BB-886B-06DB36D83736},109.000000000000000,,9.000000000000000,7.000000000000000,14.000000000000000,"Lots of deer sign, all trees show signs of browsing, many missing. Lincut gorse for majority of rows.",{AED1B26E-692D-4BB8-BA43-9C004C68B59A},26/02/2026 2:47:22.404,,26/02/2026 2:47:22.404,,20.000000000000000,50
{9FED8E9D-08D5-420A-B9F9-67021DB1C118},193.000000000000000,,42.000000000000000,3.000000000000000,5.000000000000000,,{AED1B26E-692D-4BB8-BA43-9C004C68B59A},26/02/2026 2:47:22.404,,26/02/2026 2:47:22.404,,0.000000000000000,50
{E2F91115-7467-4452-B3D6-2B18A17FE342},138.000000000000000,,27.000000000000000,3.000000000000000,3.000000000000000,Missing numbers may be inflsted due to ling grass.,{AED1B26E-692D-4BB8-BA43-9C004C68B59A},26/02/2026 2:47:22.404,,26/02/2026 2:47:22.404,,17.000000000000000,50
{04E2FD0E-EC9F-4B6B-9489-92C7501DD87C},153.000000000000000,,16.000000000000000,10.000000000000000,12.000000000000000,"Lots of animal sign, deer and hare. Browsing of every tree, likely poorer survival in future.",{AED1B26E-692D-4BB8-BA43-9C004C68B59A},26/02/2026 2:47:22.404,,26/02/2026 2:47:22.404,,12.000000000000000,50
{6249B719-1CE4-4538-AF58-31B2D7F85548},151.000000000000000,,47.000000000000000,0.000000000000000,3.000000000000000,,{61D1A8EB-FFC7-4F98-B1B0-0040967D86F9},26/02/2026 2:51:27.230,,26/02/2026 2:51:27.230,,0.000000000000000,50
{6F5C604B-0DC8-4E28-BAAF-55609C7C0200},135.000000000000000,,50.000000000000000,0.000000000000000,0.000000000000000,,{61D1A8EB-FFC7-4F98-B1B0-0040967D86F9},26/02/2026 2:51:27.230,,26/02/2026 2:51:27.230,,0.000000000000000,50
{CF3A43F9-6162-4C2C-9805-221C4D26A908},91.000000000000000,,48.000000000000000,1.000000000000000,0.000000000000000,,{61D1A8EB-FFC7-4F98-B1B0-0040967D86F9},26/02/2026 2:51:27.230,,26/02/2026 2:51:27.230,,1.000000000000000,50
{B3C45123-8CC0-403B-851C-AEFEDB55BA42},98.000000000000000,,50.000000000000000,0.000000000000000,0.000000000000000,,{61D1A8EB-FFC7-4F98-B1B0-0040967D86F9},26/02/2026 2:51:27.230,,26/02/2026 2:51:27.230,,0.000000000000000,50
{41678DCD-245D-4151-BBA6-7FAB8233C56D},123.000000000000000,,38.000000000000000,2.000000000000000,9.000000000000000,,{61D1A8EB-FFC7-4F98-B1B0-0040967D86F9},26/02/2026 2:51:27.230,,26/02/2026 2:51:27.230,,1.000000000000000,50
{FA4CC625-E702-422F-A30D-109F2D7D0C48},136.000000000000000,,46.000000000000000,0.000000000000000,4.000000000000000,,{61D1A8EB-FFC7-4F98-B1B0-0040967D86F9},26/02/2026 2:51:27.230,,26/02/2026 2:51:27.230,,0.000000000000000,50
{49FEF8F1-A1B0-40D6-8E4F-CEE6B1A5C87F},152.000000000000000,,44.000000000000000,1.000000000000000,4.000000000000000,,{E40FC179-E737-43EB-A506-002141EBA4D7},26/02/2026 2:59:05.606,,26/02/2026 2:59:05.606,,1.000000000000000,50
{46D5F765-25BD-4258-9BC6-DD4695AB557C},1093.000000000000000,,40.000000000000000,6.000000000000000,3.000000000000000,,{F1BC46E0-A507-48BF-8341-512259EB264B},26/02/2026 3:09:53.702,,27/02/2026 0:32:47.422,ScarlettMichelle,1.000000000000000,50
{72467D80-77E9-4075-92A8-D7826AE7D16B},1059.000000000000000,,41.000000000000000,2.000000000000000,5.000000000000000,Wetland nearby,{F1BC46E0-A507-48BF-8341-512259EB264B},26/02/2026 3:09:53.702,,26/02/2026 3:09:53.702,,2.000000000000000,50
{81EA73B5-3BA8-460E-B4E1-009ACBAD4665},1094.000000000000000,,47.000000000000000,2.000000000000000,1.000000000000000,,{F1BC46E0-A507-48BF-8341-512259EB264B},26/02/2026 3:09:53.702,,26/02/2026 3:09:53.702,,0.000000000000000,50
{F62B134C-FE10-4A96-B7A8-CA0A672AB1AF},1095.000000000000000,,42.000000000000000,0.000000000000000,8.000000000000000,Wet area present,{F1BC46E0-A507-48BF-8341-512259EB264B},26/02/2026 3:09:53.702,,26/02/2026 3:09:53.702,,0.000000000000000,50
{EF6F56CA-EB09-465F-A420-A2D61F3771AD},1060.000000000000000,,43.000000000000000,2.000000000000000,5.000000000000000,,{F1BC46E0-A507-48BF-8341-512259EB264B},26/02/2026 3:09:53.702,,26/02/2026 3:09:53.702,,0.000000000000000,50
{772B0F51-921F-4535-BE62-B81FCE65DCFB},1133.000000000000000,,46.000000000000000,0.000000000000000,2.000000000000000,,{F1BC46E0-A507-48BF-8341-512259EB264B},26/02/2026 3:09:53.702,,26/02/2026 3:09:53.702,,2.000000000000000,50
{0A49F784-2DBB-49BF-BDF5-66EA1CD7DBD6},1170.000000000000000,,45.000000000000000,0.000000000000000,4.000000000000000,Some longer grass. Trees through,{F1BC46E0-A507-48BF-8341-512259EB264B},26/02/2026 3:09:53.702,,26/02/2026 3:09:53.702,,1.000000000000000,50
{0E662177-BC42-4702-83D8-772EBE584BAE},1136.000000000000000,,47.000000000000000,2.000000000000000,1.000000000000000,,{F1BC46E0-A507-48BF-8341-512259EB264B},26/02/2026 3:09:53.702,,26/02/2026 3:09:53.702,,0.000000000000000,50
{E8B21178-878C-4655-A49A-5734C25BD15D},1134.000000000000000,,44.000000000000000,3.000000000000000,2.000000000000000,,{F1BC46E0-A507-48BF-8341-512259EB264B},26/02/2026 3:09:53.702,,26/02/2026 3:09:53.702,,1.000000000000000,50
{C3D92962-4E13-4863-82E4-FB69624D56FE},1135.000000000000000,,46.000000000000000,2.000000000000000,1.000000000000000,,{F1BC46E0-A507-48BF-8341-512259EB264B},26/02/2026 3:09:53.702,,26/02/2026 3:09:53.702,,1.000000000000000,50
{B23617F6-880A-412E-BF4F-C8E34C1EFF08},1099.000000000000000,,45.000000000000000,3.000000000000000,2.000000000000000,,{F1BC46E0-A507-48BF-8341-512259EB264B},26/02/2026 3:09:53.702,,27/02/2026 0:35:38.848,ScarlettMichelle,0.000000000000000,50
{F1F30237-025D-420F-90C7-CBC54A754A5E},1065.000000000000000,,40.000000000000000,7.000000000000000,3.000000000000000,Rocky,{F1BC46E0-A507-48BF-8341-512259EB264B},26/02/2026 3:09:53.702,,26/02/2026 3:09:53.702,,0.000000000000000,50
{533A5A73-9650-4DA2-9186-5ABBD4A2989E},1064.000000000000000,,45.000000000000000,2.000000000000000,3.000000000000000,,{F1BC46E0-A507-48BF-8341-512259EB264B},26/02/2026 3:09:53.702,,26/02/2026 3:09:53.702,,0.000000000000000,50
{7EB517D5-055B-4874-BB6E-5B1239458973},1029.000000000000000,,45.000000000000000,3.000000000000000,1.000000000000000,Old crop paddock,{F1BC46E0-A507-48BF-8341-512259EB264B},26/02/2026 3:09:53.702,,26/02/2026 3:09:53.702,,1.000000000000000,50
{4677CC76-8D62-4956-AAA0-B7B0FE00A198},1063.000000000000000,,45.000000000000000,4.000000000000000,1.000000000000000,Old crop paddock,{F1BC46E0-A507-48BF-8341-512259EB264B},26/02/2026 3:09:53.702,,26/02/2026 3:09:53.702,,0.000000000000000,50
{6E7A7EED-0E21-4E32-AF9D-13F097EBE03E},995.000000000000000,,40.000000000000000,4.000000000000000,3.000000000000000,Old crop paddock. Wide spacing,{F1BC46E0-A507-48BF-8341-512259EB264B},26/02/2026 3:09:53.702,,26/02/2026 3:09:53.702,,3.000000000000000,50
{86CF6B38-5EEB-4FE6-BB9D-912559950F33},994.000000000000000,,45.000000000000000,3.000000000000000,1.000000000000000,Old crop paddock,{F1BC46E0-A507-48BF-8341-512259EB264B},26/02/2026 3:09:53.702,,26/02/2026 3:09:53.702,,1.000000000000000,50
{DC2A6BA8-BF12-4B97-958F-09698EF971D6},1028.000000000000000,,38.000000000000000,4.000000000000000,2.000000000000000,Old crop paddock. Wide lines,{F1BC46E0-A507-48BF-8341-512259EB264B},26/02/2026 3:09:53.702,,26/02/2026 3:09:53.702,,6.000000000000000,50
{2E5958D0-4685-4FEE-9E51-92DA029FC7F7},1062.000000000000000,,39.000000000000000,7.000000000000000,4.000000000000000,Old crop paddock,{F1BC46E0-A507-48BF-8341-512259EB264B},26/02/2026 3:09:53.702,,27/02/2026 0:36:01.771,ScarlettMichelle,0.000000000000000,50
{6123CD82-5075-4EBB-AB39-7FBC17903673},1097.000000000000000,,46.000000000000000,2.000000000000000,1.000000000000000,Old crop paddock,{F1BC46E0-A507-48BF-8341-512259EB264B},26/02/2026 3:09:53.702,,26/02/2026 3:09:53.702,,1.000000000000000,50
{699265C1-31E7-4809-B16A-69951064D59F},1098.000000000000000,,42.000000000000000,3.000000000000000,5.000000000000000,,{F1BC46E0-A507-48BF-8341-512259EB264B},26/02/2026 3:09:53.702,,26/02/2026 3:09:53.702,,0.000000000000000,50
{EE2D21FD-090F-4D58-BABC-5849545C70E9},1096.000000000000000,,40.000000000000000,3.000000000000000,6.000000000000000,Wet area,{F1BC46E0-A507-48BF-8341-512259EB264B},26/02/2026 3:09:53.702,,26/02/2026 3:09:53.702,,1.000000000000000,50
{31C6FADC-2BFC-40EC-BE64-25246FEE6C1C},1061.000000000000000,,39.000000000000000,7.000000000000000,1.000000000000000,Wet area,{F1BC46E0-A507-48BF-8341-512259EB264B},26/02/2026 3:09:53.702,,26/02/2026 3:09:53.702,,3.000000000000000,50
{6EC2C92C-9235-405C-9982-594517646176},1026.000000000000000,,46.000000000000000,2.000000000000000,2.000000000000000,Old crop paddock,{F1BC46E0-A507-48BF-8341-512259EB264B},26/02/2026 3:09:53.702,,26/02/2026 3:09:53.702,,0.000000000000000,50
{BBF047D0-D165-43F1-9625-086D8ACBC1A4},1027.000000000000000,,45.000000000000000,1.000000000000000,3.000000000000000,Old crop paddock,{F1BC46E0-A507-48BF-8341-512259EB264B},26/02/2026 3:09:53.702,,26/02/2026 3:09:53.702,,1.000000000000000,50
{EA1C586B-2188-4BBE-841B-A34542B622FE},993.000000000000000,,46.000000000000000,2.000000000000000,2.000000000000000,Old crop paddock. Wide lines,{F1BC46E0-A507-48BF-8341-512259EB264B},26/02/2026 3:09:53.702,,26/02/2026 3:09:53.702,,0.000000000000000,50
{205F5DA3-123C-4DA1-900E-B86358BF11A2},960.000000000000000,,44.000000000000000,1.000000000000000,2.000000000000000,Old crop paddock. Wide lines,{F1BC46E0-A507-48BF-8341-512259EB264B},26/02/2026 3:09:53.702,,26/02/2026 3:09:53.702,,3.000000000000000,50
{DEC49230-C98C-41FC-BAE8-7A62E0C1412D},1460.000000000000000,,31.000000000000000,5.000000000000000,11.000000000000000,Long grass,{BBF6DEF4-A5B5-4DB2-AEDC-E014DCBDB5E8},26/02/2026 20:36:53.109,,26/02/2026 20:36:53.109,,3.000000000000000,50
{5963F959-AF3D-4374-A7BC-70072624E635},1494.000000000000000,,22.000000000000000,6.000000000000000,20.000000000000000,Ex crop paddock,{BBF6DEF4-A5B5-4DB2-AEDC-E014DCBDB5E8},26/02/2026 20:36:53.109,,26/02/2026 20:36:53.109,,2.000000000000000,50
{D88C8244-44C1-4FF5-9A0D-D811974900E6},1493.000000000000000,,13.000000000000000,5.000000000000000,29.000000000000000,Long grass smothered a lot of trees,{BBF6DEF4-A5B5-4DB2-AEDC-E014DCBDB5E8},26/02/2026 20:36:53.109,,26/02/2026 20:36:53.109,,3.000000000000000,50
{0B4D1523-8719-4D43-BE2C-6D23A48143FB},1527.000000000000000,,17.000000000000000,9.000000000000000,22.000000000000000,,{BBF6DEF4-A5B5-4DB2-AEDC-E014DCBDB5E8},26/02/2026 20:36:53.109,,26/02/2026 20:36:53.109,,2.000000000000000,50
{946D96D0-13FD-4174-B71A-BA1075EA5D58},1526.000000000000000,,11.000000000000000,8.000000000000000,23.000000000000000,Long grass smothering,{BBF6DEF4-A5B5-4DB2-AEDC-E014DCBDB5E8},26/02/2026 20:36:53.109,,26/02/2026 20:36:53.109,,8.000000000000000,50
{44366EB7-D609-4E60-B4C7-EEE71A625E7C},1525.000000000000000,,21.000000000000000,9.000000000000000,15.000000000000000,,{BBF6DEF4-A5B5-4DB2-AEDC-E014DCBDB5E8},26/02/2026 20:36:53.109,,26/02/2026 20:36:53.109,,5.000000000000000,50
{07A2E822-81BA-4A0D-9EB2-1F90280C0191},1575.000000000000000,,30.000000000000000,4.000000000000000,15.000000000000000,,{9008169C-7C77-4D18-B5A1-7CF80B6D7EF6},26/02/2026 20:37:10.735,,26/02/2026 20:37:10.735,,1.000000000000000,50
{08E53600-EC48-459C-821E-4F0B0186E003},1597.000000000000000,,30.000000000000000,3.000000000000000,16.000000000000000,,{9008169C-7C77-4D18-B5A1-7CF80B6D7EF6},26/02/2026 20:37:10.735,,26/02/2026 20:37:10.735,,1.000000000000000,50
{6891C62B-83EB-4E7E-B7D0-DA9BCA74A872},1598.000000000000000,,21.000000000000000,5.000000000000000,21.000000000000000,,{9008169C-7C77-4D18-B5A1-7CF80B6D7EF6},26/02/2026 20:37:10.735,,26/02/2026 20:37:10.735,,3.000000000000000,50
{7E7FE98B-4008-4F94-A5B3-8C1372B7F006},1599.000000000000000,,18.000000000000000,5.000000000000000,24.000000000000000,,{9008169C-7C77-4D18-B5A1-7CF80B6D7EF6},26/02/2026 20:37:10.735,,26/02/2026 20:37:10.735,,3.000000000000000,50
{FFF37ACD-9D62-4938-A482-DB2CFC8EF9C5},1610.000000000000000,,26.000000000000000,1.000000000000000,23.000000000000000,,{9008169C-7C77-4D18-B5A1-7CF80B6D7EF6},26/02/2026 20:37:10.735,,26/02/2026 20:37:10.735,,0.000000000000000,50
{B3C351AF-40D4-4C2E-B7ED-27055AFE76BE},1611.000000000000000,,27.000000000000000,4.000000000000000,19.000000000000000,,{9008169C-7C77-4D18-B5A1-7CF80B6D7EF6},26/02/2026 20:37:10.735,,26/02/2026 20:37:10.735,,0.000000000000000,50
{18F0D2A1-7D75-41A1-9734-591846719BE2},1600.000000000000000,,31.000000000000000,3.000000000000000,16.000000000000000,,{9008169C-7C77-4D18-B5A1-7CF80B6D7EF6},26/02/2026 20:37:10.735,,26/02/2026 20:37:10.735,,0.000000000000000,50
{AB54BDEE-055A-41A5-A9A4-7BA777961159},1575.000000000000000,,37.000000000000000,4.000000000000000,9.000000000000000,,{9008169C-7C77-4D18-B5A1-7CF80B6D7EF6},26/02/2026 20:37:10.735,,26/02/2026 20:37:10.735,,0.000000000000000,50
{7DD8690A-1CB5-45C4-A619-C46FE4124142},1552.000000000000000,,21.000000000000000,11.000000000000000,13.000000000000000,Some stress from old pest damage,{9008169C-7C77-4D18-B5A1-7CF80B6D7EF6},26/02/2026 20:37:10.735,,26/02/2026 20:37:10.735,,5.000000000000000,50
{C2C10871-5446-47CF-8440-F9D6CEEBAFAC},1321.000000000000000,,45.000000000000000,3.000000000000000,1.000000000000000,,{3DD91D60-F0A8-4F5C-A10E-06768632D563},27/02/2026 0:09:22.601,,27/02/2026 0:09:22.601,,1.000000000000000,50
{CDE84C25-D9F7-4CA9-ABC2-2390833E6B00},1167.000000000000000,,44.000000000000000,3.000000000000000,3.000000000000000,,{3DD91D60-F0A8-4F5C-A10E-06768632D563},27/02/2026 0:09:22.601,,27/02/2026 0:09:22.601,,0.000000000000000,50
{7A8CF485-3F77-4E39-96B6-B22453BE30B2},1168.000000000000000,,48.000000000000000,0.000000000000000,2.000000000000000,,{3DD91D60-F0A8-4F5C-A10E-06768632D563},27/02/2026 0:09:22.601,,27/02/2026 0:09:22.601,,0.000000000000000,50
{0B20BEED-024F-40E5-9C9A-95C0C8B5C858},1205.000000000000000,,40.000000000000000,6.000000000000000,2.000000000000000,Longer grass here,{3DD91D60-F0A8-4F5C-A10E-06768632D563},27/02/2026 0:09:22.601,,27/02/2026 0:09:22.601,,2.000000000000000,50
{48E1CCF0-E693-482D-95E1-7018BFB52F58},1244.000000000000000,,39.000000000000000,6.000000000000000,2.000000000000000,Stress under long grass,{3DD91D60-F0A8-4F5C-A10E-06768632D563},27/02/2026 0:09:22.601,,27/02/2026 0:09:22.601,,3.000000000000000,50
{E59274D3-784A-44ED-A3A1-2A3EB85B05CB},1243.000000000000000,,43.000000000000000,0.000000000000000,5.000000000000000,,{3DD91D60-F0A8-4F5C-A10E-06768632D563},27/02/2026 0:09:22.601,,27/02/2026 0:09:22.601,,2.000000000000000,50
{BAC9C9B1-C890-4178-A654-DFCC43AD6C69},1242.000000000000000,,36.000000000000000,7.000000000000000,3.000000000000000,,{3DD91D60-F0A8-4F5C-A10E-06768632D563},27/02/2026 0:09:22.601,,27/02/2026 0:09:22.601,,4.000000000000000,50
{6E503382-211F-48A1-BCA2-9E733A2BCD3D},1277.000000000000000,,37.000000000000000,8.000000000000000,3.000000000000000,,{3DD91D60-F0A8-4F5C-A10E-06768632D563},27/02/2026 0:09:22.601,,27/02/2026 0:09:22.601,,2.000000000000000,50
{57EF04AA-075A-48B1-86DD-32999DFF0646},1278.000000000000000,,42.000000000000000,5.000000000000000,2.000000000000000,,{3DD91D60-F0A8-4F5C-A10E-06768632D563},27/02/2026 0:09:22.601,,27/02/2026 0:31:36.751,ScarlettMichelle,1.000000000000000,50
{5377BFD7-1D16-4EE7-BDBF-8A1C49823E80},1279.000000000000000,,44.000000000000000,5.000000000000000,1.000000000000000,,{3DD91D60-F0A8-4F5C-A10E-06768632D563},27/02/2026 0:09:22.601,,27/02/2026 0:09:22.601,,0.000000000000000,50
{56F0BF67-25C6-4D32-A180-5A6F8B419CE6},1280.000000000000000,,45.000000000000000,4.000000000000000,1.000000000000000,,{3DD91D60-F0A8-4F5C-A10E-06768632D563},27/02/2026 0:09:22.601,,27/02/2026 0:09:22.601,,0.000000000000000,50
{46B1AF9B-61BB-48D2-87A6-ECE9D3727B1A},1320.000000000000000,,43.000000000000000,2.000000000000000,3.000000000000000,,{3DD91D60-F0A8-4F5C-A10E-06768632D563},27/02/2026 0:09:22.601,,27/02/2026 0:09:22.601,,2.000000000000000,50
{D7D606F4-D964-4DFC-94AF-99A441C2717B},1319.000000000000000,,37.000000000000000,5.000000000000000,6.000000000000000,,{3DD91D60-F0A8-4F5C-A10E-06768632D563},27/02/2026 0:09:22.601,,27/02/2026 0:09:22.601,,2.000000000000000,50
{5D53B40B-2F5F-48F5-8306-F329EA82FACF},1318.000000000000000,,44.000000000000000,3.000000000000000,2.000000000000000,,{3DD91D60-F0A8-4F5C-A10E-06768632D563},27/02/2026 0:09:22.601,,27/02/2026 0:09:22.601,,1.000000000000000,50
{F3C79520-D191-4F7E-9C76-58AB4C8FABFD},1317.000000000000000,,42.000000000000000,3.000000000000000,3.000000000000000,,{3DD91D60-F0A8-4F5C-A10E-06768632D563},27/02/2026 0:09:22.601,,27/02/2026 0:09:22.601,,2.000000000000000,50
{CC35ED65-8293-4A0F-B411-5BB6F1459A13},1316.000000000000000,,30.000000000000000,8.000000000000000,5.000000000000000,Grass very long here. Some old grazing stressing some trees,{3DD91D60-F0A8-4F5C-A10E-06768632D563},27/02/2026 0:09:22.601,,27/02/2026 0:09:22.601,,7.000000000000000,50
{4A10CE4F-708D-43BE-9CC5-AD3CD785EE10},1315.000000000000000,,40.000000000000000,2.000000000000000,4.000000000000000,Long grass,{3DD91D60-F0A8-4F5C-A10E-06768632D563},27/02/2026 0:09:22.601,,27/02/2026 0:09:22.601,,4.000000000000000,50
{44AA9F01-2B51-46D5-8183-9690886909FB},1276.000000000000000,,43.000000000000000,5.000000000000000,1.000000000000000,,{3DD91D60-F0A8-4F5C-A10E-06768632D563},27/02/2026 0:09:22.601,,27/02/2026 0:09:22.601,,1.000000000000000,50
{1BC5DD93-7787-45BB-8BD8-786BA112F8FB},1313.000000000000000,,44.000000000000000,1.000000000000000,4.000000000000000,,{3DD91D60-F0A8-4F5C-A10E-06768632D563},27/02/2026 0:09:22.601,,27/02/2026 0:09:22.601,,1.000000000000000,50
{D38F773B-B283-4742-9C4A-8311BCF15FFE},1314.000000000000000,,43.000000000000000,4.000000000000000,1.000000000000000,,{3DD91D60-F0A8-4F5C-A10E-06768632D563},27/02/2026 0:09:22.601,,27/02/2026 0:09:22.601,,2.000000000000000,50
{E9B32515-83BB-483B-BCE8-D853C47CA46B},1356.000000000000000,,43.000000000000000,3.000000000000000,3.000000000000000,,{3DD91D60-F0A8-4F5C-A10E-06768632D563},27/02/2026 0:09:22.601,,27/02/2026 0:09:22.601,,1.000000000000000,50
{E6163EAA-5DDC-443D-A026-CFAD18A9CB61},1357.000000000000000,,42.000000000000000,5.000000000000000,1.000000000000000,,{3DD91D60-F0A8-4F5C-A10E-06768632D563},27/02/2026 0:09:22.601,,27/02/2026 0:09:22.601,,2.000000000000000,50
{8ED395E2-7B66-4974-B7AD-607573BC5CF8},1358.000000000000000,,37.000000000000000,5.000000000000000,5.000000000000000,,{3DD91D60-F0A8-4F5C-A10E-06768632D563},27/02/2026 0:09:22.601,,27/02/2026 0:09:22.601,,3.000000000000000,50
{1FDFA626-396F-411C-B69E-9DD5339C5952},1359.000000000000000,,37.000000000000000,9.000000000000000,2.000000000000000,Some stress under long grass,{3DD91D60-F0A8-4F5C-A10E-06768632D563},27/02/2026 0:09:22.601,,27/02/2026 0:09:22.601,,2.000000000000000,50
{06EC2F54-564C-403E-9706-5F8EE36DB1EA},1204.000000000000000,,46.000000000000000,2.000000000000000,2.000000000000000,,{3DD91D60-F0A8-4F5C-A10E-06768632D563},27/02/2026 0:09:22.601,,27/02/2026 0:09:22.601,,0.000000000000000,50
{945A6CA8-8FF4-4C31-A5C6-39B348E457AF},1324.000000000000000,,35.000000000000000,2.000000000000000,10.000000000000000,,{2CBED0DC-13A9-485F-8493-90F3829F5852},27/02/2026 2:47:07.233,,27/02/2026 2:47:07.233,,3.000000000000000,50
{FB485364-5EB2-4D59-BDBA-21981DF38A40},1286.000000000000000,,36.000000000000000,2.000000000000000,10.000000000000000,,{2CBED0DC-13A9-485F-8493-90F3829F5852},27/02/2026 2:47:07.233,,27/02/2026 2:47:07.233,,2.000000000000000,50
{6AFF9BC2-1BA1-4BF0-A524-6136F1E31E57},1213.000000000000000,,36.000000000000000,8.000000000000000,6.000000000000000,Wet patch,{2CBED0DC-13A9-485F-8493-90F3829F5852},27/02/2026 2:47:07.233,,27/02/2026 2:47:07.233,,0.000000000000000,50
{101DCA87-0240-451E-B9C6-424780F3E9D8},1175.000000000000000,,24.000000000000000,8.000000000000000,18.000000000000000,A lot of stress,{2CBED0DC-13A9-485F-8493-90F3829F5852},27/02/2026 2:47:07.233,,27/02/2026 2:47:07.233,,0.000000000000000,50
{E375E594-0232-4F72-A86F-E527984AB474},1071.000000000000000,,43.000000000000000,6.000000000000000,1.000000000000000,,{2CBED0DC-13A9-485F-8493-90F3829F5852},27/02/2026 2:47:07.233,,27/02/2026 2:47:07.233,,0.000000000000000,50
{9CBC5996-BF3B-438D-A689-BBA02EA8DA2B},1105.000000000000000,,31.000000000000000,7.000000000000000,12.000000000000000,,{2CBED0DC-13A9-485F-8493-90F3829F5852},27/02/2026 2:47:07.233,,27/02/2026 2:47:07.233,,0.000000000000000,50
{DED12989-77EB-4256-806D-028D1E09DCF3},1106.000000000000000,,44.000000000000000,3.000000000000000,3.000000000000000,,{2CBED0DC-13A9-485F-8493-90F3829F5852},27/02/2026 2:47:07.233,,27/02/2026 2:47:07.233,,0.000000000000000,50
{094592C0-6FFC-4AD5-92EB-6C4B626EDAA4},1142.000000000000000,,34.000000000000000,5.000000000000000,10.000000000000000,,{2CBED0DC-13A9-485F-8493-90F3829F5852},27/02/2026 2:47:07.233,,27/02/2026 2:47:07.233,,1.000000000000000,50
{14D973BC-60A3-4BD3-BA04-8D0D9B1EEE5F},1143.000000000000000,,40.000000000000000,6.000000000000000,4.000000000000000,,{2CBED0DC-13A9-485F-8493-90F3829F5852},27/02/2026 2:47:07.233,,27/02/2026 2:47:07.233,,0.000000000000000,50
{5E5263DE-6DFF-4DBB-82D4-0FB1F3EBC580},1144.000000000000000,,36.000000000000000,4.000000000000000,10.000000000000000,,{2CBED0DC-13A9-485F-8493-90F3829F5852},27/02/2026 2:47:07.233,,27/02/2026 2:47:07.233,,0.000000000000000,50
{9C877FDC-877D-4366-BD96-DF0564D0E8BA},1145.000000000000000,,33.000000000000000,5.000000000000000,12.000000000000000,,{2CBED0DC-13A9-485F-8493-90F3829F5852},27/02/2026 2:47:07.233,,27/02/2026 2:47:07.233,,0.000000000000000,50
{269E105C-B2D3-4D71-AB67-2837B731FEA9},1146.000000000000000,,39.000000000000000,1.000000000000000,9.000000000000000,,{2CBED0DC-13A9-485F-8493-90F3829F5852},27/02/2026 2:47:07.233,,27/02/2026 2:47:07.233,,1.000000000000000,50
{A1161A63-D8E3-494D-8993-9F4A6E409751},1147.000000000000000,,40.000000000000000,3.000000000000000,7.000000000000000,,{2CBED0DC-13A9-485F-8493-90F3829F5852},27/02/2026 2:47:07.233,,27/02/2026 2:47:07.233,,0.000000000000000,50
{F5575E2C-00B7-47DB-BEC8-BDFC11895E2B},1111.000000000000000,,27.000000000000000,9.000000000000000,14.000000000000000,A lot of chewed trees,{2CBED0DC-13A9-485F-8493-90F3829F5852},27/02/2026 2:47:07.233,,27/02/2026 2:47:07.233,,0.000000000000000,50
{9A0C4D9F-6B6C-44A9-92D5-C73D97AED700},1148.000000000000000,,38.000000000000000,4.000000000000000,8.000000000000000,,{2CBED0DC-13A9-485F-8493-90F3829F5852},27/02/2026 2:47:07.233,,27/02/2026 2:47:07.233,,0.000000000000000,50
{CF5B279A-B7E1-4227-B763-89B5A19A497D},1182.000000000000000,,42.000000000000000,5.000000000000000,3.000000000000000,,{2CBED0DC-13A9-485F-8493-90F3829F5852},27/02/2026 2:47:07.233,,27/02/2026 2:47:07.233,,0.000000000000000,50
{061A79B8-6D2D-47D2-977A-5075BBF66922},1181.000000000000000,,44.000000000000000,2.000000000000000,4.000000000000000,,{2CBED0DC-13A9-485F-8493-90F3829F5852},27/02/2026 2:47:07.233,,27/02/2026 2:47:07.233,,0.000000000000000,50
{FC7846C3-97F5-4E53-8396-6EA8B5FDF2ED},1180.000000000000000,,36.000000000000000,5.000000000000000,8.000000000000000,,{2CBED0DC-13A9-485F-8493-90F3829F5852},27/02/2026 2:47:07.233,,27/02/2026 2:47:07.233,,1.000000000000000,50
{BF47931C-A7A5-481F-8893-85C6A7897ABB},1179.000000000000000,,36.000000000000000,5.000000000000000,9.000000000000000,,{2CBED0DC-13A9-485F-8493-90F3829F5852},27/02/2026 2:47:07.233,,27/02/2026 2:47:07.233,,0.000000000000000,50
{9A2F11CD-211F-4921-BDCF-4DC20FF783E6},1178.000000000000000,,25.000000000000000,8.000000000000000,14.000000000000000,,{2CBED0DC-13A9-485F-8493-90F3829F5852},27/02/2026 2:47:07.233,,27/02/2026 2:47:07.233,,3.000000000000000,50
{35015D96-90B7-4939-B3D4-8DD01C756FDE},1177.000000000000000,,32.000000000000000,7.000000000000000,11.000000000000000,,{2CBED0DC-13A9-485F-8493-90F3829F5852},27/02/2026 2:47:07.233,,27/02/2026 2:47:07.233,,0.000000000000000,50
{494E8570-2B31-4E1F-9455-32004E820BBA},1176.000000000000000,,44.000000000000000,2.000000000000000,4.000000000000000,,{2CBED0DC-13A9-485F-8493-90F3829F5852},27/02/2026 2:47:07.233,,27/02/2026 2:47:07.233,,0.000000000000000,50
{B735B943-B5AC-49CA-9AB5-9593DE92ACB7},1214.000000000000000,,42.000000000000000,2.000000000000000,6.000000000000000,,{2CBED0DC-13A9-485F-8493-90F3829F5852},27/02/2026 2:47:07.233,,27/02/2026 2:47:07.233,,0.000000000000000,50
{C07F6A91-E39E-49C3-8ED2-E8F304435A9C},1174.000000000000000,,46.000000000000000,1.000000000000000,3.000000000000000,Long green grass in plot,{6CFF99DD-D497-471C-8E3E-175CE402F136},1/03/2026 20:52:15.829,,1/03/2026 20:52:15.829,,0.000000000000000,50
{1921063C-D953-4E95-B51F-266374463288},1215.000000000000000,,44.000000000000000,0.000000000000000,6.000000000000000,Green grass in area,{6CFF99DD-D497-471C-8E3E-175CE402F136},1/03/2026 20:52:15.829,,1/03/2026 20:52:15.829,,0.000000000000000,50
{460E6468-9512-4A6F-9DB2-1A8046B72DDA},1216.000000000000000,,44.000000000000000,1.000000000000000,5.000000000000000,Green grass in plot area,{6CFF99DD-D497-471C-8E3E-175CE402F136},1/03/2026 20:52:15.829,,1/03/2026 20:52:15.829,,0.000000000000000,50
{6480F8F8-2A97-4C07-89AC-3DC13E7B6F19},1217.000000000000000,,45.000000000000000,1.000000000000000,4.000000000000000,,{6CFF99DD-D497-471C-8E3E-175CE402F136},1/03/2026 20:52:15.829,,1/03/2026 20:52:15.829,,0.000000000000000,50
{BC955286-313D-4479-88BA-29FA104508C7},1218.000000000000000,,40.000000000000000,3.000000000000000,6.000000000000000,,{6CFF99DD-D497-471C-8E3E-175CE402F136},1/03/2026 20:52:15.829,,1/03/2026 20:52:15.829,,1.000000000000000,50
{BC88494C-899B-4EE9-BBFB-661FB5BB3FAB},1219.000000000000000,,45.000000000000000,3.000000000000000,2.000000000000000,"Old browsing on couple of trees, still healthy",{6CFF99DD-D497-471C-8E3E-175CE402F136},1/03/2026 20:52:15.829,,1/03/2026 20:52:15.829,,0.000000000000000,50
{EB76F412-0100-4307-8B87-886E5866B51F},1220.000000000000000,,42.000000000000000,3.000000000000000,5.000000000000000,,{6CFF99DD-D497-471C-8E3E-175CE402F136},1/03/2026 20:52:15.829,,1/03/2026 20:52:15.829,,0.000000000000000,50
{389BB54F-41C1-47E7-A956-AB43A9292B29},1293.000000000000000,,40.000000000000000,0.000000000000000,10.000000000000000,Some green grass in area,{6CFF99DD-D497-471C-8E3E-175CE402F136},1/03/2026 20:52:15.829,,1/03/2026 20:52:15.829,,0.000000000000000,50
{AFD65AB5-C977-4DEB-A7E0-88D3B601AE52},1254.000000000000000,,36.000000000000000,0.000000000000000,12.000000000000000,Green grass in area,{6CFF99DD-D497-471C-8E3E-175CE402F136},1/03/2026 20:52:15.829,,1/03/2026 20:52:15.829,,2.000000000000000,50
{BEAE1FCA-6A62-498B-BD80-197E18ACB90E},1253.000000000000000,,35.000000000000000,5.000000000000000,10.000000000000000,Rocky,{6CFF99DD-D497-471C-8E3E-175CE402F136},1/03/2026 20:52:15.829,,1/03/2026 20:52:15.829,,0.000000000000000,50
{4038C52E-57B6-425C-9ACB-0C51F59DDC99},954.000000000000000,,34.000000000000000,4.000000000000000,12.000000000000000,,{3D4D12AD-BBAF-474A-A955-D81E34309B53},1/03/2026 21:34:59.054,,1/03/2026 21:34:59.054,,0.000000000000000,50
{4BC1AEEC-91DB-499B-9FF7-9EA697802D4E},991.000000000000000,,42.000000000000000,3.000000000000000,5.000000000000000,,{3D4D12AD-BBAF-474A-A955-D81E34309B53},1/03/2026 21:34:59.054,,1/03/2026 21:34:59.054,,0.000000000000000,50
{E90C4366-28EC-464F-9562-C76948A54EA7},990.000000000000000,,40.000000000000000,2.000000000000000,7.000000000000000,Spot planted area,{3D4D12AD-BBAF-474A-A955-D81E34309B53},1/03/2026 21:34:59.054,,1/03/2026 21:34:59.054,,1.000000000000000,50
{511E6BB4-9BE4-47AA-BE29-09958E9BD98E},992.000000000000000,,34.000000000000000,3.000000000000000,8.000000000000000,By rocky area and internal track,{3D4D12AD-BBAF-474A-A955-D81E34309B53},1/03/2026 21:34:59.054,,1/03/2026 21:34:59.054,,5.000000000000000,50
{56FECFCA-6D7D-4712-BA30-E5BF1E25BE96},1025.000000000000000,,42.000000000000000,1.000000000000000,6.000000000000000,Long grass by creek,{9C48B59D-8157-4134-BBB2-313E0BC746DE},1/03/2026 21:35:09.616,,1/03/2026 21:35:09.616,,1.000000000000000,50
{0B66842A-6A4D-417B-B9A0-4C319DAB5BDB},989.000000000000000,,40.000000000000000,3.000000000000000,3.000000000000000,,{9C48B59D-8157-4134-BBB2-313E0BC746DE},1/03/2026 21:35:09.616,,1/03/2026 21:35:09.616,,4.000000000000000,50
{4DC38BBD-314F-4D83-82B1-861E2415E144},988.000000000000000,,37.000000000000000,3.000000000000000,2.000000000000000,Rocky area ,{9C48B59D-8157-4134-BBB2-313E0BC746DE},1/03/2026 21:35:09.616,,1/03/2026 21:35:09.616,,8.000000000000000,50
{DA346E17-5842-48AF-AFA9-F467D6648C37},953.000000000000000,,42.000000000000000,0.000000000000000,3.000000000000000,,{9C48B59D-8157-4134-BBB2-313E0BC746DE},1/03/2026 21:35:09.616,,1/03/2026 21:35:09.616,,5.000000000000000,50
{38DD2408-0B88-4038-BE92-7D151DFB1D13},955.000000000000000,,43.000000000000000,2.000000000000000,5.000000000000000,,{9C48B59D-8157-4134-BBB2-313E0BC746DE},1/03/2026 21:35:09.616,,1/03/2026 21:35:09.616,,0.000000000000000,50
{BB232B1D-78F1-4376-AAD1-71216962EC5A},956.000000000000000,,38.000000000000000,1.000000000000000,4.000000000000000,Top 2 lines quite long grass,{9C48B59D-8157-4134-BBB2-313E0BC746DE},1/03/2026 21:35:09.616,,1/03/2026 21:35:09.616,,7.000000000000000,50
{13E9B64B-6A37-440F-A518-45DA6BE526CB},939.000000000000000,,39.000000000000000,3.000000000000000,6.000000000000000,Wet areas in plot causing mortality.,{20D6F596-C9E9-47CE-AF2F-0021DBF7F39F},1/03/2026 22:06:54.001,,1/03/2026 22:06:54.001,,2.000000000000000,50
{675FEB2A-C047-40B8-91BC-84B1251FC2DE},940.000000000000000,,39.000000000000000,3.000000000000000,8.000000000000000,,{20D6F596-C9E9-47CE-AF2F-0021DBF7F39F},1/03/2026 22:06:54.001,,1/03/2026 22:06:54.001,,0.000000000000000,50
{86D25335-13B0-4D7D-A7CF-777F9AB024D9},975.000000000000000,,48.000000000000000,1.000000000000000,1.000000000000000,Had to count extra trees in each row as line run out ckose to river,{20D6F596-C9E9-47CE-AF2F-0021DBF7F39F},1/03/2026 22:06:54.001,,1/03/2026 22:06:54.001,,0.000000000000000,50
{8034FF81-CC8A-416F-B3B6-3A9DE516A128},974.000000000000000,,43.000000000000000,1.000000000000000,5.000000000000000,,{20D6F596-C9E9-47CE-AF2F-0021DBF7F39F},1/03/2026 22:06:54.001,,1/03/2026 22:06:54.001,,1.000000000000000,50
{E0AACE9B-BCC5-4338-BCC2-C642F506B8DA},973.000000000000000,,36.000000000000000,2.000000000000000,9.000000000000000,Wet areaw causing mortality,{20D6F596-C9E9-47CE-AF2F-0021DBF7F39F},1/03/2026 22:06:54.001,,1/03/2026 22:06:54.001,,3.000000000000000,50
{2F5FC065-C9F9-4D33-BA97-F62D40FE5AE1},972.000000000000000,,46.000000000000000,2.000000000000000,2.000000000000000,,{20D6F596-C9E9-47CE-AF2F-0021DBF7F39F},1/03/2026 22:06:54.001,,1/03/2026 22:06:54.001,,0.000000000000000,50
{CE31063D-70B9-48FA-A0E8-792AEB81A3C9},971.000000000000000,,39.000000000000000,1.000000000000000,6.000000000000000,,{20D6F596-C9E9-47CE-AF2F-0021DBF7F39F},1/03/2026 22:06:54.001,,1/03/2026 22:06:54.001,,4.000000000000000,50
{5D8AD4A3-F525-400A-AA12-49D8F9E0D726},1006.000000000000000,,39.000000000000000,2.000000000000000,7.000000000000000,,{20D6F596-C9E9-47CE-AF2F-0021DBF7F39F},1/03/2026 22:06:54.001,,1/03/2026 22:06:54.001,,2.000000000000000,50
{54E4D2C7-494A-41B0-BAE4-AE4C1941FF72},1007.000000000000000,,39.000000000000000,4.000000000000000,7.000000000000000,,{20D6F596-C9E9-47CE-AF2F-0021DBF7F39F},1/03/2026 22:06:54.001,,1/03/2026 22:06:54.001,,0.000000000000000,50
{90C37134-09A4-4831-BD36-3885B7665E99},1109.000000000000000,,50.000000000000000,0.000000000000000,0.000000000000000,"Long grass, areas not plotted will be easier in month or so.",{20D6F596-C9E9-47CE-AF2F-0021DBF7F39F},1/03/2026 22:06:54.001,,1/03/2026 22:06:54.001,,0.000000000000000,50
{96A05168-D48C-4280-9DEF-4EB832367F1D},1252.000000000000000,,32.000000000000000,4.000000000000000,14.000000000000000,"Old hare damage, rocky",{86EBE827-2D15-4437-89EC-A41C33133D67},1/03/2026 22:16:27.252,,1/03/2026 22:16:27.252,,0.000000000000000,50
{36A73A4C-73CA-44CD-A749-E56383CAA6C7},1287.000000000000000,,30.000000000000000,7.000000000000000,13.000000000000000,Spray working well,{86EBE827-2D15-4437-89EC-A41C33133D67},1/03/2026 22:16:27.252,,2/03/2026 22:04:45.985,ScarlettMichelle,0.000000000000000,50
{04FFE436-53CE-4379-8661-45042F843EA4},1288.000000000000000,,36.000000000000000,3.000000000000000,11.000000000000000,,{86EBE827-2D15-4437-89EC-A41C33133D67},1/03/2026 22:16:27.252,,1/03/2026 22:16:27.252,,0.000000000000000,50
{A2B502EE-B081-4A03-930F-CE84D35C764F},1289.000000000000000,,40.000000000000000,1.000000000000000,9.000000000000000,,{86EBE827-2D15-4437-89EC-A41C33133D67},1/03/2026 22:16:27.252,,1/03/2026 22:16:27.252,,0.000000000000000,50
{5E7B0DD4-247A-4E8A-AE79-6E68EFE0E125},1328.000000000000000,,36.000000000000000,2.000000000000000,9.000000000000000,,{86EBE827-2D15-4437-89EC-A41C33133D67},1/03/2026 22:16:27.252,,1/03/2026 22:16:27.252,,3.000000000000000,50
{C8DC57B1-F406-48C5-9241-5DB4DD97C908},1293.000000000000000,,42.000000000000000,0.000000000000000,5.000000000000000,"Hard to find, spray failed, long green grass",{86EBE827-2D15-4437-89EC-A41C33133D67},1/03/2026 22:16:27.252,,1/03/2026 22:16:27.252,,3.000000000000000,50
{CF34A6A2-2871-4828-874A-EF72A3EE0B64},1292.000000000000000,,35.000000000000000,5.000000000000000,6.000000000000000,Knee high grass in 1/2 plot. Hard to find trees,{86EBE827-2D15-4437-89EC-A41C33133D67},1/03/2026 22:16:27.252,,2/03/2026 22:04:03.162,ScarlettMichelle,4.000000000000000,50
{869F864D-1703-4B54-AD41-432BB5317E42},1291.000000000000000,,37.000000000000000,5.000000000000000,7.000000000000000,"Long green grass in part of plot, hard to find trees. Spray failed. Scrub and wet area in plot",{86EBE827-2D15-4437-89EC-A41C33133D67},1/03/2026 22:16:27.252,,1/03/2026 22:16:27.252,,1.000000000000000,50
{F4109BE9-8E4F-4A25-B836-6A29FEA97DCE},1290.000000000000000,,36.000000000000000,2.000000000000000,11.000000000000000,"Long grass, spray failing",{86EBE827-2D15-4437-89EC-A41C33133D67},1/03/2026 22:16:27.252,,2/03/2026 22:03:48.016,ScarlettMichelle,1.000000000000000,50
{A755F119-D114-46D7-98C4-8942144A682E},1053.000000000000000,,46.000000000000000,3.000000000000000,1.000000000000000,,{015D27B3-5957-4122-8F99-42B43F60B826},1/03/2026 22:49:56.467,,1/03/2026 22:49:56.467,,0.000000000000000,50
{7D427875-B8DE-436D-9C7B-BFB788CC0AB3},1054.000000000000000,,42.000000000000000,4.000000000000000,1.000000000000000,,{015D27B3-5957-4122-8F99-42B43F60B826},1/03/2026 22:49:56.467,,1/03/2026 22:49:56.467,,3.000000000000000,50
{D6EE0E32-65F2-4B05-A646-500F53FE993C},1087.000000000000000,,40.000000000000000,2.000000000000000,3.000000000000000,,{015D27B3-5957-4122-8F99-42B43F60B826},1/03/2026 22:49:56.467,,1/03/2026 22:49:56.467,,5.000000000000000,50
{D1C6A663-2E12-4B57-B465-F3FD1A34EDB9},1088.000000000000000,,42.000000000000000,3.000000000000000,4.000000000000000,,{015D27B3-5957-4122-8F99-42B43F60B826},1/03/2026 22:49:56.467,,1/03/2026 22:49:56.467,,1.000000000000000,50
{56972E53-2F74-4650-A9E6-ED1E90BC6356},1089.000000000000000,,46.000000000000000,0.000000000000000,3.000000000000000,,{015D27B3-5957-4122-8F99-42B43F60B826},1/03/2026 22:49:56.467,,1/03/2026 22:49:56.467,,1.000000000000000,50
{B013D917-5E89-43EA-AEFC-7B7587D9B128},1090.000000000000000,,49.000000000000000,0.000000000000000,1.000000000000000,,{015D27B3-5957-4122-8F99-42B43F60B826},1/03/2026 22:49:56.467,,1/03/2026 22:49:56.467,,0.000000000000000,50
{015CD5B6-2106-43D5-93B6-F959ABC7A3DE},1091.000000000000000,,43.000000000000000,0.000000000000000,1.000000000000000,Very rocky and spot planted ,{015D27B3-5957-4122-8F99-42B43F60B826},1/03/2026 22:49:56.467,,1/03/2026 22:49:56.467,,6.000000000000000,50
{5B208784-8E0E-43E2-8081-EA05348E4F70},726.000000000000000,,49.000000000000000,0.000000000000000,1.000000000000000,Nice flshing on seedlings,{53C74D17-BABC-4C6F-9724-3DEA7B18C70A},1/03/2026 23:10:19.821,,1/03/2026 23:10:19.821,,0.000000000000000,50
{A7229578-CEDF-48CF-9875-3D0B9FC6296F},749.000000000000000,,38.000000000000000,3.000000000000000,9.000000000000000,"Spring from above has been drowning trees in this area, trees look better eather dirrection from plot location",{53C74D17-BABC-4C6F-9724-3DEA7B18C70A},1/03/2026 23:10:19.821,,1/03/2026 23:10:19.821,,0.000000000000000,50
{2899E47B-3A37-4382-AA6B-7144E02D26DE},750.000000000000000,,43.000000000000000,2.000000000000000,5.000000000000000,,{53C74D17-BABC-4C6F-9724-3DEA7B18C70A},1/03/2026 23:10:19.821,,1/03/2026 23:10:19.821,,0.000000000000000,50
{7DF78D70-950A-479E-A81E-F576CBFF26D7},727.000000000000000,,47.000000000000000,1.000000000000000,2.000000000000000,,{53C74D17-BABC-4C6F-9724-3DEA7B18C70A},1/03/2026 23:10:19.821,,1/03/2026 23:10:19.821,,0.000000000000000,50
{34529D40-DA61-44D6-A746-B57618C7F064},728.000000000000000,,44.000000000000000,3.000000000000000,3.000000000000000,,{53C74D17-BABC-4C6F-9724-3DEA7B18C70A},1/03/2026 23:10:19.821,,1/03/2026 23:10:19.821,,0.000000000000000,50
{E67F65D2-6655-4AC9-B179-5C047A1D2A0E},729.000000000000000,,47.000000000000000,1.000000000000000,2.000000000000000,,{53C74D17-BABC-4C6F-9724-3DEA7B18C70A},1/03/2026 23:10:19.821,,1/03/2026 23:10:19.821,,0.000000000000000,50
{3203111D-50D2-495F-9C98-E56420370415},730.000000000000000,,49.000000000000000,1.000000000000000,0.000000000000000,,{53C74D17-BABC-4C6F-9724-3DEA7B18C70A},1/03/2026 23:10:19.821,,1/03/2026 23:10:19.821,,0.000000000000000,50
{825EF870-894A-4826-B4D2-DC86080BD483},731.000000000000000,,49.000000000000000,1.000000000000000,0.000000000000000,,{53C74D17-BABC-4C6F-9724-3DEA7B18C70A},1/03/2026 23:10:19.821,,1/03/2026 23:10:19.821,,0.000000000000000,50
{D778ECF6-3AE3-454C-9C4A-3A04CD43A71D},751.000000000000000,,47.000000000000000,2.000000000000000,1.000000000000000,,{53C74D17-BABC-4C6F-9724-3DEA7B18C70A},1/03/2026 23:10:19.821,,1/03/2026 23:10:19.821,,0.000000000000000,50
{F2784487-B91E-405C-A900-5DE8C7044413},752.000000000000000,,48.000000000000000,1.000000000000000,1.000000000000000,,{53C74D17-BABC-4C6F-9724-3DEA7B18C70A},1/03/2026 23:10:19.821,,1/03/2026 23:10:19.821,,0.000000000000000,50
{CA6ED088-D14A-480B-8654-E7E9828C22A7},753.000000000000000,,44.000000000000000,3.000000000000000,3.000000000000000,,{53C74D17-BABC-4C6F-9724-3DEA7B18C70A},1/03/2026 23:10:19.821,,1/03/2026 23:10:19.821,,0.000000000000000,50
{44AC178A-582F-4C61-B7AF-8C45EED85499},774.000000000000000,,47.000000000000000,1.000000000000000,2.000000000000000,,{53C74D17-BABC-4C6F-9724-3DEA7B18C70A},1/03/2026 23:10:19.821,,1/03/2026 23:10:19.821,,0.000000000000000,50
{F4028486-8999-4C6C-8EAF-F14FECCF49A8},775.000000000000000,,47.000000000000000,1.000000000000000,2.000000000000000,,{53C74D17-BABC-4C6F-9724-3DEA7B18C70A},1/03/2026 23:10:19.821,,1/03/2026 23:10:19.821,,0.000000000000000,50
{4F1E4301-6D2E-4FA5-A08D-16591B9612DF},776.000000000000000,,49.000000000000000,0.000000000000000,1.000000000000000,,{53C74D17-BABC-4C6F-9724-3DEA7B18C70A},1/03/2026 23:10:19.821,,1/03/2026 23:10:19.821,,0.000000000000000,50
{89D91D41-BB6F-4251-945D-BB0800D0D908},777.000000000000000,,48.000000000000000,1.000000000000000,1.000000000000000,,{53C74D17-BABC-4C6F-9724-3DEA7B18C70A},1/03/2026 23:10:19.821,,1/03/2026 23:10:19.821,,0.000000000000000,50
{A8BC56B8-C349-4835-89A0-FA84FB74F9B8},802.000000000000000,,42.000000000000000,2.000000000000000,6.000000000000000,,{53C74D17-BABC-4C6F-9724-3DEA7B18C70A},1/03/2026 23:10:19.821,,1/03/2026 23:10:19.821,,0.000000000000000,50
{30472516-897D-49E0-96EE-0489DAC190AD},1329.000000000000000,,38.000000000000000,4.000000000000000,8.000000000000000,,{E95B599C-A46B-43FD-A710-71F65C62DEE5},1/03/2026 23:25:01.407,,1/03/2026 23:25:01.407,,0.000000000000000,50
{AD5B1BA8-0816-4016-8262-AF55B4D285CA},1330.000000000000000,,43.000000000000000,1.000000000000000,6.000000000000000,,{E95B599C-A46B-43FD-A710-71F65C62DEE5},1/03/2026 23:25:01.407,,1/03/2026 23:25:01.407,,0.000000000000000,50
{D6408F12-0D12-46E2-98D9-D8F07170E2CE},1331.000000000000000,,45.000000000000000,0.000000000000000,5.000000000000000,,{E95B599C-A46B-43FD-A710-71F65C62DEE5},1/03/2026 23:25:01.407,,1/03/2026 23:25:01.407,,0.000000000000000,50
{406D12EF-7347-4D02-B68B-8DB39AAF89E8},1332.000000000000000,,42.000000000000000,3.000000000000000,5.000000000000000,171,{E95B599C-A46B-43FD-A710-71F65C62DEE5},1/03/2026 23:25:01.407,,1/03/2026 23:25:01.407,,0.000000000000000,50
{E9932790-A47E-45C9-A6B2-7D0E79015FCC},1371.000000000000000,,43.000000000000000,0.000000000000000,7.000000000000000,Big healthy trees,{E95B599C-A46B-43FD-A710-71F65C62DEE5},1/03/2026 23:25:01.407,,1/03/2026 23:25:01.407,,0.000000000000000,50
{A618E6FE-11B9-4058-B837-842F0F4FCCA1},1370.000000000000000,,46.000000000000000,3.000000000000000,1.000000000000000,,{E95B599C-A46B-43FD-A710-71F65C62DEE5},1/03/2026 23:25:01.407,,1/03/2026 23:25:01.407,,0.000000000000000,50
{666CF9C3-F732-458B-AAB1-065D00299FA6},1369.000000000000000,,46.000000000000000,1.000000000000000,3.000000000000000,,{E95B599C-A46B-43FD-A710-71F65C62DEE5},1/03/2026 23:25:01.407,,1/03/2026 23:25:01.407,,0.000000000000000,50
{F5A233F7-A3EC-4806-84DF-E038CDDE8CD8},1368.000000000000000,,46.000000000000000,2.000000000000000,2.000000000000000,,{E95B599C-A46B-43FD-A710-71F65C62DEE5},1/03/2026 23:25:01.407,,1/03/2026 23:25:01.407,,0.000000000000000,50
{F897C060-A5F0-4B73-A37E-16F6308AFEB3},367.000000000000000,,41.000000000000000,2.000000000000000,7.000000000000000,Area above plot where spray has failed and long green grass,{E95B599C-A46B-43FD-A710-71F65C62DEE5},1/03/2026 23:25:01.407,,1/03/2026 23:25:01.407,,0.000000000000000,50
{D912A9FF-87B1-473A-BB89-DB8DD891C2AD},1366.000000000000000,,35.000000000000000,3.000000000000000,11.000000000000000,,{E95B599C-A46B-43FD-A710-71F65C62DEE5},1/03/2026 23:25:01.407,,1/03/2026 23:25:01.407,,1.000000000000000,50
{B975CD0A-C0DA-4537-93CE-7E064C676E3C},1365.000000000000000,,39.000000000000000,1.000000000000000,9.000000000000000,Half plot very long grass,{E95B599C-A46B-43FD-A710-71F65C62DEE5},1/03/2026 23:25:01.407,,1/03/2026 23:25:01.407,,1.000000000000000,50
{41E85D61-9DC5-4700-9DB7-8488A7867CB5},1110.000000000000000,,48.000000000000000,1.000000000000000,1.000000000000000,,{BDC8F86B-39AC-42A7-B196-309F6A2DFBFA},2/03/2026 0:02:32.819,,2/03/2026 0:02:32.819,,0.000000000000000,50
{2724B7DA-5259-44FB-A720-A37C5462CE13},1108.000000000000000,,41.000000000000000,0.000000000000000,1.000000000000000,Long grass likely skewing survival since all tree found healthy.,{BDC8F86B-39AC-42A7-B196-309F6A2DFBFA},2/03/2026 0:02:32.819,,2/03/2026 0:02:32.819,,8.000000000000000,50
{C1DBB400-410E-421D-B844-306FD16722DF},1107.000000000000000,,43.000000000000000,0.000000000000000,1.000000000000000,"Long grass, some missing likely alive",{BDC8F86B-39AC-42A7-B196-309F6A2DFBFA},2/03/2026 0:02:32.819,,2/03/2026 0:02:32.819,,6.000000000000000,50
{6E12F476-B595-4A52-9173-364BBF5D22B2},1036.000000000000000,,35.000000000000000,0.000000000000000,5.000000000000000,"Grass high in some areas, missing may be inflated",{BDC8F86B-39AC-42A7-B196-309F6A2DFBFA},2/03/2026 0:02:32.819,,2/03/2026 0:02:32.819,,10.000000000000000,50
{B5E25A1F-5464-4A67-9B40-584FA9D222BC},1005.000000000000000,,39.000000000000000,1.000000000000000,8.000000000000000,,{BDC8F86B-39AC-42A7-B196-309F6A2DFBFA},2/03/2026 0:02:32.819,,2/03/2026 0:02:32.819,,2.000000000000000,50
{697169B7-5A25-4F04-A780-2CE83A01A4F6},1004.000000000000000,,44.000000000000000,1.000000000000000,3.000000000000000,Some funky lines to follow.,{BDC8F86B-39AC-42A7-B196-309F6A2DFBFA},2/03/2026 0:02:32.819,,2/03/2026 0:02:32.819,,2.000000000000000,50
{DAACD7F2-49E2-4F3A-BBBF-82206644AAE0},970.000000000000000,,36.000000000000000,2.000000000000000,10.000000000000000,,{BDC8F86B-39AC-42A7-B196-309F6A2DFBFA},2/03/2026 0:02:32.819,,2/03/2026 0:02:32.819,,2.000000000000000,50
{18ADEFC9-5353-4CDF-A7AF-F2E522D8BE5C},969.000000000000000,,39.000000000000000,0.000000000000000,9.000000000000000,,{BDC8F86B-39AC-42A7-B196-309F6A2DFBFA},2/03/2026 0:02:32.819,,2/03/2026 0:02:32.819,,2.000000000000000,50
{EEA7BCA0-0A05-4734-97F1-C2831C0E6AAC},938.000000000000000,,45.000000000000000,1.000000000000000,4.000000000000000,,{BDC8F86B-39AC-42A7-B196-309F6A2DFBFA},2/03/2026 0:02:32.819,,2/03/2026 0:02:32.819,,0.000000000000000,50
{4B805276-5020-4C62-922C-B5771471C7EC},937.000000000000000,,36.000000000000000,1.000000000000000,12.000000000000000,,{BDC8F86B-39AC-42A7-B196-309F6A2DFBFA},2/03/2026 0:02:32.819,,2/03/2026 0:02:32.819,,1.000000000000000,50
{DEAF04E1-FE24-46E8-A22E-180D8F40D0AF},1129.000000000000000,,38.000000000000000,2.000000000000000,8.000000000000000,,{FD5F4A00-CD11-4243-BE0C-314D07B0BBB2},2/03/2026 0:16:50.124,,2/03/2026 0:16:50.124,,2.000000000000000,50
{E51AFFEF-72E8-4B75-B89B-E1DC72A4835F},1128.000000000000000,,45.000000000000000,3.000000000000000,2.000000000000000,,{FD5F4A00-CD11-4243-BE0C-314D07B0BBB2},2/03/2026 0:16:50.124,,2/03/2026 0:16:50.124,,0.000000000000000,50
{9FF09D3F-BE03-49C4-BEC0-AC83D5653AA5},1086.000000000000000,,40.000000000000000,2.000000000000000,5.000000000000000,Rocky area,{FD5F4A00-CD11-4243-BE0C-314D07B0BBB2},2/03/2026 0:16:50.124,,2/03/2026 0:16:50.124,,3.000000000000000,50
{AFF20C49-FC0E-40C3-88C0-8D387DA8FDF9},1127.000000000000000,,44.000000000000000,0.000000000000000,1.000000000000000,,{FD5F4A00-CD11-4243-BE0C-314D07B0BBB2},2/03/2026 0:16:50.124,,2/03/2026 0:16:50.124,,5.000000000000000,50
{9BB4A642-8A64-45BE-A291-BC7683BC0BE2},1126.000000000000000,,44.000000000000000,0.000000000000000,4.000000000000000,,{FD5F4A00-CD11-4243-BE0C-314D07B0BBB2},2/03/2026 0:16:50.124,,2/03/2026 0:16:50.124,,2.000000000000000,50
{9403C371-4D28-46BA-B426-6CADE4F18142},1125.000000000000000,,46.000000000000000,1.000000000000000,2.000000000000000,,{FD5F4A00-CD11-4243-BE0C-314D07B0BBB2},2/03/2026 0:16:50.124,,2/03/2026 0:16:50.124,,1.000000000000000,50
{9C604644-B904-49E1-A9B3-44B37F50B0F1},1124.000000000000000,,42.000000000000000,2.000000000000000,6.000000000000000,,{FD5F4A00-CD11-4243-BE0C-314D07B0BBB2},2/03/2026 0:16:50.124,,2/03/2026 0:16:50.124,,0.000000000000000,50
{F2FC1EEE-A590-48CA-A7D7-3372978B73AF},1325.000000000000000,,43.000000000000000,2.000000000000000,4.000000000000000,,{044B0632-6807-4175-A64C-30935D18DADF},2/03/2026 0:17:09.851,,2/03/2026 0:17:09.851,,1.000000000000000,50
{E9008870-159F-4BAE-8D71-45E61D5153A6},1326.000000000000000,,50.000000000000000,0.000000000000000,0.000000000000000,,{044B0632-6807-4175-A64C-30935D18DADF},2/03/2026 0:17:09.851,,2/03/2026 0:17:09.851,,0.000000000000000,50
{93DE8399-C677-42DB-978C-8E1197DE7468},1327.000000000000000,,47.000000000000000,0.000000000000000,2.000000000000000,,{044B0632-6807-4175-A64C-30935D18DADF},2/03/2026 0:17:09.851,,2/03/2026 0:17:09.851,,1.000000000000000,50
{66A8A7A5-CFA4-4DF1-924D-C2E7D93CDF12},1403.000000000000000,,47.000000000000000,0.000000000000000,3.000000000000000,Spray failing in areas,{044B0632-6807-4175-A64C-30935D18DADF},2/03/2026 0:17:09.851,,2/03/2026 0:17:09.851,,0.000000000000000,50
{D6CB3EF8-3ECE-4E55-9CAF-0D1434D86F21},1404.000000000000000,,42.000000000000000,1.000000000000000,7.000000000000000,Spray failing in areas,{044B0632-6807-4175-A64C-30935D18DADF},2/03/2026 0:17:09.851,,2/03/2026 0:17:09.851,,0.000000000000000,50
{8E2EE03D-FA37-450B-BF43-B2488299E2DB},14380.000000000000000,,48.000000000000000,0.000000000000000,1.000000000000000,"Spray failed, green grass as long as brown grass",{044B0632-6807-4175-A64C-30935D18DADF},2/03/2026 0:17:09.851,,2/03/2026 0:17:09.851,,1.000000000000000,50
{801F28A4-AB26-49C3-9DF6-CEE8A5CEC16E},1439.000000000000000,,46.000000000000000,0.000000000000000,3.000000000000000,"Spray failed, grass as high as trees, hard to find trees and lines",{044B0632-6807-4175-A64C-30935D18DADF},2/03/2026 0:17:09.851,,2/03/2026 0:17:09.851,,1.000000000000000,50
{0D0733C5-6E3C-4973-832F-E55F32410A0F},1440.000000000000000,,42.000000000000000,0.000000000000000,7.000000000000000,Long grass. Dead trees all on wet area,{044B0632-6807-4175-A64C-30935D18DADF},2/03/2026 0:17:09.851,,2/03/2026 0:17:09.851,,1.000000000000000,50
{5AA2B0CB-E539-4EDE-BFCE-73D88EA08308},1473.000000000000000,,45.000000000000000,0.000000000000000,5.000000000000000,"Long grass, spray failing",{044B0632-6807-4175-A64C-30935D18DADF},2/03/2026 0:17:09.851,,2/03/2026 0:17:09.851,,0.000000000000000,50
{32D62AD4-95AB-4EE8-A843-82AE8B71E9BF},1472.000000000000000,,46.000000000000000,0.000000000000000,4.000000000000000,"Long grass, spray failing",{044B0632-6807-4175-A64C-30935D18DADF},2/03/2026 0:17:09.851,,2/03/2026 0:17:09.851,,0.000000000000000,50
{DCD4365C-734F-447B-ABD1-00CB5BAD95B6},1471.000000000000000,,43.000000000000000,3.000000000000000,4.000000000000000,Long grass,{53C7FFEF-4BBB-4AE0-B2D9-B8975155BE08},2/03/2026 1:24:36.890,,2/03/2026 1:24:36.890,,0.000000000000000,50
{66102CD1-5A1F-4111-A91A-16BE093B4979},1470.000000000000000,,44.000000000000000,0.000000000000000,3.000000000000000,"Spray failed, long grass, hard to find trees",{53C7FFEF-4BBB-4AE0-B2D9-B8975155BE08},2/03/2026 1:24:36.890,,2/03/2026 1:24:36.890,,3.000000000000000,50
{4604B326-9E7A-4279-8A7B-7A18AD7072B2},1436.000000000000000,,53.000000000000000,0.000000000000000,6.000000000000000,"Long grass, hard to find trees. Sprayed failing",{53C7FFEF-4BBB-4AE0-B2D9-B8975155BE08},2/03/2026 1:24:36.890,,2/03/2026 1:24:36.890,,1.000000000000000,60
{3648E247-C5D4-4D1C-9CEF-43E41EAD3DBA},1402.000000000000000,,44.000000000000000,2.000000000000000,3.000000000000000,,{53C7FFEF-4BBB-4AE0-B2D9-B8975155BE08},2/03/2026 1:24:36.890,,2/03/2026 1:24:36.890,,1.000000000000000,50
{96F2E097-F806-472B-8550-0FA8D5551611},1401.000000000000000,,40.000000000000000,0.000000000000000,10.000000000000000,,{53C7FFEF-4BBB-4AE0-B2D9-B8975155BE08},2/03/2026 1:24:36.890,,2/03/2026 1:24:36.890,,0.000000000000000,50
{F2DC2540-F608-4AB0-8E32-C6A36197544D},1400.000000000000000,,44.000000000000000,0.000000000000000,6.000000000000000,,{53C7FFEF-4BBB-4AE0-B2D9-B8975155BE08},2/03/2026 1:24:36.890,,2/03/2026 1:24:36.890,,0.000000000000000,50
{22C47522-2A95-44C6-9B34-1E9FA7A62BBF},1399.000000000000000,,45.000000000000000,2.000000000000000,3.000000000000000,,{53C7FFEF-4BBB-4AE0-B2D9-B8975155BE08},2/03/2026 1:24:36.890,,2/03/2026 1:24:36.890,,0.000000000000000,50
{A7E85BFF-6BB2-40B0-93FC-697734C4F4AA},1435.000000000000000,,38.000000000000000,2.000000000000000,10.000000000000000,,{53C7FFEF-4BBB-4AE0-B2D9-B8975155BE08},2/03/2026 1:24:36.890,,2/03/2026 1:24:36.890,,0.000000000000000,50
{75551812-2266-4EDE-BD9B-CF806910D145},1434.000000000000000,,35.000000000000000,2.000000000000000,13.000000000000000,,{53C7FFEF-4BBB-4AE0-B2D9-B8975155BE08},2/03/2026 1:24:36.890,,2/03/2026 22:04:26.092,ScarlettMichelle,0.000000000000000,50
{BF198D83-A8F6-4B68-88A2-CE3AAB264B10},1433.000000000000000,,41.000000000000000,0.000000000000000,7.000000000000000,"Long sprayed grass, hard fo find trees in parts of the plot",{53C7FFEF-4BBB-4AE0-B2D9-B8975155BE08},2/03/2026 1:24:36.890,,2/03/2026 1:24:36.890,,2.000000000000000,50
{35FE0D8D-C4D9-40D6-9AB3-4D8FCEEF585A},1001.000000000000000,,15.000000000000000,0.000000000000000,20.000000000000000,"High mortality, possibky browsing damage early on.",{6380A614-627E-4B9C-99EF-522210C7D6A0},2/03/2026 2:01:16.606,,2/03/2026 2:01:16.606,,15.000000000000000,50
{3043F005-1C67-4BA2-84C8-5D3D3065EA2C},968.000000000000000,,36.000000000000000,1.000000000000000,7.000000000000000,,{6380A614-627E-4B9C-99EF-522210C7D6A0},2/03/2026 2:01:16.606,,2/03/2026 2:01:16.606,,6.000000000000000,50
{97657E99-8A09-4F3A-BCCD-309895437F98},1002.000000000000000,,39.000000000000000,0.000000000000000,2.000000000000000,,{6380A614-627E-4B9C-99EF-522210C7D6A0},2/03/2026 2:01:16.606,,2/03/2026 2:01:16.606,,9.000000000000000,50
{97DE04D6-3862-496F-B04B-0BF565B4AB3A},1003.000000000000000,,38.000000000000000,1.000000000000000,8.000000000000000,,{6380A614-627E-4B9C-99EF-522210C7D6A0},2/03/2026 2:01:16.606,,2/03/2026 2:01:16.606,,3.000000000000000,50
{D2752E1A-665F-486E-B603-7AD662482041},1034.000000000000000,,40.000000000000000,5.000000000000000,2.000000000000000,,{6380A614-627E-4B9C-99EF-522210C7D6A0},2/03/2026 2:01:16.606,,2/03/2026 2:01:16.606,,3.000000000000000,50
{41363357-ADBF-4456-B91E-8EE065EFDD5C},1035.000000000000000,,45.000000000000000,0.000000000000000,1.000000000000000,,{6380A614-627E-4B9C-99EF-522210C7D6A0},2/03/2026 2:01:16.606,,2/03/2026 2:01:16.606,,4.000000000000000,50
{74DF65C0-EDCC-49FF-9127-95AE18AAAF84},1070.000000000000000,,41.000000000000000,0.000000000000000,2.000000000000000,,{6380A614-627E-4B9C-99EF-522210C7D6A0},2/03/2026 2:01:16.606,,2/03/2026 2:01:16.606,,7.000000000000000,50
{F5451B44-3A95-44E6-A4DD-255D642007D6},1069.000000000000000,,25.000000000000000,1.000000000000000,10.000000000000000,"Rocky terrain, grass making it hard to find smaller trees",{6380A614-627E-4B9C-99EF-522210C7D6A0},2/03/2026 2:01:16.606,,2/03/2026 2:01:16.606,,14.000000000000000,50
{84DE3DF3-43DB-4C67-A4F2-2057FC297F3D},1103.000000000000000,,45.000000000000000,0.000000000000000,5.000000000000000,,{6380A614-627E-4B9C-99EF-522210C7D6A0},2/03/2026 2:01:16.606,,2/03/2026 2:01:16.606,,0.000000000000000,50
{1FE2C466-312A-45D2-92DF-F9EE9441DE7E},1104.000000000000000,,33.000000000000000,0.000000000000000,0.000000000000000,Missing may be inflated due to long grass.,{6380A614-627E-4B9C-99EF-522210C7D6A0},2/03/2026 2:01:16.606,,2/03/2026 2:01:16.606,,17.000000000000000,50
{3AA85000-9EB1-4235-AA7C-D9893208D941},1132.000000000000000,,48.000000000000000,1.000000000000000,0.000000000000000,,{A1D7B0FE-8832-44AD-A3D2-DEDA2D392D99},2/03/2026 2:04:31.937,,2/03/2026 2:04:31.937,,1.000000000000000,50
{09D000B8-7801-4F8D-B677-57AFC1C55865},1131.000000000000000,,46.000000000000000,1.000000000000000,1.000000000000000,,{A1D7B0FE-8832-44AD-A3D2-DEDA2D392D99},2/03/2026 2:04:31.937,,2/03/2026 2:04:31.937,,2.000000000000000,50
{882E11A1-5D43-4DC5-8DE3-1ABED57B3C9D},1130.000000000000000,,47.000000000000000,1.000000000000000,1.000000000000000,,{A1D7B0FE-8832-44AD-A3D2-DEDA2D392D99},2/03/2026 2:04:31.937,,2/03/2026 2:04:31.937,,1.000000000000000,50
{F739EFA0-7706-4EF5-BB0C-996B8039E9D0},1165.000000000000000,,48.000000000000000,0.000000000000000,0.000000000000000,"Patch of long grass on edge of plot, unable to find 2 trees",{A1D7B0FE-8832-44AD-A3D2-DEDA2D392D99},2/03/2026 2:04:31.937,,2/03/2026 2:04:31.937,,2.000000000000000,50
{106C0581-5E7B-451E-B05A-72FCC44F690D},1164.000000000000000,,46.000000000000000,0.000000000000000,1.000000000000000,Spring running through plot,{A1D7B0FE-8832-44AD-A3D2-DEDA2D392D99},2/03/2026 2:04:31.937,,2/03/2026 2:04:31.937,,3.000000000000000,50
{71F2935D-92D1-4A9B-92C2-96F2177EE79B},1163.000000000000000,,43.000000000000000,2.000000000000000,2.000000000000000,,{A1D7B0FE-8832-44AD-A3D2-DEDA2D392D99},2/03/2026 2:04:31.937,,2/03/2026 2:04:31.937,,3.000000000000000,50
{08C779BF-EFC3-475C-8D57-0DFC6456111A},1199.000000000000000,,47.000000000000000,0.000000000000000,3.000000000000000,,{A1D7B0FE-8832-44AD-A3D2-DEDA2D392D99},2/03/2026 2:04:31.937,,2/03/2026 2:04:31.937,,0.000000000000000,50
{44D2A571-24F2-4685-BC12-29D6FB5DD268},1198.000000000000000,,50.000000000000000,0.000000000000000,0.000000000000000,,{A1D7B0FE-8832-44AD-A3D2-DEDA2D392D99},2/03/2026 2:04:31.937,,2/03/2026 2:04:31.937,,0.000000000000000,50
{F205CEC7-1D2B-40E3-B097-16FEDDC83F8E},1197.000000000000000,,48.000000000000000,0.000000000000000,2.000000000000000,,{A1D7B0FE-8832-44AD-A3D2-DEDA2D392D99},2/03/2026 2:04:31.937,,2/03/2026 2:04:31.937,,0.000000000000000,50
{613D7951-002D-4E3A-8545-BC9FCF9D2F4F},1196.000000000000000,,46.000000000000000,1.000000000000000,2.000000000000000,,{A1D7B0FE-8832-44AD-A3D2-DEDA2D392D99},2/03/2026 2:04:31.937,,2/03/2026 2:04:31.937,,1.000000000000000,50
{083D437C-7818-4D24-8FC7-DD1933CAD0CB},1195.000000000000000,,42.000000000000000,0.000000000000000,6.000000000000000,Rocky area with matagauri. Trees have been surpressed due to long grass prior to spray,{A1D7B0FE-8832-44AD-A3D2-DEDA2D392D99},2/03/2026 2:04:31.937,,2/03/2026 2:04:31.937,,2.000000000000000,50
{B94E535E-CE56-4FB7-9424-5C0FDA11432D},1432.000000000000000,,46.000000000000000,1.000000000000000,3.000000000000000,Long sprayed grass,{245C6FD7-CEDC-4C98-98DC-E1AC8B6C1765},2/03/2026 2:11:55.976,,2/03/2026 2:11:55.976,,0.000000000000000,50
{299101FB-591F-48A7-A5DB-658BB5F1020A},2466.000000000000000,,44.000000000000000,0.000000000000000,2.000000000000000,"Long sprayed grass, some trees hard to find",{245C6FD7-CEDC-4C98-98DC-E1AC8B6C1765},2/03/2026 2:11:55.976,,2/03/2026 2:11:55.976,,4.000000000000000,50
{87969148-5C7F-4295-8103-C7FCF892AE3A},1467.000000000000000,,48.000000000000000,1.000000000000000,0.000000000000000,,{245C6FD7-CEDC-4C98-98DC-E1AC8B6C1765},2/03/2026 2:11:55.976,,2/03/2026 2:11:55.976,,1.000000000000000,50
{255747E2-3863-4967-8A6C-AE55E0776B71},1468.000000000000000,,45.000000000000000,2.000000000000000,3.000000000000000,Long dead vegetation ,{245C6FD7-CEDC-4C98-98DC-E1AC8B6C1765},2/03/2026 2:11:55.976,,2/03/2026 2:11:55.976,,0.000000000000000,50
{B876F6F1-D6D5-489C-B7D2-ED590494ABAC},1469.000000000000000,,43.000000000000000,1.000000000000000,5.000000000000000,Long dead grass,{245C6FD7-CEDC-4C98-98DC-E1AC8B6C1765},2/03/2026 2:11:55.976,,2/03/2026 2:11:55.976,,1.000000000000000,50
{D261F8BF-8E49-4A0F-8225-564A3BF7A99E},1159.000000000000000,,46.000000000000000,2.000000000000000,1.000000000000000,,{7505FF93-47F1-44BE-AE4C-7A42C83B69D6},2/03/2026 2:17:31.510,,2/03/2026 2:17:31.510,,1.000000000000000,50
{CCD9D150-A632-4721-849A-59CBCA958FA6},1160.000000000000000,,38.000000000000000,2.000000000000000,7.000000000000000,,{7505FF93-47F1-44BE-AE4C-7A42C83B69D6},2/03/2026 2:17:31.510,,2/03/2026 2:17:31.510,,3.000000000000000,50
{0918DB62-31DB-4777-AC6B-BCC62CD43F57},1161.000000000000000,,48.000000000000000,0.000000000000000,2.000000000000000,,{7505FF93-47F1-44BE-AE4C-7A42C83B69D6},2/03/2026 2:17:31.510,,2/03/2026 2:17:31.510,,0.000000000000000,50
{AD7D0308-29B8-4865-BD6C-F986C2E8071B},1162.000000000000000,,45.000000000000000,1.000000000000000,3.000000000000000,,{7505FF93-47F1-44BE-AE4C-7A42C83B69D6},2/03/2026 2:17:31.510,,2/03/2026 2:17:31.510,,1.000000000000000,50
{DC23C468-811B-4912-8BA9-26AC2D80822F},1200.000000000000000,,47.000000000000000,0.000000000000000,1.000000000000000,,{7505FF93-47F1-44BE-AE4C-7A42C83B69D6},2/03/2026 2:17:31.510,,2/03/2026 2:17:31.510,,2.000000000000000,50
{94B9DDCB-D271-43E9-933D-E532C40404C0},1201.000000000000000,,46.000000000000000,0.000000000000000,1.000000000000000,,{7505FF93-47F1-44BE-AE4C-7A42C83B69D6},2/03/2026 2:17:31.510,,2/03/2026 2:17:31.510,,3.000000000000000,50
{AD07CA93-64BA-4067-8DBF-5B1AB5A03A83},1166.000000000000000,,39.000000000000000,2.000000000000000,6.000000000000000,Swampy wetland,{7505FF93-47F1-44BE-AE4C-7A42C83B69D6},2/03/2026 2:17:31.510,,2/03/2026 2:17:31.510,,3.000000000000000,50
{6828A0CF-A529-4A06-91E8-73241708117A},1203.000000000000000,,50.000000000000000,0.000000000000000,0.000000000000000,,{7505FF93-47F1-44BE-AE4C-7A42C83B69D6},2/03/2026 2:17:31.510,,2/03/2026 2:17:31.510,,0.000000000000000,50
{13F1BAAC-94E6-4ABE-B915-1416EC62812C},1202.000000000000000,,48.000000000000000,0.000000000000000,0.000000000000000,,{7505FF93-47F1-44BE-AE4C-7A42C83B69D6},2/03/2026 2:17:31.510,,2/03/2026 2:17:31.510,,2.000000000000000,50
{FADDB5AC-5A88-4924-A963-1C7CB9DD973C},1241.000000000000000,,49.000000000000000,1.000000000000000,0.000000000000000,,{7505FF93-47F1-44BE-AE4C-7A42C83B69D6},2/03/2026 2:17:31.510,,2/03/2026 2:17:31.510,,0.000000000000000,50
{21AD43B6-D762-4D0E-8194-EB290DFA0243},1240.000000000000000,,49.000000000000000,0.000000000000000,0.000000000000000,,{7505FF93-47F1-44BE-AE4C-7A42C83B69D6},2/03/2026 2:17:31.510,,2/03/2026 2:17:31.510,,1.000000000000000,50
{53A56972-63A4-4C27-A755-7D5DEE3CCC9F},1239.000000000000000,,45.000000000000000,1.000000000000000,2.000000000000000,,{7505FF93-47F1-44BE-AE4C-7A42C83B69D6},2/03/2026 2:17:31.510,,2/03/2026 2:17:31.510,,2.000000000000000,50
{80C365DB-79D0-4D93-95EB-54D9FDAD56B0},1238.000000000000000,,47.000000000000000,0.000000000000000,1.000000000000000,,{7505FF93-47F1-44BE-AE4C-7A42C83B69D6},2/03/2026 2:17:31.510,,2/03/2026 2:17:31.510,,2.000000000000000,50
{6BDE44FB-0C31-4747-962C-3468E0EF07DF},1237.000000000000000,,41.000000000000000,4.000000000000000,3.000000000000000,,{7505FF93-47F1-44BE-AE4C-7A42C83B69D6},2/03/2026 2:17:31.510,,2/03/2026 2:17:31.510,,2.000000000000000,50
{7C683D8F-9C6E-4716-B7B3-9AFEC3E26C63},1236.000000000000000,,37.000000000000000,3.000000000000000,7.000000000000000,Very steep,{7505FF93-47F1-44BE-AE4C-7A42C83B69D6},2/03/2026 2:17:31.510,,2/03/2026 2:17:31.510,,3.000000000000000,50
{83221B48-0AA3-4AA9-9BEF-075F4AEEDFD3},1158.000000000000000,,46.000000000000000,2.000000000000000,2.000000000000000,,{EF3C0137-E712-4701-8D22-822EF80B15A8},2/03/2026 2:26:31.111,,2/03/2026 2:26:31.111,,0.000000000000000,50
{F8B1C3C7-FBFA-4325-B51D-CFC520B54218},1234.000000000000000,,48.000000000000000,0.000000000000000,2.000000000000000,,{EF3C0137-E712-4701-8D22-822EF80B15A8},2/03/2026 2:26:31.111,,2/03/2026 2:26:31.111,,0.000000000000000,50
{73259F34-46D2-4E93-85E0-22B7A4130A84},1235.000000000000000,,43.000000000000000,0.000000000000000,5.000000000000000,,{0AC52561-4361-4DEE-812B-ACFE313C0FF5},2/03/2026 2:27:17.189,,2/03/2026 2:27:17.189,,2.000000000000000,50
{A631D3FF-22B5-46AD-BBA7-DE6B63C5F5BA},1068.000000000000000,,35.000000000000000,0.000000000000000,3.000000000000000,Long grass may inflate missing in portions of plot,{3CADEC1F-6B69-4248-A9B9-570B780A7B37},2/03/2026 3:30:56.281,,2/03/2026 3:30:56.281,,12.000000000000000,50
{E9F38FEA-E846-4A41-9A3F-2697F46B6001},1141.000000000000000,,49.000000000000000,0.000000000000000,1.000000000000000,,{3CADEC1F-6B69-4248-A9B9-570B780A7B37},2/03/2026 3:30:56.281,,2/03/2026 3:30:56.281,,0.000000000000000,50
{53D0576F-7E84-46B4-A2CE-A2E64D66C07A},1140.000000000000000,,48.000000000000000,0.000000000000000,2.000000000000000,,{3CADEC1F-6B69-4248-A9B9-570B780A7B37},2/03/2026 3:30:56.281,,2/03/2026 3:30:56.281,,0.000000000000000,50
{5C87B06A-3CE9-41FC-8C0D-50E4145BB03A},1102.000000000000000,,43.000000000000000,1.000000000000000,2.000000000000000,Moved plot location due to falling on track,{3CADEC1F-6B69-4248-A9B9-570B780A7B37},2/03/2026 3:30:56.281,,2/03/2026 3:30:56.281,,4.000000000000000,50
{94A23E50-F1CE-4E41-BD3C-C01C5BC30D39},1139.000000000000000,,43.000000000000000,0.000000000000000,2.000000000000000,,{3CADEC1F-6B69-4248-A9B9-570B780A7B37},2/03/2026 3:30:56.281,,2/03/2026 3:30:56.281,,5.000000000000000,50
{A20F66AA-003D-4BF0-8E22-09251C4B9305},1270.000000000000000,,31.000000000000000,2.000000000000000,17.000000000000000,2 rows with over half the line dead. Appears better survival lower down slope,{581D08F2-8DCB-4244-B5B6-FB7911E1BA94},2/03/2026 3:47:44.130,,2/03/2026 3:47:44.130,,0.000000000000000,50
{294A5C27-4CFC-4CF3-A061-F3D71345242B},1271.000000000000000,,38.000000000000000,4.000000000000000,8.000000000000000,"Most dead in 1 row, rocky area",{581D08F2-8DCB-4244-B5B6-FB7911E1BA94},2/03/2026 3:47:44.130,,2/03/2026 3:47:44.130,,0.000000000000000,50
{CCB68038-4E81-41C5-9BC5-20D3A759C88A},1272.000000000000000,,41.000000000000000,1.000000000000000,7.000000000000000,,{581D08F2-8DCB-4244-B5B6-FB7911E1BA94},2/03/2026 3:47:44.130,,2/03/2026 3:47:44.130,,1.000000000000000,50
{3D53BFEB-62A8-48DF-B834-0512EE771F16},1275.000000000000000,,46.000000000000000,0.000000000000000,1.000000000000000,"Long grass has gone flat in couple places, unable to find these trees",{581D08F2-8DCB-4244-B5B6-FB7911E1BA94},2/03/2026 3:47:44.130,,2/03/2026 3:47:44.130,,3.000000000000000,50
{945299F0-BAAF-4BDA-B0FD-7137CDC09E42},1907.000000000000000,,29.000000000000000,9.000000000000000,12.000000000000000,,{6BB3C493-17A1-4CFB-B6BF-373D77603FF1},2/03/2026 19:44:46.885,,2/03/2026 19:44:46.885,,0.000000000000000,50
{D427F69C-9E47-4EC5-87BF-ED720EC5B661},1987.000000000000000,,46.000000000000000,2.000000000000000,2.000000000000000,Green grass area in plot,{6BB3C493-17A1-4CFB-B6BF-373D77603FF1},2/03/2026 19:44:46.885,,2/03/2026 19:44:46.885,,0.000000000000000,50
{F10FF914-94EF-4363-900F-14890384B8F6},1881.000000000000000,,47.000000000000000,1.000000000000000,2.000000000000000,Spray failing,{6BB3C493-17A1-4CFB-B6BF-373D77603FF1},2/03/2026 19:44:46.885,,2/03/2026 19:44:46.885,,0.000000000000000,50
{436E0026-7F98-4FAA-82D5-CCABA8749284},1862.000000000000000,,41.000000000000000,6.000000000000000,3.000000000000000,Spray failing,{6BB3C493-17A1-4CFB-B6BF-373D77603FF1},2/03/2026 19:44:46.885,,2/03/2026 19:44:46.885,,0.000000000000000,50
{9D087B5C-BC96-44B3-9950-3D05340F071E},1863.000000000000000,,33.000000000000000,8.000000000000000,9.000000000000000,Spray starting to fail,{6BB3C493-17A1-4CFB-B6BF-373D77603FF1},2/03/2026 19:44:46.885,,2/03/2026 19:44:46.885,,0.000000000000000,50
{4BEF642D-E193-443C-A0CD-19F831BCE01D},1864.000000000000000,,42.000000000000000,4.000000000000000,4.000000000000000,Spray starting to fail,{6BB3C493-17A1-4CFB-B6BF-373D77603FF1},2/03/2026 19:44:46.885,,2/03/2026 19:44:46.885,,0.000000000000000,50
{76F45F44-6E0C-4E5D-BF1C-15F7E10CDBB0},1865.000000000000000,,36.000000000000000,7.000000000000000,7.000000000000000,I sprayed trees around waterways as spray setback too large,{6BB3C493-17A1-4CFB-B6BF-373D77603FF1},2/03/2026 19:44:46.885,,2/03/2026 19:44:46.885,,0.000000000000000,50
{AF759557-0DA3-4FD2-8E99-69AF78DEB9F0},1885.000000000000000,,14.000000000000000,6.000000000000000,30.000000000000000,Spray starting to fail in one stripe,{6BB3C493-17A1-4CFB-B6BF-373D77603FF1},2/03/2026 19:44:46.885,,2/03/2026 22:05:07.466,ScarlettMichelle,0.000000000000000,50
{24E1BB60-3152-4500-98C9-A585BD2998C9},1899.000000000000000,,42.000000000000000,1.000000000000000,6.000000000000000,Change of lines made counting messy. Spray failing,{6BB3C493-17A1-4CFB-B6BF-373D77603FF1},2/03/2026 19:44:46.885,,2/03/2026 22:02:56.935,ScarlettMichelle,1.000000000000000,50
{00A216B9-0A9D-4B5B-815C-643D3F7DDA51},1307.000000000000000,,46.000000000000000,2.000000000000000,2.000000000000000,,{40F1BED5-5423-440B-BFFA-1C9ED95A265E},2/03/2026 20:35:42.180,,2/03/2026 20:35:42.180,,0.000000000000000,50
{3988CAA7-6930-4DA4-8ADC-787DA0537B3C},1348.000000000000000,,46.000000000000000,2.000000000000000,2.000000000000000,,{40F1BED5-5423-440B-BFFA-1C9ED95A265E},2/03/2026 20:35:42.180,,2/03/2026 20:35:42.180,,0.000000000000000,50
{16317612-0CF9-43DC-8E0A-BFA09490DA73},1308.000000000000000,,47.000000000000000,2.000000000000000,1.000000000000000,,{40F1BED5-5423-440B-BFFA-1C9ED95A265E},2/03/2026 20:35:42.180,,2/03/2026 20:35:42.180,,0.000000000000000,50
{B7CB6ACE-25D6-4CB6-B8C3-CEA9CA9B0EA0},1309.000000000000000,,50.000000000000000,0.000000000000000,0.000000000000000,,{40F1BED5-5423-440B-BFFA-1C9ED95A265E},2/03/2026 20:35:42.180,,2/03/2026 20:35:42.180,,0.000000000000000,50
{1A28F7B1-6E9D-4F20-91D5-2A1DB4FEBA3E},1349.000000000000000,,41.000000000000000,3.000000000000000,4.000000000000000,Unable to find 2 due to long grass,{40F1BED5-5423-440B-BFFA-1C9ED95A265E},2/03/2026 20:35:42.180,,2/03/2026 20:35:42.180,,2.000000000000000,50
{37B2255F-D919-4900-B1EB-D18C45029306},1350.000000000000000,,47.000000000000000,0.000000000000000,2.000000000000000,Long grass in this area,{40F1BED5-5423-440B-BFFA-1C9ED95A265E},2/03/2026 20:35:42.180,,2/03/2026 20:35:42.180,,1.000000000000000,50
{BA89EE02-0808-49C1-B78F-3BBA46AB337C},1310.000000000000000,,46.000000000000000,0.000000000000000,2.000000000000000,,{40F1BED5-5423-440B-BFFA-1C9ED95A265E},2/03/2026 20:35:42.180,,2/03/2026 20:35:42.180,,2.000000000000000,50
{02DCB992-CC3F-4DF3-9721-3BBCE620E20C},1311.000000000000000,,47.000000000000000,1.000000000000000,1.000000000000000,,{40F1BED5-5423-440B-BFFA-1C9ED95A265E},2/03/2026 20:35:42.180,,2/03/2026 20:35:42.180,,1.000000000000000,50
{191EDB3B-387B-4159-9E9F-E51430A25017},1273.000000000000000,,48.000000000000000,1.000000000000000,0.000000000000000,,{40F1BED5-5423-440B-BFFA-1C9ED95A265E},2/03/2026 20:35:42.180,,2/03/2026 20:35:42.180,,1.000000000000000,50
{D85FE1BA-2283-4DE1-AC79-96C934226BAE},1274.000000000000000,,47.000000000000000,0.000000000000000,0.000000000000000,"Long grass has gone flat, unable to find trees in those areas",{40F1BED5-5423-440B-BFFA-1C9ED95A265E},2/03/2026 20:35:42.180,,2/03/2026 20:35:42.180,,3.000000000000000,50
{FBF4CA0F-0F8E-4A74-A4F3-657AABFC1B00},1908.000000000000000,,48.000000000000000,2.000000000000000,0.000000000000000,,{FB69E00E-7A4F-45A2-A818-68300286DD08},2/03/2026 21:00:02.219,,2/03/2026 21:00:02.219,,0.000000000000000,50
{1E80DE9D-53D7-4C5D-932B-3A69DF9C20EE},1909.000000000000000,,44.000000000000000,5.000000000000000,1.000000000000000,,{FB69E00E-7A4F-45A2-A818-68300286DD08},2/03/2026 21:00:02.219,,2/03/2026 21:00:02.219,,0.000000000000000,50
{DAA8809C-9D60-4140-920B-1E7340D617F9},1920.000000000000000,,45.000000000000000,4.000000000000000,1.000000000000000,,{FB69E00E-7A4F-45A2-A818-68300286DD08},2/03/2026 21:00:02.219,,2/03/2026 22:02:30.146,ScarlettMichelle,0.000000000000000,50
{97A10E9C-44EC-4794-8E17-DCA95CBC0FDE},1921.000000000000000,,43.000000000000000,5.000000000000000,1.000000000000000,,{FB69E00E-7A4F-45A2-A818-68300286DD08},2/03/2026 21:00:02.219,,2/03/2026 21:00:02.219,,1.000000000000000,50
{C22BDE44-BA80-40D9-B42D-4948D1BD3917},1922.000000000000000,,37.000000000000000,1.000000000000000,7.000000000000000,Dead trees are from the same one line,{FB69E00E-7A4F-45A2-A818-68300286DD08},2/03/2026 21:00:02.219,,2/03/2026 21:00:02.219,,5.000000000000000,50
{AA2952E9-87AD-47DE-A83B-12F9E67D155A},1929.000000000000000,,42.000000000000000,2.000000000000000,6.000000000000000,,{FB69E00E-7A4F-45A2-A818-68300286DD08},2/03/2026 21:00:02.219,,2/03/2026 21:00:02.219,,0.000000000000000,50
{27715A72-0DCE-4F3C-A61D-7549996BF2F1},1930.000000000000000,,43.000000000000000,0.000000000000000,5.000000000000000,,{FB69E00E-7A4F-45A2-A818-68300286DD08},2/03/2026 21:00:02.219,,2/03/2026 21:00:02.219,,2.000000000000000,50
{F8FC2AD4-2BF7-4640-93FE-0E067310042F},1931.000000000000000,,36.000000000000000,3.000000000000000,10.000000000000000,Quite rocky ground,{FB69E00E-7A4F-45A2-A818-68300286DD08},2/03/2026 21:00:02.219,,2/03/2026 21:00:02.219,,1.000000000000000,50
{AB1C39A4-2267-4665-ADAF-A1F4791DA89F},1932.000000000000000,,39.000000000000000,4.000000000000000,4.000000000000000,,{FB69E00E-7A4F-45A2-A818-68300286DD08},2/03/2026 21:00:02.219,,2/03/2026 21:00:02.219,,3.000000000000000,50
{18BDD7F1-638F-4DA1-B798-9EAB30FCB8C8},1934.000000000000000,,45.000000000000000,2.000000000000000,1.000000000000000,,{FB69E00E-7A4F-45A2-A818-68300286DD08},2/03/2026 21:00:02.219,,2/03/2026 21:00:02.219,,2.000000000000000,50
{A5200489-0A9F-4D24-91F6-B5C96AB7441C},1942.000000000000000,,42.000000000000000,2.000000000000000,3.000000000000000,,{FB69E00E-7A4F-45A2-A818-68300286DD08},2/03/2026 21:00:02.219,,2/03/2026 22:03:25.403,ScarlettMichelle,3.000000000000000,50
{291064C2-8D5C-42C9-9223-0A5ECD61EB61},1910.000000000000000,,28.000000000000000,6.000000000000000,16.000000000000000,Rocky along top,{26327448-9B63-4B6A-9E24-DCE635F66A68},2/03/2026 21:01:47.293,,2/03/2026 21:01:47.293,,0.000000000000000,50
{C7E6F513-415C-4FDA-A0C9-A4B4F7BB4125},1911.000000000000000,,37.000000000000000,6.000000000000000,5.000000000000000,,{26327448-9B63-4B6A-9E24-DCE635F66A68},2/03/2026 21:01:47.293,,2/03/2026 21:01:47.293,,2.000000000000000,50
{A82C9397-092A-4B09-910F-BFEEAA2D44A3},1912.000000000000000,,40.000000000000000,5.000000000000000,5.000000000000000,Rocky area,{26327448-9B63-4B6A-9E24-DCE635F66A68},2/03/2026 21:01:47.293,,2/03/2026 21:01:47.293,,0.000000000000000,50
{AF2536AA-B633-4BFB-BCF5-C37BD54638F6},1913.000000000000000,,39.000000000000000,5.000000000000000,6.000000000000000,,{26327448-9B63-4B6A-9E24-DCE635F66A68},2/03/2026 21:01:47.293,,2/03/2026 21:01:47.293,,0.000000000000000,50
{872244C2-2DD1-46B0-86C4-9CCF5BF86757},1914.000000000000000,,45.000000000000000,0.000000000000000,4.000000000000000,Some matagouri in the area,{26327448-9B63-4B6A-9E24-DCE635F66A68},2/03/2026 21:01:47.293,,2/03/2026 21:01:47.293,,1.000000000000000,50
{C5F9C0DD-EE3B-4D93-BA5A-A0059C7F9127},1915.000000000000000,,29.000000000000000,4.000000000000000,10.000000000000000,Old grazed area,{26327448-9B63-4B6A-9E24-DCE635F66A68},2/03/2026 21:01:47.293,,2/03/2026 21:01:47.293,,7.000000000000000,50
{82D30805-BD6C-43CE-B9BC-326AA5DED734},1926.000000000000000,,34.000000000000000,2.000000000000000,14.000000000000000,Old eaten trees,{26327448-9B63-4B6A-9E24-DCE635F66A68},2/03/2026 21:01:47.293,,2/03/2026 21:01:47.293,,0.000000000000000,50
{3663F185-362A-4E4F-B87D-E7413CC80402},1925.000000000000000,,45.000000000000000,2.000000000000000,2.000000000000000,,{26327448-9B63-4B6A-9E24-DCE635F66A68},2/03/2026 21:01:47.293,,2/03/2026 21:01:47.293,,1.000000000000000,50
{E02F7B12-038F-4D09-AE5A-F08EA9AD4605},1924.000000000000000,,22.000000000000000,5.000000000000000,5.000000000000000,Very wet area where some land has slipped,{26327448-9B63-4B6A-9E24-DCE635F66A68},2/03/2026 21:01:47.293,,2/03/2026 21:01:47.293,,18.000000000000000,50
{CC66E878-FD71-4F13-86E5-A4479EC45CFB},1923.000000000000000,,44.000000000000000,6.000000000000000,0.000000000000000,,{26327448-9B63-4B6A-9E24-DCE635F66A68},2/03/2026 21:01:47.293,,2/03/2026 21:01:47.293,,0.000000000000000,50
{9667A7DB-E298-4F22-BB29-8C0A5F0A7A7D},1322.000000000000000,,42.000000000000000,0.000000000000000,7.000000000000000,Long grass prior to spray and dry ridgetop,{B1B2F27E-ADF4-4C74-B0E0-57680E3F6316},2/03/2026 21:52:36.621,,2/03/2026 21:52:36.621,,1.000000000000000,50
{A8063C3F-6876-4E01-987C-D05848347125},1361.000000000000000,,33.000000000000000,2.000000000000000,13.000000000000000,"2 rows contain most of dead trees, trees appear to have died not long after planting",{B1B2F27E-ADF4-4C74-B0E0-57680E3F6316},2/03/2026 21:52:36.621,,2/03/2026 21:52:36.621,,2.000000000000000,50
{9DAFC4E7-D26A-4C22-931E-9728F0D6469F},1362.000000000000000,,45.000000000000000,0.000000000000000,1.000000000000000,Grass has gone flat on 1 row making it impossible to find some trees,{B1B2F27E-ADF4-4C74-B0E0-57680E3F6316},2/03/2026 21:52:36.621,,2/03/2026 21:52:36.621,,4.000000000000000,50
{F24B224F-F1D3-4716-9679-AB18F7315FB5},1160.000000000000000,,45.000000000000000,1.000000000000000,3.000000000000000,,{6C0FE79A-4696-40B6-A757-F579FE2AA3DD},2/03/2026 22:09:16.726,,2/03/2026 22:09:16.726,,1.000000000000000,50
{E9516CBB-EAE6-4BB4-BCE4-A3E469B7232B},1831.000000000000000,,45.000000000000000,4.000000000000000,1.000000000000000,,{C32EB28F-E47D-4EEC-918B-6DFFD9A7FE5C},2/03/2026 22:37:13.230,,2/03/2026 22:37:13.230,,0.000000000000000,50
{0E880676-55EE-4365-AA91-DCADD8AF9EC5},1832.000000000000000,,47.000000000000000,3.000000000000000,0.000000000000000,,{C32EB28F-E47D-4EEC-918B-6DFFD9A7FE5C},2/03/2026 22:37:13.230,,2/03/2026 22:37:13.230,,0.000000000000000,50
{2499A892-3632-48F5-A83E-0093F03CA29A},1833.000000000000000,,26.000000000000000,11.000000000000000,13.000000000000000,High stress and eaten trees,{C32EB28F-E47D-4EEC-918B-6DFFD9A7FE5C},2/03/2026 22:37:13.230,,2/03/2026 22:37:13.230,,0.000000000000000,50
{8D8DEA82-2052-4168-B375-1203FEA6F542},1850.000000000000000,,46.000000000000000,3.000000000000000,0.000000000000000,,{C32EB28F-E47D-4EEC-918B-6DFFD9A7FE5C},2/03/2026 22:37:13.230,,2/03/2026 22:37:13.230,,1.000000000000000,50
{AE1C01EE-7A30-4234-9596-394B982F3602},1871.000000000000000,,46.000000000000000,4.000000000000000,0.000000000000000,,{C32EB28F-E47D-4EEC-918B-6DFFD9A7FE5C},2/03/2026 22:37:13.230,,2/03/2026 22:37:13.230,,0.000000000000000,50
{CFDA46C4-1F5E-49D0-B391-43EF309DAABC},1890.000000000000000,,45.000000000000000,3.000000000000000,2.000000000000000,,{C32EB28F-E47D-4EEC-918B-6DFFD9A7FE5C},2/03/2026 22:37:13.230,,2/03/2026 22:37:13.230,,0.000000000000000,50
{F8E37462-9EBF-459E-B44A-ED42D1CAFF7C},1891.000000000000000,,48.000000000000000,2.000000000000000,0.000000000000000,,{C32EB28F-E47D-4EEC-918B-6DFFD9A7FE5C},2/03/2026 22:37:13.230,,2/03/2026 22:37:13.230,,0.000000000000000,50
{33201286-1B97-4C41-9A34-BF37150E0D48},1892.000000000000000,,44.000000000000000,5.000000000000000,1.000000000000000,,{C32EB28F-E47D-4EEC-918B-6DFFD9A7FE5C},2/03/2026 22:37:13.230,,2/03/2026 22:37:13.230,,0.000000000000000,50
{960515FF-4A5D-400F-9498-F34A710C6496},1137.000000000000000,,44.000000000000000,1.000000000000000,5.000000000000000,,{B016E775-3618-495B-AFD1-096AF89A8301},2/03/2026 22:43:24.558,,2/03/2026 22:43:24.558,,0.000000000000000,50
{293D182B-79E7-42CE-B143-FAE17BDEA02C},1138.000000000000000,,45.000000000000000,1.000000000000000,4.000000000000000,,{B016E775-3618-495B-AFD1-096AF89A8301},2/03/2026 22:43:24.558,,2/03/2026 22:43:24.558,,0.000000000000000,50
{41AB0E98-E477-46FF-AB2C-F9333F3C4331},111.000000000000000,,37.000000000000000,4.000000000000000,8.000000000000000,,{B016E775-3618-495B-AFD1-096AF89A8301},2/03/2026 22:43:24.558,,2/03/2026 22:43:24.558,,1.000000000000000,50
{651116EA-9B11-4165-8233-EEDA34415FCE},1100.000000000000000,,44.000000000000000,0.000000000000000,4.000000000000000,,{B016E775-3618-495B-AFD1-096AF89A8301},2/03/2026 22:43:24.558,,2/03/2026 22:43:24.558,,2.000000000000000,50
{3545BBFB-6AAD-4D7D-80B2-86FBCDFE957B},1067.000000000000000,,37.000000000000000,1.000000000000000,2.000000000000000,Long dead grass smothering some trees.,{B016E775-3618-495B-AFD1-096AF89A8301},2/03/2026 22:43:24.558,,2/03/2026 22:43:24.558,,10.000000000000000,50
{71A4E3C9-2E6C-43D5-923A-E33F5C471EE7},1032.000000000000000,,34.000000000000000,0.000000000000000,9.000000000000000,Half line within plot.,{B016E775-3618-495B-AFD1-096AF89A8301},2/03/2026 22:43:24.558,,2/03/2026 22:43:24.558,,7.000000000000000,50
{CFC9DAB7-12D5-4476-8B54-CEA2AAB10471},1033.000000000000000,,40.000000000000000,1.000000000000000,8.000000000000000,,{B016E775-3618-495B-AFD1-096AF89A8301},2/03/2026 22:43:24.558,,2/03/2026 22:43:24.558,,1.000000000000000,50
{B3FF2B55-F567-4DB3-8923-97925F8BB92B},1000.000000000000000,,44.000000000000000,1.000000000000000,1.000000000000000,Waterway in lower portion of plot.,{B016E775-3618-495B-AFD1-096AF89A8301},2/03/2026 22:43:24.558,,2/03/2026 22:43:24.558,,4.000000000000000,50
{591E56E6-37B2-43B9-AAD2-EDDFD618EE77},966.000000000000000,,43.000000000000000,1.000000000000000,0.000000000000000,"Smaller trees hard to see in grass, may inflat missing numbers",{B016E775-3618-495B-AFD1-096AF89A8301},2/03/2026 22:43:24.558,,2/03/2026 22:43:24.558,,6.000000000000000,50
{59FB5BC3-87A2-4A2D-B6C9-B5D53282AE45},999.000000000000000,,33.000000000000000,3.000000000000000,0.000000000000000,Grass too long to get fair representation.,{B016E775-3618-495B-AFD1-096AF89A8301},2/03/2026 22:43:24.558,,2/03/2026 22:43:24.558,,14.000000000000000,50
{DB95DAC8-8A0D-4F59-A4A3-82267846BACD},1066.000000000000000,,47.000000000000000,0.000000000000000,2.000000000000000,,{B016E775-3618-495B-AFD1-096AF89A8301},2/03/2026 22:43:24.558,,2/03/2026 22:43:24.558,,1.000000000000000,50
{A539B215-EE67-46E1-980B-6A1BD59D2F57},1849.000000000000000,,42.000000000000000,4.000000000000000,4.000000000000000,,{6C72561D-EAF6-4BAF-9028-E429078BC0FD},2/03/2026 22:48:04.584,,4/03/2026 1:57:39.390,ScarlettMichelle,0.000000000000000,50
{80494F00-2111-49DF-8F82-1544CA81148F},1848.000000000000000,,40.000000000000000,4.000000000000000,5.000000000000000,"
",{6C72561D-EAF6-4BAF-9028-E429078BC0FD},2/03/2026 22:48:04.584,,2/03/2026 22:48:04.584,,1.000000000000000,50
{1E78E001-2F8F-4D00-BC88-6B37514BC29D},1869.000000000000000,,45.000000000000000,1.000000000000000,1.000000000000000,Bits of spot planting overall good survival ,{6C72561D-EAF6-4BAF-9028-E429078BC0FD},2/03/2026 22:48:04.584,,2/03/2026 22:48:04.584,,3.000000000000000,50
{95C0EDC6-3998-4CCF-8FAD-475297D1E472},1870.000000000000000,,42.000000000000000,2.000000000000000,4.000000000000000,,{6C72561D-EAF6-4BAF-9028-E429078BC0FD},2/03/2026 22:48:04.584,,2/03/2026 23:24:42.330,ScarlettMichelle,2.000000000000000,50
{FBF237FF-C3D0-4BA1-8B7B-D7243053E5FB},1889.000000000000000,,41.000000000000000,2.000000000000000,7.000000000000000,,{6C72561D-EAF6-4BAF-9028-E429078BC0FD},2/03/2026 22:48:04.584,,2/03/2026 22:48:04.584,,0.000000000000000,50
{53010D17-B02C-49DA-AE5D-B1378F66C453},1888.000000000000000,,42.000000000000000,1.000000000000000,4.000000000000000,Rocky in some places,{6C72561D-EAF6-4BAF-9028-E429078BC0FD},2/03/2026 22:48:04.584,,2/03/2026 22:48:04.584,,3.000000000000000,50
{C2A75048-6846-49C8-93D7-A59D69DDC2C6},1901.000000000000000,,43.000000000000000,3.000000000000000,2.000000000000000,,{6C72561D-EAF6-4BAF-9028-E429078BC0FD},2/03/2026 22:48:04.584,,2/03/2026 22:48:04.584,,2.000000000000000,50
{F7A74F9F-B2E1-4A15-8793-E4C1C612312C},1363.000000000000000,,46.000000000000000,1.000000000000000,3.000000000000000,,{37B2E924-CFE1-400D-8ECB-AF09A3A8F9CF},2/03/2026 23:36:26.153,,2/03/2026 23:36:26.153,,0.000000000000000,50
{F81E354E-D4D8-4BDD-948F-5171CD72FCAD},1364.000000000000000,,47.000000000000000,0.000000000000000,3.000000000000000,,{37B2E924-CFE1-400D-8ECB-AF09A3A8F9CF},2/03/2026 23:36:26.153,,2/03/2026 23:36:26.153,,0.000000000000000,50
{DCDC8E33-DD04-4C9F-8D9F-FC52D8FAEB10},1398.000000000000000,,48.000000000000000,0.000000000000000,2.000000000000000,,{37B2E924-CFE1-400D-8ECB-AF09A3A8F9CF},2/03/2026 23:36:26.153,,2/03/2026 23:36:26.153,,0.000000000000000,50
{6A44F604-CE79-47BE-A93F-577DE2A470C2},1397.000000000000000,,39.000000000000000,1.000000000000000,10.000000000000000,"Boney knob, very dry and poor soil",{37B2E924-CFE1-400D-8ECB-AF09A3A8F9CF},2/03/2026 23:36:26.153,,2/03/2026 23:36:26.153,,0.000000000000000,50
{6488E16F-5191-4DBC-A9B6-91BEA444C148},1396.000000000000000,,37.000000000000000,0.000000000000000,9.000000000000000,Very dry area,{37B2E924-CFE1-400D-8ECB-AF09A3A8F9CF},2/03/2026 23:36:26.153,,2/03/2026 23:36:26.153,,4.000000000000000,50
{C4CA245E-E021-4301-8075-E4BBDE4A2E76},1884.000000000000000,,44.000000000000000,4.000000000000000,2.000000000000000,,{D2C4DCEF-0C54-4747-A977-E98B538D5809},2/03/2026 23:43:05.505,,2/03/2026 23:43:05.505,,0.000000000000000,50
{F0AB3A2C-2099-478B-A4C5-287BA4CBA95C},1883.000000000000000,,43.000000000000000,4.000000000000000,3.000000000000000,,{D2C4DCEF-0C54-4747-A977-E98B538D5809},2/03/2026 23:43:05.505,,2/03/2026 23:43:05.505,,0.000000000000000,50
{5A324E54-5A76-4EBB-9DBD-C7BC356E0A90},1882.000000000000000,,41.000000000000000,5.000000000000000,4.000000000000000,,{D2C4DCEF-0C54-4747-A977-E98B538D5809},2/03/2026 23:43:05.505,,2/03/2026 23:43:05.505,,0.000000000000000,50
{BEC9D5E0-4C8F-46F5-93BB-15BAF81C4526},1898.000000000000000,,35.000000000000000,8.000000000000000,7.000000000000000,,{D2C4DCEF-0C54-4747-A977-E98B538D5809},2/03/2026 23:43:05.505,,2/03/2026 23:43:05.505,,0.000000000000000,50
{0F88C997-7AED-418C-A7B1-48B5DEF4BEB4},1906.000000000000000,,38.000000000000000,3.000000000000000,9.000000000000000,Wet,{D2C4DCEF-0C54-4747-A977-E98B538D5809},2/03/2026 23:43:05.505,,2/03/2026 23:43:05.505,,0.000000000000000,50
{1472D8F9-12FD-4FFA-8BF9-98FB96FF507C},1905.000000000000000,,44.000000000000000,3.000000000000000,3.000000000000000,,{D2C4DCEF-0C54-4747-A977-E98B538D5809},2/03/2026 23:43:05.505,,2/03/2026 23:43:05.505,,0.000000000000000,50
{252A3AFC-E296-495F-8D73-A4EF215E31C0},1896.000000000000000,,45.000000000000000,1.000000000000000,4.000000000000000,Edge of wet area. Spray failing,{D2C4DCEF-0C54-4747-A977-E98B538D5809},2/03/2026 23:43:05.505,,2/03/2026 23:43:05.505,,0.000000000000000,50
{E14C1080-B6B1-47BF-AEE9-9506F7FEF0E5},1880.000000000000000,,44.000000000000000,2.000000000000000,4.000000000000000,Spray has failed ,{D2C4DCEF-0C54-4747-A977-E98B538D5809},2/03/2026 23:43:05.505,,2/03/2026 23:43:05.505,,0.000000000000000,50
{B9BEFE91-32DA-4586-8C22-69241D74E6A6},1861.000000000000000,,36.000000000000000,1.000000000000000,13.000000000000000,,{D2C4DCEF-0C54-4747-A977-E98B538D5809},2/03/2026 23:43:05.505,,2/03/2026 23:43:05.505,,0.000000000000000,50
{AFB808B5-C76C-4B03-9ADC-4A9ED4FA0454},1860.000000000000000,,43.000000000000000,5.000000000000000,2.000000000000000,Failed spray,{D2C4DCEF-0C54-4747-A977-E98B538D5809},2/03/2026 23:43:05.505,,2/03/2026 23:43:05.505,,0.000000000000000,50
{775589AC-DA29-4A7B-A09B-68B39677E856},1859.000000000000000,,42.000000000000000,0.000000000000000,7.000000000000000,Spray failed ,{D2C4DCEF-0C54-4747-A977-E98B538D5809},2/03/2026 23:43:05.505,,2/03/2026 23:43:05.505,,1.000000000000000,50
{E33078AE-7CA7-4F98-AB37-2EB301910552},1879.000000000000000,,49.000000000000000,1.000000000000000,0.000000000000000,Spray failed ,{D2C4DCEF-0C54-4747-A977-E98B538D5809},2/03/2026 23:43:05.505,,2/03/2026 23:43:05.505,,0.000000000000000,50
{06E6F6EB-3863-4FEA-9C55-DBD2A1012155},1878.000000000000000,,46.000000000000000,3.000000000000000,1.000000000000000,"Spray failed, long grass, hard to see some trees",{D2C4DCEF-0C54-4747-A977-E98B538D5809},2/03/2026 23:43:05.505,,2/03/2026 23:43:05.505,,0.000000000000000,50
{39740E69-7DD2-4EC8-B937-1B8C45DBED51},1895.000000000000000,,43.000000000000000,3.000000000000000,4.000000000000000,Spray failing,{D2C4DCEF-0C54-4747-A977-E98B538D5809},2/03/2026 23:43:05.505,,2/03/2026 23:43:05.505,,0.000000000000000,50
{6028C561-8A8A-4B20-8961-8760481105D6},1894.000000000000000,,44.000000000000000,1.000000000000000,5.000000000000000,Spray is holding ,{D2C4DCEF-0C54-4747-A977-E98B538D5809},2/03/2026 23:43:05.505,,2/03/2026 23:43:05.505,,0.000000000000000,50
{D0B5EA81-6DCA-45CD-9E66-70B531E217C0},1877.000000000000000,,46.000000000000000,1.000000000000000,3.000000000000000,Spray failing in 1/2 plot,{D2C4DCEF-0C54-4747-A977-E98B538D5809},2/03/2026 23:43:05.505,,4/03/2026 2:01:43.406,ScarlettMichelle,0.000000000000000,50
{D7ECBA6F-C8D0-4E62-ABB2-4F5574DEA1AC},1858.000000000000000,,46.000000000000000,1.000000000000000,3.000000000000000,Spray failing,{D2C4DCEF-0C54-4747-A977-E98B538D5809},2/03/2026 23:43:05.505,,2/03/2026 23:43:05.505,,0.000000000000000,50
{07D518EF-BEED-4E97-8159-01359D237EB5},1840.000000000000000,,36.000000000000000,5.000000000000000,9.000000000000000,Spray failing,{D2C4DCEF-0C54-4747-A977-E98B538D5809},2/03/2026 23:43:05.505,,4/03/2026 2:01:29.400,ScarlettMichelle,0.000000000000000,50
{0790FB7F-A474-430B-A871-AC831171BA98},1839.000000000000000,,42.000000000000000,2.000000000000000,6.000000000000000,Spray failing,{D2C4DCEF-0C54-4747-A977-E98B538D5809},2/03/2026 23:43:05.505,,2/03/2026 23:43:05.505,,0.000000000000000,50
{F6B8F968-6706-45A3-8938-3A7F6D30AE80},1838.000000000000000,,30.000000000000000,13.000000000000000,7.000000000000000,Spray failing,{D2C4DCEF-0C54-4747-A977-E98B538D5809},2/03/2026 23:43:05.505,,2/03/2026 23:43:05.505,,0.000000000000000,50
{8CFCE2D2-8079-4C26-A582-C3B41FF1137C},1857.000000000000000,,43.000000000000000,4.000000000000000,3.000000000000000,Spray failed,{D2C4DCEF-0C54-4747-A977-E98B538D5809},2/03/2026 23:43:05.505,,2/03/2026 23:43:05.505,,0.000000000000000,50
{63953BC3-082C-45A4-8587-7990241A2873},1876.000000000000000,,43.000000000000000,1.000000000000000,6.000000000000000,5 dead trees on 1 line. Spray failing,{D2C4DCEF-0C54-4747-A977-E98B538D5809},2/03/2026 23:43:05.505,,2/03/2026 23:43:05.505,,0.000000000000000,50
{18318E41-877C-40DB-BB22-E2A1123F91A3},1856.000000000000000,,44.000000000000000,5.000000000000000,1.000000000000000,Spray failing,{D2C4DCEF-0C54-4747-A977-E98B538D5809},2/03/2026 23:43:05.505,,2/03/2026 23:43:05.505,,0.000000000000000,50
{6AEF20CA-A893-474D-A48F-9BAD4F4966AC},1837.000000000000000,,40.000000000000000,4.000000000000000,3.000000000000000,"Long grass, hard to find some trees. Spray failing",{D2C4DCEF-0C54-4747-A977-E98B538D5809},2/03/2026 23:43:05.505,,2/03/2026 23:43:05.505,,3.000000000000000,50
{AA05B8B2-8BF9-4385-B114-6C7C1AEE28CE},1855.000000000000000,,45.000000000000000,3.000000000000000,2.000000000000000,Spray holding,{D2C4DCEF-0C54-4747-A977-E98B538D5809},2/03/2026 23:43:05.505,,2/03/2026 23:43:05.505,,0.000000000000000,50
{9D9A0162-4208-40F1-8392-328ED38A4325},1875.000000000000000,,47.000000000000000,1.000000000000000,2.000000000000000,,{D2C4DCEF-0C54-4747-A977-E98B538D5809},2/03/2026 23:43:05.505,,2/03/2026 23:43:05.505,,0.000000000000000,50
{2D7D56A4-6A79-4465-8D41-CA590537A41C},1893.000000000000000,,43.000000000000000,2.000000000000000,4.000000000000000,Spray holding,{D2C4DCEF-0C54-4747-A977-E98B538D5809},2/03/2026 23:43:05.505,,2/03/2026 23:43:05.505,,1.000000000000000,50
{FB19CC88-AA1D-4BCA-8C64-A2DBC58CA30B},1120.000000000000000,,39.000000000000000,0.000000000000000,11.000000000000000,,{B7235AD5-984D-4429-A3BA-DEC0B992AA0B},3/03/2026 0:13:03.335,,3/03/2026 0:13:03.335,,0.000000000000000,50
{8710363F-A878-408E-AB21-7C8BB029B1C5},1119.000000000000000,,45.000000000000000,0.000000000000000,3.000000000000000,,{B7235AD5-984D-4429-A3BA-DEC0B992AA0B},3/03/2026 0:13:03.335,,3/03/2026 0:13:03.335,,2.000000000000000,50
{33BF02F6-3D9C-45D2-977B-551F4765010B},1082.000000000000000,,40.000000000000000,1.000000000000000,9.000000000000000,,{B7235AD5-984D-4429-A3BA-DEC0B992AA0B},3/03/2026 0:13:03.335,,3/03/2026 0:13:03.335,,0.000000000000000,50
{FC78100C-72DB-45BC-B7F6-EB49A3E1E47D},1083.000000000000000,,44.000000000000000,0.000000000000000,5.000000000000000,,{B7235AD5-984D-4429-A3BA-DEC0B992AA0B},3/03/2026 0:13:03.335,,3/03/2026 0:13:03.335,,1.000000000000000,50
{AF201588-68FC-440E-B63A-8A3F2E44C1C0},1085.000000000000000,,36.000000000000000,0.000000000000000,13.000000000000000,"Tussocky area, some spot planting due to this",{B7235AD5-984D-4429-A3BA-DEC0B992AA0B},3/03/2026 0:13:03.335,,3/03/2026 0:13:03.335,,1.000000000000000,50
{6B3B686A-564E-44C5-8074-FB545306301F},1123.000000000000000,,40.000000000000000,2.000000000000000,7.000000000000000,,{B7235AD5-984D-4429-A3BA-DEC0B992AA0B},3/03/2026 0:13:03.335,,3/03/2026 0:13:03.335,,1.000000000000000,50
{FD1CFC92-795C-417A-9F59-3D7465C15193},1157.000000000000000,,47.000000000000000,0.000000000000000,3.000000000000000,,{B7235AD5-984D-4429-A3BA-DEC0B992AA0B},3/03/2026 0:13:03.335,,3/03/2026 0:13:03.335,,0.000000000000000,50
{653A6325-F959-4D67-B792-1A722B1F46AB},868.000000000000000,,37.000000000000000,5.000000000000000,8.000000000000000,"Spray failing, long grass",{C42B68F7-B4A6-45F9-A12A-0F887BF18941},3/03/2026 0:13:48.080,,3/03/2026 0:13:48.080,,0.000000000000000,50
{41711338-6905-43BB-96DD-FB3480F7A146},1900.000000000000000,,43.000000000000000,2.000000000000000,4.000000000000000,Very steep and through native,{B6C283D8-D7E0-4D36-B4AA-C0F9CD31F4F3},3/03/2026 0:29:25.982,,3/03/2026 0:29:25.982,,1.000000000000000,50
{FB2BB662-4074-45EB-8979-C02853B2F896},1887.000000000000000,,38.000000000000000,4.000000000000000,7.000000000000000,,{B6C283D8-D7E0-4D36-B4AA-C0F9CD31F4F3},3/03/2026 0:29:25.982,,3/03/2026 0:29:25.982,,1.000000000000000,50
{880CC7BB-77E8-4B06-A1BC-98BBC719FC30},1886.000000000000000,,35.000000000000000,2.000000000000000,13.000000000000000,,{B6C283D8-D7E0-4D36-B4AA-C0F9CD31F4F3},3/03/2026 0:29:25.982,,3/03/2026 0:29:25.982,,0.000000000000000,50
{F53139DA-69B0-4F37-B7BA-F7245731FB18},1233.000000000000000,,34.000000000000000,2.000000000000000,12.000000000000000,"Rocky and tussocky, spot planting due to this, contour lines only possible in places.",{5781DCE5-C5DF-4D70-96FB-53ECEF9F2633},3/03/2026 0:47:12.029,,3/03/2026 0:47:12.029,,2.000000000000000,50
{0963548B-6354-44CE-8BF0-0E36E6026CBA},1233.099999999999909,,19.000000000000000,0.000000000000000,30.000000000000000,Additional plot due to high mortality.,{5781DCE5-C5DF-4D70-96FB-53ECEF9F2633},3/03/2026 0:47:12.029,,3/03/2026 0:47:12.029,,1.000000000000000,50
{0D85EAA8-4973-4D39-82A1-CB5DFA18E995},1194.000000000000000,,25.000000000000000,2.000000000000000,21.000000000000000,,{5781DCE5-C5DF-4D70-96FB-53ECEF9F2633},3/03/2026 0:47:12.029,,3/03/2026 0:47:12.029,,2.000000000000000,50
{F0B7A2CE-89D5-4E76-AF97-C9DCED64B45B},1269.000000000000000,,12.000000000000000,0.000000000000000,38.000000000000000,"High mortality. Exposed, dry and lots of bones around.",{489C551E-0B70-4694-AE13-036DE69474B7},3/03/2026 0:52:14.743,,3/03/2026 0:52:14.743,,0.000000000000000,50
{8D7BCDC2-007D-472C-9C8D-331452A3BAD6},907.000000000000000,,49.000000000000000,1.000000000000000,0.000000000000000,,{CC11693D-882D-49FF-A8CD-5AFA9AE5A1CF},3/03/2026 1:01:57.479,,3/03/2026 1:01:57.479,,0.000000000000000,50
{53A6C4C2-D529-4E05-800B-14DAB081EABA},906.000000000000000,,43.000000000000000,4.000000000000000,2.000000000000000,,{CC11693D-882D-49FF-A8CD-5AFA9AE5A1CF},3/03/2026 1:01:57.479,,3/03/2026 1:01:57.479,,1.000000000000000,50
{9DE8DB9E-DB6B-4C0F-8C82-A2CE32E78141},905.000000000000000,,35.000000000000000,6.000000000000000,7.000000000000000,Plot is very dry and north facing causing high number to be stressed,{CC11693D-882D-49FF-A8CD-5AFA9AE5A1CF},3/03/2026 1:01:57.479,,3/03/2026 1:01:57.479,,2.000000000000000,50
{5DE3B688-B860-427E-974B-E61B1E5150FF},904.000000000000000,,42.000000000000000,1.000000000000000,5.000000000000000,"Trees have not done well top of plot area, very dry and rocky. Crew have done well spot planting amongst rocky outcrop lower down. These are doing well",{CC11693D-882D-49FF-A8CD-5AFA9AE5A1CF},3/03/2026 1:01:57.479,,3/03/2026 1:01:57.479,,2.000000000000000,50
{8F349B69-AFA4-4752-B270-40BE53DC044C},903.000000000000000,,42.000000000000000,1.000000000000000,7.000000000000000,,{CC11693D-882D-49FF-A8CD-5AFA9AE5A1CF},3/03/2026 1:01:57.479,,3/03/2026 1:01:57.479,,0.000000000000000,50
{90ECFFC8-46FC-4921-9BF2-05697275AD7C},902.000000000000000,,39.000000000000000,4.000000000000000,7.000000000000000,Scattered dead trees. Dry area with dead tussock,{CC11693D-882D-49FF-A8CD-5AFA9AE5A1CF},3/03/2026 1:01:57.479,,3/03/2026 1:01:57.479,,0.000000000000000,50
{9327FFE5-58AD-4F98-8872-4882CF6D2AE8},1902.000000000000000,,43.000000000000000,3.000000000000000,3.000000000000000,,{66D34D10-B161-4AEA-B2E4-925FB7EC8690},3/03/2026 1:07:42.341,,3/03/2026 1:12:53.722,ScarlettMichelle,1.000000000000000,50
{BEE00C37-B4FA-40F3-9DB0-47EEEAC1CFEF},1903.000000000000000,,35.000000000000000,5.000000000000000,10.000000000000000,,{66D34D10-B161-4AEA-B2E4-925FB7EC8690},3/03/2026 1:07:42.341,,3/03/2026 1:07:42.341,,0.000000000000000,50
{C3E9A36E-901D-4362-91CD-9ADDE8F210E8},1904.000000000000000,,41.000000000000000,5.000000000000000,2.000000000000000,Waterway nearby ,{66D34D10-B161-4AEA-B2E4-925FB7EC8690},3/03/2026 1:07:42.341,,3/03/2026 1:07:42.341,,2.000000000000000,50
{89A57CD1-CA8C-488E-880A-F2207F3FF45B},1916.000000000000000,,40.000000000000000,4.000000000000000,3.000000000000000,Moved plot away from native ,{66D34D10-B161-4AEA-B2E4-925FB7EC8690},3/03/2026 1:07:42.341,,3/03/2026 1:07:42.341,,3.000000000000000,50
{B9F0A422-A3E0-485A-9688-9F8A6E828223},1927.000000000000000,,43.000000000000000,4.000000000000000,0.000000000000000,,{66D34D10-B161-4AEA-B2E4-925FB7EC8690},3/03/2026 1:07:42.341,,3/03/2026 1:13:09.638,ScarlettMichelle,3.000000000000000,50
{EB1BBC77-E72D-4ECA-A586-6BDCF72B819F},1937.000000000000000,,41.000000000000000,4.000000000000000,2.000000000000000,"Moved plot as it fell right on native scrub, also been spot planted",{66D34D10-B161-4AEA-B2E4-925FB7EC8690},3/03/2026 1:07:42.341,,3/03/2026 1:07:42.341,,3.000000000000000,50
{D22694FE-4F06-4481-92E8-AFEA116541FB},1936.000000000000000,,39.000000000000000,3.000000000000000,3.000000000000000,,{66D34D10-B161-4AEA-B2E4-925FB7EC8690},3/03/2026 1:07:42.341,,3/03/2026 1:07:42.341,,5.000000000000000,50
{B4CE9CB5-B9C1-451A-972C-6EE4B0ABA7D6},1935.000000000000000,,33.000000000000000,7.000000000000000,8.000000000000000,Very dry ground hence survival rate low to average ,{66D34D10-B161-4AEA-B2E4-925FB7EC8690},3/03/2026 1:07:42.341,,3/03/2026 1:07:42.341,,2.000000000000000,50
{264EA1BF-4230-4054-8E66-2A93E5129E81},1940.000000000000000,,41.000000000000000,3.000000000000000,2.000000000000000,,{66D34D10-B161-4AEA-B2E4-925FB7EC8690},3/03/2026 1:07:42.341,,3/03/2026 1:07:42.341,,4.000000000000000,50
{305202D9-6D0E-465F-8C15-D2EEAD88D3EE},1941.000000000000000,,28.000000000000000,7.000000000000000,6.000000000000000,"Very dead, lots of trees missing. Dry ground ",{66D34D10-B161-4AEA-B2E4-925FB7EC8690},3/03/2026 1:07:42.341,,3/03/2026 1:07:42.341,,9.000000000000000,50
{B259510C-9332-40F8-BF09-765AE90DCF09},-847.000000000000000,,49.000000000000000,0.000000000000000,1.000000000000000,Wet area in plot,{2E58A912-912B-4F81-9428-3C962AB95AEB},3/03/2026 1:27:17.628,,3/03/2026 1:27:17.628,,0.000000000000000,50
{3BE36BDC-F83E-484C-B8F0-67412C3FD8B2},1830.000000000000000,,46.000000000000000,4.000000000000000,0.000000000000000,,{2E58A912-912B-4F81-9428-3C962AB95AEB},3/03/2026 1:27:17.628,,3/03/2026 1:27:17.628,,0.000000000000000,50
{B6F8CCE4-FCAC-4179-853F-2F6DEF830AD9},1829.000000000000000,,47.000000000000000,3.000000000000000,0.000000000000000,Spray starting to fail,{2E58A912-912B-4F81-9428-3C962AB95AEB},3/03/2026 1:27:17.628,,3/03/2026 1:27:17.628,,0.000000000000000,50
{EB91410E-259D-49AE-A27C-37029CC3C641},1815.000000000000000,,47.000000000000000,3.000000000000000,0.000000000000000,,{2E58A912-912B-4F81-9428-3C962AB95AEB},3/03/2026 1:27:17.628,,3/03/2026 1:27:17.628,,0.000000000000000,50
{24DEE1CB-806C-438F-A3A3-EB8E90636BEC},1816.000000000000000,,46.000000000000000,3.000000000000000,1.000000000000000,,{2E58A912-912B-4F81-9428-3C962AB95AEB},3/03/2026 1:27:17.628,,3/03/2026 1:27:17.628,,0.000000000000000,50
{348F6E8D-2E69-4213-8F40-DBA7CB53DF54},1817.000000000000000,,47.000000000000000,2.000000000000000,0.000000000000000,,{2E58A912-912B-4F81-9428-3C962AB95AEB},3/03/2026 1:27:17.628,,3/03/2026 1:27:17.628,,1.000000000000000,50
{157FCFB2-BC8F-4A42-8C97-9835894FB882},1801.000000000000000,,43.000000000000000,3.000000000000000,4.000000000000000, Very wet in plot area,{2E58A912-912B-4F81-9428-3C962AB95AEB},3/03/2026 1:27:17.628,,3/03/2026 1:27:17.628,,0.000000000000000,50
{A477EF98-A706-4C7F-A97B-46A214724FD7},1800.000000000000000,,49.000000000000000,1.000000000000000,0.000000000000000,Wet area in plot,{2E58A912-912B-4F81-9428-3C962AB95AEB},3/03/2026 1:27:17.628,,3/03/2026 1:27:17.628,,0.000000000000000,50
{FF9F4C98-CA6A-4633-B552-D2E070CC22BF},1814.000000000000000,,45.000000000000000,4.000000000000000,1.000000000000000,Spray failed,{2DCFE635-32D1-4CE7-B07B-FBD7F96D802F},3/03/2026 1:34:17.018,,3/03/2026 1:34:17.018,,0.000000000000000,50
{6657CCBE-7C2F-4473-A39B-2EE36F341B50},1947.000000000000000,,45.000000000000000,1.000000000000000,3.000000000000000,Wetland  and creek nearby,{5B7FF92A-339D-406E-BABA-8A9A1A4C0F05},3/03/2026 1:59:27.936,,3/03/2026 1:59:27.936,,1.000000000000000,50
{FDE39240-C08B-4ACA-82C9-78FBC03E005B},1866.000000000000000,,47.000000000000000,3.000000000000000,0.000000000000000,,{4D5B5447-2000-4810-8CCB-32AD123CB300},3/03/2026 1:59:39.980,,3/03/2026 1:59:39.980,,0.000000000000000,50
{A5E31628-B443-414C-9702-4494AA0ABBAA},1846.000000000000000,,48.000000000000000,2.000000000000000,0.000000000000000,,{4D5B5447-2000-4810-8CCB-32AD123CB300},3/03/2026 1:59:39.980,,3/03/2026 1:59:39.980,,0.000000000000000,50
{9DBB85B9-C738-49B6-8189-8B0F9BB9CAE5},1827.000000000000000,,46.000000000000000,2.000000000000000,2.000000000000000,,{4D5B5447-2000-4810-8CCB-32AD123CB300},3/03/2026 1:59:39.980,,3/03/2026 1:59:39.980,,0.000000000000000,50
{75D81918-FDBC-4763-ADE7-9DA18260F3B8},1826.000000000000000,,50.000000000000000,0.000000000000000,0.000000000000000,,{4D5B5447-2000-4810-8CCB-32AD123CB300},3/03/2026 1:59:39.980,,3/03/2026 1:59:39.980,,0.000000000000000,50
{1815E6A0-F003-4BAC-B9CC-97F19D7A8FC3},1845.000000000000000,,43.000000000000000,3.000000000000000,3.000000000000000,,{4D5B5447-2000-4810-8CCB-32AD123CB300},3/03/2026 1:59:39.980,,3/03/2026 1:59:39.980,,1.000000000000000,50
{4BEEE3D5-814B-427E-BF78-7068A7C212E0},1844.000000000000000,,48.000000000000000,2.000000000000000,0.000000000000000,,{4D5B5447-2000-4810-8CCB-32AD123CB300},3/03/2026 1:59:39.980,,3/03/2026 1:59:39.980,,0.000000000000000,50
{271B3585-3C55-48F5-B935-0CE1632DF331},1843.000000000000000,,30.000000000000000,14.000000000000000,6.000000000000000,Track nearby. A bit of stress present,{4D5B5447-2000-4810-8CCB-32AD123CB300},3/03/2026 1:59:39.980,,3/03/2026 1:59:39.980,,0.000000000000000,50
{67F4396B-FBA9-4128-BADA-AFD42D5A5C42},869.000000000000000,,42.000000000000000,0.000000000000000,3.000000000000000,Rocky area,{C13DCB0F-5661-4C1B-80DE-C443314B338F},3/03/2026 2:14:06.797,,3/03/2026 2:14:06.797,,5.000000000000000,50
{0AA4947E-E2FB-498B-818E-B3959F241F11},842.000000000000000,,42.000000000000000,3.000000000000000,3.000000000000000,,{C13DCB0F-5661-4C1B-80DE-C443314B338F},3/03/2026 2:14:06.797,,3/03/2026 2:14:06.797,,2.000000000000000,50
{83C21702-15CA-4E17-8264-2F16B2349CC0},870.000000000000000,,47.000000000000000,1.000000000000000,1.000000000000000,,{C13DCB0F-5661-4C1B-80DE-C443314B338F},3/03/2026 2:14:06.797,,3/03/2026 2:14:06.797,,1.000000000000000,50
{219B49F9-B300-4556-A765-7AC057553C5B},871.000000000000000,,47.000000000000000,1.000000000000000,2.000000000000000,,{C13DCB0F-5661-4C1B-80DE-C443314B338F},3/03/2026 2:14:06.797,,3/03/2026 2:14:06.797,,0.000000000000000,50
{6EEC32A3-7F64-462A-8E48-B6E6DB252FCE},872.000000000000000,,48.000000000000000,0.000000000000000,2.000000000000000,,{C13DCB0F-5661-4C1B-80DE-C443314B338F},3/03/2026 2:14:06.797,,3/03/2026 2:14:06.797,,0.000000000000000,50
{15B19AFA-C30A-402A-9229-1EA69E2C40B0},873.000000000000000,,48.000000000000000,1.000000000000000,1.000000000000000,,{C13DCB0F-5661-4C1B-80DE-C443314B338F},3/03/2026 2:14:06.797,,3/03/2026 2:14:06.797,,0.000000000000000,50
{47439A2F-A02C-461F-BCF1-56A96B6C4DD5},745.000000000000000,,5.000000000000000,2.000000000000000,43.000000000000000,"Very high mortality, dry site.",{FE4FC0DF-8959-4AC6-829D-AC6A8E05353F},3/03/2026 2:29:16.461,,3/03/2026 2:29:16.461,,0.000000000000000,50
{BE65AC0B-A831-4FF7-9A83-93C41E738FC5},721.100000000000023,,48.000000000000000,1.000000000000000,1.000000000000000,Additional plot since first was so bad. Appears to be worse on ridges and better lower down.,{FE4FC0DF-8959-4AC6-829D-AC6A8E05353F},3/03/2026 2:29:16.461,,3/03/2026 2:29:16.461,,0.000000000000000,50
{E852D8B1-52A2-4479-B49D-729BA871873C},721.000000000000000,,35.000000000000000,1.000000000000000,11.000000000000000,,{FE4FC0DF-8959-4AC6-829D-AC6A8E05353F},3/03/2026 2:29:16.461,,3/03/2026 2:29:16.461,,3.000000000000000,50
{5E94B514-BDFB-4991-9FD6-40E3B77BC37E},720.000000000000000,,38.000000000000000,2.000000000000000,6.000000000000000,,{FE4FC0DF-8959-4AC6-829D-AC6A8E05353F},3/03/2026 2:29:16.461,,3/03/2026 2:29:16.461,,4.000000000000000,50
{D162DFF4-D0B2-4427-8F72-5BFD7CA86113},1867.000000000000000,,42.000000000000000,3.000000000000000,1.000000000000000,,{3AC062EB-57F0-41FF-82DC-52E14C5B390C},3/03/2026 4:55:08.660,,3/03/2026 4:55:08.660,,4.000000000000000,50
{BC8941AE-9E0C-47FC-A101-136658C5EF93},1828.000000000000000,,40.000000000000000,6.000000000000000,4.000000000000000,,{3AC062EB-57F0-41FF-82DC-52E14C5B390C},3/03/2026 4:55:08.660,,3/03/2026 4:55:08.660,,0.000000000000000,50
{4D13FDA4-A010-479C-B2F3-38D253DD0EFF},841.000000000000000,,45.000000000000000,2.000000000000000,3.000000000000000,,{3B784615-67AC-4AA6-88D9-9391CE0FCA2A},3/03/2026 5:18:12.260,,3/03/2026 5:18:12.260,,0.000000000000000,50
{EFB4CFC3-CED8-4D2F-8758-16190A2CC902},840.000000000000000,,37.000000000000000,3.000000000000000,5.000000000000000,Boney dry area,{3B784615-67AC-4AA6-88D9-9391CE0FCA2A},3/03/2026 5:18:12.260,,3/03/2026 5:18:12.260,,5.000000000000000,50
{E9BCAA8D-996E-4746-9DBE-DAF28DECA403},1642.000000000000000,,47.000000000000000,0.000000000000000,3.000000000000000,1 dead in 3 different rows,{BF70E2E1-856B-42B3-9E24-74F3ECA37ED1},3/03/2026 20:07:20.819,,3/03/2026 20:07:20.819,,0.000000000000000,50
{7BB72500-590A-42BF-909D-4033A5EDB83A},1631.000000000000000,,48.000000000000000,1.000000000000000,0.000000000000000,,{BF70E2E1-856B-42B3-9E24-74F3ECA37ED1},3/03/2026 20:07:20.819,,3/03/2026 20:07:20.819,,1.000000000000000,50
{2D3E47EC-F946-4F71-BA55-2F0F17845C7B},1643.000000000000000,,49.000000000000000,1.000000000000000,0.000000000000000,,{BF70E2E1-856B-42B3-9E24-74F3ECA37ED1},3/03/2026 20:07:20.819,,3/03/2026 20:07:20.819,,0.000000000000000,50
{2270F951-EAF9-458C-AD36-B5F4443E75BE},1644.000000000000000,,49.000000000000000,0.000000000000000,1.000000000000000,,{BF70E2E1-856B-42B3-9E24-74F3ECA37ED1},3/03/2026 20:07:20.819,,3/03/2026 20:07:20.819,,0.000000000000000,50
{E2A5EFB5-CB4D-4EDE-8491-A098C017C381},1632.000000000000000,,45.000000000000000,0.000000000000000,3.000000000000000,Unable to find 2 trees in patch of long grass,{BF70E2E1-856B-42B3-9E24-74F3ECA37ED1},3/03/2026 20:07:20.819,,3/03/2026 20:07:20.819,,2.000000000000000,50
{B08A95FB-62E9-4978-B14C-20138F94756F},1633.000000000000000,,49.000000000000000,1.000000000000000,0.000000000000000,,{BF70E2E1-856B-42B3-9E24-74F3ECA37ED1},3/03/2026 20:07:20.819,,3/03/2026 20:07:20.819,,0.000000000000000,50
{7BD94B5A-103A-4A99-B34C-44F9E09DC832},1634.000000000000000,,46.000000000000000,2.000000000000000,2.000000000000000,Moved plot 5m as gps located in middle of access track,{BF70E2E1-856B-42B3-9E24-74F3ECA37ED1},3/03/2026 20:07:20.819,,3/03/2026 20:07:20.819,,0.000000000000000,50
{57AB57D0-8F56-41FB-B299-094F87C66DD0},1635.000000000000000,,47.000000000000000,2.000000000000000,1.000000000000000,,{BF70E2E1-856B-42B3-9E24-74F3ECA37ED1},3/03/2026 20:07:20.819,,3/03/2026 20:07:20.819,,0.000000000000000,50
{9DE9E44F-8B68-45E2-8ECB-E6BD0C78D111},1636.000000000000000,,49.000000000000000,0.000000000000000,1.000000000000000,,{BF70E2E1-856B-42B3-9E24-74F3ECA37ED1},3/03/2026 20:07:20.819,,3/03/2026 20:07:20.819,,0.000000000000000,50
{A4ABA4A2-D495-4C9D-807C-9023CB7D8FC1},1646.000000000000000,,49.000000000000000,1.000000000000000,0.000000000000000,,{BF70E2E1-856B-42B3-9E24-74F3ECA37ED1},3/03/2026 20:07:20.819,,3/03/2026 20:07:20.819,,0.000000000000000,50
{06C9B939-E018-4BD0-A2FD-A6B49FCCC586},1645.000000000000000,,49.000000000000000,0.000000000000000,1.000000000000000,,{BF70E2E1-856B-42B3-9E24-74F3ECA37ED1},3/03/2026 20:07:20.819,,3/03/2026 20:07:20.819,,0.000000000000000,50
{AB188E93-DF93-4224-AE92-F249261A0F08},1674.000000000000000,,50.000000000000000,0.000000000000000,0.000000000000000,,{BF70E2E1-856B-42B3-9E24-74F3ECA37ED1},3/03/2026 20:07:20.819,,3/03/2026 20:07:20.819,,0.000000000000000,50
{79566A21-C9CC-4BEF-988D-52215865C193},1675.000000000000000,,45.000000000000000,0.000000000000000,5.000000000000000,,{BF70E2E1-856B-42B3-9E24-74F3ECA37ED1},3/03/2026 20:07:20.819,,3/03/2026 20:07:20.819,,0.000000000000000,50
{B29F3321-B2E8-4739-A85C-0F4674BA5EDA},1676.000000000000000,,26.000000000000000,1.000000000000000,23.000000000000000,"Dead trees spread throughout this paddock, heavily pugged paddock",{ED1B0E3A-4F01-469C-8844-D7CB2FF10F9B},3/03/2026 21:04:05.944,,3/03/2026 21:04:05.944,,0.000000000000000,50
{C1599635-9E56-4916-A773-B3FC8BC08AC2},1692.000000000000000,,36.000000000000000,4.000000000000000,10.000000000000000,Dead trees spread throughout this paddock,{ED1B0E3A-4F01-469C-8844-D7CB2FF10F9B},3/03/2026 21:04:05.944,,3/03/2026 21:04:05.944,,0.000000000000000,50
{F1B39296-6FCB-44D1-8C25-E87D96145B7E},1673.000000000000000,,0.000000000000000,0.000000000000000,0.000000000000000,"No trees survived in this area of wetland, dont recomend blanking due to being very wet in this area",{ED1B0E3A-4F01-469C-8844-D7CB2FF10F9B},3/03/2026 21:04:05.944,,3/03/2026 21:04:05.944,,50.000000000000000,50
{D8D0848D-0523-46FA-B905-F42BE73563AA},1708.000000000000000,,34.000000000000000,6.000000000000000,10.000000000000000,,{ED1B0E3A-4F01-469C-8844-D7CB2FF10F9B},3/03/2026 21:04:05.944,,3/03/2026 21:04:05.944,,0.000000000000000,50
{D05A8CFE-62A9-43E7-9726-28FC5E554505},1707.000000000000000,,39.000000000000000,5.000000000000000,3.000000000000000,"Wet peat soil in this area, trees doing well considering",{ED1B0E3A-4F01-469C-8844-D7CB2FF10F9B},3/03/2026 21:04:05.944,,3/03/2026 21:04:05.944,,3.000000000000000,50
{ED7FABEE-D45C-4C67-AB93-E56216595EDD},1691.000000000000000,,24.000000000000000,7.000000000000000,16.000000000000000,"Trees are growing where possible, dont think blanking would survive here due to seedlings getting wet feet in some areas",{9077B498-56E6-4571-9257-9FFBA89CDA2A},3/03/2026 21:18:37.379,,3/03/2026 21:18:37.379,,3.000000000000000,50
{68833C7F-8B7F-4B0F-8AB7-1C4FEB0602F3},1719.000000000000000,,31.000000000000000,2.000000000000000,6.000000000000000,Change in row direction halfway through plot. Many missing in long dead grass.,{3A8FF3D3-A96D-4D17-B33C-88DD9C0AE335},3/03/2026 21:40:21.948,,3/03/2026 21:40:21.948,,11.000000000000000,50
{1AC904D8-ACC3-4BAB-B9F1-C11CE7CCCE04},1718.000000000000000,,36.000000000000000,4.000000000000000,10.000000000000000,,{3A8FF3D3-A96D-4D17-B33C-88DD9C0AE335},3/03/2026 21:40:21.948,,3/03/2026 21:40:21.948,,0.000000000000000,50
{5C5B7170-8B72-41FD-9D26-BE4914CEF889},1717.000000000000000,,34.000000000000000,2.000000000000000,14.000000000000000,,{3A8FF3D3-A96D-4D17-B33C-88DD9C0AE335},3/03/2026 21:40:21.948,,3/03/2026 21:40:21.948,,0.000000000000000,50
{6E6CD0D2-212E-487C-9BA7-016DEA7C620F},1706.000000000000000,,38.000000000000000,1.000000000000000,10.000000000000000,Some boggy ground in plot.,{3A8FF3D3-A96D-4D17-B33C-88DD9C0AE335},3/03/2026 21:40:21.948,,3/03/2026 21:40:21.948,,1.000000000000000,50
{6EAF9B38-B21F-47DD-86D3-F79FBEEEF392},1705.000000000000000,,38.000000000000000,2.000000000000000,10.000000000000000,,{3A8FF3D3-A96D-4D17-B33C-88DD9C0AE335},3/03/2026 21:40:21.948,,3/03/2026 21:40:21.948,,0.000000000000000,50
{199AE86D-6E9E-4E8B-A0F6-6AEE120A8F76},1690.000000000000000,,37.000000000000000,4.000000000000000,9.000000000000000,,{3A8FF3D3-A96D-4D17-B33C-88DD9C0AE335},3/03/2026 21:40:21.948,,3/03/2026 21:40:21.948,,0.000000000000000,50
{A8B4DA10-59FE-46FD-8375-5001A788201C},1689.000000000000000,,38.000000000000000,0.000000000000000,12.000000000000000,Waterway at bottom of plot.,{3A8FF3D3-A96D-4D17-B33C-88DD9C0AE335},3/03/2026 21:40:21.948,,3/03/2026 21:40:21.948,,0.000000000000000,50
{7ED82338-B1BD-448E-830F-3754AB076C6E},1688.000000000000000,,41.000000000000000,1.000000000000000,8.000000000000000,,{3A8FF3D3-A96D-4D17-B33C-88DD9C0AE335},3/03/2026 21:40:21.948,,3/03/2026 21:40:21.948,,0.000000000000000,50
{1D4FD8BB-B410-44EC-A4E9-746FE5CAA572},1687.000000000000000,,43.000000000000000,3.000000000000000,4.000000000000000,,{3A8FF3D3-A96D-4D17-B33C-88DD9C0AE335},3/03/2026 21:40:21.948,,3/03/2026 21:40:21.948,,0.000000000000000,50
{3F6BE4B9-0796-40CD-A4A8-4372613741E1},1686.000000000000000,,44.000000000000000,2.000000000000000,4.000000000000000,,{3A8FF3D3-A96D-4D17-B33C-88DD9C0AE335},3/03/2026 21:40:21.948,,3/03/2026 21:40:21.948,,0.000000000000000,50
{0C575923-33CA-40C2-B9CB-56AD3799877B},1670.000000000000000,,38.000000000000000,1.000000000000000,7.000000000000000,Rocky exposed knoll,{3A8FF3D3-A96D-4D17-B33C-88DD9C0AE335},3/03/2026 21:40:21.948,,3/03/2026 21:40:21.948,,4.000000000000000,50
{C6FE223C-D2C9-4506-93DE-A3A5F64E404A},1671.000000000000000,,45.000000000000000,0.000000000000000,5.000000000000000,,{3A8FF3D3-A96D-4D17-B33C-88DD9C0AE335},3/03/2026 21:40:21.948,,3/03/2026 21:40:21.948,,0.000000000000000,50
{9815485F-BA62-42E5-A2DE-89A95C28CD58},1672.000000000000000,,44.000000000000000,1.000000000000000,5.000000000000000,,{3A8FF3D3-A96D-4D17-B33C-88DD9C0AE335},3/03/2026 21:40:21.948,,3/03/2026 21:40:21.948,,0.000000000000000,50
{E7B6A3C1-0C1F-478D-B73F-D1C31585D6C2},1723.000000000000000,,38.000000000000000,0.000000000000000,12.000000000000000,Similar survival in surounding area/this paddock. Ex crop paddock,{C428E9C5-AF6F-4C65-8830-A4C8ECFE6108},3/03/2026 21:48:42.797,,3/03/2026 21:48:42.797,,0.000000000000000,50
{9BA8606F-E3CF-4A2D-8B40-696FE44CCC31},1722.000000000000000,,32.000000000000000,2.000000000000000,16.000000000000000,"Read spread evenly through plot area, ex crop paddock. Ground is hard and dry",{C428E9C5-AF6F-4C65-8830-A4C8ECFE6108},3/03/2026 21:48:42.797,,3/03/2026 21:48:42.797,,0.000000000000000,50
{5D21D191-09FA-41E2-B02F-DEB8BF1D9867},1725.000000000000000,,28.000000000000000,2.000000000000000,20.000000000000000,"Simular throughout this paddock, ex crop, hard dry ground",{C428E9C5-AF6F-4C65-8830-A4C8ECFE6108},3/03/2026 21:48:42.797,,3/03/2026 21:48:42.797,,0.000000000000000,50
{F651E11B-DD87-411B-995E-F2927E3A25B1},1721.000000000000000,,46.000000000000000,1.000000000000000,3.000000000000000,,{C428E9C5-AF6F-4C65-8830-A4C8ECFE6108},3/03/2026 21:48:42.797,,3/03/2026 21:48:42.797,,0.000000000000000,50
{0B7DAD90-0F2C-4ED2-BCD1-7503458A8F27},1720.000000000000000,,44.000000000000000,1.000000000000000,5.000000000000000,,{C428E9C5-AF6F-4C65-8830-A4C8ECFE6108},3/03/2026 21:48:42.797,,3/03/2026 21:48:42.797,,0.000000000000000,50
{174C7D6C-2E51-4049-99FE-A3D0D5FF5490},1724.000000000000000,,37.000000000000000,1.000000000000000,12.000000000000000,Similar throughout paddock,{C428E9C5-AF6F-4C65-8830-A4C8ECFE6108},3/03/2026 21:48:42.797,,3/03/2026 21:48:42.797,,0.000000000000000,50
{50E2592E-64CA-4105-B5A4-15CA4F07C242},1704.000000000000000,,33.000000000000000,1.000000000000000,10.000000000000000,,{97EB51A5-8033-4B0B-97EE-32A3100DBFE9},3/03/2026 22:03:02.191,,3/03/2026 22:03:02.191,,6.000000000000000,50
{D79848F8-E239-4547-BAFD-653DDF9D0FA6},1703.000000000000000,,46.000000000000000,0.000000000000000,4.000000000000000,,{97EB51A5-8033-4B0B-97EE-32A3100DBFE9},3/03/2026 22:03:02.191,,3/03/2026 22:03:02.191,,0.000000000000000,50
{004345F9-68D9-4141-8252-10E1539E25A4},1685.000000000000000,,46.000000000000000,0.000000000000000,4.000000000000000,,{97EB51A5-8033-4B0B-97EE-32A3100DBFE9},3/03/2026 22:03:02.191,,3/03/2026 22:03:02.191,,0.000000000000000,50
{15735E2B-CE0A-44C1-B092-4DEF497F0F4F},1701.000000000000000,,48.000000000000000,0.000000000000000,2.000000000000000,,{97EB51A5-8033-4B0B-97EE-32A3100DBFE9},3/03/2026 22:03:02.191,,3/03/2026 22:03:02.191,,0.000000000000000,50
{E19D00C6-51A4-46E7-A5EC-EE178FC27DCB},1702.000000000000000,,42.000000000000000,4.000000000000000,4.000000000000000,,{97EB51A5-8033-4B0B-97EE-32A3100DBFE9},3/03/2026 22:03:02.191,,3/03/2026 22:03:02.191,,0.000000000000000,50
{FF2B0319-9478-45BF-A844-F1D1E8CF1C20},1714.000000000000000,,46.000000000000000,0.000000000000000,4.000000000000000,,{97EB51A5-8033-4B0B-97EE-32A3100DBFE9},3/03/2026 22:03:02.191,,3/03/2026 22:03:02.191,,0.000000000000000,50
{DC33F795-7516-4BB7-8F79-0AE155B5C789},1716.000000000000000,,41.000000000000000,2.000000000000000,7.000000000000000,,{1E92A4EF-79D9-4AAC-BED7-294FD69E8569},3/03/2026 22:05:29.287,,3/03/2026 22:05:29.287,,0.000000000000000,50
{3286C031-E175-4E84-B67B-8F1621FD0A62},1715.000000000000000,,35.000000000000000,1.000000000000000,14.000000000000000,"Hard dry ex crop paddock, dead patchs throughout paddock",{1E92A4EF-79D9-4AAC-BED7-294FD69E8569},3/03/2026 22:05:29.287,,3/03/2026 22:05:29.287,,0.000000000000000,50
{C7C2F523-6085-4907-BA29-31A5450DF226},2046.000000000000000,,50.000000000000000,0.000000000000000,0.000000000000000,Great survival,{0FA51BF9-7F4F-4FBC-8F83-651150237E46},4/03/2026 0:08:37.569,,4/03/2026 0:08:37.569,,0.000000000000000,50
{A2A4B493-EB8D-404C-B8BA-B46D830ADA9E},2055.000000000000000,,49.000000000000000,1.000000000000000,0.000000000000000,"Green grass in plot, some change of line directin in plot.",{0FA51BF9-7F4F-4FBC-8F83-651150237E46},4/03/2026 0:08:37.569,,4/03/2026 0:08:37.569,,0.000000000000000,50
{D9512313-FEC3-4BDF-96BD-ADDCDB1DC35E},2056.000000000000000,,46.000000000000000,0.000000000000000,2.000000000000000,,{0FA51BF9-7F4F-4FBC-8F83-651150237E46},4/03/2026 0:08:37.569,,4/03/2026 0:08:37.569,,2.000000000000000,50
{21AA54CC-2D5C-4516-B6C7-77A136E07852},2083.000000000000000,,46.000000000000000,0.000000000000000,4.000000000000000,"Odd dead spread evenly through plot area,",{7BD89B31-4D07-46D5-8934-A0287F1E44B6},4/03/2026 0:25:04.021,,4/03/2026 0:25:04.021,,0.000000000000000,50
{A82EBA2E-5A3D-4A8C-BB0E-B8C8FFF5D3C9},2082.000000000000000,,45.000000000000000,3.000000000000000,2.000000000000000,,{7BD89B31-4D07-46D5-8934-A0287F1E44B6},4/03/2026 0:25:04.021,,4/03/2026 0:25:04.021,,0.000000000000000,50
{0E128B2A-3903-420F-963A-D259B940F7D1},2081.000000000000000,,48.000000000000000,0.000000000000000,1.000000000000000,,{7BD89B31-4D07-46D5-8934-A0287F1E44B6},4/03/2026 0:25:04.021,,4/03/2026 0:25:04.021,,1.000000000000000,50
{E1949B06-5D66-4F1F-85D1-485223956CCC},2074.000000000000000,,43.000000000000000,0.000000000000000,5.000000000000000,Crew have spot planted through matagauri,{7BD89B31-4D07-46D5-8934-A0287F1E44B6},4/03/2026 0:25:04.021,,4/03/2026 0:25:04.021,,2.000000000000000,50
{6065622B-71DE-487C-A8FE-B82DA4BD02BF},2073.000000000000000,,39.000000000000000,2.000000000000000,3.000000000000000,Unable to find some trees due to flatt grass,{7BD89B31-4D07-46D5-8934-A0287F1E44B6},4/03/2026 0:25:04.021,,4/03/2026 0:25:04.021,,6.000000000000000,50
{8CCCC64C-6004-4250-B603-B00F751F2554},2063.000000000000000,,44.000000000000000,3.000000000000000,3.000000000000000,,{7BD89B31-4D07-46D5-8934-A0287F1E44B6},4/03/2026 0:25:04.021,,4/03/2026 0:25:04.021,,0.000000000000000,50
{D260430B-1D89-471C-AAE4-F46669EEE11B},2064.000000000000000,,47.000000000000000,0.000000000000000,2.000000000000000,,{7BD89B31-4D07-46D5-8934-A0287F1E44B6},4/03/2026 0:25:04.021,,4/03/2026 0:25:04.021,,1.000000000000000,50
{BA6A32D9-863A-42C2-A7F7-817AEA5F1E66},2109.000000000000000,,18.000000000000000,3.000000000000000,6.000000000000000,Grass too long to do effective plot. Once died down will be fine for plots.,{56FD75D7-DB7F-4DD5-A552-21BFB203F1B8},4/03/2026 1:53:23.165,,4/03/2026 1:53:23.165,,23.000000000000000,50
{F16613D8-33EC-4730-B5B7-4991CBA338ED},402.000000000000000,,42.000000000000000,3.000000000000000,4.000000000000000,1 stressed tree has old hare damage,{C277C77D-AA09-4C3E-BECA-6E64303F3202},11/03/2026 22:40:48.045,,13/04/2026 0:30:20.831,ScarlettMichelle,1.000000000000000,50
{6DE36E58-575E-4F91-8876-1E3C20FA270F},392.000000000000000,,43.000000000000000,1.000000000000000,4.000000000000000,3 dead trees are from old hare damage,{C277C77D-AA09-4C3E-BECA-6E64303F3202},11/03/2026 22:40:48.045,,11/03/2026 22:40:48.045,,2.000000000000000,50
{861379CB-B57B-4FDD-9F43-AEC1BFD61725},401.000000000000000,,45.000000000000000,2.000000000000000,1.000000000000000,,{C277C77D-AA09-4C3E-BECA-6E64303F3202},11/03/2026 22:40:48.045,,11/03/2026 22:40:48.045,,2.000000000000000,50
{0C178342-103A-43E8-9D9B-6D77BCA309C5},412.000000000000000,,43.000000000000000,7.000000000000000,0.000000000000000,,{C277C77D-AA09-4C3E-BECA-6E64303F3202},11/03/2026 22:40:48.045,,11/03/2026 22:40:48.045,,0.000000000000000,50
{5BE5FE53-B214-4649-9692-3339CC075E63},425.000000000000000,,42.000000000000000,3.000000000000000,3.000000000000000,,{C277C77D-AA09-4C3E-BECA-6E64303F3202},11/03/2026 22:40:48.045,,11/03/2026 22:40:48.045,,2.000000000000000,50
{621C119E-FDDA-4973-86C6-E32171194F21},411.000000000000000,,24.000000000000000,11.000000000000000,13.000000000000000,Old hare damage for some dead trees. Some live trees still healthy just stunted,{C277C77D-AA09-4C3E-BECA-6E64303F3202},11/03/2026 22:40:48.045,,13/04/2026 0:45:55.624,ScarlettMichelle,2.000000000000000,50
{4B423E30-D796-4C07-9642-051D4B79C139},400.000000000000000,,31.000000000000000,3.000000000000000,11.000000000000000,,{C277C77D-AA09-4C3E-BECA-6E64303F3202},11/03/2026 22:40:48.045,,11/03/2026 22:40:48.045,,5.000000000000000,50
{67826158-3B18-427B-9FF7-4C95B73A777B},399.000000000000000,,38.000000000000000,3.000000000000000,7.000000000000000,Long dead grass,{C277C77D-AA09-4C3E-BECA-6E64303F3202},11/03/2026 22:40:48.045,,11/03/2026 22:40:48.045,,2.000000000000000,50
{C449E545-F0E5-448C-9296-12B98DFFA40D},390.000000000000000,,43.000000000000000,5.000000000000000,2.000000000000000,Long dead grass ,{C277C77D-AA09-4C3E-BECA-6E64303F3202},11/03/2026 22:40:48.045,,11/03/2026 22:40:48.045,,0.000000000000000,50
{124515E5-A04A-49EB-AE9A-15A826E25067},392.000000000000000,,46.000000000000000,1.000000000000000,3.000000000000000,Edge of sprayed area,{C277C77D-AA09-4C3E-BECA-6E64303F3202},11/03/2026 22:40:48.045,,11/03/2026 22:40:48.045,,0.000000000000000,50
{5860A229-C947-4BDF-AA8E-62012A47D23A},383.000000000000000,,41.000000000000000,4.000000000000000,4.000000000000000,Edge of spray area,{C597E802-D599-48A2-A9C1-E5C02FB3416E},11/03/2026 23:53:35.151,,11/03/2026 23:53:35.151,,1.000000000000000,50
{72541AA7-A353-492E-BC3D-47DA6AA6C00D},375.000000000000000,,18.000000000000000,5.000000000000000,27.000000000000000,Bare compacted area,{C597E802-D599-48A2-A9C1-E5C02FB3416E},11/03/2026 23:53:35.151,,11/03/2026 23:53:35.151,,0.000000000000000,50
{0612E3EF-F8CA-417E-A5A2-69B2190BC74B},370.000000000000000,,47.000000000000000,1.000000000000000,2.000000000000000,Rotated area,{C597E802-D599-48A2-A9C1-E5C02FB3416E},11/03/2026 23:53:35.151,,11/03/2026 23:53:35.151,,0.000000000000000,50
{FB698D52-210B-413B-87F0-4E2CC3A5F61A},357.000000000000000,,43.000000000000000,3.000000000000000,4.000000000000000,Rootrakes area,{C597E802-D599-48A2-A9C1-E5C02FB3416E},11/03/2026 23:53:35.151,,11/03/2026 23:53:35.151,,0.000000000000000,50
{92C022D5-E8FA-4FD2-A9D1-CBFC21E6D107},364.000000000000000,,41.000000000000000,5.000000000000000,4.000000000000000,Rotated area,{C597E802-D599-48A2-A9C1-E5C02FB3416E},11/03/2026 23:53:35.151,,13/04/2026 0:44:31.194,ScarlettMichelle,0.000000000000000,50
{3E33078A-E3E3-4532-98AB-865FCF82644A},363.000000000000000,,44.000000000000000,2.000000000000000,4.000000000000000,High dead weeds,{C597E802-D599-48A2-A9C1-E5C02FB3416E},11/03/2026 23:53:35.151,,11/03/2026 23:53:35.151,,0.000000000000000,50
{635EDCD9-F3E4-4B1A-ABFE-E00C65E3DA30},366.000000000000000,,44.000000000000000,5.000000000000000,1.000000000000000,,{C597E802-D599-48A2-A9C1-E5C02FB3416E},11/03/2026 23:53:35.151,,11/03/2026 23:53:35.151,,0.000000000000000,50
{BEF2A61C-ECCC-4F1B-B279-7B6A2FFA95DA},369.000000000000000,,40.000000000000000,0.000000000000000,8.000000000000000,,{C597E802-D599-48A2-A9C1-E5C02FB3416E},11/03/2026 23:53:35.151,,11/03/2026 23:53:35.151,,2.000000000000000,50
{1324E94B-E8A0-4756-BCE0-03EEA968C2D9},374.000000000000000,,39.000000000000000,4.000000000000000,7.000000000000000,,{AF4CD8BB-4127-4B48-B1C3-5251453D05E0},12/03/2026 1:47:21.533,,12/03/2026 1:47:21.533,,0.000000000000000,50
{38AA2DD6-3C9F-4DC6-9E6E-FA891DDEC117},382.000000000000000,,26.000000000000000,5.000000000000000,18.000000000000000,Hard dry compacted area,{AF4CD8BB-4127-4B48-B1C3-5251453D05E0},12/03/2026 1:47:21.533,,12/03/2026 1:47:21.533,,1.000000000000000,50
{77348141-4DB7-4D9E-AC54-FA641658CEC3},368.000000000000000,,49.000000000000000,1.000000000000000,0.000000000000000,Rootraked area,{AF4CD8BB-4127-4B48-B1C3-5251453D05E0},12/03/2026 1:47:21.533,,12/03/2026 1:47:21.533,,0.000000000000000,50
{B225672A-61D0-459B-8BDC-57097D9916B7},365.000000000000000,,48.000000000000000,2.000000000000000,0.000000000000000,Wind rows,{AF4CD8BB-4127-4B48-B1C3-5251453D05E0},12/03/2026 1:47:21.533,,12/03/2026 1:47:21.533,,0.000000000000000,50
{96151649-30FC-4838-8A16-88B2CB81CB8B},373.000000000000000,,50.000000000000000,0.000000000000000,0.000000000000000,Rootraked area,{AF4CD8BB-4127-4B48-B1C3-5251453D05E0},12/03/2026 1:47:21.533,,12/03/2026 1:47:21.533,,0.000000000000000,50
{1410855D-AC3D-4596-9876-C0260DCE1F37},381.000000000000000,,45.000000000000000,5.000000000000000,0.000000000000000,Track and windrow in plot,{AF4CD8BB-4127-4B48-B1C3-5251453D05E0},12/03/2026 1:47:21.533,,13/04/2026 0:43:32.556,ScarlettMichelle,0.000000000000000,50
{4BE260F3-0F8A-4C56-8922-D39A2EB8588E},380.000000000000000,,45.000000000000000,1.000000000000000,2.000000000000000," Wry small trees in plot, possibly browsed at young age.
Hard to find in young grass",{AF4CD8BB-4127-4B48-B1C3-5251453D05E0},12/03/2026 1:47:21.533,,12/03/2026 1:47:21.533,,2.000000000000000,50
{12773FC3-1CA7-4AF5-8D91-DD94228CD21D},389.000000000000000,,38.000000000000000,1.000000000000000,11.000000000000000,Small trees,{AF4CD8BB-4127-4B48-B1C3-5251453D05E0},12/03/2026 1:47:21.533,,12/03/2026 1:47:21.533,,0.000000000000000,50
{2F3863E0-8BD4-44BE-8E33-33A051FCD3AD},388.000000000000000,,39.000000000000000,3.000000000000000,6.000000000000000,Small trees and long grass,{AF4CD8BB-4127-4B48-B1C3-5251453D05E0},12/03/2026 1:47:21.533,,12/03/2026 1:47:21.533,,2.000000000000000,50
{DF99358D-6BED-48F9-9C88-71303FA6B4D9},371.000000000000000,,45.000000000000000,2.000000000000000,1.000000000000000,Steep face on dozer lines,{AF4CD8BB-4127-4B48-B1C3-5251453D05E0},12/03/2026 1:47:21.533,,12/03/2026 1:47:21.533,,2.000000000000000,50
{09BD3124-B439-49DB-AA43-340DE76A8C49},464.000000000000000,,45.000000000000000,1.000000000000000,3.000000000000000,,{26CEA486-187B-4FD6-9B89-27976634491E},12/03/2026 21:41:10.297,,13/04/2026 0:43:37.393,ScarlettMichelle,1.000000000000000,50
{EBF3EA65-E9AC-4907-A97B-193C04D44FD5},467.000000000000000,,45.000000000000000,2.000000000000000,0.000000000000000,"Long thick dead grass, hard to find trees",{26CEA486-187B-4FD6-9B89-27976634491E},12/03/2026 21:41:10.297,,12/03/2026 21:41:10.297,,3.000000000000000,50
{C3E53416-A4BE-4F92-88DD-8E3A49AE5B75},452.000000000000000,,48.000000000000000,1.000000000000000,1.000000000000000,,{26CEA486-187B-4FD6-9B89-27976634491E},12/03/2026 21:41:10.297,,12/03/2026 21:41:10.297,,0.000000000000000,50
{C71F3726-A87D-462B-915A-4358C83C4F60},451.000000000000000,,42.000000000000000,3.000000000000000,4.000000000000000,Waist high thistles,{26CEA486-187B-4FD6-9B89-27976634491E},12/03/2026 21:41:10.297,,12/03/2026 21:41:10.297,,1.000000000000000,50
{BB278E4D-BBCF-44A1-9785-185CE7D6E2CC},466.000000000000000,,47.000000000000000,2.000000000000000,1.000000000000000,Rootraked area,{26CEA486-187B-4FD6-9B89-27976634491E},12/03/2026 21:41:10.297,,12/03/2026 21:41:10.297,,0.000000000000000,50
{A288E343-53B2-4410-B9F1-57DD1E875A03},450.000000000000000,,50.000000000000000,0.000000000000000,0.000000000000000,Portables area,{26CEA486-187B-4FD6-9B89-27976634491E},12/03/2026 21:41:10.297,,12/03/2026 21:41:10.297,,0.000000000000000,50
{418C7B57-9EE8-4C77-8D63-0C5F913E6A76},465.000000000000000,,39.000000000000000,6.000000000000000,5.000000000000000,Trees hard to see in places amongst thistles and long grass,{26CEA486-187B-4FD6-9B89-27976634491E},12/03/2026 21:41:10.297,,12/03/2026 21:41:10.297,,0.000000000000000,50
{11C2F1C2-7557-4CED-9666-B501C938BF23},478.000000000000000,,43.000000000000000,5.000000000000000,2.000000000000000,One line has been driven over multiple times so trees stressed,{26CEA486-187B-4FD6-9B89-27976634491E},12/03/2026 21:41:10.297,,13/04/2026 0:44:03.431,ScarlettMichelle,0.000000000000000,50
{D95AEFDB-0972-48DD-9F7B-F0A436F19C7B},479.000000000000000,,36.000000000000000,3.000000000000000,7.000000000000000,"Old rabbit sign, very small trees coming away after browsing. High thistles in plot",{26CEA486-187B-4FD6-9B89-27976634491E},12/03/2026 21:41:10.297,,12/03/2026 21:41:10.297,,4.000000000000000,50
{05504FF9-30F1-4E95-93D3-94940CEF96A9},480.000000000000000,,40.000000000000000,5.000000000000000,4.000000000000000,,{26CEA486-187B-4FD6-9B89-27976634491E},12/03/2026 21:41:10.297,,12/03/2026 21:41:10.297,,1.000000000000000,50
{E46697EF-0266-4AF6-9BBB-0B04E437D20D},468.000000000000000,,46.000000000000000,1.000000000000000,1.000000000000000,Long grass and thistles,{B9121C63-349B-4AF5-BF43-9508D65433C3},12/03/2026 23:17:33.563,,12/03/2026 23:17:33.563,,2.000000000000000,50
{CC30DF07-51FA-4E5D-BEE1-4F6EE5CC0663},397.000000000000000,,43.000000000000000,2.000000000000000,2.000000000000000,Trees are small and hard to find in grass and thistles,{B9121C63-349B-4AF5-BF43-9508D65433C3},12/03/2026 23:17:33.563,,13/04/2026 0:44:08.449,ScarlettMichelle,3.000000000000000,50
{87C99436-9E6F-4284-8449-440269D39D74},387.000000000000000,,46.000000000000000,1.000000000000000,3.000000000000000,Rootraked area,{B9121C63-349B-4AF5-BF43-9508D65433C3},12/03/2026 23:17:33.563,,12/03/2026 23:17:33.563,,0.000000000000000,50
{5601CB44-12EE-4AFF-BCCC-3E29ECFD17F3},378.000000000000000,,46.000000000000000,2.000000000000000,1.000000000000000,Windrowed area,{B9121C63-349B-4AF5-BF43-9508D65433C3},12/03/2026 23:17:33.563,,12/03/2026 23:17:33.563,,1.000000000000000,50
{2B9F382B-D90B-4670-9818-11B9FAC3ADBC},377.000000000000000,,49.000000000000000,0.000000000000000,1.000000000000000,Rootraked area,{B9121C63-349B-4AF5-BF43-9508D65433C3},12/03/2026 23:17:33.563,,12/03/2026 23:17:33.563,,0.000000000000000,50
{4ECFF39A-555A-41A4-A0C7-032B222386A6},379.000000000000000,,43.000000000000000,1.000000000000000,2.000000000000000,Wind rowed,{B9121C63-349B-4AF5-BF43-9508D65433C3},12/03/2026 23:17:33.563,,12/03/2026 23:17:33.563,,4.000000000000000,50
{F4437827-BB35-4C5D-9F8A-9808095DFAC5},372.000000000000000,,42.000000000000000,3.000000000000000,2.000000000000000,"Windrowed, hard ground",{B9121C63-349B-4AF5-BF43-9508D65433C3},12/03/2026 23:17:33.563,,12/03/2026 23:17:33.563,,3.000000000000000,50
{9F4692AC-BDCB-43D9-81C8-E2EDB727D590},391.000000000000000,,25.000000000000000,2.000000000000000,11.000000000000000,,{4E80FB9C-91EE-439F-A65F-BEAC2E64718D},12/03/2026 23:42:10.354,,12/03/2026 23:42:10.354,,12.000000000000000,50
{72E2AAF9-9E20-4E17-B617-C0F8030C24EF},274.000000000000000,,40.000000000000000,1.000000000000000,1.000000000000000,"Paddock very wet, smaĺl number trees yeĺlow due to wet fèet, otherwise doing very well in this area. Due to line change, plant crew missed a part row.",{377233A9-5AB7-4B93-86F5-07B1A6265DAC},17/03/2026 20:22:42.825,,17/03/2026 20:22:42.825,,8.000000000000000,50
{5AC052B8-EB42-4404-9E6A-2613BE866437},259.000000000000000,,49.000000000000000,0.000000000000000,1.000000000000000,,{377233A9-5AB7-4B93-86F5-07B1A6265DAC},17/03/2026 20:22:42.825,,17/03/2026 20:22:42.825,,0.000000000000000,50
{C0A7D14D-BA46-4E25-BA56-AC671D9CECAD},239.000000000000000,,46.000000000000000,4.000000000000000,0.000000000000000,Some yellow trees due to alot of moisture in atea,{377233A9-5AB7-4B93-86F5-07B1A6265DAC},17/03/2026 20:22:42.825,,17/03/2026 20:22:42.825,,0.000000000000000,50
{ECD2DFD2-AD6A-4201-B213-7C8580728DF8},246.000000000000000,,47.000000000000000,2.000000000000000,1.000000000000000,Very wet under foot,{377233A9-5AB7-4B93-86F5-07B1A6265DAC},17/03/2026 20:22:42.825,,17/03/2026 20:22:42.825,,0.000000000000000,50
{362CD15A-9BDE-47FA-B661-00DF7EFD09D1},247.000000000000000,,47.000000000000000,0.000000000000000,3.000000000000000,,{377233A9-5AB7-4B93-86F5-07B1A6265DAC},17/03/2026 20:22:42.825,,17/03/2026 20:22:42.825,,0.000000000000000,50
{360630CA-F756-4F9C-871D-1D41381CAC81},258.000000000000000,,50.000000000000000,0.000000000000000,0.000000000000000,,{377233A9-5AB7-4B93-86F5-07B1A6265DAC},17/03/2026 20:22:42.825,,17/03/2026 20:22:42.825,,0.000000000000000,50
{52A5751A-B370-4A47-9F9B-A8B48C7B3486},257.000000000000000,,47.000000000000000,1.000000000000000,2.000000000000000,,{377233A9-5AB7-4B93-86F5-07B1A6265DAC},17/03/2026 20:22:42.825,,17/03/2026 20:22:42.825,,0.000000000000000,50
{0362F664-9BB2-40EB-85EE-057F808A0467},245.000000000000000,,49.000000000000000,1.000000000000000,0.000000000000000,,{377233A9-5AB7-4B93-86F5-07B1A6265DAC},17/03/2026 20:22:42.825,,17/03/2026 20:22:42.825,,0.000000000000000,50
{51CE4AAC-A7BB-46FB-995B-14B0A8C9F39F},256.000000000000000,,45.000000000000000,5.000000000000000,0.000000000000000,,{2C12991F-85B9-4A40-B265-D2E76F3055BA},17/03/2026 20:46:07.618,,17/03/2026 20:46:07.618,,0.000000000000000,50
{AB7B78E3-4364-4D5A-A64A-900ADC9248B8},255.000000000000000,,46.000000000000000,3.000000000000000,1.000000000000000,,{2C12991F-85B9-4A40-B265-D2E76F3055BA},17/03/2026 20:46:07.618,,17/03/2026 20:46:07.618,,0.000000000000000,50
{D13104A0-A373-440D-BD0F-BC0FCB462571},272.000000000000000,,49.000000000000000,1.000000000000000,0.000000000000000,,{2C12991F-85B9-4A40-B265-D2E76F3055BA},17/03/2026 20:46:07.618,,17/03/2026 20:46:07.618,,0.000000000000000,50
{66122885-0F97-49E4-9C93-B27A387AB38A},273.000000000000000,,45.000000000000000,1.000000000000000,3.000000000000000,,{2C12991F-85B9-4A40-B265-D2E76F3055BA},17/03/2026 20:46:07.618,,17/03/2026 20:46:07.618,,1.000000000000000,50
{AFA74BB5-DF94-4A23-8129-B5C9C18C265A},271.000000000000000,,48.000000000000000,2.000000000000000,0.000000000000000,,{2C12991F-85B9-4A40-B265-D2E76F3055BA},17/03/2026 20:46:07.618,,17/03/2026 20:46:07.618,,0.000000000000000,50
{D70945D5-F00F-4C75-BF23-D8780C3E3ED3},253.000000000000000,,49.000000000000000,1.000000000000000,0.000000000000000,,{163C2422-59D4-4431-B7F8-AC44C9C2461E},17/03/2026 22:11:17.247,,17/03/2026 22:11:17.247,,0.000000000000000,50
{F176621A-70D4-466D-A1FA-B8841242829F},254.000000000000000,,49.000000000000000,0.000000000000000,1.000000000000000,,{163C2422-59D4-4431-B7F8-AC44C9C2461E},17/03/2026 22:11:17.247,,17/03/2026 22:11:17.247,,0.000000000000000,50
{9AD2B4DB-22F4-42DB-BC6C-C294FCA70C2A},244.000000000000000,,48.000000000000000,0.000000000000000,2.000000000000000,,{163C2422-59D4-4431-B7F8-AC44C9C2461E},17/03/2026 22:11:17.247,,17/03/2026 22:11:17.247,,0.000000000000000,50
{3B4E56A7-AC84-467F-B689-63C8B57224B2},243.000000000000000,,48.000000000000000,2.000000000000000,0.000000000000000,,{163C2422-59D4-4431-B7F8-AC44C9C2461E},17/03/2026 22:11:17.247,,17/03/2026 22:11:17.247,,0.000000000000000,50
{7A1A2FFA-6A98-4C92-958E-A6ABD0B8095F},270.000000000000000,,50.000000000000000,0.000000000000000,0.000000000000000,,{163C2422-59D4-4431-B7F8-AC44C9C2461E},17/03/2026 22:11:17.247,,17/03/2026 22:11:17.247,,0.000000000000000,50
{7EC52F3C-FF4B-4A98-8FA2-14A2F6206A57},269.000000000000000,,47.000000000000000,2.000000000000000,1.000000000000000,,{163C2422-59D4-4431-B7F8-AC44C9C2461E},17/03/2026 22:11:17.247,,17/03/2026 22:11:17.247,,0.000000000000000,50
{4ABD12F1-87D5-4E37-A44F-85B245683219},267.000000000000000,,48.000000000000000,0.000000000000000,2.000000000000000,,{163C2422-59D4-4431-B7F8-AC44C9C2461E},17/03/2026 22:11:17.247,,17/03/2026 22:11:17.247,,0.000000000000000,50
{2CC67649-A0C1-4562-8B4F-1208C5466EB9},268.000000000000000,,48.000000000000000,1.000000000000000,1.000000000000000,,{163C2422-59D4-4431-B7F8-AC44C9C2461E},17/03/2026 22:11:17.247,,17/03/2026 22:11:17.247,,0.000000000000000,50
{2CAF8245-0820-4247-89C2-B0D421381C6F},251.000000000000000,,49.000000000000000,0.000000000000000,1.000000000000000,Some yellowing in this area due to wet area,{163C2422-59D4-4431-B7F8-AC44C9C2461E},17/03/2026 22:11:17.247,,17/03/2026 22:11:17.247,,0.000000000000000,50
{42AE07EC-4C91-4C7D-B9BE-568FABAD8928},252.000000000000000,,46.000000000000000,1.000000000000000,3.000000000000000,"Dead trees have been drowned from wet area above, great survival outside plot area",{163C2422-59D4-4431-B7F8-AC44C9C2461E},17/03/2026 22:11:17.247,,17/03/2026 22:11:17.247,,0.000000000000000,50
{F619DE00-2861-4162-A9DB-5B2573A07AAE},242.000000000000000,,50.000000000000000,0.000000000000000,0.000000000000000,,{163C2422-59D4-4431-B7F8-AC44C9C2461E},17/03/2026 22:11:17.247,,17/03/2026 22:11:17.247,,0.000000000000000,50
{7ACB9579-E45C-454E-BD2B-B89DD2037FA7},241.000000000000000,,47.000000000000000,1.000000000000000,2.000000000000000,,{163C2422-59D4-4431-B7F8-AC44C9C2461E},17/03/2026 22:11:17.247,,17/03/2026 22:11:17.247,,0.000000000000000,50
{53A65A7F-1736-4119-9469-6A61920B653F},240.000000000000000,,48.000000000000000,1.000000000000000,1.000000000000000,,{163C2422-59D4-4431-B7F8-AC44C9C2461E},17/03/2026 22:11:17.247,,17/03/2026 22:11:17.247,,0.000000000000000,50
{8EF122B3-9BFA-4B5F-AB84-2069E59CF24E},250.000000000000000,,48.000000000000000,1.000000000000000,1.000000000000000,,{71484F1A-09A1-498E-B6FC-9EFBCCA15A70},17/03/2026 23:54:43.179,,17/03/2026 23:54:43.179,,0.000000000000000,50
{A3D244AC-4DBB-458C-AA4D-25B34DF9BA5A},249.000000000000000,,44.000000000000000,1.000000000000000,5.000000000000000,Odd scattered dead seen in this paddock due to pugged ex crop paddock,{71484F1A-09A1-498E-B6FC-9EFBCCA15A70},17/03/2026 23:54:43.179,,17/03/2026 23:54:43.179,,0.000000000000000,50
{3EE77D26-6F06-4CEE-A42D-9A85C289ED76},266.000000000000000,,45.000000000000000,3.000000000000000,2.000000000000000,,{71484F1A-09A1-498E-B6FC-9EFBCCA15A70},17/03/2026 23:54:43.179,,17/03/2026 23:54:43.179,,0.000000000000000,50
{D8D3E0AF-DF83-4B37-B710-A3FD16C14FD4},265.000000000000000,,48.000000000000000,0.000000000000000,2.000000000000000,,{71484F1A-09A1-498E-B6FC-9EFBCCA15A70},17/03/2026 23:54:43.179,,17/03/2026 23:54:43.179,,0.000000000000000,50
{39576112-00B1-4A23-8C30-45F62CEDBF25},264.000000000000000,,45.000000000000000,2.000000000000000,2.000000000000000,,{71484F1A-09A1-498E-B6FC-9EFBCCA15A70},17/03/2026 23:54:43.179,,17/03/2026 23:54:43.179,,1.000000000000000,50
{69EAFEA6-62D5-48DC-A97F-E8E422DE76DC},278.000000000000000,,36.000000000000000,6.000000000000000,8.000000000000000,Heavily pugged area of ex crop paddock,{71484F1A-09A1-498E-B6FC-9EFBCCA15A70},17/03/2026 23:54:43.179,,17/03/2026 23:54:43.179,,0.000000000000000,50
{50EC9A4E-B664-466A-A310-63C7D10051BC},288.000000000000000,,48.000000000000000,1.000000000000000,1.000000000000000,,{71484F1A-09A1-498E-B6FC-9EFBCCA15A70},17/03/2026 23:54:43.179,,17/03/2026 23:54:43.179,,0.000000000000000,50
{84ABA8BE-7E58-495C-B0A5-64A1D82628DB},287.000000000000000,,50.000000000000000,0.000000000000000,0.000000000000000,,{71484F1A-09A1-498E-B6FC-9EFBCCA15A70},17/03/2026 23:54:43.179,,17/03/2026 23:54:43.179,,0.000000000000000,50
{A35670A8-054A-4D42-8ED0-7134BD4BB27F},277.000000000000000,,45.000000000000000,3.000000000000000,2.000000000000000,,{71484F1A-09A1-498E-B6FC-9EFBCCA15A70},17/03/2026 23:54:43.179,,17/03/2026 23:54:43.179,,0.000000000000000,50
{D78BE918-5753-4006-9BC6-3D79721FC0F6},263.000000000000000,,47.000000000000000,1.000000000000000,1.000000000000000,,{71484F1A-09A1-498E-B6FC-9EFBCCA15A70},17/03/2026 23:54:43.179,,17/03/2026 23:54:43.179,,1.000000000000000,50
{D3DCC2A1-5FF5-4E2A-BFA0-F7551F24121A},276.000000000000000,,47.000000000000000,0.000000000000000,3.000000000000000,,{71484F1A-09A1-498E-B6FC-9EFBCCA15A70},17/03/2026 23:54:43.179,,17/03/2026 23:54:43.179,,0.000000000000000,50
{A0FAEA07-584B-4AE0-99F5-D784E0F92E91},262.000000000000000,,47.000000000000000,2.000000000000000,1.000000000000000,,{71484F1A-09A1-498E-B6FC-9EFBCCA15A70},17/03/2026 23:54:43.179,,17/03/2026 23:54:43.179,,0.000000000000000,50
{6C5C4546-7A70-4409-912A-6997EFD203EB},261.000000000000000,,48.000000000000000,1.000000000000000,1.000000000000000,,{71484F1A-09A1-498E-B6FC-9EFBCCA15A70},17/03/2026 23:54:43.179,,17/03/2026 23:54:43.179,,0.000000000000000,50
{D5CFBA5D-84C6-4632-BAE6-85054DCBD9DE},260.000000000000000,,46.000000000000000,2.000000000000000,2.000000000000000,,{71484F1A-09A1-498E-B6FC-9EFBCCA15A70},17/03/2026 23:54:43.179,,17/03/2026 23:54:43.179,,0.000000000000000,50
{98F4E609-756B-453E-8EA1-BFA920B613FE},248.000000000000000,,41.000000000000000,6.000000000000000,3.000000000000000,High number stressed due to wet ground from spring above,{71484F1A-09A1-498E-B6FC-9EFBCCA15A70},17/03/2026 23:54:43.179,,17/03/2026 23:54:43.179,,0.000000000000000,50
{0DD32F66-F652-45B0-B0B3-765C028F0B92},275.000000000000000,,49.000000000000000,1.000000000000000,0.000000000000000,,{71484F1A-09A1-498E-B6FC-9EFBCCA15A70},17/03/2026 23:54:43.179,,17/03/2026 23:54:43.179,,0.000000000000000,50
{881662AC-A606-46A7-8371-0AFD8EDFF605},284.000000000000000,,50.000000000000000,0.000000000000000,0.000000000000000,,{71484F1A-09A1-498E-B6FC-9EFBCCA15A70},17/03/2026 23:54:43.179,,17/03/2026 23:54:43.179,,0.000000000000000,50
{D6EF9E77-F011-48FF-8394-9BD203EC0D76},292.000000000000000,,49.000000000000000,0.000000000000000,1.000000000000000,,{71484F1A-09A1-498E-B6FC-9EFBCCA15A70},17/03/2026 23:54:43.179,,17/03/2026 23:54:43.179,,0.000000000000000,50
{C9B53E91-A6A7-444C-99BE-28A4D160BBE5},285.000000000000000,,50.000000000000000,0.000000000000000,0.000000000000000,,{7931F991-3B88-4F65-9B52-8271484739FF},18/03/2026 3:15:30.956,,18/03/2026 3:15:30.956,,0.000000000000000,50
{34201164-2931-402E-941C-F7FACAD8DA5B},286.000000000000000,,38.000000000000000,1.000000000000000,11.000000000000000,Trees strugling in a est 1ha area due to wet are in and around plot area,{7931F991-3B88-4F65-9B52-8271484739FF},18/03/2026 3:15:30.956,,18/03/2026 3:15:30.956,,0.000000000000000,50
{CF53B511-0866-4AF7-9A28-0B58249237C6},294.000000000000000,,50.000000000000000,0.000000000000000,0.000000000000000,,{7931F991-3B88-4F65-9B52-8271484739FF},18/03/2026 3:15:30.956,,18/03/2026 3:15:30.956,,0.000000000000000,50
{8C8E0587-D9E9-460B-8BE2-81F503F0A93B},293.000000000000000,,49.000000000000000,1.000000000000000,0.000000000000000,,{7931F991-3B88-4F65-9B52-8271484739FF},18/03/2026 3:15:30.956,,18/03/2026 3:15:30.956,,0.000000000000000,50
{0ED6E61E-949F-415B-8954-A86E52A0ABF8},303.000000000000000,,17.000000000000000,0.000000000000000,0.000000000000000,Unable to locate seedlings due to tall weed. Weed only seen in this paddock,{7931F991-3B88-4F65-9B52-8271484739FF},18/03/2026 3:15:30.956,,18/03/2026 3:15:30.956,,33.000000000000000,50
{D4359A36-2659-41F6-B193-A2892B2AEA68},302.000000000000000,,35.000000000000000,2.000000000000000,0.000000000000000,Unable to locate seedling in 2 rows due to tall weed. Weed only seen in this paddock,{7931F991-3B88-4F65-9B52-8271484739FF},18/03/2026 3:15:30.956,,18/03/2026 3:15:30.956,,13.000000000000000,50
{F72FC5C3-DA95-4F3B-8547-32C1C3F03A3B},304.000000000000000,,47.000000000000000,2.000000000000000,1.000000000000000,,{7931F991-3B88-4F65-9B52-8271484739FF},18/03/2026 3:15:30.956,,18/03/2026 3:15:30.956,,0.000000000000000,50
{494BE5D9-6345-4690-8486-DB05215E561E},295.000000000000000,,49.000000000000000,1.000000000000000,0.000000000000000,,{7931F991-3B88-4F65-9B52-8271484739FF},18/03/2026 3:15:30.956,,18/03/2026 3:15:30.956,,0.000000000000000,50
{2CC41C3B-8520-4C46-8774-0A16DB2A6E97},296.000000000000000,,48.000000000000000,2.000000000000000,0.000000000000000,,{7931F991-3B88-4F65-9B52-8271484739FF},18/03/2026 3:15:30.956,,18/03/2026 3:15:30.956,,0.000000000000000,50
{4C29B50E-2D15-4082-BD5D-9C8A206E460A},305.000000000000000,,48.000000000000000,0.000000000000000,2.000000000000000,Tall weeds,{7931F991-3B88-4F65-9B52-8271484739FF},18/03/2026 3:15:30.956,,18/03/2026 3:15:30.956,,0.000000000000000,50
{32727A47-7616-4832-A2F4-5E621D9AA092},312.000000000000000,,49.000000000000000,0.000000000000000,0.000000000000000,Tall weeds,{7931F991-3B88-4F65-9B52-8271484739FF},18/03/2026 3:15:30.956,,18/03/2026 3:15:30.956,,1.000000000000000,50
{1479C5EF-3EFE-4BAD-A742-1F907F50861F},313.000000000000000,,47.000000000000000,1.000000000000000,2.000000000000000,,{7931F991-3B88-4F65-9B52-8271484739FF},18/03/2026 3:15:30.956,,18/03/2026 3:15:30.956,,0.000000000000000,50
{B2BD2AD8-6327-428E-B566-A0D6B42F51CF},314.000000000000000,,50.000000000000000,0.000000000000000,0.000000000000000,,{7931F991-3B88-4F65-9B52-8271484739FF},18/03/2026 3:15:30.956,,18/03/2026 3:15:30.956,,0.000000000000000,50
{8EFDAA46-9607-4EE0-9665-A1234D90D2D1},306.000000000000000,,50.000000000000000,0.000000000000000,0.000000000000000,,{7931F991-3B88-4F65-9B52-8271484739FF},18/03/2026 3:15:30.956,,18/03/2026 3:15:30.956,,0.000000000000000,50
{AD1A42FD-F581-4BE6-9F03-E64D1916D20E},307.000000000000000,,48.000000000000000,1.000000000000000,1.000000000000000,,{7931F991-3B88-4F65-9B52-8271484739FF},18/03/2026 3:15:30.956,,18/03/2026 3:15:30.956,,0.000000000000000,50
{4AF3F5A6-5CA7-486A-ADB1-43FFBC7676F7},308.000000000000000,,49.000000000000000,1.000000000000000,0.000000000000000,,{7931F991-3B88-4F65-9B52-8271484739FF},18/03/2026 3:15:30.956,,18/03/2026 3:15:30.956,,0.000000000000000,50
{B8CEC6CF-6496-436F-BA2E-A8553803AED0},315.000000000000000,,46.000000000000000,2.000000000000000,2.000000000000000,,{7931F991-3B88-4F65-9B52-8271484739FF},18/03/2026 3:15:30.956,,18/03/2026 3:15:30.956,,0.000000000000000,50
{D411BF7A-4A34-440C-808D-030B31B129DE},309.000000000000000,,49.000000000000000,0.000000000000000,1.000000000000000,,{7931F991-3B88-4F65-9B52-8271484739FF},18/03/2026 3:15:30.956,,18/03/2026 3:15:30.956,,0.000000000000000,50
{F7F883FD-FF94-48C9-AF1B-B4D5562CCBFE},316.000000000000000,,46.000000000000000,2.000000000000000,2.000000000000000,,{7931F991-3B88-4F65-9B52-8271484739FF},18/03/2026 3:15:30.956,,18/03/2026 3:15:30.956,,0.000000000000000,50
{70F5DBAC-53E1-4EBE-87BC-BBA9D7E1E3B8},317.000000000000000,,49.000000000000000,1.000000000000000,0.000000000000000,,{7931F991-3B88-4F65-9B52-8271484739FF},18/03/2026 3:15:30.956,,18/03/2026 3:15:30.956,,0.000000000000000,50
{C2C415DB-08ED-4B70-A0CD-F45629B761F2},310.000000000000000,,50.000000000000000,0.000000000000000,0.000000000000000,,{7931F991-3B88-4F65-9B52-8271484739FF},18/03/2026 3:15:30.956,,18/03/2026 3:15:30.956,,0.000000000000000,50
{9779DED4-CC9A-4909-9BF5-EE3FE8A06497},311.000000000000000,,48.000000000000000,2.000000000000000,0.000000000000000,,{BB1A825E-F8AD-4817-ACDC-CC151129C21E},19/03/2026 3:09:43.253,,19/03/2026 3:09:43.253,,0.000000000000000,50
{3835EA58-6B70-4CBF-BD94-6119D26768EF},318.000000000000000,,49.000000000000000,1.000000000000000,0.000000000000000,,{BB1A825E-F8AD-4817-ACDC-CC151129C21E},19/03/2026 3:09:43.253,,19/03/2026 3:09:43.253,,0.000000000000000,50
{DD94979E-5E29-418A-A5FB-D3146EFD9286},319.000000000000000,,49.000000000000000,1.000000000000000,0.000000000000000,,{BB1A825E-F8AD-4817-ACDC-CC151129C21E},19/03/2026 3:09:43.253,,19/03/2026 3:09:43.253,,0.000000000000000,50
{42B2EC08-70AB-402F-8FF9-FAFDA844EEB7},301.000000000000000,,46.000000000000000,3.000000000000000,1.000000000000000,,{BB1A825E-F8AD-4817-ACDC-CC151129C21E},19/03/2026 3:09:43.253,,19/03/2026 3:09:43.253,,0.000000000000000,50
{DC55EA46-0652-46C5-840C-54BDB68C3F2F},300.000000000000000,,47.000000000000000,2.000000000000000,1.000000000000000,,{BB1A825E-F8AD-4817-ACDC-CC151129C21E},19/03/2026 3:09:43.253,,19/03/2026 3:09:43.253,,0.000000000000000,50
{8D72319F-0C74-4EA4-92EE-6323ECB87956},299.000000000000000,,50.000000000000000,0.000000000000000,0.000000000000000,,{BB1A825E-F8AD-4817-ACDC-CC151129C21E},19/03/2026 3:09:43.253,,19/03/2026 3:09:43.253,,0.000000000000000,50
{402CBA59-D3BF-431A-A3D2-B6AA12E73C1C},298.000000000000000,,50.000000000000000,0.000000000000000,0.000000000000000,,{BB1A825E-F8AD-4817-ACDC-CC151129C21E},19/03/2026 3:09:43.253,,19/03/2026 3:09:43.253,,0.000000000000000,50
{304C478E-03C0-4C61-AE4C-FB51AB2F05F8},297.000000000000000,,48.000000000000000,0.000000000000000,2.000000000000000,,{BB1A825E-F8AD-4817-ACDC-CC151129C21E},19/03/2026 3:09:43.253,,19/03/2026 3:09:43.253,,0.000000000000000,50
{6E4D2A04-A2D8-4213-B6D4-A7824FD4FAAD},289.000000000000000,,49.000000000000000,1.000000000000000,0.000000000000000,,{BB1A825E-F8AD-4817-ACDC-CC151129C21E},19/03/2026 3:09:43.253,,19/03/2026 3:09:43.253,,0.000000000000000,50
{5E45D658-2743-42D1-A04D-9733DD703263},290.000000000000000,,46.000000000000000,1.000000000000000,3.000000000000000,,{BB1A825E-F8AD-4817-ACDC-CC151129C21E},19/03/2026 3:09:43.253,,19/03/2026 3:09:43.253,,0.000000000000000,50
{2BEF8DFA-EBF0-4C99-B2F1-BAA7A02F42CB},279.000000000000000,,50.000000000000000,0.000000000000000,0.000000000000000,,{BB1A825E-F8AD-4817-ACDC-CC151129C21E},19/03/2026 3:09:43.253,,19/03/2026 3:09:43.253,,0.000000000000000,50
{042383A0-30E6-4936-B3D9-C7C02EBDE964},280.000000000000000,,50.000000000000000,0.000000000000000,0.000000000000000,,{BB1A825E-F8AD-4817-ACDC-CC151129C21E},19/03/2026 3:09:43.253,,19/03/2026 3:09:43.253,,0.000000000000000,50
{B77FD5EE-C4A4-4291-AB08-08C922C1F0DB},281.000000000000000,,50.000000000000000,0.000000000000000,0.000000000000000,,{BB1A825E-F8AD-4817-ACDC-CC151129C21E},19/03/2026 3:09:43.253,,19/03/2026 3:09:43.253,,0.000000000000000,50
{86FED591-9D1B-418C-B072-357C0E305F2B},282.000000000000000,,49.000000000000000,0.000000000000000,1.000000000000000,,{BB1A825E-F8AD-4817-ACDC-CC151129C21E},19/03/2026 3:09:43.253,,19/03/2026 3:09:43.253,,0.000000000000000,50
{E24801E4-CD7D-4184-9F26-50F80152D1BE},283.000000000000000,,47.000000000000000,1.000000000000000,2.000000000000000,,{BB1A825E-F8AD-4817-ACDC-CC151129C21E},19/03/2026 3:09:43.253,,19/03/2026 3:09:43.253,,0.000000000000000,50
{E47ED8EB-63AA-4FCD-82EC-16E745118A3B},291.000000000000000,,49.000000000000000,1.000000000000000,0.000000000000000,,{BB1A825E-F8AD-4817-ACDC-CC151129C21E},19/03/2026 3:09:43.253,,19/03/2026 3:09:43.253,,0.000000000000000,50
{5D8A0B6A-8368-4284-B199-C5787C589114},1000.000000000000000,,45.000000000000000,0.000000000000000,0.000000000000000,Some new trees in plot area but small number missing too,{CFA191E7-EC8B-4D0E-9320-2B732A4C5560},19/03/2026 3:09:53.614,,19/03/2026 3:09:53.614,,5.000000000000000,50
{167E27C6-97D7-4FD1-ABFC-00717BFF7D4F},1002.000000000000000,,47.000000000000000,2.000000000000000,1.000000000000000,Most trees in this area have been grazed,{CFA191E7-EC8B-4D0E-9320-2B732A4C5560},19/03/2026 3:09:53.614,,19/03/2026 3:09:53.614,,0.000000000000000,50
{764B7EDA-1EED-46C5-AD90-EF36BDCA46B2},1076.000000000000000,,49.000000000000000,1.000000000000000,0.000000000000000,"Small amount of old Hare damage in plot area, trees recovering well",{F42A7C17-DD4F-4069-A0B2-12F6690DCAAC},24/03/2026 21:21:20.459,,24/03/2026 21:21:20.459,,0.000000000000000,50
{F7ACC824-9105-44E7-94A3-DD91A383C655},1114.000000000000000,,42.000000000000000,3.000000000000000,4.000000000000000,Spring running through tussock causing some mortality,{F42A7C17-DD4F-4069-A0B2-12F6690DCAAC},24/03/2026 21:21:20.459,,24/03/2026 21:21:20.459,,1.000000000000000,50
{2A589FD5-21D0-48E2-A314-032C35DF4986},1113.000000000000000,,29.000000000000000,2.000000000000000,17.000000000000000,"Some old Hare damage, dry area also. Survival looks simular on top half of ridge, survival looks better lower down",{F42A7C17-DD4F-4069-A0B2-12F6690DCAAC},24/03/2026 21:21:20.459,,24/03/2026 21:21:20.459,,2.000000000000000,50
{C0C332F5-39B5-4015-AA57-24A113969A34},1112.000000000000000,,47.000000000000000,0.000000000000000,2.000000000000000,,{F42A7C17-DD4F-4069-A0B2-12F6690DCAAC},24/03/2026 21:21:20.459,,24/03/2026 21:21:20.459,,1.000000000000000,50
{8E6AB444-FACF-4446-B7A4-8D03C14DF079},1150.000000000000000,,40.000000000000000,0.000000000000000,8.000000000000000,"Dry area, appears simular looking up ridge, looks better lower down",{F42A7C17-DD4F-4069-A0B2-12F6690DCAAC},24/03/2026 21:21:20.459,,24/03/2026 21:21:20.459,,2.000000000000000,50
{53F038E4-4AE4-4B99-8C47-4C17646EEF73},1151.000000000000000,,36.000000000000000,3.000000000000000,11.000000000000000,Simular survival in surrounding area,{F42A7C17-DD4F-4069-A0B2-12F6690DCAAC},24/03/2026 21:21:20.459,,24/03/2026 21:21:20.459,,0.000000000000000,50
{DD2042F2-59B1-4351-8114-A5319EF99A10},1152.000000000000000,,44.000000000000000,3.000000000000000,3.000000000000000,Good considering rocks and heavy tussock /matagauri in this plot area,{F42A7C17-DD4F-4069-A0B2-12F6690DCAAC},24/03/2026 21:21:20.459,,24/03/2026 21:21:20.459,,0.000000000000000,50
{1898D867-3610-4F4E-99F1-A4954D65C392},1187.000000000000000,,40.000000000000000,0.000000000000000,10.000000000000000,Scattered dead seen in surrounding area. Rocky and dry area of paddock,{F42A7C17-DD4F-4069-A0B2-12F6690DCAAC},24/03/2026 21:21:20.459,,24/03/2026 21:21:20.459,,0.000000000000000,50
{CACE7EDF-0B2B-4A60-9552-1670D64E6CC1},1153.000000000000000,,43.000000000000000,1.000000000000000,6.000000000000000,Odd scattered dead amongst tussock,{F42A7C17-DD4F-4069-A0B2-12F6690DCAAC},24/03/2026 21:21:20.459,,24/03/2026 21:21:20.459,,0.000000000000000,50
{36831948-3875-4839-AF77-C2D7C62CCC03},1188.000000000000000,,49.000000000000000,1.000000000000000,0.000000000000000,Trees doing very well in this plot area,{F5186413-4C97-45CE-BEB7-20D39531242B},24/03/2026 22:54:18.729,,24/03/2026 22:54:18.729,,0.000000000000000,50
{2EE799B5-4C02-4DA2-9FB2-FA0DB224A05E},1227.000000000000000,,43.000000000000000,1.000000000000000,3.000000000000000,Hard to find some as grass hasnt rotted away,{F5186413-4C97-45CE-BEB7-20D39531242B},24/03/2026 22:54:18.729,,24/03/2026 22:54:18.729,,3.000000000000000,50
{35E81AF4-3614-48DA-AA3B-72E6DA0C883D},1128.000000000000000,,50.000000000000000,0.000000000000000,0.000000000000000,"Some of plot area windrowed, otherwise trees doing very well amongst tussocks",{F5186413-4C97-45CE-BEB7-20D39531242B},24/03/2026 22:54:18.729,,24/03/2026 22:54:18.729,,0.000000000000000,50
{29F883C4-7343-4638-AA85-810D8C25B2BF},1229.000000000000000,,48.000000000000000,0.000000000000000,2.000000000000000,,{F5186413-4C97-45CE-BEB7-20D39531242B},24/03/2026 22:54:18.729,,24/03/2026 22:54:18.729,,0.000000000000000,50
{4FDBD80D-2B30-4882-B19D-84973D67EB11},1189.000000000000000,,49.000000000000000,1.000000000000000,0.000000000000000,Doing well amongst tussocks,{F5186413-4C97-45CE-BEB7-20D39531242B},24/03/2026 22:54:18.729,,24/03/2026 22:54:18.729,,0.000000000000000,50
{CA39D070-DAD0-4323-816D-24C6A6799B58},1190.000000000000000,,50.000000000000000,0.000000000000000,0.000000000000000,Crew have done well spot planting amongst tight tussocks,{F5186413-4C97-45CE-BEB7-20D39531242B},24/03/2026 22:54:18.729,,24/03/2026 22:54:18.729,,0.000000000000000,50
{966246E0-1312-457F-A9C5-6F4CCC33052F},528.000000000000000,,32.000000000000000,1.000000000000000,3.000000000000000,"Unable to find spots in a area of plot, found a couple of trees amongst grass but anable to find some. ",{6919644A-64AA-4780-B811-5939169D0634},26/03/2026 22:27:30.073,,26/03/2026 22:27:30.073,,14.000000000000000,50
{37016531-02DB-4534-824F-74621F399F45},529.000000000000000,,40.000000000000000,0.000000000000000,10.000000000000000,,{6919644A-64AA-4780-B811-5939169D0634},26/03/2026 22:27:30.073,,26/03/2026 22:27:30.073,,0.000000000000000,50
{CEFE7494-2CCD-4345-A427-DD3710DF7616},525.000000000000000,,33.000000000000000,0.000000000000000,5.000000000000000,"Very poor spots, some spots appear to be missing",{6919644A-64AA-4780-B811-5939169D0634},26/03/2026 22:27:30.073,,26/03/2026 22:27:30.073,,12.000000000000000,50
{47B5A3C6-7129-4F6D-BD4F-9ACBD3495DBB},524.000000000000000,,44.000000000000000,1.000000000000000,5.000000000000000,,{6919644A-64AA-4780-B811-5939169D0634},26/03/2026 22:27:30.073,,26/03/2026 22:27:30.073,,0.000000000000000,50
{89F2B3CA-C008-4661-9FC3-4B884053B1D2},523.000000000000000,,41.000000000000000,0.000000000000000,8.000000000000000,Most dead in first 3 rows,{6919644A-64AA-4780-B811-5939169D0634},26/03/2026 22:27:30.073,,26/03/2026 22:27:30.073,,1.000000000000000,50
{00855A09-E91E-4EF0-81F8-0415D47B1C73},526.000000000000000,,46.000000000000000,0.000000000000000,1.000000000000000,,{6919644A-64AA-4780-B811-5939169D0634},26/03/2026 22:27:30.073,,26/03/2026 22:27:30.073,,3.000000000000000,50
{8C31F8D2-76CD-4500-984F-EAB5AFC6D698},527.000000000000000,,0.000000000000000,0.000000000000000,1.000000000000000,"Unable to find any spots or trees in this plot area, think crew must have put a widee buffer in for powerline",{6919644A-64AA-4780-B811-5939169D0634},26/03/2026 22:27:30.073,,26/03/2026 22:27:30.073,,49.000000000000000,50
{6F7CDC33-5F51-4702-AFCE-F39C57D27214},586.000000000000000,,45.000000000000000,0.000000000000000,2.000000000000000,,{F002B350-759F-40A1-8FA5-696DAE35DB33},26/03/2026 23:44:51.364,,26/03/2026 23:44:51.364,,3.000000000000000,50
{3360183E-ECC9-4792-A4BA-712C79A86D91},581.000000000000000,,46.000000000000000,0.000000000000000,4.000000000000000,,{F002B350-759F-40A1-8FA5-696DAE35DB33},26/03/2026 23:44:51.364,,26/03/2026 23:44:51.364,,0.000000000000000,50
{6671AABD-F3F2-4EEB-BCA9-3519C3939DC1},580.000000000000000,,44.000000000000000,1.000000000000000,3.000000000000000,,{F002B350-759F-40A1-8FA5-696DAE35DB33},26/03/2026 23:44:51.364,,26/03/2026 23:44:51.364,,2.000000000000000,50
{BA26B081-2FD3-48D3-B83E-09154AF02F75},574.000000000000000,,49.000000000000000,0.000000000000000,1.000000000000000,,{F002B350-759F-40A1-8FA5-696DAE35DB33},26/03/2026 23:44:51.364,,26/03/2026 23:44:51.364,,0.000000000000000,50
{7D7616C1-EADD-4725-B155-42EF8564067D},569.000000000000000,,44.000000000000000,2.000000000000000,0.000000000000000,,{F002B350-759F-40A1-8FA5-696DAE35DB33},26/03/2026 23:44:51.364,,26/03/2026 23:44:51.364,,4.000000000000000,50
{3DE8BA38-E8AD-4810-906B-697BB6388802},566.000000000000000,,47.000000000000000,1.000000000000000,0.000000000000000,,{F002B350-759F-40A1-8FA5-696DAE35DB33},26/03/2026 23:44:51.364,,26/03/2026 23:44:51.364,,2.000000000000000,50
{699FCA3A-5F2F-43D6-BE71-9EAD76093F69},567.000000000000000,,50.000000000000000,0.000000000000000,0.000000000000000,,{F002B350-759F-40A1-8FA5-696DAE35DB33},26/03/2026 23:44:51.364,,26/03/2026 23:44:51.364,,0.000000000000000,50
{3A0734B4-FE96-455A-9FAD-518D122082F4},568.000000000000000,,39.000000000000000,5.000000000000000,2.000000000000000,"Wet area with rushes, weed and spray failing ",{F002B350-759F-40A1-8FA5-696DAE35DB33},26/03/2026 23:44:51.364,,13/04/2026 0:45:00.910,ScarlettMichelle,4.000000000000000,50
{6233680A-E0B6-4C07-B41A-B5B59A6F0095},573.000000000000000,,49.000000000000000,0.000000000000000,0.000000000000000,,{F002B350-759F-40A1-8FA5-696DAE35DB33},26/03/2026 23:44:51.364,,26/03/2026 23:44:51.364,,1.000000000000000,50
{F03D2276-AC60-4291-9E11-69E35A9CD22F},572.000000000000000,,47.000000000000000,0.000000000000000,0.000000000000000,,{F002B350-759F-40A1-8FA5-696DAE35DB33},26/03/2026 23:44:51.364,,26/03/2026 23:44:51.364,,3.000000000000000,50
{538947FE-B8F9-416B-966B-E15719C7970D},571.000000000000000,,45.000000000000000,2.000000000000000,0.000000000000000,,{F3A2A149-BEAD-44F8-A1CB-2779646A8F9E},27/03/2026 0:53:43.704,,27/03/2026 0:53:43.704,,3.000000000000000,50
{8AF686BB-6F15-4664-81B4-CBE1858A0F2D},570.000000000000000,,48.000000000000000,1.000000000000000,0.000000000000000,Heavy weed cover in most spots,{F3A2A149-BEAD-44F8-A1CB-2779646A8F9E},27/03/2026 0:53:43.704,,27/03/2026 0:53:43.704,,1.000000000000000,50
{3805B022-2CDB-488E-AA2C-77B1ABF8FA1D},575.000000000000000,,50.000000000000000,0.000000000000000,0.000000000000000,,{F3A2A149-BEAD-44F8-A1CB-2779646A8F9E},27/03/2026 0:53:43.704,,27/03/2026 0:53:43.704,,0.000000000000000,50
{5EC29471-FDC8-4086-8AE7-DB3A3132CEED},576.000000000000000,,45.000000000000000,0.000000000000000,3.000000000000000,Spots failing,{F3A2A149-BEAD-44F8-A1CB-2779646A8F9E},27/03/2026 0:53:43.704,,27/03/2026 0:53:43.704,,2.000000000000000,50
{2420BA60-2BAD-4D98-9466-29E13127DDD9},577.000000000000000,,40.000000000000000,1.000000000000000,0.000000000000000,,{F3A2A149-BEAD-44F8-A1CB-2779646A8F9E},27/03/2026 0:53:43.704,,27/03/2026 0:53:43.704,,9.000000000000000,50
{7333868C-C107-4894-BD07-D0B74D075699},578.000000000000000,,46.000000000000000,1.000000000000000,1.000000000000000,Spots failing,{F3A2A149-BEAD-44F8-A1CB-2779646A8F9E},27/03/2026 0:53:43.704,,27/03/2026 0:53:43.704,,2.000000000000000,50
{71F57BD5-4954-463F-8209-43ACA2721321},579.000000000000000,,47.000000000000000,0.000000000000000,2.000000000000000,Weed in spots,{F3A2A149-BEAD-44F8-A1CB-2779646A8F9E},27/03/2026 0:53:43.704,,27/03/2026 0:53:43.704,,1.000000000000000,50
{C23A028F-2A8D-438A-BC6A-51EE7C06E2D7},584.000000000000000,,48.000000000000000,0.000000000000000,2.000000000000000,Spots starting to fail,{F3A2A149-BEAD-44F8-A1CB-2779646A8F9E},27/03/2026 0:53:43.704,,13/04/2026 0:46:17.908,ScarlettMichelle,0.000000000000000,50
{AB5BD779-AC5D-490F-AA11-D7337A998417},589.000000000000000,,48.000000000000000,0.000000000000000,1.000000000000000,,{F3A2A149-BEAD-44F8-A1CB-2779646A8F9E},27/03/2026 0:53:43.704,,27/03/2026 0:53:43.704,,1.000000000000000,50
{0E5AFAC6-1B1B-4BF0-94DB-F2F26F8A134A},594.000000000000000,,39.000000000000000,1.000000000000000,3.000000000000000,"Ex crop paddock, spray failing, hard to find trees",{F3A2A149-BEAD-44F8-A1CB-2779646A8F9E},27/03/2026 0:53:43.704,,27/03/2026 0:53:43.704,,7.000000000000000,50
{0A1B7C26-40B1-40AB-A96C-B7E08946E2AE},593.000000000000000,,26.000000000000000,7.000000000000000,14.000000000000000,"Ex crop paddock, chow. Hard to find trees",{2291038E-E065-40C5-AA53-9EE7A2244D9B},27/03/2026 1:38:44.045,,27/03/2026 1:38:44.045,,3.000000000000000,50
{1E8CD5CC-955D-490C-8EA6-9B37F0F2ADE4},588.000000000000000,,48.000000000000000,1.000000000000000,0.000000000000000,Spots failing,{2291038E-E065-40C5-AA53-9EE7A2244D9B},27/03/2026 1:38:44.045,,27/03/2026 1:38:44.045,,1.000000000000000,50
{C80F1ABB-7A22-4272-9A73-1CC3ED76A19A},583.000000000000000,,45.000000000000000,2.000000000000000,3.000000000000000,Spots starting to fail,{2291038E-E065-40C5-AA53-9EE7A2244D9B},27/03/2026 1:38:44.045,,13/04/2026 0:43:42.270,ScarlettMichelle,0.000000000000000,50
{0936476E-3F70-4281-9803-8470FA258E63},454.000000000000000,,31.000000000000000,0.000000000000000,9.000000000000000,"Long thick dead grass, hard to find trees",{8B4E6E50-7D25-4EE1-9DE8-E5F798BEA452},29/03/2026 23:42:13.374,,29/03/2026 23:42:13.374,,10.000000000000000,50
{F35B40F7-0676-48A3-A4F9-574DDBBC7FDE},453.000000000000000,,50.000000000000000,0.000000000000000,0.000000000000000,Spray holding,{8B4E6E50-7D25-4EE1-9DE8-E5F798BEA452},29/03/2026 23:42:13.374,,29/03/2026 23:42:13.374,,0.000000000000000,50
{38C2640D-6E61-4A2A-845B-A6CD1D7B03D7},440.000000000000000,,40.000000000000000,3.000000000000000,0.000000000000000,"Long sprayed grass falling over, hard to find trees",{8B4E6E50-7D25-4EE1-9DE8-E5F798BEA452},29/03/2026 23:42:13.374,,29/03/2026 23:42:13.374,,7.000000000000000,50
{56DCA36E-F151-44DF-B7D6-3107ABD7203A},429.000000000000000,,45.000000000000000,0.000000000000000,4.000000000000000,Root raked area,{8B4E6E50-7D25-4EE1-9DE8-E5F798BEA452},29/03/2026 23:42:13.374,,29/03/2026 23:42:13.374,,1.000000000000000,50
{08CA8A78-2660-49CE-A1F0-92FDE51E2BF6},428.000000000000000,,48.000000000000000,1.000000000000000,1.000000000000000,Root raked area,{8B4E6E50-7D25-4EE1-9DE8-E5F798BEA452},29/03/2026 23:42:13.374,,29/03/2026 23:42:13.374,,0.000000000000000,50
{A82AD915-AB44-4C70-B4E6-D1AAA7A3A676},427.000000000000000,,48.000000000000000,1.000000000000000,0.000000000000000,Spray holding,{8B4E6E50-7D25-4EE1-9DE8-E5F798BEA452},29/03/2026 23:42:13.374,,13/04/2026 0:30:33.210,ScarlettMichelle,1.000000000000000,50
{31D78190-82E4-4147-A0D3-36A43D157799},415.000000000000000,,44.000000000000000,2.000000000000000,3.000000000000000,Part plot area root raked,{8B4E6E50-7D25-4EE1-9DE8-E5F798BEA452},29/03/2026 23:42:13.374,,29/03/2026 23:42:13.374,,1.000000000000000,50
{95F65B64-A644-43A1-BC76-D2ED68E0C230},405.000000000000000,,39.000000000000000,2.000000000000000,2.000000000000000,Long sprayed grass falling over on trees making hard to find,{8B4E6E50-7D25-4EE1-9DE8-E5F798BEA452},29/03/2026 23:42:13.374,,29/03/2026 23:42:13.374,,7.000000000000000,50
{7A4AB431-AB72-402D-AF6E-453FE83CAE6C},406.000000000000000,,48.000000000000000,2.000000000000000,0.000000000000000,,{8B4E6E50-7D25-4EE1-9DE8-E5F798BEA452},29/03/2026 23:42:13.374,,29/03/2026 23:42:13.374,,0.000000000000000,50
{2D82012C-B51F-4C2F-92E0-CC8929DBB91A},393.000000000000000,,47.000000000000000,3.000000000000000,0.000000000000000,Spray is holding,{8B4E6E50-7D25-4EE1-9DE8-E5F798BEA452},29/03/2026 23:42:13.374,,29/03/2026 23:42:13.374,,0.000000000000000,50
{B3C3FFBE-E8DB-4258-BBD9-811C7A2C69F1},394.000000000000000,,49.000000000000000,0.000000000000000,1.000000000000000,Young broom and gorse in plot area,{8B4E6E50-7D25-4EE1-9DE8-E5F798BEA452},29/03/2026 23:42:13.374,,29/03/2026 23:42:13.374,,0.000000000000000,50
{229A2C10-EE59-43BF-9250-0C19738272A5},395.000000000000000,,50.000000000000000,0.000000000000000,0.000000000000000,"Above unplanted area, young gorse",{8B4E6E50-7D25-4EE1-9DE8-E5F798BEA452},29/03/2026 23:42:13.374,,29/03/2026 23:42:13.374,,0.000000000000000,50
{24CDDDE0-8D58-4062-BAEB-6FDA0491F681},385.000000000000000,,50.000000000000000,0.000000000000000,0.000000000000000,Small trees,{8B4E6E50-7D25-4EE1-9DE8-E5F798BEA452},29/03/2026 23:42:13.374,,29/03/2026 23:42:13.374,,0.000000000000000,50
{DFD2D157-D14F-4482-9B8C-96505437BB0F},384.000000000000000,,49.000000000000000,0.000000000000000,1.000000000000000,Root raked area ,{8B4E6E50-7D25-4EE1-9DE8-E5F798BEA452},29/03/2026 23:42:13.374,,29/03/2026 23:42:13.374,,0.000000000000000,50
{11038881-0455-45AD-BAA6-67C763A04D36},376.000000000000000,,47.000000000000000,1.000000000000000,2.000000000000000,Roo raked area,{8B4E6E50-7D25-4EE1-9DE8-E5F798BEA452},29/03/2026 23:42:13.374,,29/03/2026 23:42:13.374,,0.000000000000000,50
{43E9B2FF-65C8-4259-9417-33CB6746AA48},386.000000000000000,,48.000000000000000,0.000000000000000,1.000000000000000,Root raked area,{8B4E6E50-7D25-4EE1-9DE8-E5F798BEA452},29/03/2026 23:42:13.374,,13/04/2026 0:30:40.966,ScarlettMichelle,1.000000000000000,50
{8026917A-B57B-480C-819C-A6883FA722C7},396.000000000000000,,48.000000000000000,2.000000000000000,0.000000000000000,"Above unstocked area, root raked. Young broom",{8B4E6E50-7D25-4EE1-9DE8-E5F798BEA452},29/03/2026 23:42:13.374,,29/03/2026 23:42:13.374,,0.000000000000000,50
{96C4F5F8-0ED4-4113-9538-684EFB3748F9},408.000000000000000,,47.000000000000000,2.000000000000000,0.000000000000000,Large dead thistles,{5DAD908E-98AA-4A97-AD91-601217C4E188},30/03/2026 1:13:01.064,,30/03/2026 1:13:01.064,,1.000000000000000,50
{3D1808AD-10BF-4E07-A592-A81B8461E2ED},420.000000000000000,,49.000000000000000,1.000000000000000,0.000000000000000,,{5DAD908E-98AA-4A97-AD91-601217C4E188},30/03/2026 1:13:01.064,,30/03/2026 1:13:01.064,,0.000000000000000,50
{2C478361-D106-41B0-88B4-5043812B5AAE},433.000000000000000,,47.000000000000000,2.000000000000000,1.000000000000000,Edge of sprayed area,{5DAD908E-98AA-4A97-AD91-601217C4E188},30/03/2026 1:13:01.064,,30/03/2026 1:13:01.064,,0.000000000000000,50
{93305835-B2BE-4CB3-8E43-4CD427943EE8},432.000000000000000,,47.000000000000000,2.000000000000000,1.000000000000000,,{5DAD908E-98AA-4A97-AD91-601217C4E188},30/03/2026 1:13:01.064,,30/03/2026 1:13:01.064,,0.000000000000000,50
{F5D836AA-0B11-49D4-AB35-17E54B2D227F},443.000000000000000,,49.000000000000000,0.000000000000000,1.000000000000000,,{5DAD908E-98AA-4A97-AD91-601217C4E188},30/03/2026 1:13:01.064,,30/03/2026 1:13:01.064,,0.000000000000000,50
{CAB5315B-8C92-4480-BDCA-1FA02295D1D9},442.000000000000000,,49.000000000000000,0.000000000000000,1.000000000000000,,{5DAD908E-98AA-4A97-AD91-601217C4E188},30/03/2026 1:13:01.064,,30/03/2026 1:13:01.064,,0.000000000000000,50
{30714663-AD9F-457F-9D5E-A7290069FAAB},419.000000000000000,,45.000000000000000,4.000000000000000,1.000000000000000,,{5DAD908E-98AA-4A97-AD91-601217C4E188},30/03/2026 1:13:01.064,,30/03/2026 1:13:01.064,,0.000000000000000,50
{7AA911D2-9117-4DAA-8AA7-25B71EAFF596},407.000000000000000,,46.000000000000000,2.000000000000000,2.000000000000000,Root raked area,{5DAD908E-98AA-4A97-AD91-601217C4E188},30/03/2026 1:13:01.064,,30/03/2026 1:13:01.064,,0.000000000000000,50
{DBA6547E-46AD-46D5-AC77-E727C8225728},417.000000000000000,,46.000000000000000,3.000000000000000,1.000000000000000,,{5DAD908E-98AA-4A97-AD91-601217C4E188},30/03/2026 1:13:01.064,,30/03/2026 1:13:01.064,,0.000000000000000,50
{9C1AF07B-F4D7-4515-A062-4473E832283C},416.000000000000000,,50.000000000000000,0.000000000000000,0.000000000000000,Young broom,{5DAD908E-98AA-4A97-AD91-601217C4E188},30/03/2026 1:13:01.064,,30/03/2026 1:13:01.064,,0.000000000000000,50
{D98F7C3D-6C1C-415B-A2FB-376FD561C7BB},430.000000000000000,,46.000000000000000,2.000000000000000,2.000000000000000,"Long dead grass, hard to find small trees",{5DAD908E-98AA-4A97-AD91-601217C4E188},30/03/2026 1:13:01.064,,30/03/2026 1:13:01.064,,0.000000000000000,50
{58BBAA20-4BAA-4DE4-810A-0B52E2EDE4DE},491.000000000000000,,47.000000000000000,1.000000000000000,1.000000000000000,Grass amongst thistles ,{F9A92020-EBCC-4E74-A8C2-D67C268104D1},30/03/2026 1:58:16.576,,30/03/2026 1:58:16.576,,1.000000000000000,50
{72F341BD-5477-4D12-BDFE-102AE625DC61},499.000000000000000,,42.000000000000000,0.000000000000000,8.000000000000000,Clay area,{F9A92020-EBCC-4E74-A8C2-D67C268104D1},30/03/2026 1:58:16.576,,13/04/2026 0:44:17.952,ScarlettMichelle,0.000000000000000,50
{BDDD1648-5B57-46E5-A472-CF8ADEC5C442},508.000000000000000,,42.000000000000000,6.000000000000000,0.000000000000000,"Spray failing, heavy fleabane",{F9A92020-EBCC-4E74-A8C2-D67C268104D1},30/03/2026 1:58:16.576,,30/03/2026 1:58:16.576,,2.000000000000000,50
{E1288641-7685-4508-BAE6-F5DFDDFF81D6},1191.000000000000000,,49.000000000000000,1.000000000000000,0.000000000000000,,{8AACE1C7-5D41-40E3-BE46-8CF6218061D2},30/03/2026 20:47:54.940,,30/03/2026 20:47:54.940,,0.000000000000000,50
{31B90E4E-B624-4D49-989B-A0A1816CF7C2},1155.000000000000000,,46.000000000000000,0.000000000000000,4.000000000000000,,{8AACE1C7-5D41-40E3-BE46-8CF6218061D2},30/03/2026 20:47:54.940,,30/03/2026 20:47:54.940,,0.000000000000000,50
{A44797AF-39F6-464E-B6D7-324836CC928C},1192.000000000000000,,49.000000000000000,0.000000000000000,1.000000000000000,,{8AACE1C7-5D41-40E3-BE46-8CF6218061D2},30/03/2026 20:47:54.940,,30/03/2026 20:47:54.940,,0.000000000000000,50
{F18C0A4B-14F9-4CAA-B0B9-FE8D61EA5955},1193.000000000000000,,24.000000000000000,2.000000000000000,21.000000000000000,"Dry and rocky open ground, dead trees spread throughout open area, trees appear better in tussock area below plot area",{8AACE1C7-5D41-40E3-BE46-8CF6218061D2},30/03/2026 20:47:54.940,,30/03/2026 20:47:54.940,,3.000000000000000,50
{E8D8CFE0-2D23-4F5F-AE70-B6A0AB5976D4},1232.000000000000000,,29.000000000000000,4.000000000000000,16.000000000000000,"Dead scattered through area, mainly in open higher area of paddock",{8AACE1C7-5D41-40E3-BE46-8CF6218061D2},30/03/2026 20:47:54.940,,30/03/2026 20:47:54.940,,1.000000000000000,50
{7F2B44A1-9E8C-4E34-A22C-F5D91FC781EE},1231.000000000000000,,47.000000000000000,0.000000000000000,3.000000000000000,,{8AACE1C7-5D41-40E3-BE46-8CF6218061D2},30/03/2026 20:47:54.940,,30/03/2026 20:47:54.940,,0.000000000000000,50
{30F6F3D4-BBD5-478B-BC0E-7BC16213D48E},1230.000000000000000,,44.000000000000000,0.000000000000000,6.000000000000000,"Area root raked, dead evenly spread through plot area, mainly in rocky areas",{8AACE1C7-5D41-40E3-BE46-8CF6218061D2},30/03/2026 20:47:54.940,,30/03/2026 20:47:54.940,,0.000000000000000,50
{0AC0DC5B-58EE-4D0E-81BB-098AA425707B},582.000000000000000,,47.000000000000000,2.000000000000000,1.000000000000000,Spots failing,{C439C1AB-B586-4FC8-8FDB-FDB1DA8479D2},30/03/2026 21:31:56.143,,30/03/2026 21:31:56.143,,0.000000000000000,50
{9C9B3D6F-FCDA-40AC-BE8B-FCA3DED85D48},587.000000000000000,,50.000000000000000,0.000000000000000,0.000000000000000,"Spots holding, fleabane in spots",{C439C1AB-B586-4FC8-8FDB-FDB1DA8479D2},30/03/2026 21:31:56.143,,30/03/2026 21:31:56.143,,0.000000000000000,50
{B244E12E-F1F1-431F-BE0A-441C5679C2FE},592.000000000000000,,47.000000000000000,1.000000000000000,2.000000000000000,Spots failing,{C439C1AB-B586-4FC8-8FDB-FDB1DA8479D2},30/03/2026 21:31:56.143,,30/03/2026 21:31:56.143,,0.000000000000000,50
{726AC0C7-66FF-495E-BE8A-ADEC87DEC910},597.000000000000000,,19.000000000000000,7.000000000000000,23.000000000000000,Spots failing,{C439C1AB-B586-4FC8-8FDB-FDB1DA8479D2},30/03/2026 21:31:56.143,,30/03/2026 21:31:56.143,,1.000000000000000,50
{CBF6985D-C60A-4AF6-A836-C15627C1CE77},596.000000000000000,,37.000000000000000,7.000000000000000,6.000000000000000,Some spots failing,{C439C1AB-B586-4FC8-8FDB-FDB1DA8479D2},30/03/2026 21:31:56.143,,30/03/2026 21:31:56.143,,0.000000000000000,50
{518FD14B-69FC-4569-B700-875CEA5EBA82},595.000000000000000,,37.000000000000000,1.000000000000000,8.000000000000000,,{C439C1AB-B586-4FC8-8FDB-FDB1DA8479D2},30/03/2026 21:31:56.143,,30/03/2026 21:31:56.143,,4.000000000000000,50
{A21BDC10-8C29-4281-B093-F2CACEF9EEC1},590.000000000000000,,45.000000000000000,2.000000000000000,3.000000000000000,,{C439C1AB-B586-4FC8-8FDB-FDB1DA8479D2},30/03/2026 21:31:56.143,,30/03/2026 21:31:56.143,,0.000000000000000,50
{33FB8466-CA3B-4C02-A7C2-2AC11C8EDEB7},585.000000000000000,,27.000000000000000,4.000000000000000,15.000000000000000,Boney ridge,{C439C1AB-B586-4FC8-8FDB-FDB1DA8479D2},30/03/2026 21:31:56.143,,30/03/2026 21:31:56.143,,4.000000000000000,50
{2D0A9211-398A-4F29-9169-EFC4AC3A0D59},591.000000000000000,,48.000000000000000,1.000000000000000,1.000000000000000,"Steep, rocky",{C439C1AB-B586-4FC8-8FDB-FDB1DA8479D2},30/03/2026 21:31:56.143,,30/03/2026 21:31:56.143,,0.000000000000000,50
{6EAA6395-4962-4281-8CAD-ADA92EAA4884},1084.000000000000000,,48.000000000000000,0.000000000000000,2.000000000000000,,{2AD1F671-1071-48BF-AF78-AAC7D5734029},30/03/2026 22:46:11.827,,30/03/2026 22:46:11.827,,0.000000000000000,50
{398D8B44-B7A6-4A67-9186-EC37B091E7B6},1121.000000000000000,,43.000000000000000,1.000000000000000,6.000000000000000,,{2AD1F671-1071-48BF-AF78-AAC7D5734029},30/03/2026 22:46:11.827,,30/03/2026 22:46:11.827,,0.000000000000000,50
{93CEA989-5E5F-4013-B3E6-ABCC4CB7F5EA},1154.000000000000000,,41.000000000000000,0.000000000000000,5.000000000000000,"Unable to find 3 on 1 row due to tall grass being flat. Plot is north facing, dead scattered accross ridge top",{2AD1F671-1071-48BF-AF78-AAC7D5734029},30/03/2026 22:46:11.827,,30/03/2026 22:46:11.827,,4.000000000000000,50
{83269768-2A41-4C1D-AA9B-CCF6507222D9},1156.000000000000000,,46.000000000000000,2.000000000000000,2.000000000000000,,{2AD1F671-1071-48BF-AF78-AAC7D5734029},30/03/2026 22:46:11.827,,30/03/2026 22:46:11.827,,0.000000000000000,50
{FC44E6B4-3759-47A4-B611-32510828A78F},1122.000000000000000,,47.000000000000000,1.000000000000000,2.000000000000000,,{2AD1F671-1071-48BF-AF78-AAC7D5734029},30/03/2026 22:46:11.827,,30/03/2026 22:46:11.827,,0.000000000000000,50
{3925B20C-B251-4BB6-8C59-A107A345EDB5},1151.000000000000000,,45.000000000000000,0.000000000000000,5.000000000000000,,{2AD1F671-1071-48BF-AF78-AAC7D5734029},30/03/2026 22:46:11.827,,30/03/2026 22:46:11.827,,0.000000000000000,50
{713A98F9-BA66-4844-B66C-1B8F26DE5E1B},1052.000000000000000,,43.000000000000000,0.000000000000000,7.000000000000000,"Dead scattered through plot area, dry north facing",{2D1E52AB-4644-4F34-896D-87E4BE5CB997},30/03/2026 23:17:47.708,,30/03/2026 23:17:47.708,,0.000000000000000,50
{BC014D84-5DF6-4263-8FFD-5D4FB55DFF45},235.000000000000000,,44.000000000000000,3.000000000000000,0.000000000000000,No release spray along fence 1-2 rows,{0C06B860-EE0F-4EDE-AF4B-449D2EBCD36F},31/03/2026 1:16:49.699,,31/03/2026 1:16:49.699,,3.000000000000000,50
{AF3FA5AD-0766-4FBB-996C-0FDDC16EECFF},233.000000000000000,,45.000000000000000,1.000000000000000,0.000000000000000,"Long dead grass, small trees",{0C06B860-EE0F-4EDE-AF4B-449D2EBCD36F},31/03/2026 1:16:49.699,,31/03/2026 1:16:49.699,,4.000000000000000,50
{11F1B5C5-1B23-4B7D-A31C-4D94F85AEC13},236.000000000000000,,48.000000000000000,1.000000000000000,1.000000000000000,"Long dead grass, small trees",{0C06B860-EE0F-4EDE-AF4B-449D2EBCD36F},31/03/2026 1:16:49.699,,31/03/2026 1:16:49.699,,0.000000000000000,50
{D7D05432-5B21-4045-AAEB-A8CBEE1EA70A},237.000000000000000,,47.000000000000000,2.000000000000000,1.000000000000000, Rowed trees in area,{0C06B860-EE0F-4EDE-AF4B-449D2EBCD36F},31/03/2026 1:16:49.699,,31/03/2026 1:16:49.699,,0.000000000000000,50
{F4A3B9FF-86CF-468E-8543-9E79ACF1100E},234.000000000000000,,48.000000000000000,1.000000000000000,1.000000000000000, Browsing on some trees,{0C06B860-EE0F-4EDE-AF4B-449D2EBCD36F},31/03/2026 1:16:49.699,,31/03/2026 1:16:49.699,,0.000000000000000,50
{22BCFA0F-95C2-4748-BA2C-D932B229E8CD},2381.000000000000000,,39.000000000000000,4.000000000000000,2.000000000000000,1/2 plot heavy browsed. Boundary line long grass,{0C06B860-EE0F-4EDE-AF4B-449D2EBCD36F},31/03/2026 1:16:49.699,,31/03/2026 1:16:49.699,,5.000000000000000,50
{DE21785B-26E8-4DD8-9644-29BA70805568},238.000000000000000,,39.000000000000000,3.000000000000000,3.000000000000000,All trees browsed,{0C06B860-EE0F-4EDE-AF4B-449D2EBCD36F},31/03/2026 1:16:49.699,,31/03/2026 1:16:49.699,,5.000000000000000,50
{AC801D12-586C-4779-986F-C38A1732F893},922.000000000000000,,35.000000000000000,3.000000000000000,11.000000000000000,Dead evenly spread through rocky north facing ridge top,{79E672E3-5C4C-4AF5-84C3-BE49FEB46DDB},31/03/2026 1:48:12.400,,31/03/2026 1:48:12.400,,1.000000000000000,50
{35139821-19CF-45F6-AE22-F8ADBABAF632},921.000000000000000,,39.000000000000000,2.000000000000000,9.000000000000000,,{79E672E3-5C4C-4AF5-84C3-BE49FEB46DDB},31/03/2026 1:48:12.400,,31/03/2026 1:48:12.400,,0.000000000000000,50
{03B784AF-362A-417E-A0E3-AED71BBA6ED3},920.000000000000000,,48.000000000000000,0.000000000000000,2.000000000000000,,{79E672E3-5C4C-4AF5-84C3-BE49FEB46DDB},31/03/2026 1:48:12.400,,31/03/2026 1:48:12.400,,0.000000000000000,50
{F9DA9A8F-9863-4325-8871-EC9E59134ED0},919.000000000000000,,44.000000000000000,0.000000000000000,6.000000000000000,,{79E672E3-5C4C-4AF5-84C3-BE49FEB46DDB},31/03/2026 1:48:12.400,,31/03/2026 1:48:12.400,,0.000000000000000,50
{32D87738-3883-4BE7-B8BA-5CB81E6061FD},918.000000000000000,,45.000000000000000,1.000000000000000,4.000000000000000,,{79E672E3-5C4C-4AF5-84C3-BE49FEB46DDB},31/03/2026 1:48:12.400,,31/03/2026 1:48:12.400,,0.000000000000000,50
{2D01C470-BA25-4754-A0FB-1550A8641617},885.000000000000000,,46.000000000000000,0.000000000000000,3.000000000000000,,{79E672E3-5C4C-4AF5-84C3-BE49FEB46DDB},31/03/2026 1:48:12.400,,31/03/2026 1:48:12.400,,1.000000000000000,50
{FF50679D-D230-448C-A0BC-ABF68901E78E},884.000000000000000,,49.000000000000000,0.000000000000000,1.000000000000000,,{79E672E3-5C4C-4AF5-84C3-BE49FEB46DDB},31/03/2026 1:48:12.400,,31/03/2026 1:48:12.400,,0.000000000000000,50
{9915828F-CEA2-4A86-AD60-C22999EF614A},949.000000000000000,,49.000000000000000,0.000000000000000,1.000000000000000,,{79E672E3-5C4C-4AF5-84C3-BE49FEB46DDB},31/03/2026 1:48:12.400,,31/03/2026 1:48:12.400,,0.000000000000000,50
{1CB9DF0D-921D-4065-A439-BE6D307C1CF7},950.000000000000000,,46.000000000000000,3.000000000000000,1.000000000000000,Trees doing very well amongst tussocks,{79E672E3-5C4C-4AF5-84C3-BE49FEB46DDB},31/03/2026 1:48:12.400,,31/03/2026 1:48:12.400,,0.000000000000000,50
{5F9DCBDE-4A9C-4762-9F57-DB608C6E5680},951.000000000000000,,39.000000000000000,3.000000000000000,8.000000000000000,,{79E672E3-5C4C-4AF5-84C3-BE49FEB46DDB},31/03/2026 1:48:12.400,,31/03/2026 1:48:12.400,,0.000000000000000,50
{FA23C281-2C34-4C74-98C6-02368D5312A4},1226.000000000000000,,32.000000000000000,1.000000000000000,17.000000000000000,Ridge top appears to have a similar number of dead outside plot area,{C2DF6112-339F-4E13-9D44-1B1948534087},31/03/2026 3:26:33.444,,31/03/2026 3:26:33.444,,0.000000000000000,50
{560054AE-3307-4719-B01D-AA610F576F41},1225.000000000000000,,40.000000000000000,1.000000000000000,9.000000000000000,,{C2DF6112-339F-4E13-9D44-1B1948534087},31/03/2026 3:26:33.444,,31/03/2026 3:26:33.444,,0.000000000000000,50
{CBEEA3DE-FBEE-468B-8678-2FB7699F14B8},1186.000000000000000,,43.000000000000000,0.000000000000000,7.000000000000000,,{C2DF6112-339F-4E13-9D44-1B1948534087},31/03/2026 3:26:33.444,,31/03/2026 3:26:33.444,,0.000000000000000,50
{1AF380C6-107C-49D1-B233-EFFF0F2E43C5},1185.000000000000000,,43.000000000000000,0.000000000000000,7.000000000000000,,{C2DF6112-339F-4E13-9D44-1B1948534087},31/03/2026 3:26:33.444,,31/03/2026 3:26:33.444,,0.000000000000000,50
{16B29FD7-1432-4B13-8926-171A7A635BA1},1184.000000000000000,,40.000000000000000,1.000000000000000,9.000000000000000,,{C2DF6112-339F-4E13-9D44-1B1948534087},31/03/2026 3:26:33.444,,31/03/2026 3:26:33.444,,0.000000000000000,50
{649D533E-876C-4D58-AA98-002B70E35641},1149.000000000000000,,49.000000000000000,0.000000000000000,1.000000000000000,,{C2DF6112-339F-4E13-9D44-1B1948534087},31/03/2026 3:26:33.444,,31/03/2026 3:26:33.444,,0.000000000000000,50
{905F32E9-F866-46A7-B614-4A1F6C723271},1183.000000000000000,,48.000000000000000,0.000000000000000,2.000000000000000,,{C2DF6112-339F-4E13-9D44-1B1948534087},31/03/2026 3:26:33.444,,31/03/2026 3:26:33.444,,0.000000000000000,50
{3E0A8B00-FFC7-4567-83C1-3A872CC2B969},1222.000000000000000,,42.000000000000000,0.000000000000000,8.000000000000000,,{C2DF6112-339F-4E13-9D44-1B1948534087},31/03/2026 3:26:33.444,,31/03/2026 3:26:33.444,,0.000000000000000,50
{58A96AF8-1FE9-4E1F-8C8F-1F09ACF1CC67},1223.000000000000000,,44.000000000000000,1.000000000000000,5.000000000000000,,{C2DF6112-339F-4E13-9D44-1B1948534087},31/03/2026 3:26:33.444,,31/03/2026 3:26:33.444,,0.000000000000000,50
{758094E5-B8B1-4120-875F-5E0EA80BB7FE},1224.000000000000000,,32.000000000000000,4.000000000000000,14.000000000000000,,{C2DF6112-339F-4E13-9D44-1B1948534087},31/03/2026 3:26:33.444,,31/03/2026 3:26:33.444,,0.000000000000000,50
{762B872C-29A7-4AC6-905D-B8B59996598E},1221.000000000000000,,45.000000000000000,1.000000000000000,3.000000000000000,,{6C4BA30A-F4BD-43B6-95AF-AD40C61FD360},31/03/2026 20:41:24.813,,31/03/2026 20:41:24.813,,1.000000000000000,50
{784C1DC5-C924-4CB8-8957-7F44E9A5B058},1333.000000000000000,,43.000000000000000,0.000000000000000,7.000000000000000,"Most dead in lower area of plot, upper area by tank look great",{6C4BA30A-F4BD-43B6-95AF-AD40C61FD360},31/03/2026 20:41:24.813,,31/03/2026 20:41:24.813,,0.000000000000000,50
{FDF6E43B-FF91-4E08-8867-C0CEB7A03B2E},1256.000000000000000,,48.000000000000000,1.000000000000000,0.000000000000000,,{6C4BA30A-F4BD-43B6-95AF-AD40C61FD360},31/03/2026 20:41:24.813,,31/03/2026 20:41:24.813,,1.000000000000000,50
{18C2526F-4F59-4701-A082-DA349B0BF0FB},1257.000000000000000,,45.000000000000000,1.000000000000000,4.000000000000000,,{6C4BA30A-F4BD-43B6-95AF-AD40C61FD360},31/03/2026 20:41:24.813,,31/03/2026 20:41:24.813,,0.000000000000000,50
{D31FE21A-953E-45A5-8E8E-10E6A922519D},1294.000000000000000,,40.000000000000000,1.000000000000000,9.000000000000000,Dead appear evenly spread through this lower open area of paddock,{6C4BA30A-F4BD-43B6-95AF-AD40C61FD360},31/03/2026 20:41:24.813,,31/03/2026 20:41:24.813,,0.000000000000000,50
{2CC6F393-4B46-4AA8-BEDA-2B36B37549CD},1295.000000000000000,,42.000000000000000,0.000000000000000,8.000000000000000,"4 dead on 1 row, dead evenly spread through open area of paddock, appear better survival in tussock areas",{6C4BA30A-F4BD-43B6-95AF-AD40C61FD360},31/03/2026 20:41:24.813,,31/03/2026 20:41:24.813,,0.000000000000000,50
{E1E1DE6B-68FA-46E9-A025-00B79881F452},1259.000000000000000,,42.000000000000000,1.000000000000000,7.000000000000000,,{6C4BA30A-F4BD-43B6-95AF-AD40C61FD360},31/03/2026 20:41:24.813,,31/03/2026 20:41:24.813,,0.000000000000000,50
{12E2A4D9-ED2E-4EE6-84F7-730BF69977B3},1258.000000000000000,,43.000000000000000,0.000000000000000,7.000000000000000,,{6C4BA30A-F4BD-43B6-95AF-AD40C61FD360},31/03/2026 20:41:24.813,,31/03/2026 20:41:24.813,,0.000000000000000,50
{2C0011A7-E91E-4597-83EB-E3742200D55D},1296.000000000000000,,41.000000000000000,1.000000000000000,7.000000000000000,,{CA89C3CD-AE2A-4929-A027-0B3873B949A6},31/03/2026 22:24:00.982,,31/03/2026 22:24:00.982,,1.000000000000000,50
{B9B56A1F-9389-4710-A908-4CB4A0CEE158},1334.000000000000000,,46.000000000000000,1.000000000000000,3.000000000000000,,{CA89C3CD-AE2A-4929-A027-0B3873B949A6},31/03/2026 22:24:00.982,,31/03/2026 22:24:00.982,,0.000000000000000,50
{BA3DF3B7-7473-4837-B52F-41A5DF1B0FC9},1335.000000000000000,,40.000000000000000,1.000000000000000,6.000000000000000,3 in plot aeea are gone from old Hare damage,{CA89C3CD-AE2A-4929-A027-0B3873B949A6},31/03/2026 22:24:00.982,,31/03/2026 22:24:00.982,,3.000000000000000,50
{D6A3476C-4B39-4356-B046-6D738DE42FCD},1336.000000000000000,,37.000000000000000,1.000000000000000,12.000000000000000,,{CA89C3CD-AE2A-4929-A027-0B3873B949A6},31/03/2026 22:24:00.982,,31/03/2026 22:24:00.982,,0.000000000000000,50
{13223DE3-C680-4BB1-9C38-EEFBF6F3AB04},1297.000000000000000,,40.000000000000000,1.000000000000000,9.000000000000000,,{CA89C3CD-AE2A-4929-A027-0B3873B949A6},31/03/2026 22:24:00.982,,31/03/2026 22:24:00.982,,0.000000000000000,50
{09D461D2-3AB0-46B4-BCCA-F72A4B3E7A50},1298.000000000000000,,38.000000000000000,2.000000000000000,10.000000000000000,,{CA89C3CD-AE2A-4929-A027-0B3873B949A6},31/03/2026 22:24:00.982,,31/03/2026 22:24:00.982,,0.000000000000000,50
{FF80287A-457E-4135-A2CB-70D3E3A88181},1299.000000000000000,,40.000000000000000,2.000000000000000,7.000000000000000,,{CA89C3CD-AE2A-4929-A027-0B3873B949A6},31/03/2026 22:24:00.982,,31/03/2026 22:24:00.982,,1.000000000000000,50
{DA540D56-3B70-40B5-8A0E-35AEAD1DB33B},1261.000000000000000,,43.000000000000000,1.000000000000000,6.000000000000000,,{AF085A3B-21AE-431D-B941-7BAE63C4288F},1/04/2026 0:18:55.409,,1/04/2026 0:18:55.409,,0.000000000000000,50
{A11D5D19-D169-4B78-B019-06B6CF4D40D5},1260.000000000000000,,47.000000000000000,0.000000000000000,3.000000000000000,Trees doing well amongst tussock,{AF085A3B-21AE-431D-B941-7BAE63C4288F},1/04/2026 0:18:55.409,,1/04/2026 0:18:55.409,,0.000000000000000,50
{DA0926DC-E49F-406B-9E7C-3801DF97A0A4},1300.000000000000000,,29.000000000000000,4.000000000000000,8.000000000000000,"Long grass at time of spray has smothered some trees in this area, refer to photos",{AF085A3B-21AE-431D-B941-7BAE63C4288F},1/04/2026 0:18:55.409,,1/04/2026 0:18:55.409,,9.000000000000000,50
{456972DC-2068-4EA9-8B2D-DA0B22873B8B},1301.000000000000000,,44.000000000000000,1.000000000000000,3.000000000000000,,{AF085A3B-21AE-431D-B941-7BAE63C4288F},1/04/2026 0:18:55.409,,1/04/2026 0:18:55.409,,2.000000000000000,50
{F120B84B-D1E8-4239-A6B7-6C1235857D3A},1302.000000000000000,,39.000000000000000,4.000000000000000,7.000000000000000,Long grass at time of spray has smothered some trees in this area,{AF085A3B-21AE-431D-B941-7BAE63C4288F},1/04/2026 0:18:55.409,,1/04/2026 0:18:55.409,,0.000000000000000,50
{DAC72DA3-0756-470D-82DE-AB6FB0BD8DF7},1265.000000000000000,,39.000000000000000,0.000000000000000,9.000000000000000,"Long grass at time of spray has smothered some trees, some starting to come through but some have died",{AF085A3B-21AE-431D-B941-7BAE63C4288F},1/04/2026 0:18:55.409,,1/04/2026 0:18:55.409,,2.000000000000000,50
{2AC192A8-5A3D-4C83-961C-3F2B58F7AA70},1264.000000000000000,,41.000000000000000,2.000000000000000,7.000000000000000,,{AF085A3B-21AE-431D-B941-7BAE63C4288F},1/04/2026 0:18:55.409,,1/04/2026 0:18:55.409,,0.000000000000000,50
{0C81980D-746E-4EC1-A321-8C182F342D41},1263.000000000000000,,40.000000000000000,1.000000000000000,7.000000000000000,Some strugling in rocky area,{AF085A3B-21AE-431D-B941-7BAE63C4288F},1/04/2026 0:18:55.409,,1/04/2026 0:18:55.409,,2.000000000000000,50
{AA33C3E9-A333-47DF-84DC-15155C142733},1262.000000000000000,,28.000000000000000,3.000000000000000,19.000000000000000,Trees really strugling in this paddock,{AF085A3B-21AE-431D-B941-7BAE63C4288F},1/04/2026 0:18:55.409,,1/04/2026 0:18:55.409,,0.000000000000000,50
{3B48A8C1-84AA-49AA-A90A-9C34504724D9},1304.000000000000000,,47.000000000000000,1.000000000000000,2.000000000000000,,{7C9E59CC-BDFC-4D43-AF20-A769055975AE},1/04/2026 1:45:03.585,,1/04/2026 1:45:03.585,,0.000000000000000,50
{43259A61-963C-4109-9A6D-31756DC46560},1268.000000000000000,,29.000000000000000,1.000000000000000,20.000000000000000,All the way down the fence line appears similar results,{7C9E59CC-BDFC-4D43-AF20-A769055975AE},1/04/2026 1:45:03.585,,1/04/2026 1:45:03.585,,0.000000000000000,50
{7D80AECE-B437-4162-AEFD-D7C01BDA3AF6},1267.000000000000000,,43.000000000000000,3.000000000000000,4.000000000000000,,{7C9E59CC-BDFC-4D43-AF20-A769055975AE},1/04/2026 1:45:03.585,,1/04/2026 1:45:03.585,,0.000000000000000,50
{04F03312-89DA-41DD-A1EA-99D601F2A56E},1266.000000000000000,,39.000000000000000,0.000000000000000,11.000000000000000,,{7C9E59CC-BDFC-4D43-AF20-A769055975AE},1/04/2026 1:45:03.585,,1/04/2026 1:45:03.585,,0.000000000000000,50
{B6A1C584-6A37-4A2E-86E5-0450D5B5AF66},1303.000000000000000,,45.000000000000000,0.000000000000000,5.000000000000000,,{7C9E59CC-BDFC-4D43-AF20-A769055975AE},1/04/2026 1:45:03.585,,1/04/2026 1:45:03.585,,0.000000000000000,50
{DADA5C43-4A4C-444E-B5B5-A6B209ABD7F2},1343.000000000000000,,22.000000000000000,1.000000000000000,26.000000000000000,High number in this basin,{7C9E59CC-BDFC-4D43-AF20-A769055975AE},1/04/2026 1:45:03.585,,1/04/2026 1:45:03.585,,1.000000000000000,50
{78D14204-1CDC-4B29-B81D-5621187DE824},1342.000000000000000,,39.000000000000000,0.000000000000000,7.000000000000000,Unable to find some due to thick grass that has gone flat,{7C9E59CC-BDFC-4D43-AF20-A769055975AE},1/04/2026 1:45:03.585,,1/04/2026 1:45:03.585,,4.000000000000000,50
{BFCE36C7-BA5A-4501-88AE-ACD13A9AD39A},1341.000000000000000,,42.000000000000000,1.000000000000000,7.000000000000000,,{7C9E59CC-BDFC-4D43-AF20-A769055975AE},1/04/2026 1:45:03.585,,1/04/2026 1:45:03.585,,0.000000000000000,50
{6C692340-E738-4611-816E-7BB25CA6C5BC},1340.000000000000000,,42.000000000000000,0.000000000000000,8.000000000000000,Crew have spot planted where possible due to thick rocks,{7C9E59CC-BDFC-4D43-AF20-A769055975AE},1/04/2026 1:45:03.585,,1/04/2026 1:45:03.585,,0.000000000000000,50
{1C6D5D95-AEA9-4AA2-A758-3133073C4CE8},1344.000000000000000,,42.000000000000000,1.000000000000000,7.000000000000000,,{EBD7C61D-E658-43D1-9BE4-D9DBB140DA0F},1/04/2026 2:16:58.259,,1/04/2026 2:16:58.259,,0.000000000000000,50
{5234825A-5C7C-4826-8E33-72E0363E6EEC},1305.000000000000000,,28.000000000000000,4.000000000000000,18.000000000000000,Similar outcome in surrounding area,{EBD7C61D-E658-43D1-9BE4-D9DBB140DA0F},1/04/2026 2:16:58.259,,1/04/2026 2:16:58.259,,0.000000000000000,50
{E05FC397-EFED-4A01-A47B-5D4F08BB8801},1306.000000000000000,,25.000000000000000,1.000000000000000,24.000000000000000,"Unfortunatly, similar in surrounding area of paddock",{EBD7C61D-E658-43D1-9BE4-D9DBB140DA0F},1/04/2026 2:16:58.259,,1/04/2026 2:16:58.259,,0.000000000000000,50
{F8081FAD-A87B-485E-8BAE-B2A2F8EC83C2},2141.000000000000000,,40.000000000000000,3.000000000000000,4.000000000000000,,{69E44501-42DF-4E08-8BC2-1C8F0EB81C37},2/04/2026 0:31:57.667,,2/04/2026 0:31:57.667,,3.000000000000000,50
{FBA98E6F-B204-40FE-870F-51B96EBFF1F1},242.000000000000000,,43.000000000000000,0.000000000000000,1.000000000000000,"Spray failed. Long grass and small trees, hard to find",{69E44501-42DF-4E08-8BC2-1C8F0EB81C37},2/04/2026 0:31:57.667,,13/04/2026 0:44:13.103,ScarlettMichelle,6.000000000000000,50
{C3BFEBE9-255B-4857-BA25-C724AB872CAA},2143.000000000000000,,42.000000000000000,1.000000000000000,1.000000000000000,"Long dead grass covering trees, hard to find. Spray failing",{69E44501-42DF-4E08-8BC2-1C8F0EB81C37},2/04/2026 0:31:57.667,,2/04/2026 0:31:57.667,,6.000000000000000,50
{14AAC8BC-83F8-4341-B74F-FAB8FCAE6335},2144.000000000000000,,40.000000000000000,1.000000000000000,9.000000000000000,,{69E44501-42DF-4E08-8BC2-1C8F0EB81C37},2/04/2026 0:31:57.667,,2/04/2026 0:31:57.667,,0.000000000000000,50
{E7C8D577-69FA-4A64-A418-96DB2B776BE5},2152.000000000000000,,34.000000000000000,2.000000000000000,9.000000000000000,Pigs have dug trees out.,{69E44501-42DF-4E08-8BC2-1C8F0EB81C37},2/04/2026 0:31:57.667,,13/04/2026 0:45:46.854,ScarlettMichelle,5.000000000000000,50
{D912CACE-0F9E-4FB4-AC8D-7CF9C889D13C},2153.000000000000000,,41.000000000000000,2.000000000000000,0.000000000000000,Trees missing amongst pig digging,{69E44501-42DF-4E08-8BC2-1C8F0EB81C37},2/04/2026 0:31:57.667,,2/04/2026 0:31:57.667,,7.000000000000000,50
{E14900C9-6E32-4DED-A0BE-AFA93B2042C6},2154.000000000000000,,45.000000000000000,0.000000000000000,5.000000000000000,,{69E44501-42DF-4E08-8BC2-1C8F0EB81C37},2/04/2026 0:31:57.667,,2/04/2026 0:31:57.667,,0.000000000000000,50
{8F368F46-DF32-4B0B-9BF6-2A270FB7B2BD},2146.000000000000000,,44.000000000000000,2.000000000000000,1.000000000000000,,{69E44501-42DF-4E08-8BC2-1C8F0EB81C37},2/04/2026 0:31:57.667,,2/04/2026 0:31:57.667,,3.000000000000000,50
{1E4F46C6-15DD-4171-A955-5B1FAB80F1CE},2145.000000000000000,,41.000000000000000,3.000000000000000,6.000000000000000,Scattered pig digging,{69E44501-42DF-4E08-8BC2-1C8F0EB81C37},2/04/2026 0:31:57.667,,2/04/2026 0:31:57.667,,0.000000000000000,50
{20A22B20-53BB-4CCF-8C53-728661A36B81},2134.000000000000000,,49.000000000000000,0.000000000000000,0.000000000000000,,{69E44501-42DF-4E08-8BC2-1C8F0EB81C37},2/04/2026 0:31:57.667,,2/04/2026 0:31:57.667,,1.000000000000000,50
{594A780E-55DF-4F93-A11D-126A67F87D1E},2135.000000000000000,,48.000000000000000,0.000000000000000,0.000000000000000,"Long sprayed grass, hard to see some small trees",{69E44501-42DF-4E08-8BC2-1C8F0EB81C37},2/04/2026 0:31:57.667,,2/04/2026 0:31:57.667,,2.000000000000000,50
{12CA442F-878F-453D-9AEF-D0F66B93005F},2124.000000000000000,,41.000000000000000,0.000000000000000,6.000000000000000,,{69E44501-42DF-4E08-8BC2-1C8F0EB81C37},2/04/2026 0:31:57.667,,2/04/2026 0:31:57.667,,3.000000000000000,50
{37449005-FE4A-4F2E-9066-95D93E5F2EE5},123.000000000000000,,41.000000000000000,0.000000000000000,8.000000000000000,Dead trees on Rocky knob,{69E44501-42DF-4E08-8BC2-1C8F0EB81C37},2/04/2026 0:31:57.667,,13/04/2026 0:44:44.864,ScarlettMichelle,1.000000000000000,50
{FE63039A-AEF0-40E8-9885-D675D3F6A03C},2133.000000000000000,,35.000000000000000,0.000000000000000,11.000000000000000,,{69E44501-42DF-4E08-8BC2-1C8F0EB81C37},2/04/2026 0:31:57.667,,2/04/2026 0:31:57.667,,4.000000000000000,50
{1338203D-2047-4AD7-A711-A86675A3384A},2132.000000000000000,,35.000000000000000,3.000000000000000,1.000000000000000,Spray failing. Long grass and small trees,{69E44501-42DF-4E08-8BC2-1C8F0EB81C37},2/04/2026 0:31:57.667,,2/04/2026 0:31:57.667,,11.000000000000000,50
{9BB3AAD3-0BEF-455B-B39D-E0F6E58C89B1},2151.000000000000000,,25.000000000000000,3.000000000000000,18.000000000000000,,{69E44501-42DF-4E08-8BC2-1C8F0EB81C37},2/04/2026 0:31:57.667,,2/04/2026 0:31:57.667,,4.000000000000000,50
{E3C2E632-AA98-4CF6-B53B-B1DC225161E1},2159.000000000000000,,40.000000000000000,1.000000000000000,6.000000000000000,,{69E44501-42DF-4E08-8BC2-1C8F0EB81C37},2/04/2026 0:31:57.667,,2/04/2026 0:31:57.667,,3.000000000000000,50
{C62A201A-726E-437B-BA15-BF21C3E2B9C7},2158.000000000000000,,33.000000000000000,6.000000000000000,6.000000000000000,Most trees have old browsing,{69E44501-42DF-4E08-8BC2-1C8F0EB81C37},2/04/2026 0:31:57.667,,2/04/2026 0:31:57.667,,5.000000000000000,50
{F4E09415-3EE2-489A-8368-3BA937AA37E1},2150.000000000000000,,35.000000000000000,3.000000000000000,5.000000000000000,"Spray patchy, long grass. Hard to find trees",{69E44501-42DF-4E08-8BC2-1C8F0EB81C37},2/04/2026 0:31:57.667,,2/04/2026 0:31:57.667,,7.000000000000000,50
{9AFB868F-CBE8-47B7-8B8B-E3A2DD1ECDC8},2093.000000000000000,,38.000000000000000,0.000000000000000,11.000000000000000,,{69E44501-42DF-4E08-8BC2-1C8F0EB81C37},2/04/2026 0:31:57.667,,2/04/2026 0:31:57.667,,1.000000000000000,50
{985B9160-8D87-457A-A55E-189D71F45277},2092.000000000000000,,41.000000000000000,2.000000000000000,6.000000000000000,,{69E44501-42DF-4E08-8BC2-1C8F0EB81C37},2/04/2026 0:31:57.667,,2/04/2026 0:31:57.667,,1.000000000000000,50
{ADE0A769-C532-4E34-8CBD-943F3C541822},2103.000000000000000,,32.000000000000000,2.000000000000000,15.000000000000000,Root raked areas,{69E44501-42DF-4E08-8BC2-1C8F0EB81C37},2/04/2026 0:31:57.667,,2/04/2026 0:31:57.667,,1.000000000000000,50
{7958A4F9-0F40-4D6B-84EC-68A51015DB8A},2102.000000000000000,,42.000000000000000,3.000000000000000,5.000000000000000,1 tree dug out by pigs,{69E44501-42DF-4E08-8BC2-1C8F0EB81C37},2/04/2026 0:31:57.667,,2/04/2026 0:31:57.667,,0.000000000000000,50
{B8149ADA-F87B-482A-A6A2-760FB74DE79B},2091.000000000000000,,45.000000000000000,2.000000000000000,3.000000000000000,,{69E44501-42DF-4E08-8BC2-1C8F0EB81C37},2/04/2026 0:31:57.667,,2/04/2026 0:31:57.667,,0.000000000000000,50
{90536AE1-9A65-4485-A5BA-E2938E4A590A},2100.000000000000000,,50.000000000000000,0.000000000000000,0.000000000000000,,{69E44501-42DF-4E08-8BC2-1C8F0EB81C37},2/04/2026 0:31:57.667,,2/04/2026 0:31:57.667,,0.000000000000000,50
{99E793DD-6351-4F83-9DF2-E17C10A33E1C},2101.000000000000000,,47.000000000000000,2.000000000000000,1.000000000000000,,{69E44501-42DF-4E08-8BC2-1C8F0EB81C37},2/04/2026 0:31:57.667,,13/04/2026 0:30:48.821,ScarlettMichelle,0.000000000000000,50
{D0EE32C7-6AAE-4E31-A5B6-BE498F4FD752},2110.000000000000000,,49.000000000000000,0.000000000000000,1.000000000000000,,{69E44501-42DF-4E08-8BC2-1C8F0EB81C37},2/04/2026 0:31:57.667,,2/04/2026 0:31:57.667,,0.000000000000000,50
{1956D529-E00B-44A8-9183-2A96B12783CC},2111.000000000000000,,46.000000000000000,0.000000000000000,2.000000000000000,"Tho k long grass, spray failing",{69E44501-42DF-4E08-8BC2-1C8F0EB81C37},2/04/2026 0:31:57.667,,2/04/2026 0:31:57.667,,2.000000000000000,50
{F8D0A3EA-5AB1-484A-BFBA-83C30DB96C0B},2510.000000000000000,,45.000000000000000,0.000000000000000,1.000000000000000,Long grass. Spray failing or has not worked,{86C599F7-3D99-46CC-9D7F-73C2DEBFE32D},2/04/2026 1:05:36.190,,2/04/2026 1:05:36.190,,4.000000000000000,50
{6F67B244-B74D-4895-8F09-9C385AF330E9},2511.000000000000000,,34.000000000000000,3.000000000000000,13.000000000000000,,{0C637036-40E8-4579-8962-5A2F222F017C},2/04/2026 1:53:31.167,,2/04/2026 1:53:31.167,,0.000000000000000,50
{A03FCD51-A0A9-41E8-9E5C-7FF371FAB3DC},1978.000000000000000,,49.000000000000000,1.000000000000000,0.000000000000000,,{0C637036-40E8-4579-8962-5A2F222F017C},2/04/2026 1:53:31.167,,2/04/2026 1:53:31.167,,0.000000000000000,50
{CC4D5CD6-8276-47DE-9917-574DCBDF508A},1977.000000000000000,,42.000000000000000,2.000000000000000,6.000000000000000,,{0C637036-40E8-4579-8962-5A2F222F017C},2/04/2026 1:53:31.167,,2/04/2026 1:53:31.167,,0.000000000000000,50
{23B49F66-3E3E-40B6-9ED5-A8F1CF2D9E96},1976.000000000000000,,47.000000000000000,0.000000000000000,0.000000000000000,,{0C637036-40E8-4579-8962-5A2F222F017C},2/04/2026 1:53:31.167,,2/04/2026 1:53:31.167,,3.000000000000000,50
{5EFFC1D7-9ABB-4D5A-BED5-D73C0019FD32},1991.000000000000000,,44.000000000000000,0.000000000000000,6.000000000000000,,{0C637036-40E8-4579-8962-5A2F222F017C},2/04/2026 1:53:31.167,,2/04/2026 1:53:31.167,,0.000000000000000,50
{59C19748-52C4-427A-B927-D3C71969006C},1992.000000000000000,,47.000000000000000,0.000000000000000,3.000000000000000,,{0C637036-40E8-4579-8962-5A2F222F017C},2/04/2026 1:53:31.167,,2/04/2026 1:53:31.167,,0.000000000000000,50
{0AFF825F-B745-4774-A36A-F65505F8D32B},1993.000000000000000,,34.000000000000000,0.000000000000000,15.000000000000000,,{0C637036-40E8-4579-8962-5A2F222F017C},2/04/2026 1:53:31.167,,2/04/2026 1:53:31.167,,1.000000000000000,50
{63ACA9A9-9A0D-4224-8010-F4BB2928B26D},1994.000000000000000,,45.000000000000000,0.000000000000000,0.000000000000000,Long sprayed grass ,{0C637036-40E8-4579-8962-5A2F222F017C},2/04/2026 1:53:31.167,,2/04/2026 1:53:31.167,,5.000000000000000,50
{467D6D53-0341-4749-9E1E-8E3909198EDE},1995.000000000000000,,46.000000000000000,0.000000000000000,3.000000000000000,Between 2 waterways,{0C637036-40E8-4579-8962-5A2F222F017C},2/04/2026 1:53:31.167,,2/04/2026 1:53:31.167,,1.000000000000000,50
{49EFECC6-3F52-4D6F-ABEB-ECDBD51A3C32},1959.000000000000000,,43.000000000000000,0.000000000000000,7.000000000000000,,{8A49B466-18B2-463D-8E57-75BBC29770BF},6/04/2026 23:36:52.084,,6/04/2026 23:36:52.084,,0.000000000000000,50
{DB74F15E-0566-44D3-A975-5E4CDC2B01D2},1970.000000000000000,,41.000000000000000,0.000000000000000,9.000000000000000,"1 row on ridge dead, bike track from planting",{8A49B466-18B2-463D-8E57-75BBC29770BF},6/04/2026 23:36:52.084,,6/04/2026 23:36:52.084,,0.000000000000000,50
{50DC3871-D6A0-4A43-B5AD-EF669134DBC6},2971.000000000000000,,40.000000000000000,1.000000000000000,9.000000000000000,,{8A49B466-18B2-463D-8E57-75BBC29770BF},6/04/2026 23:36:52.084,,6/04/2026 23:36:52.084,,0.000000000000000,50
{E53836D8-7B8F-4B4C-B84A-0187CA132CA4},1972.000000000000000,,41.000000000000000,2.000000000000000,7.000000000000000,,{8A49B466-18B2-463D-8E57-75BBC29770BF},6/04/2026 23:36:52.084,,6/04/2026 23:36:52.084,,0.000000000000000,50
{8253C419-BAA1-44E2-BBDB-D0D5A2E43A8D},1985.000000000000000,,38.000000000000000,4.000000000000000,7.000000000000000,,{8A49B466-18B2-463D-8E57-75BBC29770BF},6/04/2026 23:36:52.084,,6/04/2026 23:36:52.084,,1.000000000000000,50
{3C45C466-9A51-4F1D-9E6D-E6D4EE9F56C5},1986.000000000000000,,44.000000000000000,3.000000000000000,3.000000000000000,,{8A49B466-18B2-463D-8E57-75BBC29770BF},6/04/2026 23:36:52.084,,6/04/2026 23:36:52.084,,0.000000000000000,50
{B6DF7CDC-E849-458C-8F64-552902C3A09A},1987.000000000000000,,41.000000000000000,0.000000000000000,5.000000000000000,"Long sprayed grass, starting to fail. Hard to find some trees",{8A49B466-18B2-463D-8E57-75BBC29770BF},6/04/2026 23:36:52.084,,6/04/2026 23:36:52.084,,4.000000000000000,50
{288D9BBE-776A-4977-A7D4-2234F1163DE0},1988.000000000000000,,36.000000000000000,2.000000000000000,9.000000000000000,Pig digging,{8A49B466-18B2-463D-8E57-75BBC29770BF},6/04/2026 23:36:52.084,,6/04/2026 23:36:52.084,,3.000000000000000,50
{F3BFFFE8-2E26-4FD8-8A6E-2F71150D91A8},1999.000000000000000,,46.000000000000000,2.000000000000000,2.000000000000000,,{8A49B466-18B2-463D-8E57-75BBC29770BF},6/04/2026 23:36:52.084,,6/04/2026 23:36:52.084,,0.000000000000000,50
{0CE1921E-033A-41EF-A6AD-334848A149E8},2000.000000000000000,,41.000000000000000,3.000000000000000,2.000000000000000,"Long grass, hard to find trees",{8A49B466-18B2-463D-8E57-75BBC29770BF},6/04/2026 23:36:52.084,,6/04/2026 23:36:52.084,,4.000000000000000,50
{B33B5B21-BDBC-4EDE-A573-C9E27CBB59BF},2001.000000000000000,,42.000000000000000,0.000000000000000,2.000000000000000,"Long sprayed grass, hard to find trees. Wet area with no trees",{8A49B466-18B2-463D-8E57-75BBC29770BF},6/04/2026 23:36:52.084,,6/04/2026 23:36:52.084,,6.000000000000000,50
{39529726-6D98-4133-B2B9-CEE4B00CFC07},2002.000000000000000,,35.000000000000000,1.000000000000000,8.000000000000000,Part plot long sprayed grass,{8A49B466-18B2-463D-8E57-75BBC29770BF},6/04/2026 23:36:52.084,,6/04/2026 23:36:52.084,,6.000000000000000,50
{0918F034-AF10-487D-B7D2-E210FBAE2316},2012.000000000000000,,46.000000000000000,0.000000000000000,1.000000000000000,Part plot long sprayed grass and tussock. Hard to find some trees,{8A49B466-18B2-463D-8E57-75BBC29770BF},6/04/2026 23:36:52.084,,6/04/2026 23:36:52.084,,3.000000000000000,50
{924C203C-F029-4EA4-A97E-A8571CE56279},2011.000000000000000,,29.000000000000000,0.000000000000000,17.000000000000000,,{8A49B466-18B2-463D-8E57-75BBC29770BF},6/04/2026 23:36:52.084,,6/04/2026 23:36:52.084,,4.000000000000000,50
{7A89DD4C-2B7F-47F3-9F10-273E7F27FB57},2025.000000000000000,,41.000000000000000,2.000000000000000,3.000000000000000,"Old browsing but trees coming away. Small trees, sprayed grass falling over making harder to find",{339F5872-EF78-4CB6-A9EB-73ED3ACD9087},7/04/2026 0:15:36.888,,13/04/2026 0:44:50.390,ScarlettMichelle,4.000000000000000,50
{0501A2FD-91C7-4AAE-B4DF-855FE972D695},2024.000000000000000,,47.000000000000000,1.000000000000000,2.000000000000000,Long sprayed grass,{339F5872-EF78-4CB6-A9EB-73ED3ACD9087},7/04/2026 0:15:36.888,,7/04/2026 0:15:36.888,,0.000000000000000,50
{61AA9809-ED99-4377-83C3-B710E4B94E7F},2010.000000000000000,,23.000000000000000,4.000000000000000,20.000000000000000,,{339F5872-EF78-4CB6-A9EB-73ED3ACD9087},7/04/2026 0:15:36.888,,7/04/2026 0:15:36.888,,3.000000000000000,50
{668DF772-044B-4DAF-8B3A-A6C5984741D9},2009.000000000000000,,36.000000000000000,8.000000000000000,6.000000000000000,,{339F5872-EF78-4CB6-A9EB-73ED3ACD9087},7/04/2026 0:15:36.888,,13/04/2026 0:45:36.188,ScarlettMichelle,0.000000000000000,50
{EBB9B8CE-F4D4-4C9E-A946-EFE8D0C1BAEF},1998.000000000000000,,48.000000000000000,1.000000000000000,1.000000000000000,,{D4B70B45-AA40-4F96-BB6E-70EBAD4758D0},7/04/2026 1:17:06.321,,7/04/2026 1:17:06.321,,0.000000000000000,50
{FE8567C9-A217-47BA-A162-BC5459C04F1E},1997.000000000000000,,41.000000000000000,1.000000000000000,8.000000000000000,,{D4B70B45-AA40-4F96-BB6E-70EBAD4758D0},7/04/2026 1:17:06.321,,13/04/2026 0:44:55.471,ScarlettMichelle,0.000000000000000,50
{FE5F5790-4DE4-4C18-BE7C-50D9EFAA9668},1984.000000000000000,,45.000000000000000,1.000000000000000,4.000000000000000,,{D4B70B45-AA40-4F96-BB6E-70EBAD4758D0},7/04/2026 1:17:06.321,,7/04/2026 1:17:06.321,,0.000000000000000,50
{E52715B7-F166-4311-9D7D-CBA35DF68359},1983.000000000000000,,45.000000000000000,0.000000000000000,5.000000000000000,,{D4B70B45-AA40-4F96-BB6E-70EBAD4758D0},7/04/2026 1:17:06.321,,13/04/2026 0:43:50.705,ScarlettMichelle,0.000000000000000,50
{2B2CAC95-E186-4865-B7C3-8515CA71E76D},1982.000000000000000,,48.000000000000000,0.000000000000000,0.000000000000000,,{D4B70B45-AA40-4F96-BB6E-70EBAD4758D0},7/04/2026 1:17:06.321,,7/04/2026 1:17:06.321,,2.000000000000000,50
{F96BFDF4-52CA-4576-B769-6E45F421B29C},1969.000000000000000,,43.000000000000000,2.000000000000000,5.000000000000000,"Lines changing, not clean lines to follow",{D4B70B45-AA40-4F96-BB6E-70EBAD4758D0},7/04/2026 1:17:06.321,,7/04/2026 1:17:06.321,,0.000000000000000,50
{D0274F96-653A-414E-8F2E-5CE57E50BE45},1996.000000000000000,,46.000000000000000,0.000000000000000,0.000000000000000,"Long sprayed grass, green grass coming away underneath sprayed grass",{D4B70B45-AA40-4F96-BB6E-70EBAD4758D0},7/04/2026 1:17:06.321,,13/04/2026 0:30:55.487,ScarlettMichelle,4.000000000000000,50
{0F2E908E-E5B7-4B5E-ABB6-1B1A80ABD6A3},2008.000000000000000,,42.000000000000000,1.000000000000000,7.000000000000000,,{1514E652-BF3F-42BA-B292-28F8A30CB27E},7/04/2026 3:05:38.912,,7/04/2026 3:05:38.912,,0.000000000000000,50
{E1BEF410-2FE9-406B-922C-0FEEF151A012},2007.000000000000000,,44.000000000000000,0.000000000000000,6.000000000000000,,{1514E652-BF3F-42BA-B292-28F8A30CB27E},7/04/2026 3:05:38.912,,7/04/2026 3:05:38.912,,0.000000000000000,50
{6CB8C9BD-3F54-40B2-B63E-33454B8BF662},2006.000000000000000,,46.000000000000000,1.000000000000000,3.000000000000000,,{1514E652-BF3F-42BA-B292-28F8A30CB27E},7/04/2026 3:05:38.912,,7/04/2026 3:05:38.912,,0.000000000000000,50
{E0AEB16F-18A2-4C82-94BB-B6082A4C7C6D},2005.000000000000000,,41.000000000000000,0.000000000000000,2.000000000000000,"7 trees missing on one row, rock area/unplantable",{1514E652-BF3F-42BA-B292-28F8A30CB27E},7/04/2026 3:05:38.912,,7/04/2026 3:05:38.912,,7.000000000000000,50
{0147DA47-C618-4453-82CE-38DAB77F2A32},2004.000000000000000,,36.000000000000000,2.000000000000000,12.000000000000000,,{1514E652-BF3F-42BA-B292-28F8A30CB27E},7/04/2026 3:05:38.912,,7/04/2026 3:05:38.912,,0.000000000000000,50
{4D4985E1-0698-4F78-B358-0E5C8CA8D134},2003.000000000000000,,42.000000000000000,4.000000000000000,2.000000000000000,Part plot long sprayed grass and hard to find trees,{1514E652-BF3F-42BA-B292-28F8A30CB27E},7/04/2026 3:05:38.912,,13/04/2026 0:44:23.642,ScarlettMichelle,2.000000000000000,50
{43FF3D49-C4CC-4CF5-89AD-E1754F6A6DEF},1989.000000000000000,,44.000000000000000,4.000000000000000,2.000000000000000,Section of spray area failed - very green grass. ,{1514E652-BF3F-42BA-B292-28F8A30CB27E},7/04/2026 3:05:38.912,,7/04/2026 3:05:38.912,,0.000000000000000,50
{07D67A36-CEF1-420B-82DB-0B51ECED8DF6},1990.000000000000000,,49.000000000000000,1.000000000000000,0.000000000000000,,{1514E652-BF3F-42BA-B292-28F8A30CB27E},7/04/2026 3:05:38.912,,7/04/2026 3:05:38.912,,0.000000000000000,50
{6A386498-78DB-42F2-8D8D-17C392AF4159},2016.000000000000000,,42.000000000000000,3.000000000000000,5.000000000000000,,{1514E652-BF3F-42BA-B292-28F8A30CB27E},7/04/2026 3:05:38.912,,7/04/2026 3:05:38.912,,0.000000000000000,50
{70FA5E1D-67DC-467C-BB15-E4409EC04893},2030.000000000000000,,46.000000000000000,1.000000000000000,3.000000000000000,,{1514E652-BF3F-42BA-B292-28F8A30CB27E},7/04/2026 3:05:38.912,,7/04/2026 3:05:38.912,,0.000000000000000,50
{CA2D010C-0900-4E76-BE99-D192BEC46E9C},2015.000000000000000,,47.000000000000000,1.000000000000000,2.000000000000000,,{1514E652-BF3F-42BA-B292-28F8A30CB27E},7/04/2026 3:05:38.912,,7/04/2026 3:05:38.912,,0.000000000000000,50
{322766A3-0873-4EE7-81E7-8DAB4D4FA9FB},2014.000000000000000,,20.000000000000000,2.000000000000000,13.000000000000000,"Bluff, rock scree, no if any top soil ",{1514E652-BF3F-42BA-B292-28F8A30CB27E},7/04/2026 3:05:38.912,,7/04/2026 3:05:38.912,,15.000000000000000,50
{1B79A8D1-C4D8-49A8-BD2A-A2B521D11C46},2013.000000000000000,,34.000000000000000,1.000000000000000,10.000000000000000,,{1514E652-BF3F-42BA-B292-28F8A30CB27E},7/04/2026 3:05:38.912,,7/04/2026 3:05:38.912,,5.000000000000000,50
{D0B7589F-77DE-4FF1-B15E-098627408FB1},2029.000000000000000,,39.000000000000000,2.000000000000000,9.000000000000000,,{1514E652-BF3F-42BA-B292-28F8A30CB27E},7/04/2026 3:05:38.912,,7/04/2026 3:05:38.912,,0.000000000000000,50
{62FD2AC6-A5A0-49EF-99CF-C8F42148B493},2017.000000000000000,,48.000000000000000,1.000000000000000,0.000000000000000,,{2F8980F6-4A65-4E1F-ACA0-A8EA378D3BE2},7/04/2026 22:56:38.587,,7/04/2026 22:56:38.587,,1.000000000000000,50
{E4C4D8DB-9301-4299-B560-F3F69F0B42F1},2018.000000000000000,,50.000000000000000,0.000000000000000,0.000000000000000,,{2F8980F6-4A65-4E1F-ACA0-A8EA378D3BE2},7/04/2026 22:56:38.587,,7/04/2026 22:56:38.587,,0.000000000000000,50
{D49CA8DF-822D-4213-9A48-066C6D78A296},2019.000000000000000,,50.000000000000000,0.000000000000000,0.000000000000000,,{2F8980F6-4A65-4E1F-ACA0-A8EA378D3BE2},7/04/2026 22:56:38.587,,7/04/2026 22:56:38.587,,0.000000000000000,50
{751FB7E5-C4DA-4595-9C4F-1B8A77B06451},2024.000000000000000,,49.000000000000000,0.000000000000000,1.000000000000000,,{2F8980F6-4A65-4E1F-ACA0-A8EA378D3BE2},7/04/2026 22:56:38.587,,7/04/2026 22:56:38.587,,0.000000000000000,50
{FFFBC441-377A-4BDD-8D81-23114C5B5ED1},2033.000000000000000,,49.000000000000000,0.000000000000000,1.000000000000000,,{2F8980F6-4A65-4E1F-ACA0-A8EA378D3BE2},7/04/2026 22:56:38.587,,7/04/2026 22:56:38.587,,0.000000000000000,50
{6B241F64-9E85-4C81-B259-FA8A8E6AA3A2},2032.000000000000000,,48.000000000000000,0.000000000000000,0.000000000000000,,{2F8980F6-4A65-4E1F-ACA0-A8EA378D3BE2},7/04/2026 22:56:38.587,,7/04/2026 22:56:38.587,,2.000000000000000,50
{00C67D0A-4AB3-4577-859A-CC91122F5C1E},2031.000000000000000,,49.000000000000000,0.000000000000000,0.000000000000000,,{2F8980F6-4A65-4E1F-ACA0-A8EA378D3BE2},7/04/2026 22:56:38.587,,7/04/2026 22:56:38.587,,1.000000000000000,50
{F98BFD6A-A2A3-434D-A1C6-94872AEBBE08},2041.000000000000000,,49.000000000000000,1.000000000000000,0.000000000000000,,{2F8980F6-4A65-4E1F-ACA0-A8EA378D3BE2},7/04/2026 22:56:38.587,,7/04/2026 22:56:38.587,,0.000000000000000,50
{21606C98-9BF8-48BD-BBF3-74724C794776},2042.000000000000000,,49.000000000000000,0.000000000000000,0.000000000000000,Green grass coming away under sprayed grass,{2F8980F6-4A65-4E1F-ACA0-A8EA378D3BE2},7/04/2026 22:56:38.587,,7/04/2026 22:56:38.587,,1.000000000000000,50
{447904F1-687F-4061-98B9-9873212ACACA},2043.000000000000000,,49.000000000000000,0.000000000000000,0.000000000000000,,{2F8980F6-4A65-4E1F-ACA0-A8EA378D3BE2},7/04/2026 22:56:38.587,,7/04/2026 22:56:38.587,,1.000000000000000,50
{9245FBE2-D188-412E-9B72-FCC5B0752D16},2044.000000000000000,,50.000000000000000,0.000000000000000,0.000000000000000,,{2F8980F6-4A65-4E1F-ACA0-A8EA378D3BE2},7/04/2026 22:56:38.587,,7/04/2026 22:56:38.587,,0.000000000000000,50
{668C590F-70ED-493F-A379-9F799B435C87},2045.000000000000000,,47.000000000000000,0.000000000000000,1.000000000000000,Long sprayed thistles ,{2F8980F6-4A65-4E1F-ACA0-A8EA378D3BE2},7/04/2026 22:56:38.587,,7/04/2026 22:56:38.587,,2.000000000000000,50
{45DE60FB-24E4-4A18-ACBE-3194F94B8770},2054.000000000000000,,48.000000000000000,0.000000000000000,0.000000000000000,,{2F8980F6-4A65-4E1F-ACA0-A8EA378D3BE2},7/04/2026 22:56:38.587,,7/04/2026 22:56:38.587,,2.000000000000000,50
{C9E9FB9A-631E-4041-A71E-D1164D0843E1},2053.000000000000000,,49.000000000000000,0.000000000000000,0.000000000000000,Rocky area,{2F8980F6-4A65-4E1F-ACA0-A8EA378D3BE2},7/04/2026 22:56:38.587,,13/04/2026 0:30:26.755,ScarlettMichelle,1.000000000000000,50
{2A5B4534-74AA-48D5-A83B-232D1E159D3C},2052.000000000000000,,48.000000000000000,0.000000000000000,1.000000000000000,Root raked area,{2F8980F6-4A65-4E1F-ACA0-A8EA378D3BE2},7/04/2026 22:56:38.587,,7/04/2026 22:56:38.587,,1.000000000000000,50
{97E89064-D535-47A6-9AE0-05FC7796F944},2020.000000000000000,,45.000000000000000,1.000000000000000,1.000000000000000,"Long sprayed grass, hard to find some trees",{86809826-6F47-4524-9632-09D72E40965D},7/04/2026 22:58:04.912,,7/04/2026 22:58:04.912,,3.000000000000000,50
{09A5775D-D336-423C-909D-5A0398DC5CD5},2021.000000000000000,,41.000000000000000,2.000000000000000,7.000000000000000,"Long sprayed weed, hard to find trees",{86809826-6F47-4524-9632-09D72E40965D},7/04/2026 22:58:04.912,,7/04/2026 22:58:04.912,,0.000000000000000,50
{FB37F4D4-AC51-4657-9FDB-6B58D8ECBC8A},2022.000000000000000,,48.000000000000000,0.000000000000000,2.000000000000000,5 x 10 rows as waterway setback,{86809826-6F47-4524-9632-09D72E40965D},7/04/2026 22:58:04.912,,7/04/2026 22:58:04.912,,0.000000000000000,50
{CA50B1F8-8797-4D4B-84DE-B6BA2A9B9B53},2023.000000000000000,,48.000000000000000,0.000000000000000,2.000000000000000,,{86809826-6F47-4524-9632-09D72E40965D},7/04/2026 22:58:04.912,,7/04/2026 22:58:04.912,,0.000000000000000,50
{823C7876-F293-4334-80FE-9146FE5216BD},2067.000000000000000,,40.000000000000000,1.000000000000000,8.000000000000000,Spray has failed,{054A4CE8-7833-48A6-B2D4-EA2BC32D297D},8/04/2026 0:28:33.296,,8/04/2026 0:28:33.296,,1.000000000000000,50
{5FE51ECC-2791-4345-A6A7-A43743251E82},2068.000000000000000,,37.000000000000000,4.000000000000000,9.000000000000000,,{054A4CE8-7833-48A6-B2D4-EA2BC32D297D},8/04/2026 0:28:33.296,,8/04/2026 0:28:33.296,,0.000000000000000,50
{185731ED-2922-4682-B6E3-92BBD1E2A0DA},2077.000000000000000,,38.000000000000000,1.000000000000000,5.000000000000000,"Long sprayed grass covering trees, hard to find some. Spray failing",{054A4CE8-7833-48A6-B2D4-EA2BC32D297D},8/04/2026 0:28:33.296,,13/04/2026 0:45:27.976,ScarlettMichelle,6.000000000000000,50
{9128CF2C-DEBC-43FB-B5AD-CAA2BA68BC4C},2084.000000000000000,,40.000000000000000,0.000000000000000,5.000000000000000,"Long sprayed grass covering some trees, hard to find. Spray has failed",{054A4CE8-7833-48A6-B2D4-EA2BC32D297D},8/04/2026 0:28:33.296,,8/04/2026 0:28:33.296,,5.000000000000000,50
{0A1E54AD-29AE-4E57-ADCD-64F54EACC47C},2115.000000000000000,,45.000000000000000,1.000000000000000,4.000000000000000,,{A69FA896-4DED-49D9-A95F-217C29EC19D8},8/04/2026 1:55:52.188,,8/04/2026 1:55:52.188,,0.000000000000000,50
{EDABCA41-2E8E-4DA1-8915-C137C384FD5E},2116.000000000000000,,37.000000000000000,4.000000000000000,9.000000000000000,,{A69FA896-4DED-49D9-A95F-217C29EC19D8},8/04/2026 1:55:52.188,,8/04/2026 1:55:52.188,,0.000000000000000,50
{0397037B-B51A-4B1A-BB24-8BB6549AE184},2117.000000000000000,,44.000000000000000,3.000000000000000,3.000000000000000,Root raked area,{A69FA896-4DED-49D9-A95F-217C29EC19D8},8/04/2026 1:55:52.188,,8/04/2026 1:55:52.188,,0.000000000000000,50
{B4B8B6C7-0841-4EC9-81CB-6F369CE5C15E},2118.000000000000000,,47.000000000000000,1.000000000000000,1.000000000000000,Root raked area,{A69FA896-4DED-49D9-A95F-217C29EC19D8},8/04/2026 1:55:52.188,,8/04/2026 1:55:52.188,,1.000000000000000,50
{BE8F4012-E4D7-4131-8BDA-8E3F5A194795},2122.000000000000000,,35.000000000000000,4.000000000000000,0.000000000000000,Wet/swampy tussock area,{A69FA896-4DED-49D9-A95F-217C29EC19D8},8/04/2026 1:55:52.188,,8/04/2026 1:55:52.188,,11.000000000000000,50
{68F668C4-A3B9-47D9-9804-9D1E6658E8D6},2131.000000000000000,,37.000000000000000,1.000000000000000,2.000000000000000,"Long thick grass, hard to find trees",{A69FA896-4DED-49D9-A95F-217C29EC19D8},8/04/2026 1:55:52.188,,8/04/2026 1:55:52.188,,10.000000000000000,50
{DD0582E9-D95D-4304-85C7-6A9649FD80D3},1946.000000000000000,,44.000000000000000,2.000000000000000,4.000000000000000,Great tree growth,{5E5FB38D-53D8-4B99-9F56-F7260B0411F6},8/04/2026 3:14:53.750,,8/04/2026 3:14:53.750,,0.000000000000000,50
{177F535D-B8BE-4012-B79D-CF9F34CDE839},1945.000000000000000,,49.000000000000000,1.000000000000000,0.000000000000000,Tussock,{5E5FB38D-53D8-4B99-9F56-F7260B0411F6},8/04/2026 3:14:53.750,,8/04/2026 3:14:53.750,,0.000000000000000,50
{84C54274-969F-4B8A-AE3B-9C81686C5F79},1950.000000000000000,,57.000000000000000,0.000000000000000,1.000000000000000,Tussock and scrub,{5E5FB38D-53D8-4B99-9F56-F7260B0411F6},8/04/2026 3:14:53.750,,8/04/2026 3:14:53.750,,2.000000000000000,60
{12AE474D-CCD6-4F5F-A932-3E5A94FEC962},1951.000000000000000,,38.000000000000000,0.000000000000000,10.000000000000000,Very rocky,{5E5FB38D-53D8-4B99-9F56-F7260B0411F6},8/04/2026 3:14:53.750,,8/04/2026 3:14:53.750,,2.000000000000000,50
{27B05123-303C-4F3C-BA9C-69663AEB3E9C},2113.000000000000000,,46.000000000000000,0.000000000000000,4.000000000000000,Root raked area,{CFD932B8-897E-4322-BF3B-BCC6C2BE667F},8/04/2026 23:26:26.078,,8/04/2026 23:26:26.078,,0.000000000000000,50
{433C15FF-7631-4060-B2DD-B9BE68A796AE},2112.000000000000000,,34.000000000000000,2.000000000000000,5.000000000000000,Root raked area. Some trees browsed but old,{CFD932B8-897E-4322-BF3B-BCC6C2BE667F},8/04/2026 23:26:26.078,,8/04/2026 23:26:26.078,,9.000000000000000,50
{F9D5EECA-9E3D-4D86-8CAD-A3300C488FBE},2121.000000000000000,,47.000000000000000,3.000000000000000,0.000000000000000,Amongst scrub,{CFD932B8-897E-4322-BF3B-BCC6C2BE667F},8/04/2026 23:26:26.078,,8/04/2026 23:26:26.078,,0.000000000000000,50
{639BA3D6-CBBD-4771-912E-673D09BE8284},2128.000000000000000,,35.000000000000000,4.000000000000000,3.000000000000000,"Heavily browsed, trees o served have healed and growing",{CFD932B8-897E-4322-BF3B-BCC6C2BE667F},8/04/2026 23:26:26.078,,13/04/2026 0:45:41.017,ScarlettMichelle,8.000000000000000,50
{45CAE382-FC66-430D-8E18-8D7DA953E61A},2139.000000000000000,,38.000000000000000,5.000000000000000,1.000000000000000,"Browsed trees, root raked areas",{CFD932B8-897E-4322-BF3B-BCC6C2BE667F},8/04/2026 23:26:26.078,,8/04/2026 23:26:26.078,,6.000000000000000,50
{23EE7760-751A-43EF-BB64-807B5F52505A},2138.000000000000000,,43.000000000000000,4.000000000000000,1.000000000000000,Old browsing,{CFD932B8-897E-4322-BF3B-BCC6C2BE667F},8/04/2026 23:26:26.078,,8/04/2026 23:26:26.078,,2.000000000000000,50
{8F87300D-5ED9-41D2-A4FA-1CDA0135AEF6},2137.000000000000000,,35.000000000000000,4.000000000000000,9.000000000000000,Plot done over space of two wind rows,{CFD932B8-897E-4322-BF3B-BCC6C2BE667F},8/04/2026 23:26:26.078,,8/04/2026 23:26:26.078,,2.000000000000000,50
{3353281E-6AD8-4B7C-8595-9D2C3F648910},2155.000000000000000,,0.000000000000000,1.000000000000000,46.000000000000000,Root raked area,{CFD932B8-897E-4322-BF3B-BCC6C2BE667F},8/04/2026 23:26:26.078,,8/04/2026 23:26:26.078,,3.000000000000000,50
{6DA99D1F-0338-4387-A4A8-D6CD662C0271},2156.000000000000000,,40.000000000000000,3.000000000000000,4.000000000000000,Hard to find some trees in long thick sprayed grass,{CFD932B8-897E-4322-BF3B-BCC6C2BE667F},8/04/2026 23:26:26.078,,8/04/2026 23:26:26.078,,3.000000000000000,50
{7B0B380E-3B31-4A54-9420-A3BDF87F59C8},2147.000000000000000,,47.000000000000000,1.000000000000000,1.000000000000000,"Root raked, between native and wind row. Old browsing",{CFD932B8-897E-4322-BF3B-BCC6C2BE667F},8/04/2026 23:26:26.078,,8/04/2026 23:26:26.078,,1.000000000000000,50
{56E700C3-EADE-4EC5-8527-FB1F5920853F},2130.000000000000000,,41.000000000000000,0.000000000000000,3.000000000000000,In sprayed scrub area,{CFD932B8-897E-4322-BF3B-BCC6C2BE667F},8/04/2026 23:26:26.078,,8/04/2026 23:26:26.078,,6.000000000000000,50
{C9003FCA-3E33-4FA1-A640-0267ED422759},2140.000000000000000,,42.000000000000000,6.000000000000000,2.000000000000000,,{CFD932B8-897E-4322-BF3B-BCC6C2BE667F},8/04/2026 23:26:26.078,,8/04/2026 23:26:26.078,,0.000000000000000,50
{0365E0EC-9D4D-41E2-8234-7A26B3AEFD79},945.000000000000000,,37.000000000000000,3.000000000000000,2.000000000000000,,{EC5B09A4-0096-4F09-8C0C-442A1FA8FAC6},8/04/2026 23:48:52.532,,8/04/2026 23:48:52.532,,8.000000000000000,50
{E368416D-2B45-40C3-A3FA-0E249C48B9EE},914.000000000000000,,42.000000000000000,3.000000000000000,5.000000000000000,"Crew spot planted well in this rocky area, seedlings doing surprisingly well amongst rocks",{EC5B09A4-0096-4F09-8C0C-442A1FA8FAC6},8/04/2026 23:48:52.532,,8/04/2026 23:48:52.532,,0.000000000000000,50
{2B5FF87E-6F14-4B35-BAA9-34BA9DBC5A55},915.000000000000000,,43.000000000000000,3.000000000000000,3.000000000000000,,{EC5B09A4-0096-4F09-8C0C-442A1FA8FAC6},8/04/2026 23:48:52.532,,8/04/2026 23:48:52.532,,1.000000000000000,50
{C9A6487E-AC4A-4BFA-BB4E-6FC6C991B2BD},916.000000000000000,,45.000000000000000,0.000000000000000,5.000000000000000,,{EC5B09A4-0096-4F09-8C0C-442A1FA8FAC6},8/04/2026 23:48:52.532,,8/04/2026 23:48:52.532,,0.000000000000000,50
{F46F8B5D-193A-4981-AF9F-8695ECCA9B10},884.000000000000000,,36.000000000000000,5.000000000000000,9.000000000000000,,{EC5B09A4-0096-4F09-8C0C-442A1FA8FAC6},8/04/2026 23:48:52.532,,8/04/2026 23:48:52.532,,0.000000000000000,50
{6D30C249-706F-4A3D-9576-12889DD1EF75},883.000000000000000,,39.000000000000000,4.000000000000000,7.000000000000000,,{EC5B09A4-0096-4F09-8C0C-442A1FA8FAC6},8/04/2026 23:48:52.532,,8/04/2026 23:48:52.532,,0.000000000000000,50
{CE277961-B607-457C-A5AB-77B636CEE5FB},795.000000000000000,,23.000000000000000,2.000000000000000,24.000000000000000,,{EC5B09A4-0096-4F09-8C0C-442A1FA8FAC6},8/04/2026 23:48:52.532,,8/04/2026 23:48:52.532,,1.000000000000000,50
{B4FA1A59-B198-4C55-8276-5868907A561B},796.000000000000000,,37.000000000000000,0.000000000000000,13.000000000000000,,{EC5B09A4-0096-4F09-8C0C-442A1FA8FAC6},8/04/2026 23:48:52.532,,8/04/2026 23:48:52.532,,0.000000000000000,50
{467F8BBB-2680-4C64-87B3-601CCC915BF1},826.000000000000000,,34.000000000000000,4.000000000000000,12.000000000000000,,{EC5B09A4-0096-4F09-8C0C-442A1FA8FAC6},8/04/2026 23:48:52.532,,8/04/2026 23:48:52.532,,0.000000000000000,50
{17BAB780-E787-4E6A-B90F-1873C51BF53D},827.000000000000000,,40.000000000000000,1.000000000000000,4.000000000000000,Missing trees from old hare damage,{EC5B09A4-0096-4F09-8C0C-442A1FA8FAC6},8/04/2026 23:48:52.532,,8/04/2026 23:48:52.532,,5.000000000000000,50
{D2C1910D-BB62-4721-B7F2-06D7A1D28D19},885.000000000000000,,40.000000000000000,2.000000000000000,8.000000000000000,Most dead trees in plot area due to drowning from spring flowing through area,{EC5B09A4-0096-4F09-8C0C-442A1FA8FAC6},8/04/2026 23:48:52.532,,8/04/2026 23:48:52.532,,0.000000000000000,50
{F6AD68BB-360A-474A-ABDE-780ECFD54CE2},856.000000000000000,,33.000000000000000,2.000000000000000,15.000000000000000,,{EC5B09A4-0096-4F09-8C0C-442A1FA8FAC6},8/04/2026 23:48:52.532,,8/04/2026 23:48:52.532,,0.000000000000000,50
{4885C4B3-79C9-4899-B90D-77F310AB6013},2148.000000000000000,,40.000000000000000,1.000000000000000,3.000000000000000,Missing trees mostly in areas of old pig digging,{00D9F499-A7D7-445F-BFD0-A399B730ACF4},9/04/2026 0:23:18.201,,9/04/2026 0:23:18.201,,6.000000000000000,50
{72086D92-0614-4EBA-88C7-66F25A0C2D70},2157.000000000000000,,43.000000000000000,2.000000000000000,5.000000000000000,"Unsprayed area, deer and pig sign",{00D9F499-A7D7-445F-BFD0-A399B730ACF4},9/04/2026 0:23:18.201,,9/04/2026 0:23:18.201,,0.000000000000000,50
{7E27D047-3041-4615-9F82-DC7D2C2AD73A},2148.000000000000000,,42.000000000000000,1.000000000000000,3.000000000000000,Some trees smothered by long sprayed grass. Some old browsing,{00D9F499-A7D7-445F-BFD0-A399B730ACF4},9/04/2026 0:23:18.201,,9/04/2026 0:23:18.201,,4.000000000000000,50
{D23B98E4-9FE4-465C-A258-DBE090B42FDE},828.000000000000000,,40.000000000000000,0.000000000000000,9.000000000000000,,{32AA2B72-B1C7-4BC4-8065-FBFDBD62AC78},9/04/2026 1:43:35.070,,9/04/2026 1:43:35.070,,1.000000000000000,50
{165D2242-7D37-4151-856B-3ADFAAB0CDC9},829.000000000000000,,44.000000000000000,1.000000000000000,5.000000000000000,,{32AA2B72-B1C7-4BC4-8065-FBFDBD62AC78},9/04/2026 1:43:35.070,,9/04/2026 1:43:35.070,,0.000000000000000,50
{C0BF956D-282E-4DA1-A548-57E5AAE6280A},801.000000000000000,,45.000000000000000,0.000000000000000,5.000000000000000,,{32AA2B72-B1C7-4BC4-8065-FBFDBD62AC78},9/04/2026 1:43:35.070,,9/04/2026 1:43:35.070,,0.000000000000000,50
{8EC95B69-F5AF-4CB0-B7BD-4068916EF405},800.000000000000000,,46.000000000000000,1.000000000000000,3.000000000000000,,{32AA2B72-B1C7-4BC4-8065-FBFDBD62AC78},9/04/2026 1:43:35.070,,9/04/2026 1:43:35.070,,0.000000000000000,50
{B1F454F8-6885-4380-9396-1E5FC57B595F},770.000000000000000,,39.000000000000000,0.000000000000000,11.000000000000000,,{32AA2B72-B1C7-4BC4-8065-FBFDBD62AC78},9/04/2026 1:43:35.070,,9/04/2026 1:43:35.070,,0.000000000000000,50
{25D3412E-755B-43E3-BE2E-E07CC52F1FB7},771.000000000000000,,37.000000000000000,1.000000000000000,12.000000000000000,,{32AA2B72-B1C7-4BC4-8065-FBFDBD62AC78},9/04/2026 1:43:35.070,,9/04/2026 1:43:35.070,,0.000000000000000,50
{37694298-8E56-44CA-951B-F1413A107E79},748.000000000000000,,42.000000000000000,0.000000000000000,8.000000000000000,,{32AA2B72-B1C7-4BC4-8065-FBFDBD62AC78},9/04/2026 1:43:35.070,,9/04/2026 1:43:35.070,,0.000000000000000,50
{2BBB7179-DF33-4E4C-85AC-005CAA1CE88F},747.000000000000000,,39.000000000000000,0.000000000000000,11.000000000000000,,{32AA2B72-B1C7-4BC4-8065-FBFDBD62AC78},9/04/2026 1:43:35.070,,9/04/2026 1:43:35.070,,0.000000000000000,50
{1131790E-B994-4C90-8F9B-9F3478C38C92},2049.000000000000000,,34.000000000000000,8.000000000000000,8.000000000000000,Half the stressed trees have very little green on them,{D38F7E5E-5C43-4F6E-87AE-C611C3A127A9},9/04/2026 2:45:47.436,,9/04/2026 2:45:47.436,,0.000000000000000,50
{1CB57E96-6FDB-4BAE-ACB0-7CE80650B956},2038.000000000000000,,46.000000000000000,2.000000000000000,0.000000000000000,,{D38F7E5E-5C43-4F6E-87AE-C611C3A127A9},9/04/2026 2:45:47.436,,13/04/2026 0:31:03.653,ScarlettMichelle,2.000000000000000,50
{39BFC6E4-9358-4A77-9B49-80F1D4278EEC},2039.000000000000000,,43.000000000000000,2.000000000000000,3.000000000000000,,{D38F7E5E-5C43-4F6E-87AE-C611C3A127A9},9/04/2026 2:45:47.436,,9/04/2026 2:45:47.436,,2.000000000000000,50
{A0AB8579-C4BF-44A4-8096-3E0AD4A7233A},2047.000000000000000,,49.000000000000000,0.000000000000000,0.000000000000000,,{0C0E3496-59AC-43B5-BFA5-0BCD062743D2},9/04/2026 2:52:12.001,,9/04/2026 2:52:12.001,,1.000000000000000,50
{7139097B-CA0F-4B9D-A791-BCD81C211F23},2035.000000000000000,,44.000000000000000,0.000000000000000,1.000000000000000,,{0C0E3496-59AC-43B5-BFA5-0BCD062743D2},9/04/2026 2:52:12.001,,9/04/2026 2:52:12.001,,5.000000000000000,50
{10C8399C-9353-42A2-8B1E-73B2AEFA1807},2026.000000000000000,,49.000000000000000,1.000000000000000,0.000000000000000,Mix of long sprayed grass and bare ground ,{0C0E3496-59AC-43B5-BFA5-0BCD062743D2},9/04/2026 2:52:12.001,,9/04/2026 2:52:12.001,,0.000000000000000,50
{903BA22C-DC5F-41F8-9A18-19E13369C0DF},2027.000000000000000,,47.000000000000000,0.000000000000000,3.000000000000000,,{0C0E3496-59AC-43B5-BFA5-0BCD062743D2},9/04/2026 2:52:12.001,,9/04/2026 2:52:12.001,,0.000000000000000,50
{343BA9D0-ECD9-4D4E-B40F-392401107CFE},2028.000000000000000,,48.000000000000000,0.000000000000000,2.000000000000000,,{0C0E3496-59AC-43B5-BFA5-0BCD062743D2},9/04/2026 2:52:12.001,,9/04/2026 2:52:12.001,,0.000000000000000,50
{F270F316-7CA8-4B6E-9DDF-088DDAC350D0},2036.000000000000000,,48.000000000000000,0.000000000000000,0.000000000000000,,{0C0E3496-59AC-43B5-BFA5-0BCD062743D2},9/04/2026 2:52:12.001,,9/04/2026 2:52:12.001,,2.000000000000000,50
{5734B059-8A28-48DE-B962-07ED66D50A6B},2048.000000000000000,,48.000000000000000,0.000000000000000,1.000000000000000,Root raked tussock area,{0C0E3496-59AC-43B5-BFA5-0BCD062743D2},9/04/2026 2:52:12.001,,9/04/2026 2:52:12.001,,1.000000000000000,50
{7190CF23-C9DC-4236-B940-CAB81ED2C9C1},2058.000000000000000,,39.000000000000000,6.000000000000000,3.000000000000000,Amongst tussock,{0C0E3496-59AC-43B5-BFA5-0BCD062743D2},9/04/2026 2:52:12.001,,9/04/2026 2:52:12.001,,2.000000000000000,50
{E7E685D3-3CDF-4B58-865A-F0C3AFC793C9},2037.000000000000000,,46.000000000000000,1.000000000000000,1.000000000000000,Root raked area. Wind row in the middle,{0C0E3496-59AC-43B5-BFA5-0BCD062743D2},9/04/2026 2:52:12.001,,9/04/2026 2:52:12.001,,2.000000000000000,50
{3EE85714-02B3-40E3-B33D-BBE32DC4E452},851.000000000000000,,39.000000000000000,2.000000000000000,6.000000000000000,"Unable to find 3 in 1 row, appears long grass has flattened trees ",{990F0A7C-69DA-4CDF-864B-8FF3EB952E19},9/04/2026 3:47:37.134,,9/04/2026 3:47:37.134,,3.000000000000000,50
{0CEF7EBA-8079-45F2-8470-FF3CCDD213C8},850.000000000000000,,39.000000000000000,2.000000000000000,7.000000000000000,,{990F0A7C-69DA-4CDF-864B-8FF3EB952E19},9/04/2026 3:47:37.134,,9/04/2026 3:47:37.134,,2.000000000000000,50
{2776A348-404D-4B5C-A9E4-96D1D91C1DA8},823.000000000000000,,40.000000000000000,1.000000000000000,9.000000000000000,,{990F0A7C-69DA-4CDF-864B-8FF3EB952E19},9/04/2026 3:47:37.134,,9/04/2026 3:47:37.134,,0.000000000000000,50
{897E9D74-E17A-42DC-AE67-8B6811E4AC75},822.000000000000000,,37.000000000000000,1.000000000000000,12.000000000000000,,{990F0A7C-69DA-4CDF-864B-8FF3EB952E19},9/04/2026 3:47:37.134,,9/04/2026 3:47:37.134,,0.000000000000000,50
{69D488E4-453F-4774-BD4D-38CC9147A4E0},824.000000000000000,,36.000000000000000,3.000000000000000,11.000000000000000,,{990F0A7C-69DA-4CDF-864B-8FF3EB952E19},9/04/2026 3:47:37.134,,9/04/2026 3:47:37.134,,0.000000000000000,50
{074F1614-0DAB-47BF-97AD-29373F88E6F8},825.000000000000000,,39.000000000000000,2.000000000000000,9.000000000000000,,{990F0A7C-69DA-4CDF-864B-8FF3EB952E19},9/04/2026 3:47:37.134,,9/04/2026 3:47:37.134,,0.000000000000000,50
{9CB80EBA-19D3-4C2E-A1AE-C07494091060},794.000000000000000,,28.000000000000000,6.000000000000000,16.000000000000000,,{990F0A7C-69DA-4CDF-864B-8FF3EB952E19},9/04/2026 3:47:37.134,,9/04/2026 3:47:37.134,,0.000000000000000,50
{8915426F-E21D-45C0-B69A-41DF8B237960},793.000000000000000,,41.000000000000000,3.000000000000000,6.000000000000000,,{990F0A7C-69DA-4CDF-864B-8FF3EB952E19},9/04/2026 3:47:37.134,,9/04/2026 3:47:37.134,,0.000000000000000,50
{7564A742-CF46-4DE3-AD63-63B5DA80379D},821.000000000000000,,41.000000000000000,2.000000000000000,7.000000000000000,,{990F0A7C-69DA-4CDF-864B-8FF3EB952E19},9/04/2026 3:47:37.134,,9/04/2026 3:47:37.134,,0.000000000000000,50
{43DF39D9-ABFE-4808-9ED6-60FFD2C0545B},875.000000000000000,,26.000000000000000,2.000000000000000,22.000000000000000,,{1E9DBDFF-EB2B-45B6-A01E-A9E3FD330B89},9/04/2026 4:48:58.477,,9/04/2026 4:48:58.477,,0.000000000000000,50
{62544295-B542-4385-AB06-58C033916D98},849.000000000000000,,43.000000000000000,1.000000000000000,6.000000000000000,,{1E9DBDFF-EB2B-45B6-A01E-A9E3FD330B89},9/04/2026 4:48:58.477,,9/04/2026 4:48:58.477,,0.000000000000000,50
{6415ACC3-9E90-4C5D-97E9-02200FD3184F},848.000000000000000,,35.000000000000000,8.000000000000000,7.000000000000000,Very patchy in this area due to very little dirt to plant into,{1E9DBDFF-EB2B-45B6-A01E-A9E3FD330B89},9/04/2026 4:48:58.477,,9/04/2026 4:48:58.477,,0.000000000000000,50
{7E1D4D22-9F67-49BE-BFDE-E98D800CFFF9},874.000000000000000,,38.000000000000000,5.000000000000000,7.000000000000000,,{1E9DBDFF-EB2B-45B6-A01E-A9E3FD330B89},9/04/2026 4:48:58.477,,9/04/2026 4:48:58.477,,0.000000000000000,50
{5244470F-DDC1-461A-B30D-E5B9C6D86084},2119.000000000000000,,50.000000000000000,0.000000000000000,0.000000000000000,,{C3BB9A9F-6412-4D8D-9661-0AE117A05C79},9/04/2026 23:36:37.007,,9/04/2026 23:36:37.007,,0.000000000000000,50
{DD5C155E-78A7-4CF9-BDAB-F54D06B5C8C1},2120.000000000000000,,45.000000000000000,1.000000000000000,2.000000000000000,Root raked areas,{C3BB9A9F-6412-4D8D-9661-0AE117A05C79},9/04/2026 23:36:37.007,,9/04/2026 23:36:37.007,,2.000000000000000,50
{6BF59C9D-458C-44E2-98D5-D18F24727662},2127.000000000000000,,47.000000000000000,1.000000000000000,1.000000000000000,,{C3BB9A9F-6412-4D8D-9661-0AE117A05C79},9/04/2026 23:36:37.007,,9/04/2026 23:36:37.007,,1.000000000000000,50
{EA8FADA7-5B43-4B57-89D3-572684AA3DD8},2126.000000000000000,,46.000000000000000,0.000000000000000,2.000000000000000,,{C3BB9A9F-6412-4D8D-9661-0AE117A05C79},9/04/2026 23:36:37.007,,9/04/2026 23:36:37.007,,2.000000000000000,50
{D41AEFCD-F701-434B-8150-AE5B81A2273A},2136.000000000000000,,46.000000000000000,1.000000000000000,1.000000000000000,Root raked area,{C3BB9A9F-6412-4D8D-9661-0AE117A05C79},9/04/2026 23:36:37.007,,9/04/2026 23:36:37.007,,2.000000000000000,50
{E148D44E-E955-4A3B-B489-9536AD3E4FF0},2125.000000000000000,,8.000000000000000,2.000000000000000,17.000000000000000,"Swamp area, too wet for trees",{C3BB9A9F-6412-4D8D-9661-0AE117A05C79},9/04/2026 23:36:37.007,,9/04/2026 23:36:37.007,,23.000000000000000,50
{A76E725C-3473-4BCE-9E03-E933DBCDDE67},2059.000000000000000,,12.000000000000000,3.000000000000000,35.000000000000000,Bare area,{8BD7CDA5-58DE-4662-BCE0-028E53BB3DA9},9/04/2026 23:38:03.628,,9/04/2026 23:38:03.628,,0.000000000000000,50
{C88E9602-C460-42EE-ACE9-68E5C8A7F1E8},2060.000000000000000,,27.000000000000000,2.000000000000000,21.000000000000000,Ground is bare,{8BD7CDA5-58DE-4662-BCE0-028E53BB3DA9},9/04/2026 23:38:03.628,,9/04/2026 23:38:03.628,,0.000000000000000,50
{631071E6-C673-4BCB-B8FE-8AE64AF26C75},2050.000000000000000,,28.000000000000000,2.000000000000000,18.000000000000000,Root raked area,{8BD7CDA5-58DE-4662-BCE0-028E53BB3DA9},9/04/2026 23:38:03.628,,9/04/2026 23:38:03.628,,2.000000000000000,50
{D5BE2559-FFFC-4278-808E-1419C062D947},2051.000000000000000,,23.000000000000000,6.000000000000000,21.000000000000000,Root raked area,{8BD7CDA5-58DE-4662-BCE0-028E53BB3DA9},9/04/2026 23:38:03.628,,9/04/2026 23:38:03.628,,0.000000000000000,50
{58DB74B3-5A59-4326-894E-FA960553F1A2},2040.000000000000000,,47.000000000000000,1.000000000000000,1.000000000000000,,{8BD7CDA5-58DE-4662-BCE0-028E53BB3DA9},9/04/2026 23:38:03.628,,9/04/2026 23:38:03.628,,1.000000000000000,50
{89F6CCCC-C861-4390-8F10-F1F791D236A8},814.000000000000000,,41.000000000000000,2.000000000000000,7.000000000000000,,{DDEBFE37-8840-4319-8B4B-ABD84CB99CAB},9/04/2026 23:55:50.903,,9/04/2026 23:55:50.903,,0.000000000000000,50
{CB89F099-84C3-4342-9880-B494402B5FC9},784.000000000000000,,45.000000000000000,1.000000000000000,3.000000000000000,,{DDEBFE37-8840-4319-8B4B-ABD84CB99CAB},9/04/2026 23:55:50.903,,9/04/2026 23:55:50.903,,1.000000000000000,50
{4E920FDA-CADA-4B09-B31A-84D8D3FC083D},783.000000000000000,,45.000000000000000,0.000000000000000,4.000000000000000,,{DDEBFE37-8840-4319-8B4B-ABD84CB99CAB},9/04/2026 23:55:50.903,,9/04/2026 23:55:50.903,,1.000000000000000,50
{ACBED295-64C0-4D5C-86FE-6591B62AF907},782.000000000000000,,42.000000000000000,3.000000000000000,4.000000000000000,,{DDEBFE37-8840-4319-8B4B-ABD84CB99CAB},9/04/2026 23:55:50.903,,9/04/2026 23:55:50.903,,1.000000000000000,50
{D79FC84A-0AE1-407B-8C67-6A5E8585B435},817.000000000000000,,43.000000000000000,0.000000000000000,7.000000000000000,,{DDEBFE37-8840-4319-8B4B-ABD84CB99CAB},9/04/2026 23:55:50.903,,9/04/2026 23:55:50.903,,0.000000000000000,50
{EBC27B2B-5061-4ACF-9735-A4CC4799444E},816.000000000000000,,37.000000000000000,1.000000000000000,7.000000000000000,,{DDEBFE37-8840-4319-8B4B-ABD84CB99CAB},9/04/2026 23:55:50.903,,9/04/2026 23:55:50.903,,5.000000000000000,50
{ED5A0D5C-1A96-4DFB-B57D-5F33AF375BE1},815.000000000000000,,47.000000000000000,2.000000000000000,1.000000000000000,,{DDEBFE37-8840-4319-8B4B-ABD84CB99CAB},9/04/2026 23:55:50.903,,9/04/2026 23:55:50.903,,0.000000000000000,50
{D7520483-8579-40E6-804B-C1CE5B30B86B},843.000000000000000,,45.000000000000000,1.000000000000000,4.000000000000000,,{DDEBFE37-8840-4319-8B4B-ABD84CB99CAB},9/04/2026 23:55:50.903,,9/04/2026 23:55:50.903,,0.000000000000000,50
{293BE142-D619-45A8-B68C-0860FCEFE732},844.000000000000000,,47.000000000000000,0.000000000000000,3.000000000000000,,{DDEBFE37-8840-4319-8B4B-ABD84CB99CAB},9/04/2026 23:55:50.903,,9/04/2026 23:55:50.903,,0.000000000000000,50
{2E2AD31C-1796-4F9B-8FFA-6F0A0063AF10},845.000000000000000,,45.000000000000000,1.000000000000000,4.000000000000000,,{DDEBFE37-8840-4319-8B4B-ABD84CB99CAB},9/04/2026 23:55:50.903,,9/04/2026 23:55:50.903,,0.000000000000000,50
{F6A47CC7-166F-4BCE-9A3B-20562248B3B8},846.000000000000000,,43.000000000000000,3.000000000000000,4.000000000000000,,{DDEBFE37-8840-4319-8B4B-ABD84CB99CAB},9/04/2026 23:55:50.903,,9/04/2026 23:55:50.903,,0.000000000000000,50
{012534A8-972E-4E1B-81BB-9DFE9E9F1790},847.000000000000000,,44.000000000000000,4.000000000000000,2.000000000000000,,{DDEBFE37-8840-4319-8B4B-ABD84CB99CAB},9/04/2026 23:55:50.903,,9/04/2026 23:55:50.903,,0.000000000000000,50
{F0D62283-4223-442A-AD76-643BB38E54CA},1948.000000000000000,,50.000000000000000,0.000000000000000,0.000000000000000,Amongst tussock,{5E8E91A0-CB95-44E6-8F39-664DABA7EF3A},10/04/2026 1:06:28.771,,10/04/2026 1:06:28.771,,0.000000000000000,50
{03737593-D940-469F-B3FD-CB555D67DFB3},1949.000000000000000,,46.000000000000000,1.000000000000000,3.000000000000000,Amongst tussock’s,{5E8E91A0-CB95-44E6-8F39-664DABA7EF3A},10/04/2026 1:06:28.771,,10/04/2026 1:06:28.771,,0.000000000000000,50
{11C37D9A-2290-46A7-B5F9-ECE25980928B},1957.000000000000000,,41.000000000000000,2.000000000000000,6.000000000000000,"Root raked, rocky",{5E8E91A0-CB95-44E6-8F39-664DABA7EF3A},10/04/2026 1:06:28.771,,10/04/2026 1:06:28.771,,1.000000000000000,50
{1C78C396-E322-4AC3-B447-60AD4048984A},1958.000000000000000,,39.000000000000000,0.000000000000000,9.000000000000000,Compact area along fence line has most dead trees,{5E8E91A0-CB95-44E6-8F39-664DABA7EF3A},10/04/2026 1:06:28.771,,10/04/2026 1:06:28.771,,2.000000000000000,50
{B9978232-62FF-4CDB-A774-C9E45B8DE3CB},1944.000000000000000,,38.000000000000000,0.000000000000000,9.000000000000000,Sprayed grass smothering some trees,{5E8E91A0-CB95-44E6-8F39-664DABA7EF3A},10/04/2026 1:06:28.771,,10/04/2026 1:06:28.771,,3.000000000000000,50
{83C64C0F-8985-40DD-8E6C-76BC5F8C9F0B},1786.000000000000000,,50.000000000000000,0.000000000000000,0.000000000000000,,{ED2627D4-0624-4AE8-8129-1BDFDF47087C},10/04/2026 2:15:08.444,,10/04/2026 2:15:08.444,,0.000000000000000,50
{116A448E-8C86-4A7A-AD48-4BA83B95BDA6},1785.000000000000000,,49.000000000000000,0.000000000000000,1.000000000000000,,{ED2627D4-0624-4AE8-8129-1BDFDF47087C},10/04/2026 2:15:08.444,,10/04/2026 2:15:08.444,,0.000000000000000,50
{986C7F9D-6F56-4E40-81BB-1564ECCE2B4D},1767.000000000000000,,45.000000000000000,1.000000000000000,1.000000000000000,Wet area where trees are missing,{ED2627D4-0624-4AE8-8129-1BDFDF47087C},10/04/2026 2:15:08.444,,10/04/2026 2:15:08.444,,3.000000000000000,50
{A0BDBBC9-0871-4839-A6FC-F6091280D6B4},1768.000000000000000,,32.000000000000000,6.000000000000000,9.000000000000000,Some old browsing,{ED2627D4-0624-4AE8-8129-1BDFDF47087C},10/04/2026 2:15:08.444,,10/04/2026 2:15:08.444,,3.000000000000000,50
{7B464394-D5B7-4111-8B90-A2430DEE45A4},1798.000000000000000,,41.000000000000000,5.000000000000000,2.000000000000000,Some browsing ,{ED2627D4-0624-4AE8-8129-1BDFDF47087C},10/04/2026 2:15:08.444,,10/04/2026 2:15:08.444,,2.000000000000000,50
{436AF38D-CDC7-4D88-96F1-FC45D618A7D1},1799.000000000000000,,45.000000000000000,2.000000000000000,0.000000000000000,,{ED2627D4-0624-4AE8-8129-1BDFDF47087C},10/04/2026 2:15:08.444,,13/04/2026 0:43:57.262,ScarlettMichelle,3.000000000000000,50
{74673F44-DE96-4A77-90F6-37A004660DE8},792.000000000000000,,44.000000000000000,1.000000000000000,5.000000000000000,,{B77639AA-20EE-4A96-AA14-1A9037C2EE78},10/04/2026 3:43:48.240,,10/04/2026 3:43:48.240,,0.000000000000000,50
{6E44C1F6-C78D-4B83-AF5D-C2DE1B7AC76C},820.000000000000000,,47.000000000000000,0.000000000000000,2.000000000000000,,{B77639AA-20EE-4A96-AA14-1A9037C2EE78},10/04/2026 3:43:48.240,,10/04/2026 3:43:48.240,,1.000000000000000,50
{4CCEC2BA-0F97-44D3-B3AD-771D70A16B6B},819.000000000000000,,39.000000000000000,2.000000000000000,9.000000000000000,,{B77639AA-20EE-4A96-AA14-1A9037C2EE78},10/04/2026 3:43:48.240,,10/04/2026 3:43:48.240,,0.000000000000000,50
{7B2F3525-D54B-4A39-9B60-2DDF0448C7F1},818.000000000000000,,34.000000000000000,2.000000000000000,14.000000000000000,,{B77639AA-20EE-4A96-AA14-1A9037C2EE78},10/04/2026 3:43:48.240,,10/04/2026 3:43:48.240,,0.000000000000000,50
{06700229-2489-41B2-BD60-D8F93A60309A},789.000000000000000,,22.000000000000000,0.000000000000000,28.000000000000000,Trees really strugling amongst rocks ,{B77639AA-20EE-4A96-AA14-1A9037C2EE78},10/04/2026 3:43:48.240,,10/04/2026 3:43:48.240,,0.000000000000000,50
{DCF1A26D-A5DB-4942-9E08-DD728C4715EA},790.000000000000000,,39.000000000000000,0.000000000000000,10.000000000000000,,{B77639AA-20EE-4A96-AA14-1A9037C2EE78},10/04/2026 3:43:48.240,,10/04/2026 3:43:48.240,,1.000000000000000,50
{8538D469-55D6-47AD-80A6-824B8A104831},791.000000000000000,,31.000000000000000,1.000000000000000,18.000000000000000,,{B77639AA-20EE-4A96-AA14-1A9037C2EE78},10/04/2026 3:43:48.240,,10/04/2026 3:43:48.240,,0.000000000000000,50
{32D2C26E-3F2F-43D6-B4F3-D7098514EB38},769.000000000000000,,33.000000000000000,0.000000000000000,17.000000000000000,,{B77639AA-20EE-4A96-AA14-1A9037C2EE78},10/04/2026 3:43:48.240,,10/04/2026 3:43:48.240,,0.000000000000000,50
{793C3C81-6461-4EDB-ADD5-0AF471F768A1},768.000000000000000,,29.000000000000000,2.000000000000000,18.000000000000000,,{B77639AA-20EE-4A96-AA14-1A9037C2EE78},10/04/2026 3:43:48.240,,10/04/2026 3:43:48.240,,1.000000000000000,50
{25F8FC32-ED7B-467C-B6A4-512D0F405068},767.000000000000000,,33.000000000000000,2.000000000000000,15.000000000000000,,{B77639AA-20EE-4A96-AA14-1A9037C2EE78},10/04/2026 3:43:48.240,,10/04/2026 3:43:48.240,,0.000000000000000,50
{9BDB4953-1DE0-420D-B308-825CD3EA3820},743.000000000000000,,36.000000000000000,0.000000000000000,14.000000000000000,,{B77639AA-20EE-4A96-AA14-1A9037C2EE78},10/04/2026 3:43:48.240,,10/04/2026 3:43:48.240,,0.000000000000000,50
{0D27444E-C679-4205-9D88-436D87BBA297},744.000000000000000,,25.000000000000000,0.000000000000000,25.000000000000000,,{B77639AA-20EE-4A96-AA14-1A9037C2EE78},10/04/2026 3:43:48.240,,10/04/2026 3:43:48.240,,0.000000000000000,50
{D5DB30DE-4443-45E3-BB75-FCF8AB4556F6},1755.000000000000000,,39.000000000000000,2.000000000000000,6.000000000000000,Dead and missing in rocky area. Old pig digging,{DFB54889-1452-4020-B22C-D07C2D9648AF},12/04/2026 21:48:05.367,,13/04/2026 0:45:05.692,ScarlettMichelle,3.000000000000000,50
{994B9E14-E927-478C-9DF6-61173B87BC81},1756.000000000000000,,37.000000000000000,10.000000000000000,3.000000000000000,Old browsing,{DFB54889-1452-4020-B22C-D07C2D9648AF},12/04/2026 21:48:05.367,,12/04/2026 21:48:05.367,,0.000000000000000,50
{08FC18FA-4906-4A6F-AB2E-92ED818A6524},1757.000000000000000,,42.000000000000000,1.000000000000000,7.000000000000000,,{DFB54889-1452-4020-B22C-D07C2D9648AF},12/04/2026 21:48:05.367,,12/04/2026 21:48:05.367,,0.000000000000000,50
{D5DCEA0A-1979-45E0-93FE-4B3C15D6F7A0},1758.000000000000000,,37.000000000000000,4.000000000000000,9.000000000000000,Two live trees with old hare damage,{DFB54889-1452-4020-B22C-D07C2D9648AF},12/04/2026 21:48:05.367,,12/04/2026 21:48:05.367,,0.000000000000000,50
{DDBE9912-5054-4813-90D1-56E02CBFBDF6},1747.000000000000000,,39.000000000000000,1.000000000000000,8.000000000000000,,{8A103CA3-D662-4837-94BD-066A86DAEE92},12/04/2026 22:39:11.045,,12/04/2026 22:39:11.045,,2.000000000000000,50
{50C4C2A6-BC4E-4AA9-A90C-058503FF0BBC},1746.000000000000000,,40.000000000000000,3.000000000000000,7.000000000000000,,{8A103CA3-D662-4837-94BD-066A86DAEE92},12/04/2026 22:39:11.045,,12/04/2026 22:39:11.045,,0.000000000000000,50
{DAB475A5-5C94-4276-BB58-77F4FA0C66D0},1745.000000000000000,,40.000000000000000,3.000000000000000,7.000000000000000,Plot picked up line changes so messy to count ,{8A103CA3-D662-4837-94BD-066A86DAEE92},12/04/2026 22:39:11.045,,12/04/2026 22:39:11.045,,0.000000000000000,50
{DE3E80DB-81EE-4ED5-88DD-80EB42717869},1736.000000000000000,,39.000000000000000,4.000000000000000,6.000000000000000,,{8A103CA3-D662-4837-94BD-066A86DAEE92},12/04/2026 22:39:11.045,,12/04/2026 22:39:11.045,,1.000000000000000,50
{1B008812-A3CE-4B3C-8D35-90168B6A67AD},1737.000000000000000,,48.000000000000000,1.000000000000000,1.000000000000000,Spray failing ,{8A103CA3-D662-4837-94BD-066A86DAEE92},12/04/2026 22:39:11.045,,12/04/2026 22:39:11.045,,0.000000000000000,50
{0C94A041-31F4-4199-A6BA-61C754FEC87D},1731.000000000000000,,49.000000000000000,0.000000000000000,0.000000000000000,,{8A103CA3-D662-4837-94BD-066A86DAEE92},12/04/2026 22:39:11.045,,12/04/2026 22:39:11.045,,1.000000000000000,50
{88106F97-0AC1-4DB4-9D7A-9D3F330DD94A},1738.000000000000000,,38.000000000000000,1.000000000000000,11.000000000000000,"Pig digging in and around plot, not fresh",{8A103CA3-D662-4837-94BD-066A86DAEE92},12/04/2026 22:39:11.045,,12/04/2026 22:39:11.045,,0.000000000000000,50
{1F624AB1-6765-4F31-A744-1AB029F41214},1739.000000000000000,,46.000000000000000,0.000000000000000,3.000000000000000,,{8A103CA3-D662-4837-94BD-066A86DAEE92},12/04/2026 22:39:11.045,,12/04/2026 22:39:11.045,,1.000000000000000,50
{D6CBFE76-D5F3-4B83-A5BB-67A1CA60635E},1748.000000000000000,,44.000000000000000,1.000000000000000,5.000000000000000,Spray failing,{04490F21-3E12-4A5E-A650-FEE47A09F450},12/04/2026 23:23:24.394,,12/04/2026 23:23:24.394,,0.000000000000000,50
{1610ACA5-C089-4CC8-9000-72204CAC7FE0},1749.000000000000000,,44.000000000000000,0.000000000000000,6.000000000000000,,{04490F21-3E12-4A5E-A650-FEE47A09F450},12/04/2026 23:23:24.394,,12/04/2026 23:23:24.394,,0.000000000000000,50
{6D789108-688B-4CEB-AB11-AE5F33A81390},1761.000000000000000,,41.000000000000000,1.000000000000000,8.000000000000000,,{04490F21-3E12-4A5E-A650-FEE47A09F450},12/04/2026 23:23:24.394,,12/04/2026 23:23:24.394,,0.000000000000000,50
{3FEFB381-C5AB-430B-8BC5-625BC169DAA0},1760.000000000000000,,39.000000000000000,2.000000000000000,4.000000000000000,Spray has failed. Mix of long sprayed and long green grass,{04490F21-3E12-4A5E-A650-FEE47A09F450},12/04/2026 23:23:24.394,,12/04/2026 23:23:24.394,,5.000000000000000,50
{81C2EA10-D633-4D11-B668-1EEBCD60098A},1759.000000000000000,,42.000000000000000,2.000000000000000,5.000000000000000,Spray failing. Hard to find some trees in long sprayed grass,{04490F21-3E12-4A5E-A650-FEE47A09F450},12/04/2026 23:23:24.394,,12/04/2026 23:23:24.394,,1.000000000000000,50
{AE44F472-8D6B-406A-B127-6676C4DA19E6},1775.000000000000000,,39.000000000000000,6.000000000000000,2.000000000000000,Rocky areas,{B5B5E426-E743-49BB-928A-21FAE9078164},13/04/2026 0:11:01.454,,13/04/2026 0:11:01.454,,3.000000000000000,50
{75E3E797-3F68-4836-9860-E131F95A6000},1791.000000000000000,,47.000000000000000,2.000000000000000,1.000000000000000,,{B5B5E426-E743-49BB-928A-21FAE9078164},13/04/2026 0:11:01.454,,13/04/2026 0:11:01.454,,0.000000000000000,50
{AFEFD46B-9FCF-4E4F-8F1E-29D79005A1AA},1774.000000000000000,,47.000000000000000,2.000000000000000,1.000000000000000,,{B5B5E426-E743-49BB-928A-21FAE9078164},13/04/2026 0:11:01.454,,13/04/2026 0:11:01.454,,0.000000000000000,50
{4697DEC3-0609-44F8-A506-2C41452D6227},1773.000000000000000,,41.000000000000000,4.000000000000000,4.000000000000000,,{B5B5E426-E743-49BB-928A-21FAE9078164},13/04/2026 0:11:01.454,,13/04/2026 0:11:01.454,,1.000000000000000,50
{1F647EF2-3B14-4BC4-85D2-304018AC71D8},1772.000000000000000,,39.000000000000000,1.000000000000000,8.000000000000000,Missing trees dog out by pigs,{B5B5E426-E743-49BB-928A-21FAE9078164},13/04/2026 0:11:01.454,,13/04/2026 0:45:11.123,ScarlettMichelle,2.000000000000000,50
{9E8ABAD0-CCBA-4876-BA0D-845CE2614C72},1771.000000000000000,,25.000000000000000,12.000000000000000,12.000000000000000,Bare exposed area,{CE6F3441-0838-417E-BA70-4509EEF52CDD},13/04/2026 0:34:23.006,,13/04/2026 0:34:23.006,,1.000000000000000,50
{D4034302-5824-479F-AAB4-4A34448131C8},1788.000000000000000,,38.000000000000000,6.000000000000000,5.000000000000000,Swampy area,{CE6F3441-0838-417E-BA70-4509EEF52CDD},13/04/2026 0:34:23.006,,13/04/2026 0:34:23.006,,1.000000000000000,50
{79524E68-EF87-493B-82B4-417C37F0C191},1770.000000000000000,,26.000000000000000,9.000000000000000,15.000000000000000,,{CE6F3441-0838-417E-BA70-4509EEF52CDD},13/04/2026 0:34:23.006,,13/04/2026 0:34:23.006,,0.000000000000000,50
{0B14A5F7-B361-49B3-9FEB-4096542BE7B2},1769.000000000000000,,50.000000000000000,0.000000000000000,0.000000000000000,,{604C5514-F76F-41AB-A1FE-2D9791F552F9},13/04/2026 1:01:51.145,,13/04/2026 1:01:51.145,,0.000000000000000,50
{E32247F4-F901-4FD8-B34F-502F48CB1E14},1787.000000000000000,,46.000000000000000,2.000000000000000,0.000000000000000,,{604C5514-F76F-41AB-A1FE-2D9791F552F9},13/04/2026 1:01:51.145,,13/04/2026 1:01:51.145,,2.000000000000000,50
{6873BA92-6A53-4B94-8DB1-C00B0A3A28CF},1789.000000000000000,,47.000000000000000,3.000000000000000,0.000000000000000,,{71CED1BB-A397-4636-8FCD-F4A0EC38D5CC},13/04/2026 2:12:32.444,,13/04/2026 2:12:32.444,,0.000000000000000,50
{820D4541-EB3C-4C74-95AC-D252B33FA7C4},1790.000000000000000,,43.000000000000000,2.000000000000000,4.000000000000000,Rocky area,{71CED1BB-A397-4636-8FCD-F4A0EC38D5CC},13/04/2026 2:12:32.444,,13/04/2026 2:12:32.444,,1.000000000000000,50
{195F7DB8-D5FC-4777-AE41-CEFD86CE6324},1802.000000000000000,,47.000000000000000,1.000000000000000,2.000000000000000,,{71CED1BB-A397-4636-8FCD-F4A0EC38D5CC},13/04/2026 2:12:32.444,,13/04/2026 2:12:32.444,,0.000000000000000,50
{4045531D-630B-4172-9684-53CE4268753F},1792.000000000000000,,47.000000000000000,1.000000000000000,2.000000000000000,,{71CED1BB-A397-4636-8FCD-F4A0EC38D5CC},13/04/2026 2:12:32.444,,13/04/2026 2:12:32.444,,0.000000000000000,50
{36DCB7DD-A324-47FB-AED1-F2815FBF007F},1803.000000000000000,,44.000000000000000,5.000000000000000,1.000000000000000,,{71CED1BB-A397-4636-8FCD-F4A0EC38D5CC},13/04/2026 2:12:32.444,,13/04/2026 2:12:32.444,,0.000000000000000,50
{F915AA8B-6136-411A-8AFD-F0302987CB80},1818.000000000000000,,42.000000000000000,3.000000000000000,3.000000000000000,Wet area where trees are missing,{71CED1BB-A397-4636-8FCD-F4A0EC38D5CC},13/04/2026 2:12:32.444,,13/04/2026 2:12:32.444,,2.000000000000000,50
{85B16862-C3BC-4309-AD0A-A4A78ABF1901},1819.000000000000000,,49.000000000000000,0.000000000000000,0.000000000000000,,{71CED1BB-A397-4636-8FCD-F4A0EC38D5CC},13/04/2026 2:12:32.444,,13/04/2026 2:12:32.444,,1.000000000000000,50
{AD7E1A81-D4B1-40E3-84B9-707634C45A3C},340.000000000000000,,43.000000000000000,0.000000000000000,5.000000000000000,"Most spots holding, some not",{239F7B89-65C3-4112-AB75-5C35D84529DF},13/04/2026 21:27:01.812,,13/04/2026 21:27:01.812,,2.000000000000000,50
{7BED4D4D-A1D1-4173-8381-5A7314F57D14},341.000000000000000,,45.000000000000000,1.000000000000000,2.000000000000000,,{239F7B89-65C3-4112-AB75-5C35D84529DF},13/04/2026 21:27:01.812,,13/04/2026 21:27:01.812,,2.000000000000000,50
{5A9BC287-5FFB-4043-A5D3-84CA0D42C311},343.000000000000000,,46.000000000000000,1.000000000000000,1.000000000000000,,{239F7B89-65C3-4112-AB75-5C35D84529DF},13/04/2026 21:27:01.812,,13/04/2026 21:27:01.812,,2.000000000000000,50
{C7F22F25-D66E-41D7-8178-D4162560348F},342.000000000000000,,48.000000000000000,0.000000000000000,0.000000000000000,Fleabane growing in spots,{239F7B89-65C3-4112-AB75-5C35D84529DF},13/04/2026 21:27:01.812,,13/04/2026 21:27:01.812,,2.000000000000000,50
{7AD0AA75-53EB-4BCC-A5DF-14BD14C5FAD4},1732.000000000000000,,43.000000000000000,1.000000000000000,4.000000000000000,Amongst scrub,{4270F8F5-6D92-46FC-90BF-5AC5A53A8351},14/04/2026 23:24:57.478,,14/04/2026 23:24:57.478,,2.000000000000000,50
{8EC04B68-3C4C-4F19-92EF-3FC14F3929FF},1740.000000000000000,,37.000000000000000,3.000000000000000,8.000000000000000,,{4270F8F5-6D92-46FC-90BF-5AC5A53A8351},14/04/2026 23:24:57.478,,14/04/2026 23:24:57.478,,2.000000000000000,50
{B2896F99-69A7-4942-9979-442BB7212015},1750.000000000000000,,38.000000000000000,0.000000000000000,10.000000000000000,,{4270F8F5-6D92-46FC-90BF-5AC5A53A8351},14/04/2026 23:24:57.478,,14/04/2026 23:24:57.478,,2.000000000000000,50
{76F18B80-3976-4DEA-81C4-967DCA539D02},1751.000000000000000,,33.000000000000000,3.000000000000000,10.000000000000000,Very rocky,{4270F8F5-6D92-46FC-90BF-5AC5A53A8351},14/04/2026 23:24:57.478,,14/04/2026 23:24:57.478,,4.000000000000000,50
{147BFDB6-57DD-4E7E-A060-D4A17B7DA7C5},1741.000000000000000,,41.000000000000000,2.000000000000000,2.000000000000000,Scattered scrub,{4270F8F5-6D92-46FC-90BF-5AC5A53A8351},14/04/2026 23:24:57.478,,14/04/2026 23:24:57.478,,5.000000000000000,50
{D8FAE8ED-531A-4EE2-92B3-873D2FC8A9BF},1763.000000000000000,,34.000000000000000,5.000000000000000,10.000000000000000,,{4270F8F5-6D92-46FC-90BF-5AC5A53A8351},14/04/2026 23:24:57.478,,14/04/2026 23:24:57.478,,1.000000000000000,50
{737F7633-933B-442E-AF73-C744A5AFE335},1762.000000000000000,,39.000000000000000,5.000000000000000,4.000000000000000,,{4270F8F5-6D92-46FC-90BF-5AC5A53A8351},14/04/2026 23:24:57.478,,14/04/2026 23:24:57.478,,2.000000000000000,50
{1F1B4D8D-0E4D-498A-8880-AC36D455AEE6},1776.000000000000000,,36.000000000000000,2.000000000000000,10.000000000000000,Spray failing in parts,{4270F8F5-6D92-46FC-90BF-5AC5A53A8351},14/04/2026 23:24:57.478,,14/04/2026 23:24:57.478,,2.000000000000000,50
{43DC40F7-8E43-45CF-906E-8C7CC7CBED51},1777.000000000000000,,49.000000000000000,0.000000000000000,0.000000000000000,,{4270F8F5-6D92-46FC-90BF-5AC5A53A8351},14/04/2026 23:24:57.478,,14/04/2026 23:24:57.478,,1.000000000000000,50
{58B82599-66B8-4E8C-B5FE-D122B92B8FC4},1793.000000000000000,,35.000000000000000,5.000000000000000,8.000000000000000,Steep and rocky,{4270F8F5-6D92-46FC-90BF-5AC5A53A8351},14/04/2026 23:24:57.478,,14/04/2026 23:24:57.478,,2.000000000000000,50
{393CC29C-0C3E-42C4-9C8B-0A4D66479FF9},1804.000000000000000,,0.000000000000000,1.000000000000000,10.000000000000000,Spray starting to fail,{4270F8F5-6D92-46FC-90BF-5AC5A53A8351},14/04/2026 23:24:57.478,,14/04/2026 23:24:57.478,,4.000000000000000,15
{B3E27A90-A17D-456E-87F3-E95BE7585325},1805.000000000000000,,41.000000000000000,4.000000000000000,5.000000000000000,Spray failing,{402149F0-9425-4AF1-8E63-78B07BD8E136},15/04/2026 1:13:31.669,,15/04/2026 1:13:31.669,,0.000000000000000,50
{9094E562-9B6D-4AC8-975F-CDCA4C898F5A},1806.000000000000000,,0.000000000000000,1.000000000000000,4.000000000000000,Long grass hard to find some trees,{402149F0-9425-4AF1-8E63-78B07BD8E136},15/04/2026 1:13:31.669,,15/04/2026 1:13:31.669,,9.000000000000000,14
{0C68FE6C-1E39-4782-97CA-AF55581B8859},1807.000000000000000,,21.000000000000000,3.000000000000000,20.000000000000000,Spray failing,{402149F0-9425-4AF1-8E63-78B07BD8E136},15/04/2026 1:13:31.669,,15/04/2026 1:13:31.669,,6.000000000000000,50
{CCCDBD3A-06D5-4449-93B3-57407717A197},1808.000000000000000,,42.000000000000000,2.000000000000000,3.000000000000000,Long sprayed grass,{402149F0-9425-4AF1-8E63-78B07BD8E136},15/04/2026 1:13:31.669,,15/04/2026 1:13:31.669,,3.000000000000000,50
{8EA49348-AE91-4FD9-95F1-0B62FE1C42A9},1794.000000000000000,,38.000000000000000,3.000000000000000,9.000000000000000,Spray failing in places,{402149F0-9425-4AF1-8E63-78B07BD8E136},15/04/2026 1:13:31.669,,15/04/2026 1:13:31.669,,0.000000000000000,50
{98D972B7-0C78-40E4-A35B-F36A4D6BD239},1781.000000000000000,,45.000000000000000,0.000000000000000,2.000000000000000,,{402149F0-9425-4AF1-8E63-78B07BD8E136},15/04/2026 1:13:31.669,,15/04/2026 1:13:31.669,,3.000000000000000,50
{5262A911-1292-43E9-B56A-9606B7151D3F},1780.000000000000000,,34.000000000000000,5.000000000000000,9.000000000000000,Spray starting to fail,{402149F0-9425-4AF1-8E63-78B07BD8E136},15/04/2026 1:13:31.669,,15/04/2026 1:13:31.669,,2.000000000000000,50
{EA387F77-AF8D-4A8C-A778-4E35845DD565},1779.000000000000000,,47.000000000000000,1.000000000000000,1.000000000000000,Gorse in area,{402149F0-9425-4AF1-8E63-78B07BD8E136},15/04/2026 1:13:31.669,,15/04/2026 1:13:31.669,,1.000000000000000,50
{A4157E98-A608-4B76-90C7-D16AAA0F3A84},1778.000000000000000,,42.000000000000000,2.000000000000000,3.000000000000000,Root raked area,{402149F0-9425-4AF1-8E63-78B07BD8E136},15/04/2026 1:13:31.669,,15/04/2026 1:13:31.669,,3.000000000000000,50
{D1F04F5F-E643-4DFB-A475-10FC5AA3C6D9},2215.000000000000000,,44.000000000000000,2.000000000000000,2.000000000000000,,{7AF1A409-C2B8-413F-AFEA-ADDA7860E837},15/04/2026 4:04:17.929,,15/04/2026 4:04:17.929,,2.000000000000000,50
{A1C6CE6F-4D11-4DEB-9D17-4FDA452F4576},2214.000000000000000,,49.000000000000000,0.000000000000000,0.000000000000000,Excellent growth and survival. Spray holding well,{7AF1A409-C2B8-413F-AFEA-ADDA7860E837},15/04/2026 4:04:17.929,,15/04/2026 4:04:17.929,,1.000000000000000,50
{1B5FA99E-A375-4217-9604-7838FF0601A2},2212.000000000000000,,48.000000000000000,0.000000000000000,0.000000000000000,Gully running through plot,{7AF1A409-C2B8-413F-AFEA-ADDA7860E837},15/04/2026 4:04:17.929,,15/04/2026 4:04:17.929,,2.000000000000000,50
{2182E522-29C9-42A8-B3EB-17CB6A998D85},2211.000000000000000,,47.000000000000000,0.000000000000000,0.000000000000000,,{7AF1A409-C2B8-413F-AFEA-ADDA7860E837},15/04/2026 4:04:17.929,,15/04/2026 4:04:17.929,,3.000000000000000,50
{F44F28DC-5A58-4B22-88E9-90DA38DE47D5},2210.000000000000000,,49.000000000000000,0.000000000000000,0.000000000000000,,{7AF1A409-C2B8-413F-AFEA-ADDA7860E837},15/04/2026 4:04:17.929,,15/04/2026 4:04:17.929,,1.000000000000000,50
{4F1A6EE7-261E-40EA-A13F-B7354543299C},2213.000000000000000,,48.000000000000000,0.000000000000000,1.000000000000000,,{7AF1A409-C2B8-413F-AFEA-ADDA7860E837},15/04/2026 4:04:17.929,,15/04/2026 4:04:17.929,,1.000000000000000,50
{5530462E-CEE7-4FD8-9855-74B26385C9EC},1.100000000000000,,45.000000000000000,1.000000000000000,0.000000000000000,This area doesnt need sprayed. Trees mostly above grass,{D437E447-FBB9-47D9-BDF2-38F64AD4B80B},15/04/2026 4:14:30.027,,15/04/2026 4:14:30.027,,4.000000000000000,50
{C20C39C0-36F6-445A-8480-2391B1DBF9C0},2.100000000000000,,47.000000000000000,0.000000000000000,0.000000000000000,All large trees,{D437E447-FBB9-47D9-BDF2-38F64AD4B80B},15/04/2026 4:14:30.027,,15/04/2026 4:14:30.027,,3.000000000000000,50
{F71B6F6C-30F7-484B-A5A0-8C0451330954},3.100000000000000,,44.000000000000000,0.000000000000000,0.000000000000000,All larger trees,{D437E447-FBB9-47D9-BDF2-38F64AD4B80B},15/04/2026 4:14:30.027,,15/04/2026 4:14:30.027,,6.000000000000000,50
{88D4FA2C-8CE0-4A7D-96C1-6DD3FA8D7F7F},346.000000000000000,,49.000000000000000,0.000000000000000,1.000000000000000,Spots starting to fail,{FD474B41-7433-4E2A-BE3D-18806A82D7D8},15/04/2026 21:14:34.001,,15/04/2026 21:14:34.001,,0.000000000000000,50
{2D1FD7B5-3EA3-47CC-A900-5F231A596175},2206.000000000000000,,50.000000000000000,0.000000000000000,0.000000000000000,Signs of socketing in area mainly on ridges.,{C00198A8-9C6C-4271-AE22-EBA2D27FD5FE},15/04/2026 22:55:04.545,,15/04/2026 22:55:04.545,,0.000000000000000,50
{E8D42054-4879-4CE8-B298-E93F719B6C82},2209.000000000000000,,49.000000000000000,1.000000000000000,0.000000000000000,Moved plot uphill due to steepness in bottom of gully ans slips.,{C00198A8-9C6C-4271-AE22-EBA2D27FD5FE},15/04/2026 22:55:04.545,,15/04/2026 22:55:04.545,,0.000000000000000,50
{0CBEC0DC-3F8F-40EF-955B-B37765891E9D},2208.000000000000000,,50.000000000000000,0.000000000000000,0.000000000000000,Excellent growth,{C00198A8-9C6C-4271-AE22-EBA2D27FD5FE},15/04/2026 22:55:04.545,,15/04/2026 22:55:04.545,,0.000000000000000,50
{F142F5B0-12B7-4058-A3F4-24C3960BE967},2207.000000000000000,,45.000000000000000,1.000000000000000,1.000000000000000,Some stressed or dead due yo wet feet.,{C00198A8-9C6C-4271-AE22-EBA2D27FD5FE},15/04/2026 22:55:04.545,,15/04/2026 22:55:04.545,,3.000000000000000,50
{D1811F7C-9954-4501-9B88-A606D03145D1},2205.000000000000000,,50.000000000000000,0.000000000000000,0.000000000000000,,{C00198A8-9C6C-4271-AE22-EBA2D27FD5FE},15/04/2026 22:55:04.545,,15/04/2026 22:55:04.545,,0.000000000000000,50
{1CDD7376-949B-4C9B-83D9-7BAA24E401C7},349.000000000000000,,46.000000000000000,2.000000000000000,1.000000000000000,,{B93F428B-575A-4FD7-BD94-2B7E018EB614},15/04/2026 23:54:59.058,,15/04/2026 23:54:59.058,,1.000000000000000,50
{3BA45841-6981-44E2-A339-6C86D77338B0},345.000000000000000,,50.000000000000000,0.000000000000000,0.000000000000000,Bottom rows not release sprayed,{B93F428B-575A-4FD7-BD94-2B7E018EB614},15/04/2026 23:54:59.058,,15/04/2026 23:54:59.058,,0.000000000000000,50
{502BA767-6F5A-4411-983D-BF523CBA4AAD},347.000000000000000,,49.000000000000000,1.000000000000000,0.000000000000000,Root raked area ,{B93F428B-575A-4FD7-BD94-2B7E018EB614},15/04/2026 23:54:59.058,,15/04/2026 23:54:59.058,,0.000000000000000,50
{CB840FD6-76CE-4BCE-AA32-CACE7D0966F0},348.000000000000000,,50.000000000000000,0.000000000000000,0.000000000000000,Young gorse and regen pine,{B93F428B-575A-4FD7-BD94-2B7E018EB614},15/04/2026 23:54:59.058,,15/04/2026 23:54:59.058,,0.000000000000000,50
{A80615A5-6555-4E21-9291-51BC56C43088},350.000000000000000,,42.000000000000000,2.000000000000000,6.000000000000000,Spray starting to fail,{B93F428B-575A-4FD7-BD94-2B7E018EB614},15/04/2026 23:54:59.058,,15/04/2026 23:54:59.058,,0.000000000000000,50
{361B8249-94D5-4D12-86A7-231DBDF5B2E5},351.000000000000000,,48.000000000000000,1.000000000000000,1.000000000000000,Lot of regen,{B93F428B-575A-4FD7-BD94-2B7E018EB614},15/04/2026 23:54:59.058,,15/04/2026 23:54:59.058,,0.000000000000000,50
{88B07D9F-B816-4DFE-8300-9EC07349C1C9},352.000000000000000,,49.000000000000000,0.000000000000000,0.000000000000000,Root raked gorse area,{B93F428B-575A-4FD7-BD94-2B7E018EB614},15/04/2026 23:54:59.058,,15/04/2026 23:54:59.058,,0.000000000000000,49
{8EC73745-A9DA-4C3E-BF9A-615821EB7A31},353.000000000000000,,39.000000000000000,9.000000000000000,0.000000000000000,Stressed and missing trees in really wet area. Deer damage on some trees,{B93F428B-575A-4FD7-BD94-2B7E018EB614},15/04/2026 23:54:59.058,,15/04/2026 23:54:59.058,,2.000000000000000,50
{0239D349-11B9-4724-A878-A70853A6E98B},356.000000000000000,,49.000000000000000,0.000000000000000,1.000000000000000,Root raked gorse area,{B93F428B-575A-4FD7-BD94-2B7E018EB614},15/04/2026 23:54:59.058,,15/04/2026 23:54:59.058,,0.000000000000000,50
{A9916D7F-F16C-41A9-B77B-253B7C549559},355.000000000000000,,46.000000000000000,1.000000000000000,2.000000000000000,Spray failing,{B93F428B-575A-4FD7-BD94-2B7E018EB614},15/04/2026 23:54:59.058,,15/04/2026 23:54:59.058,,1.000000000000000,50
{FCAA7252-9C26-45E8-8A20-9B90C09FAF78},358.000000000000000,,49.000000000000000,1.000000000000000,0.000000000000000,,{B93F428B-575A-4FD7-BD94-2B7E018EB614},15/04/2026 23:54:59.058,,15/04/2026 23:54:59.058,,0.000000000000000,50
{D678A6D5-B98F-476F-87E5-C8F8054F8EA3},359.000000000000000,,49.000000000000000,1.000000000000000,0.000000000000000,Root raked gorse area,{B93F428B-575A-4FD7-BD94-2B7E018EB614},15/04/2026 23:54:59.058,,15/04/2026 23:54:59.058,,0.000000000000000,50
{74D1BE0D-5F87-47A7-BBE8-975CDB8EA379},362.000000000000000,,46.000000000000000,0.000000000000000,3.000000000000000,Spray failing. Line around fence not released,{B93F428B-575A-4FD7-BD94-2B7E018EB614},15/04/2026 23:54:59.058,,15/04/2026 23:54:59.058,,1.000000000000000,50
{56B1DD8E-BD2B-4422-B54F-9CBDA8B44B73},361.000000000000000,,47.000000000000000,0.000000000000000,2.000000000000000,Root raked gorse area,{B93F428B-575A-4FD7-BD94-2B7E018EB614},15/04/2026 23:54:59.058,,15/04/2026 23:54:59.058,,1.000000000000000,50
{7CE16D40-1AF9-4930-A826-C236ABE379B6},360.000000000000000,,48.000000000000000,2.000000000000000,0.000000000000000,Root raked area,{B93F428B-575A-4FD7-BD94-2B7E018EB614},15/04/2026 23:54:59.058,,15/04/2026 23:54:59.058,,0.000000000000000,50
{93EDB18E-DB09-4032-8CA5-8206C9A7521B},357.000000000000000,,49.000000000000000,0.000000000000000,0.000000000000000,Young gorse and broom,{B93F428B-575A-4FD7-BD94-2B7E018EB614},15/04/2026 23:54:59.058,,15/04/2026 23:54:59.058,,1.000000000000000,50
{2A642EE8-CA42-4F4E-B357-DAFDE1BB36FF},111111.000000000000000,,0.000000000000000,0.000000000000000,2.000000000000000,Missing trees mostly along track edge,{430146FA-CA5B-4003-97D9-415A9D2789A8},16/04/2026 0:06:46.031,,16/04/2026 0:06:46.031,,5.000000000000000,7
{687D4206-86C2-4CAD-BD48-6A770C5D37B8},354.000000000000000,,35.000000000000000,1.000000000000000,3.000000000000000,Gorse ,{430146FA-CA5B-4003-97D9-415A9D2789A8},16/04/2026 0:06:46.031,,16/04/2026 0:06:46.031,,11.000000000000000,50
{CF24B795-C093-44D6-B21A-A6D5A0EE11CB},2216.000000000000000,,49.000000000000000,0.000000000000000,0.000000000000000,,{CCCF380E-A3FA-4CC8-BD81-41ABB82B414D},16/04/2026 3:06:55.053,,16/04/2026 3:06:55.053,,1.000000000000000,50
{CD86DAC5-90A5-4052-85E0-76C7BAA7E6C3},2217.000000000000000,,49.000000000000000,1.000000000000000,0.000000000000000,,{CCCF380E-A3FA-4CC8-BD81-41ABB82B414D},16/04/2026 3:06:55.053,,16/04/2026 3:06:55.053,,0.000000000000000,50
{8A58CCE4-6A6C-40C7-BB6D-DD1F9999A26D},2218.000000000000000,,47.000000000000000,0.000000000000000,0.000000000000000,"Couple missing likely due to heavy slash, and wet feet.",{CCCF380E-A3FA-4CC8-BD81-41ABB82B414D},16/04/2026 3:06:55.053,,16/04/2026 3:06:55.053,,3.000000000000000,50
{9569A9B6-6C34-4698-A565-377BCCE83EB5},2204.000000000000000,,47.000000000000000,0.000000000000000,3.000000000000000,Dead on old skid track,{A31BC579-2468-48F3-BD02-0F2F83FBA9B2},16/04/2026 3:07:21.527,,16/04/2026 3:07:21.527,,0.000000000000000,50
{C3E6A4C0-048C-4D08-8CFA-3C5718EB868F},2203.000000000000000,,46.000000000000000,0.000000000000000,1.000000000000000,"Weeds coming through in gully, some trees being suppressed. Moved plot slightly due to wasp nest.",{A31BC579-2468-48F3-BD02-0F2F83FBA9B2},16/04/2026 3:07:21.527,,16/04/2026 3:07:21.527,,3.000000000000000,50
{BBA3D26F-6EDA-499E-BD08-6A27B321AD32},2202.000000000000000,,47.000000000000000,0.000000000000000,1.000000000000000,Some socketing,{A31BC579-2468-48F3-BD02-0F2F83FBA9B2},16/04/2026 3:07:21.527,,16/04/2026 3:07:21.527,,2.000000000000000,50
{C86D49FB-D94F-42A7-A8B3-6934279EEDCC},2200.000000000000000,,45.000000000000000,0.000000000000000,0.000000000000000,"Lots of spot planting due to slash, missing may be just hidden by weeds and slash.",{A31BC579-2468-48F3-BD02-0F2F83FBA9B2},16/04/2026 3:07:21.527,,16/04/2026 3:07:21.527,,5.000000000000000,50
{02859E88-2D6A-4F8F-BF64-3C5C648C4190},2192.000000000000000,,49.000000000000000,0.000000000000000,0.000000000000000,Weed control good here.,{E9ECDA57-27BE-494C-8BAD-5AE4F62FAE6A},16/04/2026 3:07:30.299,,16/04/2026 3:07:30.299,,1.000000000000000,50
{F7F9FF0D-08D1-4837-81E3-5C85C26EE13C},2196.000000000000000,,43.000000000000000,0.000000000000000,0.000000000000000,"Tall weeds and gorse in area. Missing trees likely there. gorse sprayed since planting and has been knocked back, some gorse still green though. Hard to find trees some trees.",{B58D9AF9-5EF2-448B-890A-564AF9DD2FC8},17/04/2026 1:38:54.865,,17/04/2026 1:38:54.865,,7.000000000000000,50
{7BFB8131-3049-45A1-923D-648605848AC4},2199.000000000000000,,49.000000000000000,0.000000000000000,0.000000000000000,,{B58D9AF9-5EF2-448B-890A-564AF9DD2FC8},17/04/2026 1:38:54.865,,17/04/2026 1:38:54.865,,1.000000000000000,50
{C0251F8D-8127-45A7-B65F-03A3627D000D},2201.000000000000000,,47.000000000000000,0.000000000000000,1.000000000000000,Moved plot sue to falling in gut full of slash. Plot located below skid.,{B58D9AF9-5EF2-448B-890A-564AF9DD2FC8},17/04/2026 1:38:54.865,,17/04/2026 1:38:54.865,,2.000000000000000,50
{BE2F49FA-F472-4F1B-9474-BD6F76A47755},2198.000000000000000,,44.000000000000000,0.000000000000000,1.000000000000000,"Gorse.missing or dead in slash or gorse, likely there.",{B58D9AF9-5EF2-448B-890A-564AF9DD2FC8},17/04/2026 1:38:54.865,,17/04/2026 1:38:54.865,,5.000000000000000,50
{C40AF502-6D81-4884-86D3-62919E52BF57},2197.000000000000000,,44.000000000000000,0.000000000000000,1.000000000000000,Hard to find some trees in tall weeds (fleabane).,{B58D9AF9-5EF2-448B-890A-564AF9DD2FC8},17/04/2026 1:38:54.865,,17/04/2026 1:38:54.865,,5.000000000000000,50
{EB363446-D1C4-472A-AC82-7E3061A64D34},2193.000000000000000,,49.000000000000000,0.000000000000000,0.000000000000000,,{B58D9AF9-5EF2-448B-890A-564AF9DD2FC8},17/04/2026 1:38:54.865,,17/04/2026 1:38:54.865,,1.000000000000000,50
{DAB07F6A-1C39-4C09-970C-5E1FE99445CE},2194.000000000000000,,45.000000000000000,0.000000000000000,1.000000000000000,"Couple slips and slash in area.
",{B58D9AF9-5EF2-448B-890A-564AF9DD2FC8},17/04/2026 1:38:54.865,,17/04/2026 1:38:54.865,,4.000000000000000,50
{7EA79D04-7337-4B57-8B9A-443B1F8DD161},2195.000000000000000,,50.000000000000000,0.000000000000000,0.000000000000000,,{B58D9AF9-5EF2-448B-890A-564AF9DD2FC8},17/04/2026 1:38:54.865,,17/04/2026 1:38:54.865,,0.000000000000000,50
{ABC9B5E6-81C5-46DA-B2AA-26AE1DEEFBAF},2191.000000000000000,,47.000000000000000,0.000000000000000,3.000000000000000,,{B58D9AF9-5EF2-448B-890A-564AF9DD2FC8},17/04/2026 1:38:54.865,,17/04/2026 1:38:54.865,,0.000000000000000,50
{CF1FC695-B80A-4598-BC68-047F2D53A375},2190.000000000000000,,47.000000000000000,0.000000000000000,0.000000000000000,Dying fleabane making it hard to find some trees.,{B58D9AF9-5EF2-448B-890A-564AF9DD2FC8},17/04/2026 1:38:54.865,,17/04/2026 1:38:54.865,,3.000000000000000,50
{80365E67-81A3-48FA-86BB-6DB69A435FAD},2186.000000000000000,,48.000000000000000,0.000000000000000,0.000000000000000,,{B58D9AF9-5EF2-448B-890A-564AF9DD2FC8},17/04/2026 1:38:54.865,,17/04/2026 1:38:54.865,,2.000000000000000,50
{ECB009F4-8CF0-4A90-A01A-A23A591CCBAE},2187.000000000000000,,48.000000000000000,0.000000000000000,2.000000000000000,Good growth. Some grass coming back on this face.,{B58D9AF9-5EF2-448B-890A-564AF9DD2FC8},17/04/2026 1:38:54.865,,17/04/2026 1:38:54.865,,0.000000000000000,50
{D35A894D-A167-4D07-AF9B-2779E4BBFCF4},2188.000000000000000,,45.000000000000000,0.000000000000000,2.000000000000000,Long weeds obscuring some rows.,{B58D9AF9-5EF2-448B-890A-564AF9DD2FC8},17/04/2026 1:38:54.865,,17/04/2026 1:38:54.865,,3.000000000000000,50
{426D5A2B-06C9-45C9-AD8D-BE0052168335},2171.000000000000000,,49.000000000000000,0.000000000000000,0.000000000000000,,{17BC789F-D043-4FED-9E31-E3AEEA856557},20/04/2026 2:57:39.979,,20/04/2026 2:57:39.979,,1.000000000000000,50
{300FAB27-21F2-4CDD-9CBE-E1093CE04FD0},2170.000000000000000,,50.000000000000000,0.000000000000000,0.000000000000000,,{17BC789F-D043-4FED-9E31-E3AEEA856557},20/04/2026 2:57:39.979,,20/04/2026 2:57:39.979,,0.000000000000000,50
{30BAB31D-03CF-4113-B77F-584A64B0ACC7},2169.000000000000000,,50.000000000000000,0.000000000000000,0.000000000000000,,{17BC789F-D043-4FED-9E31-E3AEEA856557},20/04/2026 2:57:39.979,,20/04/2026 2:57:39.979,,1.000000000000000,51
{87171562-5BED-4BAB-9B8A-E19BEBB217B9},2168.000000000000000,,45.000000000000000,0.000000000000000,0.000000000000000,"Missing likely there, just hard to find in weeds.",{17BC789F-D043-4FED-9E31-E3AEEA856557},20/04/2026 2:57:39.979,,20/04/2026 2:57:39.979,,5.000000000000000,50
{4EEA3879-224F-4008-8E59-0351034172FF},2178.000000000000000,,48.000000000000000,0.000000000000000,2.000000000000000,,{17BC789F-D043-4FED-9E31-E3AEEA856557},20/04/2026 2:57:39.979,,20/04/2026 2:57:39.979,,0.000000000000000,50
{9CC9394D-0DC4-4478-BE5F-CA581ECC5662},2179.000000000000000,,45.000000000000000,0.000000000000000,0.000000000000000,"Missing trees likely there, hard to find amongst weeds",{17BC789F-D043-4FED-9E31-E3AEEA856557},20/04/2026 2:57:39.979,,20/04/2026 2:57:39.979,,5.000000000000000,50
{1B97DBAF-D33A-4FA9-AEAF-9A8B1C7B5D1C},2183.000000000000000,,50.000000000000000,0.000000000000000,0.000000000000000,,{17BC789F-D043-4FED-9E31-E3AEEA856557},20/04/2026 2:57:39.979,,20/04/2026 2:57:39.979,,0.000000000000000,50
{417FA510-F2CF-44FB-AD07-FCEF4320E7B8},2182.000000000000000,,48.000000000000000,0.000000000000000,0.000000000000000,,{17BC789F-D043-4FED-9E31-E3AEEA856557},20/04/2026 2:57:39.979,,20/04/2026 2:57:39.979,,2.000000000000000,50
{55D1E8B4-DEEF-4B07-B826-972FAA93F520},2181.000000000000000,,47.000000000000000,0.000000000000000,0.000000000000000,,{17BC789F-D043-4FED-9E31-E3AEEA856557},20/04/2026 2:57:39.979,,20/04/2026 2:57:39.979,,3.000000000000000,50
{7765FB73-723D-4962-95C3-75B95277BEF7},2177.000000000000000,,47.000000000000000,0.000000000000000,0.000000000000000,,{17BC789F-D043-4FED-9E31-E3AEEA856557},20/04/2026 2:57:39.979,,20/04/2026 2:57:39.979,,3.000000000000000,50
{2EED89AC-1FE0-477A-BC59-ED6E2F68D61A},2172.000000000000000,,44.000000000000000,0.000000000000000,1.000000000000000,"Some miasing on ridge, likely due to compacted earth since old skid track",{17BC789F-D043-4FED-9E31-E3AEEA856557},20/04/2026 2:57:39.979,,20/04/2026 2:57:39.979,,5.000000000000000,50
{C63DDF85-A0BC-469E-84DC-CCD914D51AAD},2173.000000000000000,,49.000000000000000,0.000000000000000,0.000000000000000,,{17BC789F-D043-4FED-9E31-E3AEEA856557},20/04/2026 2:57:39.979,,20/04/2026 2:57:39.979,,1.000000000000000,50
{7B600A54-57FC-42D6-BDC9-A10B13666E0D},1834.000000000000000,,0.000000000000000,4.000000000000000,8.000000000000000,Rocky atea,{EEF39DEB-2C84-4144-A222-2853A5254AC7},20/04/2026 22:08:23.857,,20/04/2026 22:08:23.857,,1.000000000000000,13
{3325B994-5326-40CE-9420-C6AF96A80D61},1835.000000000000000,,41.000000000000000,7.000000000000000,1.000000000000000,Waterway and setbacks in plot area. Rocky ,{EEF39DEB-2C84-4144-A222-2853A5254AC7},20/04/2026 22:08:23.857,,20/04/2026 22:08:23.857,,1.000000000000000,50
{3D3BAE23-F785-4B95-A271-340B125A19C8},1853.000000000000000,,0.000000000000000,3.000000000000000,1.000000000000000,Spray failing,{EEF39DEB-2C84-4144-A222-2853A5254AC7},20/04/2026 22:08:23.857,,20/04/2026 22:08:23.857,,1.000000000000000,5
{F41A5D69-CDC6-42C4-BF62-02455E48A0D9},1854.000000000000000,,20.000000000000000,5.000000000000000,0.000000000000000,1/2 plot unstocked,{EEF39DEB-2C84-4144-A222-2853A5254AC7},20/04/2026 22:08:23.857,,20/04/2026 22:08:23.857,,0.000000000000000,25
{C3D2F8B2-4CC5-4386-B003-EC39A843BD08},1836.000000000000000,,0.000000000000000,1.000000000000000,19.000000000000000,"Spray failing, long sprayed grass",{C08B4484-D096-4D75-82E2-C292B3990C95},20/04/2026 23:15:34.002,,20/04/2026 23:15:34.002,,0.000000000000000,20
{40EBE98B-BD38-4121-9995-BF875BA39389},1821.000000000000000,,42.000000000000000,4.000000000000000,4.000000000000000,Scrub and rocks,{C08B4484-D096-4D75-82E2-C292B3990C95},20/04/2026 23:15:34.002,,20/04/2026 23:15:34.002,,0.000000000000000,50
{86E389D5-D918-4DA1-A746-4B1217D930ED},1820.000000000000000,,43.000000000000000,3.000000000000000,4.000000000000000,,{C08B4484-D096-4D75-82E2-C292B3990C95},20/04/2026 23:15:34.002,,20/04/2026 23:15:34.002,,0.000000000000000,50
{E4BACD40-0274-4D4C-8CE7-5B4C842F7ABB},1765.000000000000000,,42.000000000000000,1.000000000000000,5.000000000000000,,{C08B4484-D096-4D75-82E2-C292B3990C95},20/04/2026 23:15:34.002,,20/04/2026 23:15:34.002,,2.000000000000000,50
{B547325C-B85B-44F1-B0C7-0EB41CCF6073},1764.000000000000000,,34.000000000000000,5.000000000000000,11.000000000000000,Root raked area beside creek,{C08B4484-D096-4D75-82E2-C292B3990C95},20/04/2026 23:15:34.002,,20/04/2026 23:15:34.002,,0.000000000000000,50
{F96EF272-69B9-4F8C-B848-59AE5F7C2BAA},1752.000000000000000,,28.000000000000000,4.000000000000000,9.000000000000000,"Fresh browsing. Old pig, deer and possum sign. Scattered scrub and rocky with not much too soil",{C08B4484-D096-4D75-82E2-C292B3990C95},20/04/2026 23:15:34.002,,20/04/2026 23:15:34.002,,9.000000000000000,50
{3901F72A-61B7-4383-A609-21F140705E90},1753.000000000000000,,47.000000000000000,1.000000000000000,1.000000000000000,Patchy long sprayed grass,{621F7A3D-48B4-407E-9AD7-592760D6E0CC},21/04/2026 1:50:06.228,,21/04/2026 1:50:06.228,,1.000000000000000,50
{A1C45AE2-70DC-4662-9D8F-D5DED2C7043E},1742.000000000000000,,45.000000000000000,3.000000000000000,1.000000000000000,,{621F7A3D-48B4-407E-9AD7-592760D6E0CC},21/04/2026 1:50:06.228,,21/04/2026 1:50:06.228,,1.000000000000000,50
{3EAB167E-C52B-4D1E-A429-B26E4E6117DB},1754.000000000000000,,50.000000000000000,0.000000000000000,0.000000000000000,,{621F7A3D-48B4-407E-9AD7-592760D6E0CC},21/04/2026 1:50:06.228,,21/04/2026 1:50:06.228,,0.000000000000000,50
{161A0C89-8D55-4152-9845-66CBC885E5CC},1766.000000000000000,,44.000000000000000,3.000000000000000,0.000000000000000,Trees freshly browsed. 4 fresh dead sheep nearby,{621F7A3D-48B4-407E-9AD7-592760D6E0CC},21/04/2026 1:50:06.228,,21/04/2026 1:50:06.228,,3.000000000000000,50
{1F0BD52C-D9F6-4EC2-A233-609096DFD46F},1782.000000000000000,,48.000000000000000,1.000000000000000,0.000000000000000,Sprayed long grass,{621F7A3D-48B4-407E-9AD7-592760D6E0CC},21/04/2026 1:50:06.228,,21/04/2026 1:50:06.228,,1.000000000000000,50
{64EA8173-467E-4654-A39E-4B7DDC3D507A},1825.000000000000000,,50.000000000000000,0.000000000000000,0.000000000000000,Amongst tussock ,{621F7A3D-48B4-407E-9AD7-592760D6E0CC},21/04/2026 1:50:06.228,,21/04/2026 1:50:06.228,,0.000000000000000,50
{CB78F956-FAF2-4DE7-92A1-5DEB983C438B},1813.000000000000000,,45.000000000000000,0.000000000000000,0.000000000000000,Lines hard to follow in tussock,{621F7A3D-48B4-407E-9AD7-592760D6E0CC},21/04/2026 1:50:06.228,,21/04/2026 1:50:06.228,,5.000000000000000,50
{DA710453-F9D7-4454-AF93-04F9FC3CA24F},1812.000000000000000,,49.000000000000000,0.000000000000000,1.000000000000000,,{621F7A3D-48B4-407E-9AD7-592760D6E0CC},21/04/2026 1:50:06.228,,21/04/2026 1:50:06.228,,0.000000000000000,50
{A8F327A5-A5C6-423E-997B-1B71EDD75906},1795.000000000000000,,43.000000000000000,2.000000000000000,5.000000000000000,,{CF2F114F-3A57-458B-AC00-D5AF23A43463},21/04/2026 1:50:54.120,,21/04/2026 1:50:54.120,,0.000000000000000,50
{7473AF18-70BF-47FE-B243-36332B875CE6},1809.000000000000000,,41.000000000000000,4.000000000000000,5.000000000000000,,{CF2F114F-3A57-458B-AC00-D5AF23A43463},21/04/2026 1:50:54.120,,21/04/2026 1:50:54.120,,0.000000000000000,50
{1F81CA90-0ACF-4423-92DD-AD5440E0249B},1810.000000000000000,,34.000000000000000,5.000000000000000,10.000000000000000,Spray failing,{CF2F114F-3A57-458B-AC00-D5AF23A43463},21/04/2026 1:50:54.120,,21/04/2026 1:50:54.120,,1.000000000000000,50
{78D69FA1-8DBA-41E0-9036-647E89C57E73},1822.000000000000000,,0.000000000000000,2.000000000000000,15.000000000000000,Spray failing,{CF2F114F-3A57-458B-AC00-D5AF23A43463},21/04/2026 1:50:54.120,,21/04/2026 1:50:54.120,,3.000000000000000,20
{F54750DC-A07C-4A6D-A930-2660AC074241},1841.000000000000000,,0.000000000000000,1.000000000000000,6.000000000000000,Spray failing ,{CF2F114F-3A57-458B-AC00-D5AF23A43463},21/04/2026 1:50:54.120,,21/04/2026 1:50:54.120,,0.000000000000000,7
{AA49C9D7-2EC5-455F-A646-13D93C4E0DCF},1823.000000000000000,,0.000000000000000,4.000000000000000,25.000000000000000,Spray failing,{CF2F114F-3A57-458B-AC00-D5AF23A43463},21/04/2026 1:50:54.120,,21/04/2026 1:50:54.120,,2.000000000000000,31
{288D0CFA-CD33-46F7-9945-59E77E7DF42F},1824.000000000000000,,0.000000000000000,0.000000000000000,14.000000000000000,,{CF2F114F-3A57-458B-AC00-D5AF23A43463},21/04/2026 1:50:54.120,,21/04/2026 1:50:54.120,,0.000000000000000,14
{4706799C-4A2F-41DB-80D4-7E228BFC04D7},1842.000000000000000,,35.000000000000000,2.000000000000000,10.000000000000000,Spray starting to fail,{CF2F114F-3A57-458B-AC00-D5AF23A43463},21/04/2026 1:50:54.120,,21/04/2026 1:50:54.120,,3.000000000000000,50
{193DD02B-7CDB-452C-BE57-47E37383B861},1811.000000000000000,,42.000000000000000,2.000000000000000,6.000000000000000,,{CF2F114F-3A57-458B-AC00-D5AF23A43463},21/04/2026 1:50:54.120,,21/04/2026 1:50:54.120,,0.000000000000000,50
{704E333A-3FD1-4274-BD1A-539AD126A033},1796.000000000000000,,41.000000000000000,1.000000000000000,7.000000000000000,,{CF2F114F-3A57-458B-AC00-D5AF23A43463},21/04/2026 1:50:54.120,,21/04/2026 1:50:54.120,,1.000000000000000,50
